Baby_ID,Sex,Gestational_Age_weeks,Birth_Weight_kg,Heart_Rate_bpm,Respiratory_Rate_bpm,Oxygen_Saturation_percent,Birth_Length_cm,Birth_Head_Circumference_cm,Current_Weight_kg,Current_Length_cm,Current_Head_Circumference_cm,Feeding_Frequency_per_day,Urine_Output_Count,Stool_Count,Jaundice_Level_mg_dL,Temperature_C,Apgar_Score,Oxygen_Given,Resuscitation_Required,Risk_Score,Risk_Level,Cardiac_Arrest_Risk
NB00001,Female,39.09,5.2,132,43,95.3,51.28,31.59,5.36,52.44,32.31,10,6,5,2.75,36.94,10,0,0,0,Healthy,0
NB00002,Male,37.7,5.2,158,41,97.0,49.89,32.0,5.17,49.72,31.41,8,8,3,1.74,37.3,8,0,0,0,Healthy,0
NB00003,Female,39.42,5.2,136,52,96.2,49.01,33.92,5.22,48.63,34.36,7,9,4,3.96,36.12,7,0,0,0,Healthy,0
NB00004,Female,41.35,5.2,142,57,90.5,53.77,36.37,5.19,54.91,36.1,8,4,1,1.48,37.58,10,0,0,0,Healthy,0
NB00005,Male,37.48,5.2,153,49,94.3,46.16,34.98,5.33,43.62,34.88,4,7,4,5.13,36.95,8,0,0,0,Healthy,0
NB00006,Female,37.48,5.2,139,52,97.3,47.83,34.48,5.29,46.75,34.61,4,6,4,5.56,36.85,8,0,0,0,Healthy,0
NB00007,Female,41.47,5.2,107,40,96.5,48.73,34.46,5.5,49.17,34.49,9,5,4,1.55,36.37,10,0,0,0,Healthy,0
NB00008,Male,39.69,5.2,159,43,92.3,54.24,34.42,5.15,55.27,33.52,5,5,2,3.9,36.51,9,0,0,0,Healthy,0
NB00009,Male,36.97,5.2,163,57,96.5,48.21,33.19,5.5,49.25,34.12,6,8,5,1.62,36.63,9,0,0,0,Healthy,0
NB00010,Female,39.19,5.2,107,47,98.2,55.01,34.24,4.87,52.48,35.02,8,3,4,0.2,36.16,8,0,0,0,Healthy,0
NB00011,Male,36.98,5.2,121,40,91.6,50.29,32.68,5.33,50.0,32.69,10,5,2,2.14,36.66,8,0,0,0,Healthy,0
NB00012,Female,36.98,5.2,176,42,88.1,49.57,30.5,4.91,50.63,31.16,9,6,4,2.71,36.4,9,1,0,4,At Risk,0
NB00013,Female,38.53,5.2,144,52,100.0,48.91,32.44,5.03,48.08,32.3,8,8,2,1.2,37.11,8,0,0,0,Healthy,0
NB00014,Female,33.79,5.2,140,53,96.1,43.72,30.25,5.04,43.69,29.76,8,6,1,3.65,35.43,8,0,0,2,Healthy,0
NB00015,Female,34.21,5.2,132,34,93.4,47.23,26.5,5.02,47.88,26.64,7,5,2,3.75,36.69,7,0,0,0,Healthy,0
NB00016,Male,36.76,5.2,121,46,93.3,48.34,33.9,5.11,48.61,33.29,8,6,3,5.86,36.36,10,0,0,0,Healthy,0
NB00017,Male,35.77,5.2,137,42,95.5,44.92,30.18,5.5,45.61,30.65,8,11,2,4.24,36.8,8,0,0,0,Healthy,0
NB00018,Male,38.69,5.2,158,41,98.6,47.19,35.31,5.05,47.22,34.99,10,12,1,5.3,37.86,9,0,0,0,Healthy,0
NB00019,Female,36.0,5.2,140,55,89.7,45.88,33.3,4.91,46.65,32.44,8,7,4,2.82,37.55,9,1,0,4,At Risk,0
NB00020,Male,34.89,5.2,151,40,93.6,50.45,30.81,5.33,51.24,28.73,7,1,3,4.04,36.58,8,0,0,1,Healthy,0
NB00021,Male,41.22,5.2,172,36,100.0,56.93,37.56,5.28,57.98,37.58,10,9,1,3.87,36.72,10,0,0,0,Healthy,0
NB00022,Male,37.5,5.2,130,34,97.9,49.56,34.57,5.5,50.56,34.86,8,4,3,1.75,36.42,9,0,0,0,Healthy,0
NB00023,Female,38.15,5.2,145,40,97.6,50.03,33.44,5.22,51.22,34.34,9,8,2,3.5,36.73,7,0,0,0,Healthy,0
NB00024,Male,34.87,5.2,158,35,96.4,46.11,30.97,4.77,45.82,30.03,5,3,3,4.33,37.13,10,0,0,0,Healthy,0
NB00025,Male,36.8,5.2,123,33,96.1,46.65,34.61,5.14,46.43,35.31,6,4,3,3.43,36.21,10,0,0,1,Healthy,0
NB00026,Female,38.24,5.2,143,33,93.4,52.57,34.32,5.14,52.97,34.13,8,7,4,3.39,37.51,8,0,0,0,Healthy,0
NB00027,Female,35.47,5.2,174,34,93.0,51.07,33.59,4.98,53.23,33.66,10,8,3,1.75,37.21,9,0,0,0,Healthy,0
NB00028,Female,38.83,5.2,134,34,97.8,48.56,30.8,5.12,48.99,30.9,9,1,0,6.56,37.19,10,0,0,1,Healthy,0
NB00029,Female,36.68,5.2,159,46,93.1,48.25,33.02,5.2,50.12,33.12,7,5,2,2.05,36.97,9,0,0,0,Healthy,0
NB00030,Male,37.36,5.2,137,22,96.0,48.12,30.98,5.22,49.8,29.86,9,9,2,2.57,36.39,10,0,0,2,Healthy,0
NB00031,Female,36.68,5.2,172,35,95.5,47.57,32.83,4.95,49.26,33.36,10,5,3,5.58,37.26,9,0,0,0,Healthy,0
NB00032,Female,42.0,5.2,110,41,100.0,55.57,37.67,5.35,57.18,38.27,7,4,3,5.76,36.66,8,0,0,0,Healthy,0
NB00033,Female,37.97,5.2,141,53,94.4,46.95,36.39,5.5,46.2,37.06,7,6,5,2.79,36.04,9,0,0,1,Healthy,0
NB00034,Female,35.67,5.2,113,40,99.1,48.44,30.76,5.29,47.56,31.16,9,11,3,3.09,36.84,7,0,0,0,Healthy,0
NB00035,Male,39.81,5.2,127,40,97.5,52.69,34.28,5.45,52.02,34.25,11,9,1,4.99,36.28,8,0,0,0,Healthy,0
NB00036,Female,35.31,5.2,127,41,94.6,46.9,31.78,5.27,48.22,31.0,8,8,3,5.02,36.53,9,0,0,0,Healthy,0
NB00037,Female,38.46,5.2,135,24,90.6,51.8,32.66,5.02,51.72,33.03,5,7,4,3.82,37.12,9,0,0,3,At Risk,0
NB00038,Female,33.69,5.2,119,49,94.8,46.02,32.25,5.28,45.61,32.37,9,9,3,4.33,36.75,10,0,0,0,Healthy,0
NB00039,Female,35.08,5.2,139,48,98.1,49.4,31.65,5.13,49.19,31.75,9,9,4,3.63,36.78,7,0,0,1,Healthy,0
NB00040,Female,38.43,5.2,148,50,90.7,46.95,34.29,5.01,47.62,34.65,9,5,2,0.2,37.33,10,0,0,0,Healthy,0
NB00041,Male,39.62,5.2,112,67,97.9,50.36,35.87,5.21,49.87,35.94,7,5,3,4.67,35.78,9,0,0,3,At Risk,0
NB00042,Male,38.38,5.2,129,29,99.7,49.8,33.96,5.39,49.49,33.79,12,6,3,0.96,37.31,5,0,1,6,At Risk,0
NB00043,Female,37.75,5.2,186,27,95.3,44.03,32.4,5.16,43.92,31.79,11,9,2,1.41,36.87,10,0,0,1,Healthy,0
NB00044,Female,37.34,5.2,146,49,98.2,46.83,33.24,5.5,47.95,33.34,8,9,2,2.78,36.77,8,0,0,0,Healthy,0
NB00045,Male,34.75,5.2,107,39,95.5,45.05,30.24,5.42,43.59,31.22,6,6,3,2.24,36.78,10,0,0,0,Healthy,0
NB00046,Male,36.42,5.2,115,32,97.0,50.07,32.85,5.12,50.28,32.29,7,5,3,2.15,37.09,8,0,0,0,Healthy,0
NB00047,Female,36.99,5.2,144,39,100.0,47.27,34.59,5.11,47.12,35.29,9,9,5,6.71,37.26,8,0,0,0,Healthy,0
NB00048,Male,40.33,5.2,142,36,89.6,50.06,33.67,5.5,50.86,34.19,9,6,2,5.1,36.69,10,1,0,4,At Risk,0
NB00049,Male,38.76,5.2,129,59,92.3,51.92,32.03,5.16,52.0,31.1,9,10,4,3.85,36.74,6,0,1,6,At Risk,0
NB00050,Female,34.12,5.2,179,65,99.4,42.87,31.16,5.3,42.16,31.62,9,7,4,4.94,37.07,8,0,0,0,Healthy,0
NB00051,Female,38.71,5.2,187,26,100.0,46.1,33.15,5.31,48.45,33.26,10,8,4,6.12,35.86,6,0,1,9,High Risk,0
NB00052,Female,37.15,5.2,135,27,90.1,48.11,33.25,4.89,49.86,33.3,7,5,2,1.62,36.76,7,0,0,0,Healthy,0
NB00053,Male,36.51,5.2,156,34,100.0,45.36,33.24,4.89,45.81,34.54,6,11,2,2.47,37.02,10,0,0,0,Healthy,0
NB00054,Female,39.35,5.2,157,35,86.0,47.99,31.53,5.4,48.78,32.19,8,4,2,3.92,36.58,7,1,0,5,At Risk,0
NB00055,Male,40.27,5.2,159,34,97.2,52.79,36.42,5.02,52.24,35.97,6,9,3,3.28,36.44,7,0,0,0,Healthy,0
NB00056,Male,40.05,5.2,128,40,95.8,53.2,33.48,5.23,53.6,33.96,5,5,4,2.53,36.73,5,0,1,6,At Risk,0
NB00057,Female,36.15,5.2,175,38,92.4,49.52,32.47,4.93,52.37,32.02,8,10,3,4.94,36.54,8,0,0,0,Healthy,0
NB00058,Male,37.32,5.2,139,28,92.6,51.21,32.33,5.16,52.65,31.91,7,4,4,2.8,36.69,4,0,1,6,At Risk,0
NB00059,Male,38.73,5.2,148,32,92.8,52.74,33.48,5.27,51.88,33.68,8,12,2,0.99,36.59,9,0,0,1,Healthy,0
NB00060,Female,40.15,5.2,140,57,94.3,47.27,37.84,4.82,47.88,38.65,8,11,0,5.58,37.5,10,0,0,0,Healthy,0
NB00061,Male,36.95,5.2,137,38,100.0,49.55,33.54,5.24,49.83,32.75,6,9,3,5.83,36.29,9,0,0,0,Healthy,0
NB00062,Female,37.59,5.2,145,38,97.9,48.17,34.87,5.25,48.89,34.67,8,9,3,6.6,37.18,6,0,1,6,At Risk,0
NB00063,Female,35.57,5.2,119,27,100.0,45.91,32.32,5.14,47.9,33.13,7,9,3,6.54,36.54,8,0,0,0,Healthy,0
NB00064,Female,35.37,5.2,105,37,93.9,48.35,32.89,5.01,47.64,32.42,5,5,3,2.75,36.95,9,0,0,0,Healthy,0
NB00065,Male,39.79,5.2,136,52,95.8,47.75,35.68,5.15,47.75,35.8,9,6,1,2.58,37.09,8,0,0,0,Healthy,0
NB00066,Female,40.98,5.2,124,48,91.2,48.78,36.27,5.15,47.86,36.18,10,8,0,0.2,37.49,7,0,0,0,Healthy,0
NB00067,Male,37.84,5.2,150,50,94.0,50.72,35.35,5.5,51.14,36.22,8,10,7,1.58,36.98,10,0,0,0,Healthy,0
NB00068,Male,40.21,5.2,148,30,93.1,52.56,35.58,5.21,52.87,35.87,11,9,5,3.82,36.62,7,0,0,0,Healthy,0
NB00069,Female,38.8,5.2,140,30,96.7,50.59,37.78,5.14,52.87,37.71,9,3,5,0.57,36.83,9,0,0,0,Healthy,0
NB00070,Female,36.58,5.2,167,53,92.5,46.56,34.25,5.21,45.91,33.85,7,9,5,4.2,37.66,9,0,0,0,Healthy,0
NB00071,Female,38.8,5.2,140,50,92.1,51.8,32.65,5.31,52.91,34.01,8,6,3,3.95,36.87,10,0,0,0,Healthy,0
NB00072,Male,41.38,5.2,114,39,96.4,54.01,35.9,5.31,51.58,35.96,12,9,4,1.9,36.21,10,0,0,0,Healthy,0
NB00073,Female,37.92,5.2,136,51,94.8,49.7,34.34,5.32,51.83,34.3,7,6,2,4.19,36.63,8,0,0,0,Healthy,0
NB00074,Female,41.44,5.2,161,30,92.5,50.34,36.28,5.35,50.57,36.68,8,9,3,4.31,36.62,7,0,0,0,Healthy,0
NB00075,Male,32.24,5.2,106,30,92.0,43.56,30.8,4.94,43.9,31.33,10,9,4,1.36,37.13,9,0,0,0,Healthy,0
NB00076,Female,39.81,5.2,138,26,92.5,52.9,36.26,5.33,52.88,35.52,10,7,5,2.39,36.25,9,0,0,0,Healthy,0
NB00077,Male,38.19,5.2,150,46,97.9,52.43,31.89,5.27,53.1,31.88,7,4,0,3.63,36.57,9,0,0,0,Healthy,0
NB00078,Male,37.34,5.2,188,44,96.5,48.35,35.26,5.11,47.96,34.72,12,10,6,1.57,36.9,7,0,0,1,Healthy,0
NB00079,Female,38.2,5.2,162,37,92.4,49.28,33.2,5.25,49.63,32.96,8,8,4,0.2,36.67,7,0,0,0,Healthy,0
NB00080,Male,33.63,5.2,142,34,92.5,45.34,29.85,5.21,46.89,30.71,8,7,4,3.56,36.84,8,0,0,0,Healthy,0
NB00081,Male,37.52,5.2,149,66,91.0,49.71,32.56,5.23,49.52,33.36,7,7,3,1.73,36.87,9,0,0,2,Healthy,0
NB00082,Male,38.79,5.2,106,39,93.6,49.14,35.56,5.26,49.04,36.02,11,4,3,0.43,36.9,7,0,0,0,Healthy,0
NB00083,Male,41.25,5.2,121,56,95.4,46.74,35.68,4.89,46.66,34.93,6,9,1,1.41,36.38,8,0,0,0,Healthy,0
NB00084,Female,36.86,5.2,152,41,91.9,50.96,32.01,5.28,52.12,32.22,7,6,3,0.62,37.16,8,0,0,0,Healthy,0
NB00085,Male,36.22,5.2,143,37,100.0,51.59,31.92,5.36,51.64,31.67,10,7,4,2.58,36.56,9,0,0,0,Healthy,0
NB00086,Female,36.9,5.2,145,56,97.2,47.38,30.34,5.28,47.14,31.03,9,8,3,5.97,36.79,8,0,0,0,Healthy,0
NB00087,Male,40.01,5.2,141,50,94.9,49.28,33.95,5.08,49.66,33.71,11,3,4,4.92,36.25,10,0,0,0,Healthy,0
NB00088,Female,38.72,5.2,140,42,95.3,49.98,32.45,5.06,51.24,32.05,10,2,3,3.72,36.82,9,0,0,1,Healthy,0
NB00089,Female,36.83,5.2,142,53,90.1,48.18,32.58,5.27,47.07,32.9,6,3,1,2.39,36.89,6,0,1,6,At Risk,0
NB00090,Female,39.13,5.2,121,67,90.8,52.61,35.59,5.39,53.56,36.41,9,5,2,3.62,36.82,8,0,0,1,Healthy,0
NB00091,Male,38.21,5.2,136,35,99.6,49.9,34.78,5.49,50.45,35.52,6,6,3,4.48,36.45,10,0,0,1,Healthy,0
NB00092,Male,40.13,5.2,118,47,100.0,49.93,37.18,5.38,50.53,38.06,9,3,0,5.17,37.31,7,0,0,0,Healthy,0
NB00093,Male,36.46,5.2,129,38,87.2,45.57,34.27,5.33,45.79,35.15,6,4,5,1.9,37.06,9,1,0,4,At Risk,0
NB00094,Male,37.28,5.2,162,33,96.6,50.68,32.5,4.72,50.91,33.58,8,7,4,0.2,36.74,9,0,0,0,Healthy,0
NB00095,Female,37.14,5.2,137,32,99.8,50.02,33.22,5.11,50.93,33.43,6,4,2,6.44,36.73,9,0,0,0,Healthy,0
NB00096,Male,34.78,5.2,151,58,93.8,48.82,31.5,5.29,47.47,31.33,7,5,2,5.39,36.47,8,0,0,0,Healthy,0
NB00097,Male,38.65,5.2,142,24,100.0,48.25,31.03,5.09,47.64,30.63,7,10,3,3.21,36.52,9,0,0,2,Healthy,0
NB00098,Male,38.57,5.2,133,47,97.7,53.79,32.38,5.04,52.31,33.19,8,8,3,2.29,37.46,8,0,0,0,Healthy,0
NB00099,Female,38.01,5.2,122,34,96.6,46.12,33.56,5.02,48.13,33.55,10,3,2,2.2,36.64,7,0,0,0,Healthy,0
NB00100,Male,37.48,5.2,133,60,94.1,50.55,33.18,5.5,52.01,32.73,7,7,4,2.09,38.04,10,0,0,1,Healthy,0
NB00101,Female,34.89,5.2,143,39,95.3,42.98,32.39,4.97,41.01,32.8,6,8,4,0.42,36.28,8,0,0,0,Healthy,0
NB00102,Male,37.07,5.2,150,38,93.4,47.19,33.85,5.19,47.75,33.08,8,9,3,2.67,36.97,10,0,0,0,Healthy,0
NB00103,Male,37.25,5.2,142,58,96.0,52.04,30.62,5.08,52.02,30.07,10,9,4,2.89,36.9,6,0,1,6,At Risk,0
NB00104,Male,36.23,5.2,152,51,95.9,49.67,33.34,5.06,50.47,33.57,8,8,5,1.26,36.82,9,0,0,0,Healthy,0
NB00105,Male,37.65,5.2,113,48,93.5,48.19,33.82,5.31,48.72,34.45,9,7,1,3.24,36.08,7,0,0,1,Healthy,0
NB00106,Female,38.89,5.2,156,50,88.2,49.36,35.36,5.39,49.42,35.26,8,8,5,4.94,36.18,10,1,0,5,At Risk,0
NB00107,Female,42.0,5.2,120,31,94.3,53.4,38.2,4.99,53.54,38.16,8,9,1,2.23,36.89,7,0,0,0,Healthy,0
NB00108,Female,38.38,5.2,158,49,91.4,50.97,33.85,5.24,52.19,34.43,9,7,1,5.12,36.34,10,0,0,0,Healthy,0
NB00109,Female,38.57,5.2,149,40,91.1,52.61,36.07,5.21,52.22,36.66,10,5,2,3.78,37.34,10,0,0,0,Healthy,0
NB00110,Female,37.84,5.2,106,46,92.6,48.54,32.35,5.14,48.36,31.21,9,7,4,3.68,36.7,7,0,0,0,Healthy,0
NB00111,Male,33.78,5.2,153,47,97.9,42.58,29.43,5.04,43.42,30.42,8,6,1,1.56,36.91,8,0,0,0,Healthy,0
NB00112,Male,37.94,5.2,158,31,91.1,49.86,34.4,5.45,50.92,34.31,5,7,2,5.65,36.78,9,0,0,0,Healthy,0
NB00113,Male,38.13,5.2,163,48,91.9,48.8,33.34,5.02,49.3,32.99,8,2,3,3.78,36.77,10,0,0,1,Healthy,0
NB00114,Male,42.0,5.2,126,40,97.5,50.6,36.99,4.97,50.32,36.81,6,10,1,4.01,37.48,9,0,0,0,Healthy,0
NB00115,Male,37.58,5.2,143,30,92.3,49.81,36.49,5.45,48.34,35.77,9,8,2,4.85,37.29,8,0,0,0,Healthy,0
NB00116,Male,38.66,5.2,153,41,91.1,49.77,34.85,5.27,48.34,36.48,7,10,2,1.61,36.87,10,0,0,0,Healthy,0
NB00117,Female,37.92,5.2,153,42,97.8,50.14,34.06,4.99,50.14,33.38,11,5,2,4.61,37.1,10,0,0,0,Healthy,0
NB00118,Female,35.43,5.2,147,48,94.5,45.5,30.7,5.21,45.86,29.9,10,8,4,2.45,37.33,7,0,0,0,Healthy,0
NB00119,Female,40.51,5.2,132,18,95.2,52.84,33.01,5.11,52.68,32.95,9,6,4,2.42,36.53,9,0,0,2,Healthy,0
NB00120,Male,39.65,5.2,158,46,94.2,48.45,34.85,5.5,47.6,34.12,5,7,3,3.32,36.1,10,0,0,1,Healthy,0
NB00121,Female,39.74,5.2,158,37,96.5,49.51,36.62,5.18,48.5,36.79,6,9,3,2.36,37.05,9,0,0,0,Healthy,0
NB00122,Male,36.0,5.2,137,50,97.4,47.31,31.92,5.34,47.68,33.0,10,9,0,2.15,37.36,9,0,0,0,Healthy,0
NB00123,Female,41.09,5.2,126,42,94.6,55.86,36.56,5.23,57.42,36.76,8,6,1,2.06,36.03,8,0,0,0,Healthy,0
NB00124,Male,34.92,5.2,127,39,89.8,48.39,33.78,5.5,47.85,34.08,9,6,4,2.9,36.53,7,1,0,4,At Risk,0
NB00125,Female,39.29,5.2,165,40,96.0,52.92,36.81,5.27,53.09,36.73,5,8,3,0.93,36.69,8,0,0,0,Healthy,0
NB00126,Male,42.0,5.2,157,45,93.8,56.03,37.24,5.46,55.52,36.72,5,0,3,1.93,36.36,8,0,0,1,Healthy,0
NB00127,Female,35.82,5.2,140,51,98.0,54.84,32.53,5.34,55.65,32.45,7,9,3,3.93,36.73,6,0,1,6,At Risk,0
NB00128,Female,36.75,5.2,136,33,91.9,48.56,30.65,5.12,48.64,31.38,9,8,3,1.5,36.3,7,0,0,0,Healthy,0
NB00129,Female,38.22,5.2,108,39,93.9,52.64,33.01,5.23,53.83,33.92,5,7,1,3.88,36.66,10,0,0,1,Healthy,0
NB00130,Male,36.89,5.2,138,57,89.8,50.63,32.6,5.19,50.95,32.73,9,7,2,6.04,37.11,7,1,0,4,At Risk,0
NB00131,Female,34.59,5.2,119,38,97.7,48.52,30.13,5.12,48.84,30.76,9,3,4,6.03,35.87,8,0,0,2,Healthy,0
NB00132,Male,38.15,5.2,143,46,99.3,53.28,34.28,5.01,52.63,33.91,10,6,4,0.31,36.33,9,0,0,0,Healthy,0
NB00133,Female,35.66,5.2,161,30,93.3,46.66,35.03,5.5,46.02,34.76,7,8,3,3.59,37.43,9,0,0,0,Healthy,0
NB00134,Female,39.04,5.2,122,25,94.3,49.54,36.81,4.82,50.2,35.95,11,8,3,1.45,36.43,10,0,0,2,Healthy,0
NB00135,Female,35.98,5.2,144,32,92.2,48.42,32.75,5.5,48.85,33.52,6,12,6,1.22,35.63,8,0,0,2,Healthy,0
NB00136,Female,41.41,5.2,158,35,92.5,52.3,37.36,4.96,54.52,37.11,4,6,1,3.26,36.88,9,0,0,0,Healthy,0
NB00137,Male,36.28,5.2,144,52,97.4,48.69,31.5,5.34,47.79,30.8,8,8,1,5.0,36.77,10,0,0,0,Healthy,0
NB00138,Male,37.29,5.2,131,53,93.2,52.09,35.5,5.11,53.28,35.9,10,3,6,4.82,36.87,8,0,0,0,Healthy,0
NB00139,Male,39.79,5.2,140,23,96.7,50.25,32.71,4.9,50.58,33.62,7,4,2,0.47,36.83,8,0,0,2,Healthy,0
NB00140,Male,35.29,5.2,157,37,94.9,46.55,33.27,5.46,45.78,33.15,9,11,2,3.69,37.37,9,0,0,1,Healthy,0
NB00141,Female,38.5,5.2,145,49,97.6,50.4,34.89,4.75,47.92,33.93,10,6,2,2.68,36.48,8,0,0,0,Healthy,0
NB00142,Female,40.88,5.2,140,41,93.6,51.73,34.68,5.39,51.3,34.58,11,7,6,0.47,36.76,10,0,0,0,Healthy,0
NB00143,Female,34.46,5.2,161,57,98.8,42.59,31.01,5.26,42.28,31.25,10,8,3,4.35,36.61,5,0,1,6,At Risk,0
NB00144,Female,38.41,5.2,149,49,100.0,48.81,32.38,5.44,48.49,32.84,8,11,3,0.67,37.1,8,0,0,0,Healthy,0
NB00145,Female,38.57,5.2,118,39,89.0,51.49,32.56,5.36,52.59,33.13,8,7,2,3.15,37.15,10,1,0,4,At Risk,0
NB00146,Male,39.72,5.2,151,40,94.7,54.02,32.62,5.35,53.77,32.76,7,5,3,4.63,36.97,7,0,0,0,Healthy,0
NB00147,Male,35.28,5.2,157,41,94.7,44.84,33.05,5.41,45.31,32.99,8,5,4,3.38,37.77,7,0,0,0,Healthy,0
NB00148,Female,35.09,5.2,118,34,92.5,44.67,33.57,5.4,43.47,34.09,10,7,6,2.92,37.05,8,0,0,0,Healthy,0
NB00149,Female,39.15,5.2,99,51,96.4,50.69,31.36,5.32,51.28,30.67,6,9,1,4.04,37.36,10,1,1,5,At Risk,0
NB00150,Male,38.65,5.2,121,49,98.9,46.04,37.01,5.16,44.94,36.53,7,5,5,3.87,36.4,9,0,0,0,Healthy,0
NB00151,Male,38.55,5.2,138,47,88.1,49.21,34.17,5.18,50.08,33.83,9,5,4,4.73,36.49,8,1,0,4,At Risk,0
NB00152,Female,38.76,5.2,158,44,87.8,46.81,34.77,5.25,47.98,34.6,8,9,3,3.56,37.69,7,1,0,4,At Risk,0
NB00153,Male,36.5,5.2,124,32,100.0,50.99,30.54,5.18,49.69,29.81,8,10,2,4.71,36.19,9,0,0,0,Healthy,0
NB00154,Male,38.51,5.2,150,47,94.2,48.52,36.14,5.5,50.64,36.82,9,11,2,4.62,37.15,7,0,0,0,Healthy,0
NB00155,Female,38.64,5.2,88,43,95.3,53.49,34.55,5.21,53.23,33.92,8,7,2,4.8,37.38,5,1,1,9,High Risk,0
NB00156,Female,36.43,5.2,143,62,91.3,50.41,34.41,5.0,50.97,32.9,6,8,4,0.2,37.33,8,0,0,0,Healthy,0
NB00157,Male,42.0,5.2,133,29,95.2,51.91,38.43,5.21,52.87,39.12,11,8,3,2.21,36.08,5,0,1,6,At Risk,0
NB00158,Female,39.04,5.2,178,35,99.8,48.39,36.53,5.06,47.92,36.94,9,2,5,4.75,36.64,8,0,0,1,Healthy,0
NB00159,Male,35.38,5.2,106,26,96.7,46.85,30.99,5.5,46.35,31.06,10,10,3,4.13,37.08,10,0,0,1,Healthy,0
NB00160,Female,39.44,5.2,140,40,95.7,50.69,34.5,5.25,50.47,34.88,8,9,3,3.5,37.13,10,0,0,0,Healthy,0
NB00161,Female,35.86,5.2,106,25,88.8,48.36,31.38,5.36,49.02,31.55,9,8,1,4.19,36.8,10,1,0,6,At Risk,0
NB00162,Male,39.73,5.2,130,54,97.6,49.61,36.35,5.33,50.39,37.15,10,8,4,4.62,36.49,10,0,0,0,Healthy,0
NB00163,Male,40.55,5.2,109,53,95.0,53.39,36.08,5.42,54.98,35.72,9,7,2,3.04,36.68,8,0,0,0,Healthy,0
NB00164,Male,36.19,5.2,181,40,92.9,48.51,34.14,5.28,49.95,35.28,8,12,1,0.61,36.52,7,0,0,1,Healthy,0
NB00165,Female,40.12,5.2,134,32,97.2,50.83,36.95,5.15,52.26,37.62,6,2,2,6.76,36.24,9,0,0,1,Healthy,0
NB00166,Female,38.91,5.2,136,27,92.0,48.99,31.84,5.24,50.07,31.58,4,6,1,2.78,36.67,10,0,0,0,Healthy,0
NB00167,Male,39.81,5.2,139,35,97.0,50.86,37.09,4.98,51.86,36.73,12,7,4,3.51,37.63,9,0,0,0,Healthy,0
NB00168,Male,42.0,5.2,120,48,99.3,51.57,38.03,5.2,51.36,38.21,8,10,3,0.2,36.67,8,0,0,1,Healthy,0
NB00169,Male,37.46,5.2,159,34,95.5,49.23,32.87,5.5,48.88,32.29,13,8,3,4.36,36.12,7,0,0,0,Healthy,0
NB00170,Male,36.34,5.2,152,61,93.5,48.28,33.16,5.38,46.94,33.14,9,5,5,1.76,36.64,6,0,1,6,At Risk,0
NB00171,Female,36.04,5.2,157,57,93.0,48.36,32.24,5.21,49.96,33.15,7,5,1,2.56,37.58,9,0,0,0,Healthy,0
NB00172,Male,36.21,5.2,118,42,96.3,51.52,33.47,5.5,51.76,33.68,8,7,5,2.95,36.08,10,0,0,0,Healthy,0
NB00173,Male,37.83,5.2,160,37,93.5,49.18,33.12,5.11,49.72,34.48,11,6,1,5.49,36.8,7,0,0,0,Healthy,0
NB00174,Female,38.75,5.2,158,36,100.0,52.28,35.04,5.3,49.67,34.68,11,12,0,6.32,37.13,9,0,0,0,Healthy,0
NB00175,Female,38.61,5.2,136,58,90.0,50.61,34.33,5.17,50.15,34.7,10,8,5,3.78,36.29,9,0,0,0,Healthy,0
NB00176,Female,39.82,5.2,156,35,94.5,50.76,34.43,5.19,51.93,34.21,5,5,0,4.24,36.89,9,0,0,1,Healthy,0
NB00177,Female,38.03,5.2,145,51,96.0,49.39,34.11,5.31,49.92,34.08,5,12,6,3.73,36.39,7,0,0,1,Healthy,0
NB00178,Male,41.2,5.2,111,42,95.5,52.36,40.0,5.35,51.9,40.4,11,5,3,2.41,36.25,6,0,1,6,At Risk,0
NB00179,Female,37.42,5.2,137,49,93.0,49.64,32.36,5.19,49.72,32.02,9,7,4,0.38,37.08,7,0,0,1,Healthy,0
NB00180,Male,42.0,5.2,131,34,99.3,51.28,36.23,5.06,53.46,35.81,11,5,1,5.57,37.62,9,0,0,1,Healthy,0
NB00181,Male,39.38,5.2,142,39,97.3,47.91,33.76,5.5,47.87,33.58,8,5,3,3.84,36.63,7,0,0,0,Healthy,0
NB00182,Female,36.11,5.2,158,42,97.6,49.21,31.64,5.25,49.53,31.41,6,8,4,3.69,37.06,8,0,0,0,Healthy,0
NB00183,Female,35.64,5.2,110,36,92.7,49.28,33.37,5.02,49.47,32.87,9,9,5,5.26,37.02,8,0,0,0,Healthy,0
NB00184,Male,39.06,5.2,132,54,93.6,52.05,35.62,5.03,52.45,36.58,9,9,4,1.39,36.88,8,0,0,0,Healthy,0
NB00185,Male,37.51,5.2,125,34,96.7,49.47,33.45,5.5,50.87,33.36,6,5,3,1.78,36.49,9,0,0,0,Healthy,0
NB00186,Female,39.57,5.2,126,36,91.1,52.55,36.44,5.5,55.23,37.04,6,10,3,3.4,36.34,7,0,0,0,Healthy,0
NB00187,Male,39.04,5.2,125,56,97.3,51.96,35.72,5.3,53.64,36.27,9,8,3,4.31,36.44,9,0,0,0,Healthy,0
NB00188,Male,37.84,5.2,141,54,94.6,51.03,33.44,5.11,51.46,34.16,6,1,3,4.09,36.72,7,0,0,1,Healthy,0
NB00189,Male,36.14,5.2,149,58,98.7,46.2,30.2,5.3,47.6,29.49,12,9,2,4.72,36.61,9,0,0,0,Healthy,0
NB00190,Female,34.67,5.2,146,23,93.5,44.41,32.71,5.17,43.11,32.6,11,10,4,5.29,36.28,8,0,0,2,Healthy,0
NB00191,Female,37.02,5.2,143,44,100.0,47.94,33.37,5.34,48.12,33.88,10,7,2,2.17,36.71,8,0,0,0,Healthy,0
NB00192,Male,39.88,5.2,151,43,96.4,51.26,35.15,5.3,50.76,34.88,11,8,4,7.79,36.51,8,0,0,0,Healthy,0
NB00193,Male,38.47,5.2,183,36,96.8,49.54,33.43,5.22,49.17,34.42,9,12,3,2.09,37.05,8,0,0,1,Healthy,0
NB00194,Female,35.26,5.2,142,45,92.6,43.38,33.0,5.21,44.54,32.36,8,1,0,3.85,36.62,9,0,0,1,Healthy,0
NB00195,Male,38.38,5.2,158,39,95.9,53.39,34.59,5.19,54.95,35.18,11,8,5,3.17,37.18,9,0,0,0,Healthy,0
NB00196,Male,38.85,5.2,157,44,93.1,49.81,34.04,5.42,48.68,33.87,9,5,1,2.92,36.9,6,0,1,6,At Risk,0
NB00197,Female,36.06,5.2,172,76,89.6,48.2,30.6,5.19,48.22,31.33,7,10,3,6.64,36.58,9,1,0,5,At Risk,0
NB00198,Male,38.34,5.2,150,45,94.3,52.39,35.64,5.5,51.94,35.9,6,6,5,5.66,36.73,9,0,0,0,Healthy,0
NB00199,Male,38.13,5.2,125,46,99.1,45.03,34.8,5.5,45.89,34.39,7,8,3,3.61,36.74,9,0,0,0,Healthy,0
NB00200,Female,35.49,5.2,145,50,94.8,46.31,32.42,5.15,47.63,33.01,10,3,8,3.52,36.87,10,0,0,0,Healthy,0
NB00201,Female,38.79,5.2,145,44,94.0,49.53,30.37,5.16,52.0,29.43,8,9,3,0.2,36.96,9,0,0,0,Healthy,0
NB00202,Male,39.23,5.2,155,31,93.9,50.04,34.61,5.22,51.44,34.5,12,4,2,2.11,36.6,7,0,0,0,Healthy,0
NB00203,Female,40.38,5.2,124,26,100.0,51.4,35.11,5.1,52.74,34.93,9,6,6,2.84,36.69,10,0,0,0,Healthy,0
NB00204,Female,40.32,5.2,163,42,97.1,54.58,34.5,5.4,53.78,34.85,10,10,2,2.45,36.85,9,0,0,0,Healthy,0
NB00205,Male,34.97,5.2,140,39,89.4,48.22,32.81,5.47,47.74,31.3,7,9,4,3.65,35.47,7,1,0,6,At Risk,0
NB00206,Male,35.94,5.2,155,22,93.1,49.66,33.43,5.49,49.92,33.67,7,6,4,2.77,37.05,8,0,0,2,Healthy,0
NB00207,Male,39.13,5.2,146,58,93.6,50.71,35.25,5.19,53.48,35.57,5,3,3,3.7,36.37,8,0,0,1,Healthy,0
NB00208,Male,39.13,5.2,142,43,92.5,47.82,36.15,5.19,48.09,35.77,6,7,3,3.35,36.67,9,0,0,0,Healthy,0
NB00209,Male,39.13,5.2,144,56,95.2,46.46,33.06,4.83,48.09,32.98,7,6,3,4.34,36.5,10,0,0,0,Healthy,0
NB00210,Male,42.0,5.2,152,20,93.0,50.14,35.92,5.1,49.92,36.04,8,6,8,3.72,37.14,9,0,0,2,Healthy,0
NB00211,Female,39.26,5.2,175,57,93.2,51.45,34.79,5.04,51.63,35.46,12,5,6,6.22,37.26,9,0,0,0,Healthy,0
NB00212,Male,40.5,5.2,104,37,95.5,51.91,34.62,5.01,52.09,33.42,7,6,4,3.11,36.75,9,0,0,0,Healthy,0
NB00213,Male,40.1,5.2,150,55,89.6,51.07,36.36,5.13,50.78,36.43,11,6,4,5.26,36.76,5,1,1,11,High Risk,1
NB00214,Male,39.43,5.2,141,44,87.5,50.15,34.02,5.17,51.04,34.41,6,12,2,1.14,36.78,7,1,0,4,At Risk,0
NB00215,Female,37.31,5.2,137,47,99.3,53.0,35.26,5.23,51.91,35.74,7,4,1,2.04,36.79,5,0,1,6,At Risk,0
NB00216,Female,39.67,5.2,97,47,97.9,49.46,33.57,5.5,47.83,33.54,8,10,4,0.98,37.25,7,1,1,5,At Risk,0
NB00217,Male,36.3,5.2,150,38,96.3,49.93,35.81,5.46,49.86,36.25,10,10,4,6.41,38.15,8,0,0,1,Healthy,0
NB00218,Female,37.48,5.2,138,36,96.1,49.13,36.48,5.01,49.89,36.54,8,1,0,3.31,36.72,7,0,0,1,Healthy,0
NB00219,Male,36.93,5.2,125,38,94.3,48.52,32.91,5.32,47.96,33.69,8,5,1,0.38,37.06,8,0,0,0,Healthy,0
NB00220,Male,38.18,5.2,141,27,100.0,52.12,35.65,5.07,54.64,35.24,10,7,3,1.49,36.42,9,0,0,0,Healthy,0
NB00221,Male,42.0,5.2,135,37,95.7,56.13,36.0,5.26,56.32,35.7,8,7,2,3.88,36.46,9,0,0,0,Healthy,0
NB00222,Male,33.89,5.2,109,35,100.0,45.42,32.44,5.49,45.7,32.82,5,3,4,2.38,36.34,8,0,0,0,Healthy,0
NB00223,Female,39.51,5.2,142,27,100.0,52.56,34.59,5.13,51.76,35.08,11,6,3,2.06,37.4,7,0,0,0,Healthy,0
NB00224,Male,34.45,5.2,150,47,96.6,47.13,29.39,5.03,47.96,29.79,9,8,4,1.01,37.12,9,0,0,0,Healthy,0
NB00225,Male,36.96,5.2,130,42,94.3,48.68,27.77,5.24,49.91,27.62,8,3,5,5.28,36.63,9,0,0,0,Healthy,0
NB00226,Female,40.4,5.2,145,44,95.1,52.16,35.07,5.49,52.56,34.93,8,7,1,5.65,36.9,10,0,0,0,Healthy,0
NB00227,Female,38.14,5.2,142,49,93.6,48.35,34.32,5.5,48.86,34.41,5,5,3,5.1,37.14,7,0,0,0,Healthy,0
NB00228,Male,35.63,5.2,159,40,96.6,46.85,34.14,5.11,47.3,33.57,5,6,6,5.66,37.34,6,0,1,6,At Risk,0
NB00229,Female,36.43,5.2,138,33,97.4,47.02,32.75,5.26,46.32,32.36,12,5,2,3.72,36.98,9,0,0,0,Healthy,0
NB00230,Female,39.5,5.2,154,45,90.7,52.75,36.35,5.29,54.39,37.33,7,6,2,2.68,36.84,6,0,1,6,At Risk,0
NB00231,Female,36.39,5.2,134,15,100.0,47.96,31.99,4.95,47.85,31.99,8,6,4,0.2,37.39,8,0,0,2,Healthy,0
NB00232,Female,38.48,5.2,175,41,92.3,47.43,33.63,4.93,49.36,33.41,7,11,3,1.79,36.3,7,0,0,0,Healthy,0
NB00233,Male,38.1,5.2,132,50,85.6,48.24,35.45,5.29,47.24,35.2,8,12,5,3.1,35.94,8,1,0,6,At Risk,0
NB00234,Female,36.57,5.2,128,52,94.7,41.91,29.1,5.15,43.02,29.37,7,12,2,4.1,37.37,6,0,1,6,At Risk,0
NB00235,Male,42.0,5.2,138,37,91.0,52.21,36.62,4.95,52.6,37.98,7,1,4,2.71,36.6,8,0,0,1,Healthy,0
NB00236,Female,39.39,5.2,127,20,94.8,50.93,34.18,5.37,51.22,34.97,8,9,2,3.09,37.4,7,0,0,2,Healthy,0
NB00237,Female,33.54,5.2,118,16,95.2,45.32,32.72,5.24,44.93,32.04,9,6,3,1.23,37.66,9,0,0,2,Healthy,0
NB00238,Female,38.41,5.2,153,48,96.6,53.93,33.29,5.23,54.8,34.16,9,4,3,5.75,37.63,10,0,0,0,Healthy,0
NB00239,Female,36.54,5.2,85,38,98.5,49.44,33.56,5.01,50.18,33.16,8,11,5,3.2,35.44,9,1,1,7,At Risk,0
NB00240,Female,39.88,5.2,127,62,91.5,52.35,36.5,4.89,54.34,36.21,4,7,3,2.52,37.16,8,0,0,0,Healthy,0
NB00241,Female,36.26,5.2,116,28,93.7,44.74,30.34,5.11,45.61,30.16,10,9,1,0.89,36.57,10,0,0,0,Healthy,0
NB00242,Female,37.75,5.2,143,45,97.4,48.64,33.41,5.24,48.44,32.81,9,10,1,5.81,36.51,9,0,0,0,Healthy,0
NB00243,Female,39.11,5.2,101,59,92.7,49.63,33.93,5.09,49.4,34.8,5,9,3,0.2,36.97,5,0,1,6,At Risk,0
NB00244,Male,39.9,5.2,150,44,88.4,49.74,36.55,5.01,50.27,36.3,8,6,2,3.66,36.52,8,1,0,4,At Risk,0
NB00245,Male,35.36,5.2,152,26,97.2,45.62,32.96,5.16,47.31,31.81,7,6,4,2.16,37.14,8,0,0,0,Healthy,0
NB00246,Female,37.26,5.2,111,70,93.0,45.32,32.94,5.24,45.91,32.53,10,7,2,3.13,37.39,8,0,0,1,Healthy,0
NB00247,Male,36.96,5.2,143,58,92.8,46.11,31.5,5.5,47.33,31.72,9,11,3,3.06,36.71,8,0,0,0,Healthy,0
NB00248,Male,36.56,5.2,149,40,95.4,50.05,34.35,5.26,50.55,33.42,6,10,2,4.05,36.96,8,0,0,0,Healthy,0
NB00249,Male,41.88,5.2,157,50,95.0,52.81,36.42,4.94,51.13,36.68,12,6,3,3.24,36.59,10,0,0,0,Healthy,0
NB00250,Male,38.89,5.2,114,50,98.5,49.39,32.0,4.83,50.04,31.56,8,7,1,3.8,37.01,10,0,0,0,Healthy,0
NB00251,Female,35.23,5.2,111,48,90.6,47.09,29.56,4.74,47.1,30.33,9,11,3,2.59,37.44,8,0,0,0,Healthy,0
NB00252,Female,40.02,5.2,167,28,100.0,53.75,35.87,5.3,55.18,36.24,8,4,4,2.73,36.98,9,0,0,1,Healthy,0
NB00253,Female,42.0,5.2,125,45,90.1,53.21,34.69,5.02,55.06,34.83,6,2,2,4.68,36.75,10,0,0,1,Healthy,0
NB00254,Female,40.27,5.2,131,57,93.6,52.73,38.18,5.33,54.73,37.35,7,5,3,3.68,37.39,6,0,1,6,At Risk,0
NB00255,Male,34.66,5.2,151,47,92.0,44.9,30.05,5.47,44.93,29.38,4,12,1,4.78,36.62,7,0,0,0,Healthy,0
NB00256,Male,36.93,5.2,119,46,95.2,47.4,33.05,5.35,47.13,32.81,4,4,2,1.87,36.63,8,0,0,1,Healthy,0
NB00257,Male,40.79,5.2,135,37,95.1,52.82,35.99,5.18,52.7,35.95,7,5,2,3.01,36.5,8,0,0,0,Healthy,0
NB00258,Female,36.44,5.2,156,33,95.6,51.98,31.62,5.5,52.07,32.63,7,8,2,2.02,36.09,9,0,0,0,Healthy,0
NB00259,Female,38.98,5.2,114,26,95.9,53.34,31.12,5.14,53.7,31.4,7,7,3,3.02,36.41,8,0,0,1,Healthy,0
NB00260,Female,39.7,5.2,131,50,99.6,52.3,35.28,5.05,51.58,35.15,6,10,5,1.61,36.82,9,0,0,0,Healthy,0
NB00261,Male,35.96,5.2,120,40,95.5,48.07,31.24,5.3,48.29,32.23,13,10,3,1.98,36.9,10,0,0,0,Healthy,0
NB00262,Male,37.87,5.2,126,29,99.9,52.28,33.88,5.38,50.45,33.93,9,6,5,4.52,36.36,10,0,0,0,Healthy,0
NB00263,Female,30.87,5.2,161,52,88.9,44.77,28.62,4.71,47.12,28.99,8,8,5,1.55,36.57,10,1,0,7,At Risk,0
NB00264,Female,35.75,5.2,165,36,87.4,42.98,32.62,5.45,42.95,33.65,11,8,2,3.56,35.95,8,1,0,6,At Risk,0
NB00265,Female,37.44,5.2,145,33,95.4,46.99,35.75,4.91,46.77,36.28,12,5,3,5.32,37.78,8,0,0,1,Healthy,0
NB00266,Male,35.25,5.2,150,37,96.1,47.81,31.06,4.82,48.55,31.42,5,8,6,1.66,37.46,9,0,0,1,Healthy,0
NB00267,Female,41.59,5.2,149,40,93.1,49.26,35.61,5.16,50.3,36.06,9,7,4,4.68,36.48,9,0,0,0,Healthy,0
NB00268,Female,34.85,5.2,128,47,95.0,44.97,29.1,5.02,43.14,29.16,7,8,2,1.86,36.86,8,0,0,1,Healthy,0
NB00269,Male,37.03,5.2,144,33,98.8,47.33,32.83,5.31,46.84,32.95,9,5,4,2.78,36.4,8,0,0,0,Healthy,0
NB00270,Female,38.29,5.2,117,52,97.3,49.35,34.62,5.3,50.97,33.77,8,10,3,4.91,37.26,9,0,0,0,Healthy,0
NB00271,Male,41.17,5.2,123,47,93.8,51.88,35.29,5.29,52.95,34.97,6,4,3,1.36,37.09,8,0,0,0,Healthy,0
NB00272,Female,34.84,5.2,138,37,95.7,46.18,32.21,5.47,45.21,32.28,10,5,5,7.66,36.21,9,0,0,0,Healthy,0
NB00273,Female,40.56,5.2,121,40,97.7,53.55,35.33,5.17,54.94,35.7,8,12,4,3.05,36.36,8,0,0,1,Healthy,0
NB00274,Male,38.02,5.2,117,38,90.7,49.09,31.86,5.3,50.05,31.7,9,6,3,6.95,36.77,9,0,0,0,Healthy,0
NB00275,Male,35.84,5.2,127,43,92.2,46.89,32.76,4.9,46.28,34.29,10,7,3,6.08,37.42,8,0,0,0,Healthy,0
NB00276,Female,39.02,5.2,161,57,98.2,47.82,34.2,5.42,48.01,34.77,10,7,4,3.77,36.63,8,0,0,0,Healthy,0
NB00277,Female,38.44,5.2,168,38,88.9,52.04,34.29,5.13,50.54,34.54,7,4,1,0.88,37.39,7,1,0,4,At Risk,0
NB00278,Male,36.68,5.2,139,44,91.2,47.07,32.03,5.17,48.08,31.26,7,4,2,4.4,36.94,10,0,0,0,Healthy,0
NB00279,Male,38.15,5.2,150,35,90.8,47.56,32.92,5.16,49.31,32.99,7,6,5,1.42,36.43,8,0,0,0,Healthy,0
NB00280,Male,37.15,5.2,130,47,98.2,49.26,33.44,5.21,49.12,33.85,6,6,7,3.22,36.61,9,0,0,0,Healthy,0
NB00281,Male,38.25,5.2,103,45,91.2,48.29,33.63,5.16,48.49,33.67,8,5,4,3.17,37.08,6,0,1,6,At Risk,0
NB00282,Female,39.46,5.2,124,55,97.8,49.86,37.41,4.8,50.48,37.43,9,8,5,3.04,37.18,9,0,0,0,Healthy,0
NB00283,Male,41.49,5.2,134,34,93.8,53.26,37.44,5.48,53.23,37.45,6,9,2,2.97,37.22,5,0,1,6,At Risk,0
NB00284,Male,35.28,5.2,143,49,100.0,46.5,32.71,5.1,44.63,32.39,8,8,4,2.23,36.9,10,0,0,0,Healthy,0
NB00285,Female,42.0,5.2,138,55,95.4,57.82,36.33,5.16,59.1,35.68,10,6,0,1.95,37.0,8,0,0,0,Healthy,0
NB00286,Male,33.71,5.2,135,38,98.7,45.59,27.75,5.19,46.99,29.17,10,10,3,2.29,37.82,9,0,0,0,Healthy,0
NB00287,Female,37.67,5.2,130,41,96.6,50.54,32.35,5.33,51.42,31.85,5,9,4,5.02,37.88,8,0,0,1,Healthy,0
NB00288,Male,39.29,5.2,146,44,93.4,46.88,33.74,5.13,48.48,33.55,3,11,2,0.91,36.82,8,0,0,1,Healthy,0
NB00289,Male,38.62,5.2,115,40,95.0,48.44,33.82,5.44,48.5,34.07,8,5,3,2.06,36.0,8,0,0,0,Healthy,0
NB00290,Female,36.63,5.2,154,44,95.0,46.19,32.79,5.5,46.84,31.66,7,5,5,6.59,36.86,9,0,0,0,Healthy,0
NB00291,Male,37.54,5.2,129,49,93.4,47.28,34.46,5.5,46.78,35.5,6,9,1,2.85,36.85,10,0,0,0,Healthy,0
NB00292,Male,36.92,5.2,177,41,98.1,49.45,33.45,5.28,48.78,34.25,7,7,4,4.36,36.23,8,0,0,0,Healthy,0
NB00293,Female,36.7,5.2,134,41,100.0,50.5,34.63,5.11,49.4,33.83,7,8,0,1.86,36.86,10,0,0,0,Healthy,0
NB00294,Female,39.87,5.2,131,45,95.4,51.97,34.64,5.11,52.52,34.55,6,13,5,1.04,36.33,10,0,0,0,Healthy,0
NB00295,Female,38.79,5.2,130,38,97.5,49.85,34.74,5.16,50.14,35.41,6,5,3,3.91,36.97,9,0,0,0,Healthy,0
NB00296,Female,36.48,5.2,132,39,96.9,46.97,33.25,5.06,48.26,33.34,8,8,3,2.57,37.07,10,0,0,0,Healthy,0
NB00297,Male,39.98,5.2,151,33,85.9,53.61,35.55,5.31,52.07,36.25,4,7,4,5.04,37.04,10,1,0,4,At Risk,0
NB00298,Female,38.68,5.2,139,42,96.7,54.35,36.2,5.18,54.81,37.21,8,10,0,2.21,37.25,6,0,1,6,At Risk,0
NB00299,Female,39.79,5.2,158,46,96.5,51.48,36.26,5.23,53.41,35.86,14,2,1,3.2,37.01,8,0,0,1,Healthy,0
NB00300,Female,39.39,5.2,148,39,90.6,52.73,32.79,5.17,53.04,33.17,10,6,3,5.71,37.15,10,0,0,1,Healthy,0
NB00301,Male,36.18,5.2,141,34,88.7,48.65,32.35,5.32,49.75,31.73,7,8,1,4.51,37.38,8,1,0,5,At Risk,0
NB00302,Female,36.77,5.2,147,41,96.5,50.0,32.92,5.28,52.55,32.74,10,7,1,3.12,36.6,8,0,0,0,Healthy,0
NB00303,Female,39.64,5.2,162,46,100.0,48.75,38.18,5.16,50.32,38.32,11,7,4,3.72,36.74,8,0,0,0,Healthy,0
NB00304,Female,39.34,5.2,152,43,93.7,49.83,34.25,5.2,48.61,34.43,9,5,2,4.65,36.64,8,0,0,0,Healthy,0
NB00305,Male,37.95,5.2,145,64,93.8,50.35,32.29,5.2,50.24,31.88,6,8,3,2.91,36.46,8,0,0,0,Healthy,0
NB00306,Male,38.26,5.2,148,35,100.0,52.26,34.64,5.36,52.82,35.1,6,10,2,0.39,36.67,9,0,0,0,Healthy,0
NB00307,Male,40.81,5.2,119,40,98.1,50.49,36.51,5.07,50.63,35.73,6,11,2,0.37,37.18,6,0,1,6,At Risk,0
NB00308,Female,36.7,5.2,186,50,90.8,44.36,32.78,5.14,45.88,32.35,5,7,3,3.24,37.13,8,0,0,1,Healthy,0
NB00309,Female,39.2,5.2,150,35,92.5,49.69,34.31,4.85,49.87,35.06,10,7,2,2.8,36.04,8,0,0,0,Healthy,0
NB00310,Female,37.56,5.2,151,61,100.0,51.22,34.91,5.01,51.35,34.53,12,8,3,4.89,37.57,6,0,1,6,At Risk,0
NB00311,Male,37.52,5.2,139,42,92.7,46.0,32.18,5.18,47.29,32.45,8,5,2,5.49,37.18,8,0,0,1,Healthy,0
NB00312,Male,40.42,5.2,99,48,93.1,49.42,34.98,5.14,48.21,36.06,7,6,3,4.23,36.9,10,1,1,5,At Risk,0
NB00313,Female,39.82,5.2,135,42,97.3,51.55,34.29,4.84,52.23,34.38,9,5,3,4.34,36.18,8,0,0,0,Healthy,0
NB00314,Female,39.79,5.2,141,52,94.1,50.98,36.69,5.34,50.55,37.6,10,8,1,5.88,36.27,7,0,0,0,Healthy,0
NB00315,Female,40.87,5.2,125,31,96.6,53.37,36.24,5.05,54.35,35.53,7,5,3,0.2,37.48,8,0,0,0,Healthy,0
NB00316,Male,38.05,5.2,125,58,96.0,47.18,32.23,4.91,47.02,31.98,9,7,2,0.69,37.25,10,0,0,0,Healthy,0
NB00317,Male,39.5,5.2,134,44,94.5,50.3,33.4,5.3,51.01,33.64,5,7,4,1.33,37.31,9,0,0,1,Healthy,0
NB00318,Male,37.32,5.2,154,49,99.2,51.38,36.13,5.4,51.03,35.61,8,7,1,1.0,36.74,10,0,0,0,Healthy,0
NB00319,Female,38.71,5.2,163,35,90.5,47.86,35.92,4.74,46.08,35.75,6,11,4,2.96,37.39,8,0,0,0,Healthy,0
NB00320,Female,37.71,5.2,143,45,95.4,52.3,34.86,5.37,52.86,35.05,9,9,2,3.63,36.18,9,0,0,0,Healthy,0
NB00321,Male,38.21,5.2,130,32,93.0,47.66,33.97,5.19,46.56,34.17,7,8,4,3.64,36.24,9,0,0,0,Healthy,0
NB00322,Female,39.31,5.2,133,54,100.0,52.48,36.98,5.18,54.17,36.89,8,9,6,4.05,37.25,9,0,0,0,Healthy,0
NB00323,Female,36.2,5.2,142,29,94.4,47.23,30.88,5.01,48.0,29.89,12,6,0,3.7,36.39,7,0,0,0,Healthy,0
NB00324,Female,42.0,5.2,144,44,100.0,50.91,37.73,5.2,51.84,37.44,8,5,1,2.98,36.78,8,0,0,0,Healthy,0
NB00325,Male,35.79,5.2,148,38,93.5,46.61,31.59,5.21,46.53,30.84,9,8,2,2.29,36.0,6,0,1,6,At Risk,0
NB00326,Female,35.33,5.2,132,26,95.4,48.29,31.56,5.5,48.47,31.61,8,5,3,0.79,35.52,9,0,0,2,Healthy,0
NB00327,Male,40.55,5.2,150,33,98.8,51.88,36.67,5.33,49.71,36.75,4,5,3,3.05,36.34,10,0,0,0,Healthy,0
NB00328,Female,39.74,5.2,148,46,91.7,53.4,34.8,5.23,54.0,34.83,7,7,2,4.15,36.63,10,0,0,0,Healthy,0
NB00329,Male,39.37,5.2,133,33,100.0,53.71,34.11,5.47,52.77,33.64,7,0,4,5.1,36.38,8,0,0,1,Healthy,0
NB00330,Male,39.38,5.2,109,35,95.1,48.48,34.02,5.41,48.99,33.12,9,5,4,1.81,37.08,7,0,0,0,Healthy,0
NB00331,Male,37.97,5.2,124,46,96.4,47.06,30.8,4.94,46.17,31.76,9,9,5,7.09,37.25,9,0,0,0,Healthy,0
NB00332,Male,36.03,5.2,168,51,96.9,45.21,33.56,5.36,46.03,33.67,9,7,4,4.7,37.07,8,0,0,0,Healthy,0
NB00333,Male,38.17,5.2,110,49,94.7,47.95,32.41,5.25,48.33,32.32,10,8,5,4.36,36.28,10,0,0,0,Healthy,0
NB00334,Male,36.51,5.2,164,42,92.2,50.47,35.54,5.09,49.35,35.6,6,9,2,3.57,37.04,7,0,0,0,Healthy,0
NB00335,Female,40.15,5.2,109,44,95.3,52.65,34.87,5.02,54.2,34.17,12,5,2,0.2,36.25,8,0,0,0,Healthy,0
NB00336,Male,37.68,5.2,126,43,88.0,48.22,35.54,5.2,48.22,36.41,5,2,1,3.85,37.64,7,1,0,5,At Risk,0
NB00337,Male,36.18,5.2,133,32,90.4,47.94,29.82,5.23,47.26,29.49,5,7,4,2.78,36.82,8,0,0,0,Healthy,0
NB00338,Male,37.29,5.2,172,45,94.5,51.77,34.4,5.46,53.01,34.43,9,6,3,5.36,36.41,9,0,0,0,Healthy,0
NB00339,Female,38.91,5.2,140,32,100.0,54.23,35.92,4.78,53.88,36.31,6,5,4,3.13,36.82,9,0,0,0,Healthy,0
NB00340,Female,36.76,5.2,136,48,100.0,49.0,34.89,4.98,49.03,35.42,8,6,2,5.24,36.88,8,0,0,0,Healthy,0
NB00341,Male,36.19,5.2,123,43,98.4,42.65,30.24,5.27,44.38,30.33,7,10,5,2.04,37.12,10,0,0,0,Healthy,0
NB00342,Male,38.54,5.2,149,20,89.6,50.68,33.12,5.2,51.27,32.6,9,5,3,2.62,35.95,8,1,0,8,High Risk,0
NB00343,Male,38.54,5.2,131,52,96.1,51.95,35.04,5.25,52.77,35.5,8,8,2,2.59,36.49,9,0,0,0,Healthy,0
NB00344,Male,36.88,5.2,136,37,92.0,49.05,33.24,5.14,49.13,33.85,7,9,3,4.04,37.02,6,0,1,6,At Risk,0
NB00345,Female,36.96,5.2,134,36,94.8,50.12,33.51,5.28,49.66,34.32,8,10,5,4.8,37.15,7,0,0,0,Healthy,0
NB00346,Female,38.51,5.2,153,52,98.3,50.77,33.62,4.91,50.64,34.04,12,4,3,2.99,38.27,7,0,0,1,Healthy,0
NB00347,Female,34.81,5.2,154,40,97.3,44.26,33.9,5.5,42.1,35.25,8,6,3,4.68,37.42,10,0,0,0,Healthy,0
NB00348,Female,34.9,5.2,124,48,99.5,45.04,35.55,5.31,45.91,35.73,5,13,4,3.66,36.49,7,0,0,0,Healthy,0
NB00349,Male,36.42,5.2,129,35,90.1,47.54,32.85,5.32,48.33,33.07,4,14,4,0.71,37.6,9,0,0,0,Healthy,0
NB00350,Female,37.53,5.2,127,50,91.4,51.31,34.15,5.02,50.02,34.99,7,12,3,4.73,37.06,9,0,0,0,Healthy,0
NB00351,Male,38.68,5.2,143,44,100.0,48.68,34.36,5.11,49.26,35.43,8,9,4,0.92,37.41,10,0,0,0,Healthy,0
NB00352,Female,41.25,5.2,156,46,100.0,53.43,38.0,5.33,50.64,38.93,11,8,4,0.2,37.01,8,0,0,1,Healthy,0
NB00353,Female,39.89,5.2,144,40,94.9,51.91,36.36,5.16,54.24,36.42,10,5,3,2.22,37.45,10,0,0,0,Healthy,0
NB00354,Male,37.65,5.2,101,58,94.9,52.46,31.95,5.28,52.08,32.51,6,3,6,1.27,37.29,7,0,0,0,Healthy,0
NB00355,Male,37.96,5.2,154,61,99.1,49.48,32.85,5.07,49.16,33.59,5,9,2,3.87,37.05,9,0,0,0,Healthy,0
NB00356,Female,35.79,5.2,116,20,96.9,44.11,30.74,4.96,45.05,30.88,8,6,4,4.14,36.6,10,0,0,2,Healthy,0
NB00357,Male,37.96,5.2,127,51,97.1,50.86,37.81,5.45,51.52,37.4,8,3,3,4.39,36.6,7,0,0,0,Healthy,0
NB00358,Male,37.36,5.2,144,31,91.8,53.3,34.31,5.05,51.97,33.81,7,8,2,2.93,36.37,8,0,0,0,Healthy,0
NB00359,Male,38.71,5.2,138,47,99.0,51.66,33.4,5.41,51.91,33.73,9,14,3,2.13,36.77,10,0,0,1,Healthy,0
NB00360,Male,36.18,5.2,156,24,94.3,46.39,31.51,5.06,47.01,32.14,6,8,1,2.16,37.3,8,0,0,2,Healthy,0
NB00361,Female,39.14,5.2,129,46,90.1,48.46,35.81,5.2,47.83,35.63,8,6,3,3.05,37.06,10,0,0,0,Healthy,0
NB00362,Female,41.37,5.2,123,34,92.3,50.73,37.52,5.15,51.72,37.16,9,9,3,3.63,36.45,9,0,0,0,Healthy,0
NB00363,Female,37.76,5.2,134,37,92.9,53.39,34.83,5.19,52.32,34.62,5,5,3,4.97,37.24,7,0,0,1,Healthy,0
NB00364,Male,38.88,5.2,158,38,100.0,49.74,33.78,5.38,50.54,33.97,9,6,3,0.53,36.27,8,0,0,0,Healthy,0
NB00365,Male,39.52,5.2,151,35,92.6,49.64,35.32,5.5,48.35,35.89,10,8,3,4.54,36.95,6,0,1,6,At Risk,0
NB00366,Female,37.12,5.2,142,35,96.3,48.49,33.35,5.19,48.26,33.67,10,3,2,3.64,37.43,9,0,0,0,Healthy,0
NB00367,Male,38.49,5.2,164,38,87.6,49.41,32.74,5.25,47.98,32.84,8,8,2,6.73,36.27,8,1,0,4,At Risk,0
NB00368,Female,38.03,5.2,161,40,98.3,52.76,32.43,5.18,53.76,33.36,6,7,2,3.58,36.88,10,0,0,0,Healthy,0
NB00369,Female,38.21,5.2,154,45,92.2,47.76,34.57,5.25,49.21,36.3,6,7,1,5.82,36.49,8,0,0,0,Healthy,0
NB00370,Female,36.3,5.2,119,61,96.4,50.43,32.9,5.09,52.34,33.01,8,6,0,3.29,37.53,8,0,0,0,Healthy,0
NB00371,Male,38.05,5.2,154,33,96.4,49.89,34.67,5.02,49.68,35.73,8,11,5,3.76,37.81,8,0,0,0,Healthy,0
NB00372,Female,39.1,5.2,136,43,97.2,53.0,35.75,5.29,52.43,35.44,6,4,5,3.57,37.05,7,0,0,0,Healthy,0
NB00373,Female,41.19,5.2,133,50,96.2,55.64,38.28,5.27,56.85,39.07,9,6,0,3.27,37.2,10,0,0,0,Healthy,0
NB00374,Male,40.11,5.2,128,35,100.0,51.67,34.11,5.46,51.93,33.72,7,8,3,3.58,37.41,10,0,0,0,Healthy,0
NB00375,Male,42.0,5.2,137,19,95.7,52.57,37.55,5.24,52.13,37.43,7,11,1,4.93,37.14,7,0,0,2,Healthy,0
NB00376,Female,36.31,5.2,129,23,100.0,48.21,33.74,5.22,47.76,33.82,9,4,2,5.3,36.43,8,0,0,3,At Risk,0
NB00377,Female,39.92,5.2,143,20,97.2,51.14,34.68,5.33,51.37,33.62,3,8,3,3.89,36.6,8,0,0,3,At Risk,0
NB00378,Female,38.4,5.2,137,57,96.0,46.65,34.27,5.43,48.07,33.27,8,6,2,4.66,36.6,8,0,0,0,Healthy,0
NB00379,Male,42.0,5.2,144,48,98.1,56.3,36.17,5.2,55.45,35.76,8,13,4,2.39,36.02,9,0,0,0,Healthy,0
NB00380,Female,36.22,5.2,150,50,95.7,48.49,35.72,4.71,50.01,36.61,6,9,7,5.08,37.24,9,0,0,0,Healthy,0
NB00381,Female,36.15,5.2,135,52,96.6,45.61,32.66,5.02,45.63,32.62,12,6,1,3.29,36.24,6,0,1,6,At Risk,0
NB00382,Male,36.68,5.2,127,36,96.2,44.28,33.55,5.44,45.69,34.2,6,4,4,5.05,37.17,10,0,0,0,Healthy,0
NB00383,Female,33.33,5.2,104,65,95.9,40.74,30.13,5.5,40.73,29.25,10,7,4,4.71,36.47,9,0,0,1,Healthy,0
NB00384,Male,36.84,5.2,154,45,100.0,50.1,32.27,5.5,51.14,32.59,9,7,3,1.69,36.7,7,0,0,0,Healthy,0
NB00385,Female,36.33,5.2,141,41,100.0,46.86,30.68,5.14,46.23,31.04,9,1,2,2.89,37.05,7,0,0,2,Healthy,0
NB00386,Female,38.33,5.2,137,53,96.1,48.99,35.68,5.16,49.61,35.21,6,7,0,3.59,37.49,8,0,0,0,Healthy,0
NB00387,Male,38.75,5.2,161,49,99.4,51.25,35.48,5.38,52.1,36.7,9,11,4,0.61,37.19,9,0,0,0,Healthy,0
NB00388,Male,42.0,5.2,117,55,99.2,52.17,36.15,5.35,50.51,35.49,7,8,3,0.68,36.75,10,0,0,1,Healthy,0
NB00389,Male,40.09,5.2,141,56,98.8,52.57,33.91,4.73,54.41,33.87,4,7,3,3.78,36.78,10,0,0,0,Healthy,0
NB00390,Female,36.73,5.2,123,38,96.9,48.65,33.18,5.24,47.4,34.75,8,7,4,2.02,36.27,9,0,0,0,Healthy,0
NB00391,Male,36.02,5.2,152,44,97.3,47.65,31.67,5.22,48.94,31.2,8,6,4,1.84,37.09,9,0,0,0,Healthy,0
NB00392,Female,39.08,5.2,100,33,97.0,47.43,34.22,5.0,47.13,33.95,10,5,3,5.03,36.76,7,1,1,5,At Risk,0
NB00393,Female,35.1,5.2,154,26,92.5,45.35,29.87,5.11,46.32,30.06,7,8,4,6.58,36.38,8,0,0,0,Healthy,0
NB00394,Male,42.0,5.2,154,50,94.8,54.41,36.93,5.28,55.03,36.23,12,6,3,3.5,37.15,9,0,0,1,Healthy,0
NB00395,Female,40.59,5.2,123,52,90.8,50.57,35.97,5.19,50.43,36.38,8,7,3,4.96,37.44,8,0,0,0,Healthy,0
NB00396,Female,36.97,5.2,141,22,97.0,51.08,34.72,5.42,50.4,33.75,10,9,5,5.45,36.72,7,0,0,2,Healthy,0
NB00397,Male,34.23,5.2,124,35,96.5,50.9,30.94,5.5,50.86,31.04,9,3,3,0.44,36.55,9,0,0,0,Healthy,0
NB00398,Male,40.98,5.2,148,43,97.4,53.59,35.38,5.42,53.31,36.35,9,3,1,3.84,36.54,8,0,0,0,Healthy,0
NB00399,Male,37.75,5.2,155,44,92.3,52.36,31.29,5.32,52.93,31.77,10,5,4,5.5,36.98,9,0,0,0,Healthy,0
NB00400,Male,40.72,5.2,122,62,98.4,53.49,37.36,5.2,53.78,37.43,8,6,4,5.04,36.26,10,0,0,0,Healthy,0
NB00401,Female,34.49,5.2,117,36,96.6,45.37,32.68,5.39,44.78,32.59,9,5,3,3.88,36.83,8,0,0,0,Healthy,0
NB00402,Male,36.68,5.2,160,40,100.0,48.81,32.92,5.11,47.79,32.97,8,5,5,2.39,36.62,6,0,1,7,At Risk,0
NB00403,Male,38.01,5.2,175,48,97.8,53.64,31.81,5.12,53.42,31.74,8,5,2,5.08,37.03,9,0,0,0,Healthy,0
NB00404,Female,38.1,5.2,149,38,92.9,48.65,32.05,4.98,48.76,32.39,7,5,3,3.37,37.06,10,0,0,0,Healthy,0
NB00405,Female,37.01,5.2,150,37,90.3,46.63,32.29,4.92,46.08,32.77,8,9,5,3.45,36.29,8,0,0,0,Healthy,0
NB00406,Male,39.37,5.2,134,36,95.8,48.56,36.21,5.49,49.14,36.39,11,6,3,0.2,37.1,9,0,0,0,Healthy,0
NB00407,Female,35.65,5.2,143,44,91.4,47.05,32.59,5.28,47.03,33.11,9,9,2,4.59,37.01,7,0,0,0,Healthy,0
NB00408,Female,37.69,5.2,146,40,92.4,47.31,31.34,5.34,48.49,31.75,9,10,3,1.96,36.71,6,0,1,6,At Risk,0
NB00409,Male,38.26,5.2,137,49,91.6,53.19,34.59,5.2,53.76,33.94,7,8,4,3.21,36.61,10,0,0,0,Healthy,0
NB00410,Female,39.13,5.2,164,46,93.0,51.05,33.33,5.5,51.85,32.03,7,3,1,3.03,36.61,7,0,0,1,Healthy,0
NB00411,Female,39.57,5.2,143,15,100.0,52.95,34.11,5.5,52.58,34.32,6,5,5,4.6,36.72,8,0,0,2,Healthy,0
NB00412,Male,35.53,5.2,146,24,91.6,46.78,33.53,5.23,48.26,33.36,11,9,5,1.3,36.38,9,0,0,2,Healthy,0
NB00413,Male,34.62,5.2,137,37,93.5,44.28,32.59,5.22,44.74,32.81,10,11,5,2.53,36.49,9,0,0,0,Healthy,0
NB00414,Female,40.81,5.2,139,52,90.0,49.51,37.41,5.19,51.03,38.51,5,2,0,2.75,36.89,8,1,0,5,At Risk,0
NB00415,Male,38.73,5.2,162,35,89.0,48.44,34.28,5.01,49.52,34.22,10,9,5,1.11,36.54,10,1,0,4,At Risk,0
NB00416,Male,36.35,5.2,143,46,94.0,48.81,33.97,5.15,48.81,34.26,10,5,3,5.55,37.2,6,0,1,6,At Risk,0
NB00417,Male,41.41,5.2,143,48,95.7,53.71,35.31,5.17,53.31,34.9,8,3,3,3.28,36.74,9,0,0,0,Healthy,0
NB00418,Male,38.25,5.2,143,47,91.0,51.04,33.59,4.79,51.34,33.99,11,9,3,0.58,36.59,9,0,0,1,Healthy,0
NB00419,Male,40.59,5.2,133,37,89.7,48.96,35.13,4.77,48.87,34.76,6,4,3,0.2,36.95,9,1,0,4,At Risk,0
NB00420,Female,38.15,5.2,115,31,88.5,49.73,33.94,5.22,49.23,34.64,8,4,4,3.91,36.62,7,1,0,4,At Risk,0
NB00421,Female,42.0,5.2,168,29,95.5,51.15,34.67,5.4,50.29,34.84,11,13,3,2.85,36.45,9,0,0,0,Healthy,0
NB00422,Male,41.86,5.2,159,72,98.3,53.88,36.17,5.08,56.0,36.18,9,3,3,4.11,36.65,9,0,0,1,Healthy,0
NB00423,Male,37.45,5.2,162,47,90.0,50.07,35.59,5.5,48.91,34.71,12,4,0,3.86,35.88,10,0,0,2,Healthy,0
NB00424,Female,40.14,5.2,121,60,92.7,49.18,33.66,5.17,47.45,32.93,7,7,2,2.04,35.91,10,0,0,2,Healthy,0
NB00425,Male,39.42,5.2,166,34,98.8,52.81,32.8,5.06,53.4,33.25,6,5,3,0.83,36.39,7,0,0,0,Healthy,0
NB00426,Male,41.01,5.2,175,54,94.3,56.99,34.03,4.95,56.47,34.83,7,8,0,5.1,36.26,8,0,0,0,Healthy,0
NB00427,Female,35.88,5.2,159,37,94.6,49.36,36.31,5.25,49.26,36.55,7,8,4,3.25,37.09,6,0,1,6,At Risk,0
NB00428,Female,39.51,5.2,170,42,96.3,50.63,35.55,4.83,49.46,35.52,12,4,2,0.43,37.37,6,0,1,6,At Risk,0
NB00429,Female,40.33,5.2,154,39,93.4,51.06,35.02,5.08,51.67,35.15,7,12,2,6.31,36.95,9,0,0,0,Healthy,0
NB00430,Female,34.13,5.2,125,33,92.3,45.7,31.19,5.24,46.18,31.21,7,3,3,3.38,35.95,9,0,0,2,Healthy,0
NB00431,Male,35.4,5.2,149,33,96.1,45.74,32.32,4.95,46.89,32.0,6,6,1,0.75,36.17,10,0,0,0,Healthy,0
NB00432,Male,33.51,5.2,122,42,90.2,46.07,29.7,5.13,46.82,28.99,7,7,1,1.62,36.96,10,0,0,1,Healthy,0
NB00433,Female,37.41,5.2,129,36,89.4,46.79,32.61,5.23,46.7,31.9,8,7,4,4.08,36.72,6,1,1,11,High Risk,1
NB00434,Male,39.58,5.2,146,43,92.6,47.24,34.67,4.99,45.83,34.36,4,9,4,0.88,35.96,8,0,0,2,Healthy,0
NB00435,Female,41.31,5.2,143,34,97.5,53.01,35.03,5.36,52.42,35.18,8,9,2,1.64,36.41,9,0,0,1,Healthy,0
NB00436,Female,38.16,5.2,148,49,99.1,49.79,33.32,5.42,49.14,32.62,6,7,4,2.21,36.32,10,0,0,0,Healthy,0
NB00437,Male,41.58,5.2,108,37,93.3,51.68,36.84,5.03,50.78,36.89,8,10,4,3.19,37.46,7,0,0,0,Healthy,0
NB00438,Male,34.96,5.2,137,58,97.9,44.3,30.18,5.19,45.8,29.83,10,3,0,4.0,37.12,7,0,0,0,Healthy,0
NB00439,Male,34.25,5.2,150,41,99.8,46.81,35.09,5.21,48.4,34.19,7,7,4,3.2,36.67,8,0,0,0,Healthy,0
NB00440,Male,37.88,5.2,153,41,95.1,47.51,34.84,5.3,47.2,34.56,8,9,3,0.27,36.9,7,0,0,0,Healthy,0
NB00441,Female,38.84,5.2,155,58,97.2,50.08,32.49,5.17,51.09,32.73,7,7,5,4.99,36.87,9,0,0,0,Healthy,0
NB00442,Male,37.93,5.2,145,37,100.0,53.07,30.03,5.09,53.52,29.75,10,6,5,3.45,36.84,9,0,0,0,Healthy,0
NB00443,Male,33.45,5.2,133,38,92.5,46.81,29.58,5.02,46.43,30.57,7,7,3,0.81,37.62,8,0,0,0,Healthy,0
NB00444,Female,37.8,5.2,149,35,94.2,46.69,34.69,5.4,46.98,35.16,10,8,4,4.97,37.43,6,0,1,6,At Risk,0
NB00445,Male,35.13,5.2,135,44,100.0,44.47,32.53,5.11,42.7,33.26,8,8,4,3.43,37.49,8,0,0,0,Healthy,0
NB00446,Female,39.47,5.2,156,35,91.7,51.23,34.67,5.07,49.86,36.63,11,9,5,4.56,36.95,10,0,0,0,Healthy,0
NB00447,Male,38.81,5.2,148,50,95.5,47.58,33.46,5.44,48.2,33.22,9,9,4,2.79,36.65,8,0,0,0,Healthy,0
NB00448,Male,35.93,5.2,139,42,92.8,43.74,31.0,5.26,44.88,30.24,8,6,2,1.22,36.24,8,0,0,1,Healthy,0
NB00449,Female,36.87,5.2,126,50,99.8,49.65,32.4,5.03,50.75,32.03,10,8,2,1.84,36.35,7,0,0,0,Healthy,0
NB00450,Male,35.67,5.2,160,49,90.9,48.14,30.65,5.19,47.29,30.79,11,6,2,3.48,37.26,8,0,0,0,Healthy,0
NB00451,Female,37.86,5.2,150,37,94.8,50.38,33.11,5.04,51.46,33.44,11,3,3,2.39,36.23,7,0,0,0,Healthy,0
NB00452,Male,40.1,5.2,178,35,91.3,52.02,37.27,4.99,52.88,37.48,13,10,7,2.13,36.72,10,0,0,0,Healthy,0
NB00453,Male,35.83,5.2,149,39,89.9,47.52,31.13,5.12,48.18,30.96,8,11,4,0.2,36.18,8,1,0,4,At Risk,0
NB00454,Female,39.11,5.2,151,42,88.4,49.27,35.49,5.19,49.33,35.84,9,8,6,1.06,36.76,8,1,0,4,At Risk,0
NB00455,Male,36.83,5.2,114,45,94.4,49.58,34.13,5.11,49.26,34.91,7,6,5,1.97,36.32,8,0,0,0,Healthy,0
NB00456,Male,36.26,5.2,146,46,96.7,51.09,30.96,5.34,52.02,30.61,6,6,2,4.13,37.1,7,0,0,0,Healthy,0
NB00457,Male,37.76,5.2,134,42,95.1,48.39,32.37,5.36,49.38,31.91,9,11,3,3.93,36.69,9,0,0,0,Healthy,0
NB00458,Male,35.72,5.2,155,35,95.8,45.51,33.81,5.09,45.5,35.09,3,5,3,3.84,36.44,9,0,0,1,Healthy,0
NB00459,Male,36.78,5.2,146,36,93.5,46.23,31.56,5.19,46.86,30.98,9,5,3,4.54,36.37,10,0,0,0,Healthy,0
NB00460,Female,35.36,5.2,158,47,98.4,45.49,31.87,5.14,46.16,32.48,11,1,4,4.09,36.86,9,0,0,1,Healthy,0
NB00461,Female,42.0,5.2,178,35,97.5,53.61,39.66,5.03,53.7,39.64,10,9,8,1.17,36.82,10,0,0,0,Healthy,0
NB00462,Male,38.08,5.2,126,48,95.4,45.39,35.32,5.26,44.9,36.32,10,11,4,2.79,36.55,7,0,0,0,Healthy,0
NB00463,Male,36.46,5.2,157,48,95.7,49.09,32.85,4.85,49.36,32.78,4,8,3,3.23,36.66,8,0,0,0,Healthy,0
NB00464,Male,38.47,5.2,152,57,93.4,51.31,35.39,5.04,52.38,35.73,11,6,3,4.56,36.58,9,0,0,0,Healthy,0
NB00465,Male,37.75,5.2,176,37,100.0,45.78,33.54,5.0,45.11,32.86,7,2,3,1.39,35.82,10,0,0,3,At Risk,0
NB00466,Male,37.51,5.2,153,39,97.8,47.2,34.99,5.05,48.56,34.68,9,8,3,2.28,36.78,8,0,0,0,Healthy,0
NB00467,Male,39.35,5.2,151,19,94.6,50.98,31.68,5.01,50.44,31.92,7,8,2,3.95,36.1,7,0,0,2,Healthy,0
NB00468,Female,39.67,5.2,155,33,94.4,50.81,34.76,4.91,52.83,34.46,8,5,5,2.93,36.4,10,0,0,0,Healthy,0
NB00469,Male,36.83,5.2,157,32,93.6,49.59,29.85,5.17,50.59,29.18,10,7,2,6.03,36.94,10,0,0,0,Healthy,0
NB00470,Female,36.73,5.2,166,47,94.0,48.18,33.16,5.16,47.94,34.53,10,9,0,1.52,36.69,6,0,1,6,At Risk,0
NB00471,Female,37.39,5.2,125,60,95.9,51.58,33.02,5.23,50.43,33.11,8,9,2,4.79,37.49,10,0,0,0,Healthy,0
NB00472,Male,32.94,5.2,133,48,89.0,44.4,32.3,5.28,44.05,33.08,8,9,4,3.01,36.44,9,1,0,4,At Risk,0
NB00473,Female,34.67,5.2,171,52,94.1,44.63,32.53,5.31,44.53,33.78,6,10,2,2.45,36.61,8,0,0,0,Healthy,0
NB00474,Male,41.01,5.2,105,35,94.5,50.18,35.12,5.07,50.05,34.9,10,8,4,4.54,36.87,8,0,0,0,Healthy,0
NB00475,Female,41.62,5.2,138,30,95.0,54.33,35.72,5.24,53.86,35.77,4,9,1,7.08,36.78,7,0,0,0,Healthy,0
NB00476,Female,37.45,5.2,143,40,95.6,49.17,33.99,5.18,49.4,34.13,5,6,1,0.2,37.27,8,0,0,0,Healthy,0
NB00477,Male,39.27,5.2,137,36,95.1,52.01,33.83,5.21,52.12,34.21,3,5,2,2.16,37.09,10,0,0,1,Healthy,0
NB00478,Female,38.68,5.2,168,33,96.4,51.44,34.23,5.14,50.85,35.0,7,8,4,0.68,37.42,10,0,0,0,Healthy,0
NB00479,Male,42.0,5.2,149,44,94.5,49.16,38.58,5.07,50.42,39.26,8,8,2,3.45,36.07,10,0,0,0,Healthy,0
NB00480,Male,40.46,5.2,133,30,98.5,49.54,34.28,5.18,50.86,34.81,9,6,2,2.42,37.15,8,0,0,0,Healthy,0
NB00481,Male,37.72,5.2,129,50,97.3,47.31,32.93,5.13,47.52,32.84,10,9,3,4.29,36.36,9,0,0,0,Healthy,0
NB00482,Female,35.9,5.2,145,38,100.0,46.08,31.87,5.29,47.22,31.96,7,6,1,0.43,37.0,9,0,0,0,Healthy,0
NB00483,Female,34.47,5.2,161,42,97.5,45.58,36.06,5.42,46.42,35.41,9,2,5,1.2,36.69,9,0,0,1,Healthy,0
NB00484,Female,38.45,5.2,142,43,92.4,52.0,35.03,5.04,51.6,35.55,5,7,6,2.33,36.49,10,0,0,0,Healthy,0
NB00485,Male,36.34,5.2,138,37,94.5,50.5,34.33,5.12,51.13,35.82,9,4,4,1.38,37.33,10,0,0,0,Healthy,0
NB00486,Female,34.87,5.2,127,55,93.2,46.2,32.76,5.5,45.52,33.02,7,0,5,0.2,36.05,9,0,0,1,Healthy,0
NB00487,Female,36.58,5.2,147,26,95.0,47.82,34.06,4.87,47.08,35.0,7,6,3,2.83,37.62,8,0,0,0,Healthy,0
NB00488,Male,35.62,5.2,146,55,98.8,46.05,32.84,4.91,46.86,33.45,8,9,3,3.96,37.08,9,0,0,0,Healthy,0
NB00489,Female,41.71,5.2,127,39,93.9,53.12,36.95,5.44,53.83,36.72,7,6,4,2.84,36.88,8,0,0,0,Healthy,0
NB00490,Female,39.94,5.2,158,51,93.0,51.75,32.98,5.5,52.4,32.55,8,7,3,5.89,36.73,9,0,0,0,Healthy,0
NB00491,Female,37.98,5.2,171,44,96.8,51.2,34.32,5.5,51.54,33.74,11,6,4,3.07,36.63,8,0,0,0,Healthy,0
NB00492,Female,41.26,5.2,141,51,92.1,54.13,35.92,5.29,52.61,36.09,10,6,2,4.08,37.01,10,0,0,0,Healthy,0
NB00493,Female,38.17,5.2,145,41,91.9,45.15,34.74,5.14,43.85,35.17,8,3,4,3.32,36.17,9,0,0,0,Healthy,0
NB00494,Male,36.11,5.2,120,44,96.3,47.59,32.37,5.18,48.16,32.83,7,1,6,3.78,35.42,10,0,0,3,At Risk,0
NB00495,Female,41.35,5.2,153,53,88.7,55.38,37.29,5.31,56.32,36.71,7,7,3,3.85,36.84,8,1,0,4,At Risk,0
NB00496,Female,39.19,5.2,148,43,93.3,49.79,36.04,5.42,49.28,36.88,6,6,2,4.82,36.46,9,0,0,0,Healthy,0
NB00497,Female,35.72,5.2,134,55,98.0,49.82,27.83,5.34,51.72,27.6,10,4,5,2.38,36.39,9,0,0,1,Healthy,0
NB00498,Male,37.58,5.2,127,46,88.6,48.61,32.86,4.83,48.17,33.03,8,6,4,2.93,36.09,8,1,0,4,At Risk,0
NB00499,Male,36.07,5.2,173,35,88.8,48.22,29.67,4.99,49.6,29.38,4,4,3,3.06,37.34,7,1,0,4,At Risk,0
NB00500,Female,34.96,5.2,147,38,90.0,44.59,32.03,5.29,43.13,31.42,5,7,2,2.96,37.62,10,1,0,4,At Risk,0
NB00501,Female,40.04,5.2,123,51,85.4,49.24,34.78,4.95,48.6,34.12,6,0,4,1.8,36.78,10,1,0,5,At Risk,0
NB00502,Male,42.0,5.2,155,30,100.0,54.65,38.63,4.85,55.2,39.16,2,10,3,0.2,36.73,9,0,0,1,Healthy,0
NB00503,Male,34.92,5.2,144,50,95.4,48.59,31.96,5.4,48.48,32.05,7,9,3,0.96,36.99,8,0,0,0,Healthy,0
NB00504,Female,39.24,5.2,141,38,92.7,50.77,33.94,5.28,51.79,33.38,3,5,4,4.36,36.96,10,0,0,1,Healthy,0
NB00505,Female,36.57,5.2,158,29,90.5,45.86,34.21,5.5,46.32,33.93,9,8,2,3.86,36.57,10,0,0,0,Healthy,0
NB00506,Female,36.93,5.2,93,44,100.0,48.72,32.57,5.42,50.37,33.53,8,5,2,3.47,37.35,8,1,1,6,At Risk,0
NB00507,Female,36.7,5.2,107,35,97.3,50.94,32.14,5.11,50.64,32.77,10,13,1,3.89,37.31,8,0,0,0,Healthy,0
NB00508,Female,36.1,5.2,165,36,94.6,51.38,33.06,5.28,50.48,33.53,9,3,2,3.68,37.13,8,0,0,0,Healthy,0
NB00509,Female,38.11,5.2,138,36,99.3,49.06,36.29,5.07,49.04,37.66,13,10,3,6.56,37.6,8,0,0,0,Healthy,0
NB00510,Female,36.17,5.2,132,43,96.4,44.63,33.8,4.91,44.43,34.8,7,9,4,3.23,37.15,7,0,0,0,Healthy,0
NB00511,Female,38.6,5.2,116,38,93.2,51.82,35.07,5.47,51.35,35.19,7,4,4,5.2,36.5,8,0,0,0,Healthy,0
NB00512,Female,37.89,5.2,143,46,92.9,48.95,37.85,5.19,48.28,37.62,10,10,0,4.53,36.84,6,0,1,6,At Risk,0
NB00513,Male,37.47,5.2,146,52,92.9,51.01,32.33,5.5,49.78,33.98,9,6,3,2.44,37.22,8,0,0,1,Healthy,0
NB00514,Female,36.0,5.2,166,47,91.4,48.37,31.27,5.25,49.86,32.09,8,5,4,1.63,36.33,9,0,0,0,Healthy,0
NB00515,Male,36.73,5.2,147,60,98.9,46.69,33.13,5.29,45.41,32.9,10,8,3,2.66,36.68,7,0,0,0,Healthy,0
NB00516,Male,39.66,5.2,135,63,93.2,51.21,37.24,5.35,51.33,36.54,10,6,3,3.02,36.09,9,0,0,0,Healthy,0
NB00517,Male,39.1,5.2,147,39,99.7,53.21,33.16,5.19,53.54,31.91,4,7,3,2.47,37.71,7,0,0,0,Healthy,0
NB00518,Male,35.85,5.2,160,30,92.1,47.37,34.93,5.18,47.92,34.26,8,5,3,3.02,36.98,7,0,0,0,Healthy,0
NB00519,Female,38.22,5.2,156,39,92.9,47.73,31.79,5.28,47.88,31.61,9,7,3,1.77,37.07,9,0,0,0,Healthy,0
NB00520,Male,39.65,5.2,151,43,93.4,47.91,34.78,5.48,46.67,35.68,3,10,1,2.6,36.12,8,0,0,1,Healthy,0
NB00521,Female,34.33,5.2,145,64,91.9,44.75,31.49,5.33,44.16,32.18,6,4,2,3.28,37.3,10,0,0,0,Healthy,0
NB00522,Male,39.2,5.2,130,38,92.9,49.86,33.31,5.23,50.0,33.57,9,8,3,2.97,36.94,8,0,0,1,Healthy,0
NB00523,Male,36.54,5.2,121,45,96.9,49.93,31.85,5.15,50.12,32.32,10,5,2,3.6,35.99,9,0,0,3,At Risk,0
NB00524,Male,39.26,5.2,119,35,99.2,48.49,35.87,5.21,47.49,35.5,7,5,2,2.41,37.01,9,0,0,0,Healthy,0
NB00525,Female,36.32,5.2,147,39,96.0,51.2,34.79,5.06,52.02,34.1,6,13,4,2.27,36.36,9,0,0,0,Healthy,0
NB00526,Female,34.03,5.2,149,30,90.8,43.35,27.85,5.03,42.65,27.81,8,11,2,3.4,36.83,9,0,0,0,Healthy,0
NB00527,Female,34.42,5.2,160,27,92.9,51.04,31.56,5.18,52.91,32.26,8,5,6,4.57,37.14,8,0,0,0,Healthy,0
NB00528,Female,38.11,5.2,150,56,93.0,53.15,33.7,5.23,51.42,33.83,7,6,2,3.11,36.89,5,0,1,6,At Risk,0
NB00529,Female,38.57,5.2,159,53,100.0,50.4,34.36,5.38,51.13,34.89,5,5,3,3.59,35.97,8,0,0,2,Healthy,0
NB00530,Female,36.01,5.2,138,38,98.4,44.51,31.93,5.0,44.85,32.05,7,9,2,3.62,36.92,7,0,0,0,Healthy,0
NB00531,Female,39.4,5.2,154,53,99.2,50.75,32.85,5.23,50.78,32.17,5,4,1,3.05,37.18,9,0,0,0,Healthy,0
NB00532,Male,34.34,5.2,122,29,92.5,45.54,33.55,5.32,46.35,33.83,7,8,4,4.32,36.71,10,0,0,0,Healthy,0
NB00533,Male,37.85,5.2,139,40,90.5,46.92,35.44,5.03,46.39,35.31,8,13,1,3.29,37.03,6,0,1,6,At Risk,0
NB00534,Female,35.34,5.2,107,44,97.0,47.78,31.78,5.14,47.66,32.53,7,7,3,5.42,37.04,10,0,0,0,Healthy,0
NB00535,Female,36.57,5.2,141,55,93.4,46.66,32.06,5.38,45.77,31.22,12,10,4,2.15,35.89,9,0,0,2,Healthy,0
NB00536,Female,38.1,5.2,162,44,96.0,48.26,32.96,5.22,49.8,33.98,8,9,1,3.48,37.36,8,0,0,0,Healthy,0
NB00537,Male,36.11,5.2,141,47,96.4,47.49,28.6,4.83,47.15,27.96,10,6,1,2.8,36.55,9,0,0,0,Healthy,0
NB00538,Female,37.15,5.2,153,37,93.6,47.69,33.74,5.38,47.31,33.67,8,4,5,2.56,36.47,8,0,0,0,Healthy,0
NB00539,Female,40.21,5.2,145,45,98.5,55.75,36.52,5.25,57.26,35.73,6,10,1,2.09,36.49,8,0,0,0,Healthy,0
NB00540,Male,36.73,5.2,130,55,89.9,47.39,33.12,4.91,45.88,33.83,7,10,4,4.37,37.35,6,1,1,10,High Risk,1
NB00541,Female,39.84,5.2,137,26,95.4,52.14,34.96,5.05,53.99,34.39,8,12,1,3.72,37.46,8,0,0,0,Healthy,0
NB00542,Female,35.51,5.2,161,53,97.4,47.65,32.26,5.2,47.75,32.03,7,7,3,5.91,37.01,9,0,0,0,Healthy,0
NB00543,Male,39.17,5.2,153,40,100.0,51.35,33.34,5.29,52.57,34.06,8,4,4,3.18,36.58,8,0,0,0,Healthy,0
NB00544,Male,41.17,5.2,129,28,95.5,53.31,35.27,5.44,54.03,35.07,7,7,2,4.52,38.11,9,0,0,1,Healthy,0
NB00545,Male,32.56,5.2,115,39,99.4,46.47,29.74,5.05,44.72,29.8,8,5,1,2.24,36.79,7,0,0,1,Healthy,0
NB00546,Female,36.25,5.2,144,55,99.2,48.56,33.62,5.14,49.42,34.07,10,9,2,3.0,36.51,7,0,0,0,Healthy,0
NB00547,Female,39.27,5.2,130,37,100.0,51.19,36.76,5.41,50.32,37.07,10,9,2,1.33,37.26,7,0,0,0,Healthy,0
NB00548,Male,37.55,5.2,137,45,96.1,49.31,33.14,5.44,49.27,33.37,9,9,2,3.64,36.75,6,0,1,6,At Risk,0
NB00549,Male,38.82,5.2,114,26,100.0,50.06,32.8,5.17,51.95,32.55,8,5,0,4.61,37.74,8,0,0,0,Healthy,0
NB00550,Male,36.67,5.2,159,24,97.8,46.58,32.92,5.12,46.22,32.79,6,7,1,5.69,36.42,9,0,0,2,Healthy,0
NB00551,Male,38.19,5.2,138,31,89.6,49.65,36.95,5.33,50.97,37.31,10,3,2,2.98,36.72,9,1,0,4,At Risk,0
NB00552,Female,37.66,5.2,141,52,95.1,49.77,32.12,4.82,49.01,32.05,4,5,3,3.41,37.49,8,0,0,0,Healthy,0
NB00553,Male,40.57,5.2,125,41,91.8,52.72,36.93,5.23,54.39,37.18,7,5,2,4.9,37.02,8,0,0,0,Healthy,0
NB00554,Male,38.56,5.2,135,53,100.0,50.46,36.2,5.22,50.55,35.14,6,4,4,5.69,36.67,7,0,0,0,Healthy,0
NB00555,Female,38.74,5.2,142,54,95.6,49.8,33.78,5.14,50.44,33.86,9,6,2,2.49,36.38,10,0,0,0,Healthy,0
NB00556,Female,37.09,5.2,129,34,90.4,48.67,32.11,5.32,48.77,32.53,11,7,4,4.99,36.29,8,0,0,0,Healthy,0
NB00557,Female,36.93,5.2,136,58,98.1,47.53,33.91,5.45,47.75,34.41,7,4,5,3.92,36.22,9,0,0,0,Healthy,0
NB00558,Female,37.05,5.2,165,37,99.6,49.37,33.66,5.03,48.21,33.64,11,4,3,3.73,37.24,8,0,0,0,Healthy,0
NB00559,Female,38.87,5.2,108,52,93.6,49.94,35.45,5.08,49.63,35.74,7,8,4,5.94,37.15,7,0,0,0,Healthy,0
NB00560,Male,37.07,5.2,143,52,93.4,49.13,36.26,5.36,48.6,36.0,7,7,2,0.2,37.03,7,0,0,0,Healthy,0
NB00561,Male,38.64,5.2,126,43,95.7,52.18,34.5,4.94,51.07,35.45,7,8,4,2.01,36.3,10,0,0,0,Healthy,0
NB00562,Female,42.0,5.2,164,43,88.7,51.78,34.81,5.12,52.06,34.71,10,9,1,2.48,36.67,10,1,0,4,At Risk,0
NB00563,Male,39.92,5.2,137,45,97.5,52.52,35.24,5.5,54.12,36.11,10,9,3,4.16,36.95,9,0,0,0,Healthy,0
NB00564,Male,37.28,5.2,121,43,100.0,49.02,33.66,5.27,48.33,33.69,7,9,4,1.55,37.37,8,0,0,0,Healthy,0
NB00565,Male,40.64,5.2,136,38,92.7,56.02,37.55,5.17,57.89,36.95,9,8,3,4.23,36.96,9,0,0,0,Healthy,0
NB00566,Female,37.1,5.2,146,37,100.0,48.36,32.88,4.89,48.42,32.84,7,0,3,2.12,36.86,8,0,0,1,Healthy,0
NB00567,Female,33.52,5.2,190,38,98.5,46.95,30.05,4.75,46.7,29.55,10,5,1,4.21,36.38,7,0,0,1,Healthy,0
NB00568,Male,35.78,5.2,102,54,94.7,47.63,30.19,5.44,47.57,30.13,7,3,4,3.05,37.21,9,0,0,0,Healthy,0
NB00569,Female,33.88,5.2,118,26,97.2,43.12,31.74,5.0,45.57,31.22,10,7,1,6.31,36.67,10,0,0,0,Healthy,0
NB00570,Female,37.23,5.2,163,37,100.0,47.86,38.28,5.24,48.44,38.24,10,6,1,1.38,36.17,7,0,0,0,Healthy,0
NB00571,Female,38.04,5.2,113,39,95.5,51.4,33.49,5.48,51.97,34.18,9,9,4,4.36,36.4,9,0,0,1,Healthy,0
NB00572,Female,41.69,5.2,140,40,96.4,52.05,37.06,5.13,52.87,38.02,4,3,5,3.76,37.11,9,0,0,0,Healthy,0
NB00573,Female,38.72,5.2,131,45,93.1,45.81,33.48,5.14,44.69,33.21,10,4,3,2.74,37.12,10,0,0,0,Healthy,0
NB00574,Male,37.52,5.2,128,29,94.6,49.1,31.54,5.37,50.41,32.08,10,6,3,3.93,35.59,6,0,1,8,High Risk,0
NB00575,Female,39.82,5.2,137,52,97.5,49.06,35.73,5.5,48.43,36.74,8,8,1,2.24,36.76,7,0,0,1,Healthy,0
NB00576,Female,33.14,5.2,134,51,94.4,45.49,30.44,5.4,44.74,29.84,10,6,1,3.41,36.22,8,0,0,0,Healthy,0
NB00577,Male,38.52,5.2,159,49,93.2,53.17,30.58,5.5,52.9,29.66,8,9,2,2.22,36.98,10,0,0,0,Healthy,0
NB00578,Male,39.7,5.2,164,40,99.0,52.67,37.4,4.77,52.62,36.67,6,7,2,3.52,37.06,7,0,0,0,Healthy,0
NB00579,Female,34.75,5.2,148,35,96.7,49.75,32.15,5.31,49.95,32.22,8,7,0,3.8,36.32,8,0,0,0,Healthy,0
NB00580,Male,40.52,5.2,136,39,93.3,50.74,35.67,5.49,50.64,34.47,11,7,4,2.98,36.8,8,0,0,0,Healthy,0
NB00581,Male,38.74,5.2,145,43,100.0,49.98,33.69,5.32,49.63,34.48,9,2,0,4.24,37.18,7,0,0,2,Healthy,0
NB00582,Male,37.09,5.2,154,49,100.0,46.69,33.77,5.2,46.23,32.53,7,8,1,2.68,37.26,8,0,0,0,Healthy,0
NB00583,Female,39.39,5.2,158,41,98.6,49.48,35.45,4.98,49.72,35.55,10,6,2,3.66,36.42,8,0,0,0,Healthy,0
NB00584,Female,42.0,5.2,147,46,90.8,51.35,37.2,5.08,49.78,37.49,10,8,3,1.22,37.29,7,0,0,0,Healthy,0
NB00585,Male,38.4,5.2,167,38,96.4,47.35,35.68,5.5,47.57,36.2,11,11,3,2.46,36.92,9,0,0,0,Healthy,0
NB00586,Male,38.55,5.2,129,45,97.1,52.82,36.13,5.22,54.3,36.9,6,10,3,2.99,36.58,10,0,0,0,Healthy,0
NB00587,Female,36.99,5.2,161,40,89.5,44.51,36.1,5.1,45.02,37.19,7,7,1,5.71,36.76,9,1,0,4,At Risk,0
NB00588,Male,36.13,5.2,153,45,99.2,50.66,31.24,4.92,51.6,31.57,11,9,3,3.57,37.16,5,0,1,6,At Risk,0
NB00589,Female,39.83,5.2,129,24,95.7,53.74,34.22,5.32,55.32,33.96,8,5,5,3.35,37.15,9,0,0,2,Healthy,0
NB00590,Female,36.12,5.2,144,47,98.9,48.9,33.02,5.07,49.73,33.24,3,4,3,4.76,37.21,7,0,0,1,Healthy,0
NB00591,Female,38.16,5.2,145,47,93.9,47.51,32.74,5.22,47.13,33.08,5,4,4,1.74,36.5,8,0,0,0,Healthy,0
NB00592,Female,36.95,5.2,137,47,96.7,45.49,32.14,5.5,45.19,32.38,10,9,0,4.03,36.9,9,0,0,0,Healthy,0
NB00593,Male,39.05,5.2,137,32,96.9,49.45,35.25,5.39,49.76,35.06,7,5,3,3.97,36.69,9,0,0,0,Healthy,0
NB00594,Male,38.73,5.2,113,35,95.7,51.51,35.67,5.49,50.48,36.49,7,7,4,2.22,36.9,8,0,0,0,Healthy,0
NB00595,Male,40.28,5.2,128,33,96.7,51.66,37.31,5.26,54.39,37.18,11,7,4,4.13,36.57,7,0,0,0,Healthy,0
NB00596,Male,36.88,5.2,136,45,94.5,46.5,32.73,5.37,46.71,32.75,8,13,4,0.88,37.51,6,0,1,7,At Risk,0
NB00597,Female,37.41,5.2,130,49,90.9,51.36,34.08,5.5,53.06,33.67,10,3,2,4.03,36.79,9,0,0,0,Healthy,0
NB00598,Female,35.85,5.2,125,35,87.9,51.03,32.66,5.06,51.07,33.31,8,7,3,6.16,36.74,9,1,0,5,At Risk,0
NB00599,Female,37.02,5.2,159,55,92.8,48.27,33.14,5.22,48.54,34.56,7,8,5,4.54,37.0,10,0,0,0,Healthy,0
NB00600,Female,38.83,5.2,138,55,97.8,50.57,33.16,5.09,50.72,33.98,5,8,3,3.3,37.3,8,0,0,0,Healthy,0
NB00601,Female,39.67,5.2,179,43,91.4,48.08,33.55,5.11,49.56,33.01,7,6,6,2.24,36.82,8,0,0,0,Healthy,0
NB00602,Female,35.97,5.2,144,46,98.7,46.95,33.38,5.2,49.63,33.0,7,6,1,6.17,36.66,6,0,1,6,At Risk,0
NB00603,Male,39.91,5.2,159,25,99.9,52.34,33.89,5.04,51.08,33.05,6,9,3,0.2,37.2,8,0,0,0,Healthy,0
NB00604,Male,40.98,5.2,136,37,96.7,52.99,33.22,5.16,52.95,33.51,9,4,3,2.3,37.58,9,0,0,0,Healthy,0
NB00605,Female,38.91,5.2,128,29,94.4,49.4,34.39,5.37,50.03,34.78,6,7,1,2.92,37.44,8,0,0,0,Healthy,0
NB00606,Male,42.0,5.2,145,33,98.6,52.65,38.78,5.21,51.11,38.48,8,5,3,2.19,36.36,9,0,0,0,Healthy,0
NB00607,Female,36.3,5.2,163,47,99.0,47.17,28.42,5.07,46.74,28.18,7,5,3,2.51,37.15,10,0,0,0,Healthy,0
NB00608,Female,35.26,5.2,138,50,94.2,46.58,31.45,5.39,47.2,30.41,6,6,1,5.18,36.77,8,0,0,0,Healthy,0
NB00609,Female,34.09,5.2,148,50,95.3,46.92,32.07,5.05,46.63,32.11,5,7,1,2.5,37.37,9,0,0,0,Healthy,0
NB00610,Female,41.29,5.2,145,44,92.2,48.63,33.37,5.01,48.85,33.05,7,6,3,3.98,37.63,8,0,0,0,Healthy,0
NB00611,Female,39.44,5.2,138,47,96.0,50.75,34.49,5.47,51.45,34.18,8,7,3,3.05,35.73,8,0,0,2,Healthy,0
NB00612,Male,37.88,5.2,139,26,87.8,50.19,32.01,5.4,49.87,33.48,8,9,3,2.25,36.81,8,1,0,4,At Risk,0
NB00613,Male,38.62,5.2,122,29,94.0,49.01,32.72,5.16,48.26,33.22,7,8,5,5.54,36.59,10,0,0,0,Healthy,0
NB00614,Female,35.52,5.2,140,40,92.0,46.41,31.46,5.5,45.63,31.55,8,7,3,2.51,36.48,10,0,0,0,Healthy,0
NB00615,Male,42.0,5.2,152,48,94.7,52.3,34.92,5.12,50.26,35.15,8,7,2,5.26,36.38,9,0,0,0,Healthy,0
NB00616,Female,38.28,5.2,145,38,92.2,48.9,32.19,5.37,49.64,31.99,10,7,7,4.85,36.6,9,0,0,0,Healthy,0
NB00617,Female,38.24,5.2,143,28,88.3,49.83,33.88,4.91,49.87,34.56,10,7,6,1.62,36.67,10,1,0,4,At Risk,0
NB00618,Male,39.6,5.2,153,35,92.7,51.3,38.26,5.03,52.71,38.19,10,8,3,3.08,36.64,10,0,0,0,Healthy,0
NB00619,Female,39.06,5.2,144,33,93.3,46.35,35.68,5.44,47.2,35.13,6,3,3,6.95,35.89,7,0,0,2,Healthy,0
NB00620,Female,38.49,5.2,140,25,98.7,51.35,35.66,5.5,51.63,36.74,8,4,0,2.33,36.86,8,0,0,2,Healthy,0
NB00621,Male,36.26,5.2,153,64,92.8,47.45,33.78,5.2,48.01,33.41,11,7,4,4.31,37.27,10,0,0,0,Healthy,0
NB00622,Female,39.04,5.2,142,54,92.0,54.4,33.48,5.5,52.87,34.81,7,8,3,4.41,36.55,9,0,0,0,Healthy,0
NB00623,Male,42.0,5.2,136,22,90.8,50.82,37.07,5.49,51.38,37.71,11,2,4,2.36,36.06,9,0,0,4,At Risk,0
NB00624,Female,40.96,5.2,148,23,99.0,50.53,37.52,5.09,50.52,38.03,9,8,1,4.39,36.84,8,0,0,2,Healthy,0
NB00625,Female,41.51,5.2,139,34,94.2,52.35,37.5,5.15,51.83,37.02,5,5,4,0.81,37.28,9,0,0,0,Healthy,0
NB00626,Female,36.88,5.2,135,27,96.0,49.41,33.3,4.95,49.19,34.29,12,8,0,4.71,36.87,9,0,0,0,Healthy,0
NB00627,Female,35.82,5.2,143,66,89.6,43.74,33.06,5.14,44.6,34.59,10,4,0,3.41,36.47,8,1,0,6,At Risk,0
NB00628,Male,37.72,5.2,143,34,88.9,47.69,37.3,5.28,47.32,36.79,9,12,5,0.2,36.33,8,1,0,4,At Risk,0
NB00629,Male,38.12,5.2,120,46,91.8,50.89,35.14,5.24,50.85,35.2,9,8,0,2.65,37.12,9,0,0,0,Healthy,0
NB00630,Female,40.41,5.2,146,37,100.0,49.87,35.01,5.24,50.64,34.57,9,10,0,0.7,36.7,8,0,0,0,Healthy,0
NB00631,Female,34.28,5.2,173,30,91.2,48.99,31.08,5.43,48.93,30.98,7,6,1,1.69,36.57,9,0,0,0,Healthy,0
NB00632,Female,41.37,5.2,122,52,92.8,51.72,34.57,5.26,52.1,34.57,9,9,3,2.54,36.53,9,0,0,0,Healthy,0
NB00633,Female,37.65,5.2,131,49,95.0,47.49,37.08,5.37,47.58,37.95,7,8,0,4.33,36.9,9,0,0,0,Healthy,0
NB00634,Male,37.06,5.2,190,41,92.8,49.98,35.55,5.32,51.28,34.79,6,6,1,1.29,36.85,9,0,0,1,Healthy,0
NB00635,Female,35.77,5.2,125,66,96.7,50.81,32.37,5.29,51.18,32.9,6,6,1,2.48,36.82,9,0,0,2,Healthy,0
NB00636,Female,34.36,5.2,163,44,92.1,47.16,34.52,5.41,45.72,35.08,5,11,2,1.15,36.37,9,0,0,0,Healthy,0
NB00637,Female,39.81,5.2,136,37,91.1,53.75,36.02,5.39,54.75,35.57,8,10,6,1.76,36.34,7,0,0,0,Healthy,0
NB00638,Female,38.16,5.2,141,61,100.0,53.1,33.27,5.0,52.65,33.38,6,3,4,5.68,36.51,8,0,0,0,Healthy,0
NB00639,Female,35.16,5.2,138,46,91.7,45.2,33.17,5.5,44.89,32.93,7,10,3,3.65,36.93,8,0,0,0,Healthy,0
NB00640,Female,35.15,5.2,148,58,97.8,48.91,32.4,5.25,48.9,32.58,5,6,2,0.85,37.05,9,0,0,0,Healthy,0
NB00641,Male,37.26,5.2,112,42,91.7,45.89,34.54,5.04,48.29,35.75,5,6,3,5.17,37.46,10,0,0,0,Healthy,0
NB00642,Male,41.67,5.2,143,15,89.6,53.75,34.32,5.22,54.48,33.89,12,6,3,5.06,36.42,9,1,0,6,At Risk,0
NB00643,Female,37.43,5.2,133,26,94.7,48.94,32.18,5.28,51.06,32.46,8,9,3,2.71,37.13,8,0,0,0,Healthy,0
NB00644,Female,34.69,5.2,106,53,90.3,49.11,33.72,5.35,49.37,33.27,7,10,3,4.61,36.03,10,0,0,0,Healthy,0
NB00645,Female,37.46,5.2,160,36,93.6,51.46,35.96,5.42,52.39,36.5,7,9,3,6.01,36.96,8,0,0,0,Healthy,0
NB00646,Female,37.4,5.2,102,45,92.2,50.2,35.5,5.38,52.19,35.8,9,7,4,3.33,36.12,8,0,0,0,Healthy,0
NB00647,Female,32.07,5.2,179,53,99.4,44.86,32.97,5.5,45.88,33.43,8,7,3,1.68,36.25,10,0,0,0,Healthy,0
NB00648,Female,37.88,5.2,151,44,89.6,50.51,34.58,5.25,51.12,34.37,7,6,0,4.56,37.14,8,1,0,4,At Risk,0
NB00649,Male,37.49,5.2,116,33,97.4,49.27,34.2,5.2,48.1,33.62,9,4,1,2.08,36.87,8,0,0,0,Healthy,0
NB00650,Male,39.53,5.2,164,42,96.0,50.86,33.5,4.94,50.04,32.65,9,8,2,2.05,36.66,9,0,0,0,Healthy,0
NB00651,Female,42.0,5.2,126,43,94.2,56.09,35.73,5.42,56.58,35.83,4,10,5,1.71,36.17,8,0,0,0,Healthy,0
NB00652,Male,40.48,5.2,127,38,92.3,54.96,32.55,5.35,56.17,32.97,8,9,4,4.31,36.97,10,0,0,0,Healthy,0
NB00653,Male,37.41,5.2,108,28,95.6,48.78,32.9,5.12,48.85,33.24,9,6,3,4.95,36.84,10,0,0,0,Healthy,0
NB00654,Male,35.57,5.2,124,38,95.8,47.88,29.01,5.28,48.76,29.55,8,7,3,2.67,37.13,7,0,0,1,Healthy,0
NB00655,Male,42.0,5.2,127,41,96.4,53.36,38.22,5.23,52.72,38.0,5,7,2,5.28,36.02,7,0,0,1,Healthy,0
NB00656,Female,38.13,5.2,155,28,94.1,46.49,34.47,5.27,46.06,34.52,7,7,3,2.52,37.08,8,0,0,0,Healthy,0
NB00657,Male,38.03,5.2,161,33,91.0,48.95,30.78,5.18,49.64,29.47,8,6,4,3.0,36.56,10,0,0,0,Healthy,0
NB00658,Female,37.95,5.2,118,35,98.1,52.75,33.48,5.25,53.01,33.5,8,8,3,1.61,36.93,9,0,0,0,Healthy,0
NB00659,Male,38.44,5.2,145,23,95.0,48.49,37.06,4.93,48.31,38.2,10,5,2,2.33,36.77,7,0,0,2,Healthy,0
NB00660,Male,37.68,5.2,107,43,92.9,53.54,33.39,5.15,53.21,33.6,10,8,3,4.96,36.42,10,0,0,0,Healthy,0
NB00661,Male,36.74,5.2,145,44,91.5,50.81,31.42,5.29,49.51,32.72,8,10,3,2.29,36.61,10,0,0,0,Healthy,0
NB00662,Female,36.8,5.2,179,37,98.2,49.32,30.28,5.09,49.5,30.64,9,6,2,1.8,36.41,9,0,0,1,Healthy,0
NB00663,Female,37.93,5.2,108,28,99.8,50.66,31.12,5.31,49.4,31.81,8,7,3,1.59,36.56,6,0,1,6,At Risk,0
NB00664,Male,36.8,5.2,122,46,97.0,46.69,33.77,5.5,46.58,34.29,10,8,4,0.2,36.39,9,0,0,0,Healthy,0
NB00665,Female,36.43,5.2,153,47,97.2,47.66,32.05,5.0,47.69,32.65,10,9,3,1.54,36.98,9,0,0,0,Healthy,0
NB00666,Female,38.23,5.2,155,43,99.1,52.69,33.44,4.86,54.32,33.73,9,5,5,0.73,36.41,10,0,0,0,Healthy,0
NB00667,Female,37.44,5.2,123,42,93.7,47.87,32.76,5.47,47.01,33.37,8,3,4,2.03,37.05,9,0,0,0,Healthy,0
NB00668,Male,41.31,5.2,167,48,100.0,54.7,35.91,5.5,55.38,35.7,10,12,4,2.79,38.27,9,0,0,1,Healthy,0
NB00669,Female,32.17,5.2,125,41,91.3,41.6,27.88,5.3,41.97,28.78,9,9,2,2.71,36.68,9,0,0,0,Healthy,0
NB00670,Male,40.4,5.2,170,33,94.1,49.36,35.96,5.23,48.51,36.99,7,5,5,3.54,36.09,10,0,0,1,Healthy,0
NB00671,Female,40.74,5.2,148,41,92.3,55.87,33.58,5.1,56.13,33.92,8,3,4,3.91,37.75,8,0,0,0,Healthy,0
NB00672,Female,33.44,5.2,163,38,95.2,45.47,29.47,5.34,44.35,29.36,7,6,3,1.43,36.96,9,0,0,1,Healthy,0
NB00673,Female,37.25,5.2,147,41,100.0,47.84,34.79,5.23,48.11,34.16,9,8,4,5.4,36.74,9,0,0,1,Healthy,0
NB00674,Female,37.18,5.2,152,51,94.2,51.59,33.79,5.4,51.57,34.12,9,5,3,4.36,36.63,7,0,0,0,Healthy,0
NB00675,Male,34.9,5.2,153,30,96.5,49.3,32.66,4.89,50.39,32.75,8,8,4,4.58,36.33,7,0,0,0,Healthy,0
NB00676,Female,36.29,5.2,161,44,84.8,49.9,35.83,5.3,49.39,35.54,6,7,3,3.15,36.65,9,1,1,6,At Risk,0
NB00677,Male,35.56,5.2,139,29,96.5,46.26,32.0,5.06,44.24,31.51,9,8,2,4.53,36.45,8,0,0,1,Healthy,0
NB00678,Male,41.85,5.2,124,33,98.5,52.5,36.53,5.42,52.12,36.0,9,12,2,6.4,36.45,7,0,0,0,Healthy,0
NB00679,Female,40.06,5.2,139,58,95.4,52.08,34.84,5.0,52.9,34.98,5,10,4,4.88,37.06,9,0,0,0,Healthy,0
NB00680,Male,40.8,5.2,128,47,91.3,53.51,35.09,5.36,53.85,35.48,9,5,4,4.34,37.24,10,0,0,1,Healthy,0
NB00681,Female,39.59,5.2,129,44,90.8,50.01,33.4,5.11,49.64,33.81,7,4,6,0.2,36.7,8,0,0,0,Healthy,0
NB00682,Female,35.52,5.2,170,25,93.1,47.71,32.19,5.14,49.12,34.21,6,5,3,4.29,37.03,8,0,0,0,Healthy,0
NB00683,Male,36.85,5.2,151,40,90.8,49.1,33.52,5.4,49.02,34.06,9,5,1,3.71,37.74,7,0,0,0,Healthy,0
NB00684,Male,39.08,5.2,150,21,100.0,53.14,35.17,5.07,54.13,35.94,6,9,4,2.3,36.42,9,0,0,2,Healthy,0
NB00685,Male,35.31,5.2,159,42,96.6,48.69,32.01,4.93,48.91,32.12,5,6,3,2.13,36.06,10,0,0,0,Healthy,0
NB00686,Female,39.57,5.2,151,30,100.0,48.0,36.29,5.24,48.87,35.55,8,6,3,4.5,37.17,7,0,0,0,Healthy,0
NB00687,Male,37.47,5.2,174,48,94.0,48.7,33.47,5.1,49.67,33.32,6,10,3,5.8,36.47,8,0,0,0,Healthy,0
NB00688,Female,37.18,5.2,102,44,92.3,47.0,32.61,4.96,48.54,33.78,8,8,3,2.97,36.56,7,0,0,0,Healthy,0
NB00689,Female,39.56,5.2,122,30,92.5,52.14,33.5,5.3,51.56,33.11,11,8,4,2.38,36.86,10,0,0,0,Healthy,0
NB00690,Male,38.98,5.2,127,46,93.4,52.33,32.16,5.29,53.1,32.31,10,4,4,1.64,37.36,7,0,0,0,Healthy,0
NB00691,Female,37.21,5.2,115,63,93.3,49.09,35.43,5.25,48.06,35.56,7,7,2,0.57,36.86,7,0,0,0,Healthy,0
NB00692,Female,40.55,5.2,142,40,99.3,51.36,34.54,5.33,52.12,35.56,8,6,3,3.02,35.85,10,0,0,2,Healthy,0
NB00693,Male,35.62,5.2,143,51,98.2,47.6,30.75,4.83,46.11,31.17,4,4,5,4.41,36.96,10,0,0,0,Healthy,0
NB00694,Male,39.36,5.2,176,21,95.9,51.24,34.12,5.08,53.36,34.59,6,6,5,4.06,36.9,10,0,0,2,Healthy,0
NB00695,Male,39.3,5.2,156,47,89.2,49.49,34.3,5.29,50.03,34.31,10,5,3,1.54,36.41,10,1,0,4,At Risk,0
NB00696,Female,37.32,5.2,131,36,96.0,46.55,35.78,5.44,46.98,34.54,10,9,3,4.08,36.03,7,0,0,0,Healthy,0
NB00697,Female,38.72,5.2,149,39,93.9,46.15,33.81,5.28,44.7,33.68,12,7,0,2.85,36.63,10,0,0,0,Healthy,0
NB00698,Male,35.25,5.2,107,48,99.9,49.66,35.82,5.46,50.87,35.91,6,7,3,0.8,35.76,5,0,1,8,High Risk,0
NB00699,Male,40.03,5.2,143,40,98.1,52.42,35.32,5.09,53.87,35.52,8,3,2,0.2,36.0,8,0,0,2,Healthy,0
NB00700,Female,37.59,5.2,142,26,95.5,49.96,36.6,5.11,49.93,36.29,6,9,1,3.53,36.19,7,0,0,0,Healthy,0
NB00701,Male,36.85,5.2,124,57,87.7,51.1,34.34,5.16,50.86,33.59,8,3,1,5.98,36.24,8,1,0,4,At Risk,0
NB00702,Male,40.31,5.2,136,27,94.5,49.17,35.96,5.21,48.99,36.52,10,5,4,0.2,37.2,9,0,0,0,Healthy,0
NB00703,Female,36.45,5.2,128,34,92.7,44.73,35.08,4.87,46.66,34.99,9,6,1,3.81,36.73,7,0,0,1,Healthy,0
NB00704,Male,34.9,5.2,123,43,96.4,47.58,33.31,5.23,47.68,33.41,7,8,2,3.03,36.96,9,0,0,1,Healthy,0
NB00705,Male,34.58,5.2,152,43,91.0,47.1,32.35,5.22,47.47,31.41,8,6,3,2.89,36.89,9,0,0,0,Healthy,0
NB00706,Female,39.33,5.2,159,46,95.9,47.34,38.21,5.11,48.49,38.17,5,5,6,4.14,36.11,10,0,0,0,Healthy,0
NB00707,Male,35.18,5.2,149,43,87.2,47.78,31.08,5.08,45.55,31.61,6,9,3,1.89,36.55,8,1,0,4,At Risk,0
NB00708,Female,41.86,5.2,132,53,90.2,52.27,35.01,5.28,52.39,35.3,9,3,2,4.48,36.7,9,0,0,0,Healthy,0
NB00709,Male,33.42,5.2,128,47,91.9,43.86,29.58,5.35,43.78,29.43,11,9,5,4.67,36.74,9,0,0,0,Healthy,0
NB00710,Male,41.73,5.2,133,30,93.1,52.29,39.04,5.26,52.64,38.82,8,8,4,4.82,37.02,9,0,0,0,Healthy,0
NB00711,Female,38.46,5.2,136,16,96.4,45.13,36.3,5.26,46.14,36.29,12,6,3,4.39,37.22,6,0,1,8,High Risk,0
NB00712,Female,37.79,5.2,124,44,89.2,48.23,32.86,5.22,49.4,33.18,11,7,2,1.85,36.97,10,1,0,4,At Risk,0
NB00713,Female,36.8,5.2,159,57,92.8,47.11,29.43,5.23,47.08,29.74,10,6,5,2.72,37.59,7,0,0,0,Healthy,0
NB00714,Female,38.88,5.2,136,29,92.8,51.5,34.11,5.37,51.56,34.54,8,5,5,1.58,37.0,8,0,0,0,Healthy,0
NB00715,Female,37.92,5.2,154,32,97.4,49.21,32.22,5.5,49.43,32.82,8,4,5,2.49,36.56,9,0,0,0,Healthy,0
NB00716,Male,40.43,5.2,115,46,94.3,53.06,34.76,5.5,54.02,34.93,6,4,1,2.5,37.38,10,0,0,0,Healthy,0
NB00717,Female,38.25,5.2,128,47,91.6,44.73,32.39,5.01,46.08,33.53,7,4,3,4.42,36.25,8,0,0,0,Healthy,0
NB00718,Female,38.33,5.2,155,53,91.2,48.22,31.62,4.81,47.01,32.11,4,9,3,3.11,37.04,8,0,0,0,Healthy,0
NB00719,Female,37.2,5.2,156,58,93.1,49.99,36.06,5.34,50.57,35.72,6,9,1,0.3,36.73,10,0,0,0,Healthy,0
NB00720,Female,37.87,5.2,118,44,89.2,48.87,32.69,5.23,48.87,32.99,9,6,1,3.75,36.41,10,1,0,4,At Risk,0
NB00721,Female,38.68,5.2,145,33,100.0,51.9,36.39,5.22,54.15,36.81,8,1,2,2.7,36.89,8,0,0,1,Healthy,0
NB00722,Male,34.24,5.2,146,33,95.0,42.6,30.83,5.31,41.7,31.39,11,5,5,4.68,36.67,7,0,0,0,Healthy,0
NB00723,Female,35.03,5.2,127,37,91.8,48.39,30.03,5.18,47.43,29.87,5,8,6,4.06,35.97,6,0,1,8,High Risk,0
NB00724,Female,39.64,5.2,146,52,91.3,49.79,35.71,4.91,49.4,34.64,12,7,2,2.16,36.88,6,0,1,6,At Risk,0
NB00725,Female,38.38,5.2,112,37,90.8,48.47,33.48,5.0,49.26,34.45,9,5,0,3.59,36.34,9,0,0,1,Healthy,0
NB00726,Female,37.6,5.2,123,52,96.3,51.22,33.21,5.01,52.02,33.25,9,6,4,5.83,36.86,8,0,0,0,Healthy,0
NB00727,Male,38.04,5.2,151,27,89.2,51.96,34.05,5.36,51.61,32.89,11,9,6,0.2,36.74,10,1,0,4,At Risk,0
NB00728,Female,38.76,5.2,141,45,94.4,52.36,33.12,5.5,53.57,33.05,9,12,3,4.25,36.99,8,0,0,0,Healthy,0
NB00729,Male,36.81,5.2,141,34,97.0,52.61,30.54,5.14,52.37,31.08,2,10,1,1.77,35.78,6,0,1,9,High Risk,0
NB00730,Male,36.29,5.2,137,47,92.9,50.59,32.52,5.5,51.64,31.98,12,6,2,1.07,36.35,8,0,0,0,Healthy,0
NB00731,Male,38.43,5.2,150,39,91.5,48.4,35.55,4.85,47.2,35.0,7,4,0,3.03,36.85,8,0,0,1,Healthy,0
NB00732,Male,35.85,5.2,151,50,97.9,47.95,30.94,5.13,47.18,30.89,7,5,5,2.92,38.1,9,0,0,1,Healthy,0
NB00733,Male,38.9,5.2,154,38,91.0,49.69,34.66,5.27,49.47,34.82,10,10,4,3.22,36.86,8,0,0,0,Healthy,0
NB00734,Male,34.25,5.2,142,42,94.0,50.29,33.44,4.72,50.43,33.19,6,7,3,3.12,36.6,8,0,0,0,Healthy,0
NB00735,Male,40.26,5.2,133,50,95.4,53.85,35.25,5.5,53.21,35.13,9,1,4,1.55,37.19,7,0,0,2,Healthy,0
NB00736,Male,39.04,5.2,130,41,92.9,50.16,34.66,5.09,49.5,35.24,4,2,1,4.54,36.53,6,0,1,7,At Risk,0
NB00737,Female,38.56,5.2,121,43,90.8,51.86,34.28,5.24,52.51,34.39,8,4,2,2.44,36.99,10,0,0,0,Healthy,0
NB00738,Male,40.16,5.2,133,50,93.0,49.08,34.29,5.32,50.1,33.5,9,0,5,6.44,36.82,7,0,0,2,Healthy,0
NB00739,Male,41.66,5.2,129,41,96.2,53.4,34.87,4.91,52.82,35.69,6,9,1,4.19,37.28,7,0,0,0,Healthy,0
NB00740,Female,40.23,5.2,169,26,92.5,49.73,33.88,5.5,48.59,33.87,6,13,5,4.79,37.1,10,0,0,0,Healthy,0
NB00741,Female,33.95,5.2,121,36,96.6,42.58,31.52,5.26,42.87,31.07,10,9,3,3.52,36.58,8,0,0,0,Healthy,0
NB00742,Female,35.18,5.2,159,23,94.1,48.64,32.97,5.16,49.3,32.95,8,10,1,6.41,36.12,7,0,0,2,Healthy,0
NB00743,Female,36.63,5.2,135,40,92.9,50.18,34.05,5.01,49.33,33.35,7,9,3,4.51,36.32,10,0,0,0,Healthy,0
NB00744,Female,38.06,5.2,136,47,92.5,50.57,33.27,5.27,52.44,33.38,9,4,5,5.43,36.93,6,0,1,6,At Risk,0
NB00745,Female,39.14,5.2,147,43,95.8,50.26,36.24,4.91,49.58,36.67,6,7,2,4.37,36.78,5,0,1,6,At Risk,0
NB00746,Female,36.4,5.2,114,56,98.9,45.63,33.14,5.26,45.57,32.9,4,7,4,3.53,36.81,8,0,0,1,Healthy,0
NB00747,Female,38.41,5.2,126,55,95.4,47.65,34.19,5.5,47.6,34.11,5,11,4,3.03,36.91,9,0,0,0,Healthy,0
NB00748,Female,36.34,5.2,118,45,91.6,46.17,27.63,5.46,45.55,27.37,8,5,3,3.69,36.43,10,0,0,0,Healthy,0
NB00749,Male,36.65,5.2,133,18,98.8,47.92,31.63,5.12,49.94,32.17,7,9,4,2.99,36.75,10,0,0,2,Healthy,0
NB00750,Female,34.91,5.2,124,49,91.9,48.97,29.35,5.17,48.23,29.31,7,5,4,4.82,36.8,10,0,0,0,Healthy,0
NB00751,Female,35.97,5.2,164,34,100.0,49.89,33.32,5.34,51.83,33.07,9,4,1,3.68,36.15,9,0,0,0,Healthy,0
NB00752,Male,35.03,5.2,129,51,94.4,43.63,31.86,5.47,43.53,32.05,4,4,1,4.55,36.52,8,0,0,0,Healthy,0
NB00753,Male,35.85,5.2,97,45,91.9,46.28,30.69,5.5,46.18,30.62,9,3,3,4.15,36.98,9,1,1,5,At Risk,0
NB00754,Male,40.32,5.2,134,49,97.0,50.25,35.88,5.5,49.8,35.9,7,7,5,2.66,37.11,9,0,0,0,Healthy,0
NB00755,Male,35.91,5.2,155,47,93.9,42.66,30.2,5.04,43.54,29.82,8,9,3,2.05,36.44,10,0,0,0,Healthy,0
NB00756,Female,42.0,5.2,169,66,96.5,54.33,35.03,5.38,56.52,35.51,9,13,6,4.81,37.02,8,0,0,1,Healthy,0
NB00757,Female,39.09,5.2,136,47,95.3,50.08,33.49,4.95,49.72,33.35,11,9,4,4.39,36.52,5,0,1,6,At Risk,0
NB00758,Female,38.41,5.2,131,29,90.2,49.74,34.89,5.14,49.64,34.82,6,5,2,2.43,36.4,6,0,1,6,At Risk,0
NB00759,Male,36.11,5.2,140,53,94.8,50.59,34.58,5.0,52.25,34.79,10,10,0,0.2,37.66,9,0,0,0,Healthy,0
NB00760,Female,39.54,5.2,147,38,96.8,51.16,34.0,5.0,50.25,35.28,9,9,3,4.32,36.61,7,0,0,0,Healthy,0
NB00761,Female,36.73,5.2,120,55,95.4,47.6,34.9,5.28,47.02,35.5,8,7,3,5.32,36.14,8,0,0,1,Healthy,0
NB00762,Female,38.27,5.2,136,57,99.4,50.99,34.06,5.09,52.56,33.76,9,4,4,1.66,36.6,9,0,0,0,Healthy,0
NB00763,Female,42.0,5.2,139,48,96.1,55.32,36.95,5.29,55.94,36.3,7,3,4,3.94,36.68,10,0,0,0,Healthy,0
NB00764,Female,37.79,5.2,141,29,94.2,50.0,33.56,4.99,49.34,33.85,6,5,2,5.27,37.21,9,0,0,0,Healthy,0
NB00765,Female,40.53,5.2,137,37,95.7,53.25,35.27,5.33,54.08,35.02,10,7,5,2.05,36.64,8,0,0,0,Healthy,0
NB00766,Male,36.45,5.2,123,55,93.3,47.92,33.38,5.14,46.58,33.34,8,10,1,0.2,36.97,5,0,1,6,At Risk,0
NB00767,Male,37.92,5.2,146,62,96.3,49.37,34.86,5.17,50.65,34.85,12,5,5,5.42,37.28,7,0,0,0,Healthy,0
NB00768,Female,41.9,5.2,139,43,96.3,53.33,35.2,4.97,51.56,35.23,11,7,2,0.54,36.54,7,0,0,0,Healthy,0
NB00769,Female,36.62,5.2,139,39,90.7,46.85,32.55,5.43,46.03,32.52,5,8,3,3.49,36.93,9,0,0,0,Healthy,0
NB00770,Female,41.99,5.2,121,30,97.7,52.05,39.1,5.26,52.63,38.91,11,5,4,4.14,36.77,6,0,1,6,At Risk,0
NB00771,Female,39.56,5.2,152,30,100.0,53.76,35.16,5.34,52.69,33.97,8,4,4,2.76,36.9,8,0,0,1,Healthy,0
NB00772,Female,36.76,5.2,123,44,96.9,52.5,33.36,4.97,52.71,33.58,9,7,2,6.87,36.85,10,0,0,0,Healthy,0
NB00773,Male,39.39,5.2,169,49,87.9,54.04,36.52,5.37,54.8,37.0,9,4,2,3.4,36.87,8,1,0,4,At Risk,0
NB00774,Female,40.14,5.2,119,27,93.5,48.88,34.55,5.24,48.34,34.08,6,3,1,4.09,36.67,10,0,0,0,Healthy,0
NB00775,Female,39.37,5.2,154,50,90.5,47.99,34.71,5.13,48.07,35.24,7,11,1,2.57,36.81,7,0,0,0,Healthy,0
NB00776,Female,34.55,5.2,106,56,94.0,44.11,32.61,5.5,45.15,32.89,10,5,1,3.82,36.68,9,0,0,0,Healthy,0
NB00777,Male,36.4,5.2,99,48,97.4,48.43,34.54,5.31,49.08,34.71,9,8,5,3.93,37.85,8,1,1,5,At Risk,0
NB00778,Female,37.46,5.2,130,59,92.5,43.49,29.87,5.32,45.21,30.08,5,8,6,2.8,37.07,9,0,0,0,Healthy,0
NB00779,Female,37.84,5.2,99,46,100.0,48.28,32.58,4.84,47.64,33.12,10,4,4,1.65,36.8,7,1,1,5,At Risk,0
NB00780,Male,39.37,5.2,153,46,84.9,53.64,33.26,5.45,52.85,33.68,6,8,4,0.89,36.65,10,1,1,6,At Risk,0
NB00781,Female,38.39,5.2,140,45,94.1,51.92,33.89,5.32,53.43,33.04,10,8,4,1.98,37.24,7,0,0,0,Healthy,0
NB00782,Female,35.06,5.2,165,56,96.3,45.94,30.36,5.48,46.52,31.24,11,7,3,6.05,36.43,9,0,0,0,Healthy,0
NB00783,Male,38.84,5.2,137,47,90.7,49.49,35.38,5.11,49.43,35.81,6,7,2,0.29,36.22,10,0,0,0,Healthy,0
NB00784,Male,39.34,5.2,144,37,91.2,51.94,35.0,5.09,51.56,34.5,10,8,3,5.96,36.19,8,0,0,1,Healthy,0
NB00785,Male,39.23,5.2,135,46,97.6,52.58,36.0,5.5,53.59,35.02,10,8,0,6.34,37.38,8,0,0,0,Healthy,0
NB00786,Male,40.38,5.2,124,46,100.0,50.67,36.89,5.42,50.49,36.27,12,9,3,3.15,37.36,7,0,0,0,Healthy,0
NB00787,Female,39.83,5.2,133,40,100.0,50.78,36.1,4.94,51.76,36.95,6,4,6,5.8,36.87,10,0,0,0,Healthy,0
NB00788,Male,39.01,5.2,118,52,93.8,49.38,34.0,5.23,50.84,34.04,5,3,3,3.15,36.55,10,0,0,0,Healthy,0
NB00789,Female,37.85,5.2,147,43,99.7,46.8,33.85,5.43,47.1,34.42,7,6,2,2.55,36.55,10,0,0,0,Healthy,0
NB00790,Female,34.35,5.2,134,49,94.8,45.87,30.55,5.27,44.71,31.87,6,7,4,2.04,37.72,10,0,0,0,Healthy,0
NB00791,Female,38.95,5.2,138,47,98.2,49.86,32.41,5.12,50.63,31.82,13,9,2,2.59,36.76,7,0,0,0,Healthy,0
NB00792,Female,38.46,5.2,191,35,94.3,47.49,35.55,5.1,48.8,34.93,8,12,1,4.12,36.95,8,0,0,1,Healthy,0
NB00793,Female,38.6,5.2,133,32,91.0,51.43,34.09,5.24,52.83,34.18,8,5,2,3.12,36.6,8,0,0,1,Healthy,0
NB00794,Male,35.19,5.2,146,35,100.0,48.04,29.58,5.43,48.4,29.86,11,10,5,2.42,36.84,7,0,0,0,Healthy,0
NB00795,Male,35.62,5.2,139,41,100.0,48.85,32.94,5.03,47.33,33.5,7,7,2,1.21,36.97,9,0,0,0,Healthy,0
NB00796,Male,40.32,5.2,161,58,93.5,50.15,35.09,4.8,49.89,34.63,9,5,1,0.71,37.61,8,0,0,0,Healthy,0
NB00797,Female,37.91,5.2,144,42,98.3,45.55,30.65,5.15,45.26,30.35,5,8,4,1.02,36.76,10,0,0,0,Healthy,0
NB00798,Male,39.5,5.2,135,46,94.5,51.88,32.79,5.32,52.94,33.72,7,8,3,1.96,37.03,10,0,0,0,Healthy,0
NB00799,Female,38.06,5.2,181,51,100.0,48.33,32.79,5.36,48.94,33.14,11,8,2,9.09,36.64,7,0,0,2,Healthy,0
NB00800,Male,38.07,5.2,125,38,89.8,47.88,34.16,5.03,48.98,34.45,11,10,4,5.12,36.88,8,1,0,4,At Risk,0
NB00801,Male,40.06,5.2,137,38,94.4,48.94,36.43,5.28,48.46,36.26,9,6,4,5.53,36.95,9,0,0,0,Healthy,0
NB00802,Female,36.86,5.2,156,53,89.9,48.03,34.14,5.1,48.44,35.03,8,8,1,3.32,36.71,10,1,0,4,At Risk,0
NB00803,Male,38.21,5.2,125,48,89.4,52.94,34.85,5.38,50.85,35.59,8,3,4,1.41,36.91,6,1,1,10,High Risk,1
NB00804,Male,36.98,5.2,154,36,94.6,47.67,33.04,5.2,47.46,33.12,9,3,3,0.4,36.48,10,0,0,0,Healthy,0
NB00805,Female,37.04,5.2,131,38,93.4,46.56,35.71,5.4,45.28,34.82,4,7,1,4.0,37.03,10,0,0,0,Healthy,0
NB00806,Female,37.32,5.2,158,43,91.5,50.29,34.37,5.24,52.23,35.04,11,5,1,2.98,36.83,9,0,0,1,Healthy,0
NB00807,Male,38.49,5.2,158,45,97.9,50.39,34.48,5.33,51.05,34.9,5,10,2,2.94,36.55,10,0,0,0,Healthy,0
NB00808,Male,36.95,5.2,138,54,99.5,44.41,33.91,5.14,45.04,34.07,6,9,3,1.88,36.75,6,0,1,7,At Risk,0
NB00809,Male,40.76,5.2,122,47,96.8,53.41,35.14,5.09,52.39,35.94,4,8,4,2.72,37.39,8,0,0,1,Healthy,0
NB00810,Male,36.03,5.2,133,32,88.4,52.09,32.34,5.17,52.16,32.71,9,7,3,0.26,36.75,7,1,0,4,At Risk,0
NB00811,Female,37.59,5.2,140,34,96.2,44.03,30.39,5.35,44.89,30.31,12,4,0,1.86,36.99,8,0,0,0,Healthy,0
NB00812,Male,37.03,5.2,156,45,96.2,46.26,32.54,5.5,45.59,33.24,5,0,5,2.65,36.99,9,0,0,1,Healthy,0
NB00813,Male,41.18,5.2,146,43,92.1,46.77,38.67,5.48,46.51,38.9,7,5,5,5.04,37.06,9,0,0,0,Healthy,0
NB00814,Female,38.43,5.2,150,34,96.2,49.84,34.33,5.5,51.14,34.98,7,8,3,2.38,36.3,6,0,1,7,At Risk,0
NB00815,Male,40.27,5.2,146,53,93.2,53.62,35.55,5.21,52.75,35.73,6,4,2,5.38,36.33,10,0,0,0,Healthy,0
NB00816,Male,34.73,5.2,155,20,92.1,46.87,33.01,5.12,46.64,33.45,8,11,2,3.05,36.46,9,0,0,2,Healthy,0
NB00817,Female,38.59,5.2,136,45,90.9,52.91,34.75,4.79,52.29,35.74,8,7,0,1.25,37.07,8,0,0,0,Healthy,0
NB00818,Female,39.96,5.2,143,27,97.9,53.02,33.99,5.11,53.56,34.93,10,9,2,2.65,36.92,7,0,0,0,Healthy,0
NB00819,Male,38.18,5.2,141,51,99.5,53.17,33.96,4.95,54.14,33.74,8,11,1,4.42,36.9,10,0,0,0,Healthy,0
NB00820,Male,40.34,5.2,132,39,94.5,54.03,33.74,5.38,55.84,34.4,5,5,3,4.22,36.75,10,0,0,1,Healthy,0
NB00821,Male,36.86,5.2,158,49,98.4,47.77,33.28,5.19,48.37,33.01,11,6,2,1.78,36.2,10,0,0,1,Healthy,0
NB00822,Male,41.1,5.2,158,38,100.0,52.52,34.71,4.97,53.97,35.29,11,9,6,6.01,36.53,9,0,0,0,Healthy,0
NB00823,Male,42.0,5.2,162,55,95.5,51.46,37.99,5.34,52.03,38.01,7,3,5,4.3,36.9,10,0,0,0,Healthy,0
NB00824,Male,37.2,5.2,126,23,94.7,48.42,32.48,5.29,47.25,31.67,10,8,1,5.68,36.72,9,0,0,2,Healthy,0
NB00825,Male,37.02,5.2,146,51,96.6,48.84,31.88,5.0,49.08,32.15,10,10,2,3.72,36.88,7,0,0,0,Healthy,0
NB00826,Female,41.2,5.2,160,36,92.1,52.31,35.87,5.5,52.56,36.6,8,8,3,5.48,36.1,9,0,0,0,Healthy,0
NB00827,Female,41.48,5.2,167,46,96.9,55.41,36.78,5.08,56.68,37.24,7,8,4,2.62,36.79,10,0,0,0,Healthy,0
NB00828,Male,36.85,5.2,113,46,95.5,47.9,31.18,5.35,48.01,30.77,11,3,4,4.54,35.86,6,0,1,8,High Risk,0
NB00829,Female,37.08,5.2,140,28,90.4,46.9,32.37,5.21,46.73,32.63,8,7,3,2.0,36.21,7,0,0,0,Healthy,0
NB00830,Female,37.38,5.2,137,52,90.5,47.3,33.52,5.5,46.65,33.54,10,4,0,5.75,36.36,7,0,0,0,Healthy,0
NB00831,Female,35.04,5.2,169,46,91.6,48.25,33.74,5.41,48.19,34.32,13,7,2,0.2,35.97,9,0,0,2,Healthy,0
NB00832,Female,35.98,5.2,100,43,96.8,44.97,28.59,5.01,45.09,29.31,10,7,2,6.02,36.44,7,0,0,0,Healthy,0
NB00833,Male,35.79,5.2,121,46,93.8,47.21,33.18,5.5,48.01,32.5,5,5,3,0.28,36.92,8,0,0,0,Healthy,0
NB00834,Male,36.31,5.2,166,43,94.9,50.73,32.04,4.98,50.12,32.2,6,10,4,0.2,37.32,9,0,0,0,Healthy,0
NB00835,Male,37.92,5.2,132,50,99.8,50.12,33.0,5.02,52.66,32.56,6,4,4,1.19,36.56,7,0,0,0,Healthy,0
NB00836,Male,38.52,5.2,117,37,96.5,49.91,33.14,5.5,49.21,33.36,9,13,4,3.45,36.5,9,0,0,0,Healthy,0
NB00837,Male,41.41,5.2,167,50,92.8,52.6,35.64,5.22,51.52,34.91,4,9,3,3.78,36.75,10,0,0,0,Healthy,0
NB00838,Male,35.8,5.2,114,48,91.5,45.56,33.19,5.29,46.27,33.26,8,9,3,4.18,36.68,6,0,1,6,At Risk,0
NB00839,Female,40.17,5.2,158,40,96.1,49.83,34.51,5.31,48.76,34.78,7,7,2,2.04,36.34,8,0,0,0,Healthy,0
NB00840,Female,37.53,5.2,112,60,91.6,48.79,35.96,5.01,49.01,34.69,4,3,5,3.04,37.04,9,0,0,0,Healthy,0
NB00841,Male,37.89,5.2,114,47,99.4,50.04,34.66,5.5,49.55,34.6,8,5,2,2.57,36.67,10,0,0,0,Healthy,0
NB00842,Male,39.48,5.2,144,44,95.9,52.83,35.14,5.5,53.68,34.34,5,6,3,3.07,36.5,9,0,0,1,Healthy,0
NB00843,Male,35.53,5.2,125,48,95.5,47.56,31.82,4.86,47.92,32.42,6,6,0,3.81,36.54,8,0,0,0,Healthy,0
NB00844,Male,38.84,5.2,145,41,91.7,53.06,36.17,5.14,54.41,35.11,10,5,3,2.98,37.86,7,0,0,0,Healthy,0
NB00845,Female,38.37,5.2,172,54,97.2,53.14,36.06,5.37,53.76,35.95,8,11,5,3.53,37.15,9,0,0,0,Healthy,0
NB00846,Female,39.08,5.2,137,42,98.9,52.17,32.82,5.21,52.41,33.7,10,5,3,0.9,36.65,9,0,0,1,Healthy,0
NB00847,Male,38.64,5.2,169,50,94.5,52.62,33.19,5.12,53.03,32.66,10,6,2,4.93,35.7,10,0,0,2,Healthy,0
NB00848,Female,42.0,5.2,146,31,98.2,51.22,37.55,5.34,50.45,37.21,10,4,5,4.28,36.03,9,0,0,0,Healthy,0
NB00849,Female,36.6,5.2,157,24,93.6,46.04,34.22,5.36,45.54,34.28,11,6,1,3.61,36.84,8,0,0,2,Healthy,0
NB00850,Male,36.83,5.2,98,46,94.8,49.58,32.53,5.5,50.0,32.66,7,2,2,1.82,36.67,10,1,1,6,At Risk,0
NB00851,Male,36.63,5.2,151,38,100.0,45.68,31.73,4.88,46.48,30.43,7,6,1,1.95,36.28,8,0,0,0,Healthy,0
NB00852,Male,36.78,5.2,149,40,93.7,47.92,33.06,5.03,47.79,33.01,6,10,5,2.84,36.74,8,0,0,0,Healthy,0
NB00853,Female,36.6,5.2,134,19,96.9,49.88,35.03,5.08,49.87,35.55,9,7,0,5.11,36.46,10,0,0,2,Healthy,0
NB00854,Male,40.62,5.2,174,59,93.6,54.78,35.69,5.5,54.59,37.08,8,3,3,1.53,36.51,9,0,0,0,Healthy,0
NB00855,Male,41.13,5.2,131,43,96.0,51.9,34.09,5.5,52.48,33.73,6,8,2,0.97,36.72,8,0,0,1,Healthy,0
NB00856,Male,36.74,5.2,111,55,97.4,47.17,33.09,5.29,47.37,33.01,8,8,3,1.75,36.34,8,0,0,0,Healthy,0
NB00857,Female,36.17,5.2,154,28,91.8,48.59,33.69,5.21,49.41,34.04,10,8,5,4.48,36.18,7,0,0,0,Healthy,0
NB00858,Male,39.04,5.2,114,43,92.5,48.39,34.37,5.32,47.97,33.98,7,8,2,3.72,36.19,9,0,0,0,Healthy,0
NB00859,Female,36.79,5.2,141,46,97.0,48.16,34.84,5.46,48.31,35.83,8,11,2,4.37,36.62,8,0,0,0,Healthy,0
NB00860,Female,39.39,5.2,164,43,95.6,50.84,36.07,5.18,52.55,36.15,9,10,1,1.93,36.09,7,0,0,0,Healthy,0
NB00861,Male,38.45,5.2,149,44,99.1,49.95,34.02,5.28,52.18,34.25,9,5,4,3.2,37.79,9,0,0,0,Healthy,0
NB00862,Male,34.67,5.2,136,28,95.9,46.78,31.53,5.16,46.74,31.95,9,6,3,4.62,37.22,8,0,0,0,Healthy,0
NB00863,Female,41.4,5.2,134,45,100.0,51.0,33.42,4.95,52.51,32.49,7,5,3,1.97,37.12,10,0,0,1,Healthy,0
NB00864,Male,41.95,5.2,163,34,97.4,51.7,38.38,4.87,53.17,38.65,4,7,5,6.02,36.4,10,0,0,0,Healthy,0
NB00865,Female,36.65,5.2,118,36,100.0,46.89,32.36,5.09,47.91,32.08,7,9,3,4.54,36.42,7,0,0,0,Healthy,0
NB00866,Male,37.15,5.2,154,42,100.0,45.59,32.6,5.16,44.02,32.18,7,3,1,2.68,36.16,8,0,0,0,Healthy,0
NB00867,Female,38.63,5.2,179,38,92.8,50.85,33.42,5.32,49.63,33.79,11,8,2,5.78,37.63,8,0,0,0,Healthy,0
NB00868,Male,38.74,5.2,150,39,100.0,52.05,35.0,5.28,51.75,35.78,6,5,7,2.44,37.4,8,0,0,1,Healthy,0
NB00869,Female,39.45,5.2,136,53,98.3,52.5,33.12,4.95,52.2,33.22,11,4,4,1.01,37.1,8,0,0,1,Healthy,0
NB00870,Male,42.0,5.2,137,40,98.0,52.68,35.12,5.23,51.96,36.15,9,7,2,3.23,36.75,9,0,0,0,Healthy,0
NB00871,Female,37.61,5.2,131,38,99.1,47.63,33.45,5.12,48.38,33.41,10,12,1,2.37,36.63,8,0,0,0,Healthy,0
NB00872,Female,36.24,5.2,128,41,93.9,49.51,31.63,5.18,50.32,30.7,7,7,0,3.4,37.03,6,0,1,6,At Risk,0
NB00873,Female,34.97,5.2,142,31,96.1,48.15,32.18,5.25,50.14,31.58,6,9,4,5.13,37.52,7,0,0,0,Healthy,0
NB00874,Female,36.39,5.2,152,44,93.5,48.59,31.79,5.49,48.18,32.8,11,7,3,3.07,37.09,9,0,0,0,Healthy,0
NB00875,Male,37.93,5.2,169,49,100.0,53.02,36.14,5.14,52.57,37.31,6,7,2,2.26,36.3,8,0,0,0,Healthy,0
NB00876,Female,41.95,5.2,105,45,92.4,53.1,37.6,5.5,53.49,37.92,6,8,3,3.25,36.46,8,0,0,0,Healthy,0
NB00877,Female,36.86,5.2,96,42,90.5,48.06,34.02,4.97,46.97,33.75,5,6,4,4.75,37.01,9,1,1,5,At Risk,0
NB00878,Female,38.49,5.2,169,48,92.1,49.24,33.24,5.05,51.31,33.15,5,3,1,1.56,36.41,9,0,0,0,Healthy,0
NB00879,Female,37.96,5.2,141,36,94.8,46.45,37.38,5.21,46.29,37.46,8,4,8,0.2,36.59,10,0,0,0,Healthy,0
NB00880,Female,40.61,5.2,142,42,94.8,53.28,34.97,5.0,53.4,35.08,11,7,1,2.14,37.48,8,0,0,0,Healthy,0
NB00881,Male,42.0,5.2,149,56,98.1,52.99,35.53,4.97,53.33,35.96,8,8,4,2.37,36.66,10,0,0,0,Healthy,0
NB00882,Female,36.83,5.2,137,39,95.1,49.57,34.04,5.24,49.62,34.35,9,8,2,3.02,36.09,10,0,0,0,Healthy,0
NB00883,Male,36.92,5.2,176,48,93.3,52.31,33.34,4.97,52.24,32.72,10,5,3,2.42,38.1,6,0,1,7,At Risk,0
NB00884,Female,40.3,5.2,149,48,96.7,50.89,34.18,5.04,53.44,33.6,3,7,6,2.25,37.29,10,0,0,1,Healthy,0
NB00885,Female,39.5,5.2,132,34,99.1,46.27,38.14,5.21,46.56,38.57,8,6,5,1.45,36.77,8,0,0,0,Healthy,0
NB00886,Male,42.0,5.2,134,49,95.7,54.16,38.06,5.5,54.84,37.92,9,4,0,1.65,36.8,6,0,1,6,At Risk,0
NB00887,Male,39.28,5.2,137,36,98.0,51.09,34.71,5.19,50.8,34.76,5,2,3,5.22,35.84,10,0,0,3,At Risk,0
NB00888,Female,37.21,5.2,126,46,95.3,47.42,36.85,5.26,48.24,36.96,9,6,1,2.37,36.62,10,0,0,0,Healthy,0
NB00889,Male,39.3,5.2,170,36,94.1,51.56,35.93,5.0,51.8,35.7,7,9,2,0.36,36.47,7,0,0,0,Healthy,0
NB00890,Male,40.44,5.2,142,45,97.4,53.37,35.49,5.02,53.82,35.67,8,7,1,2.06,36.84,9,0,0,0,Healthy,0
NB00891,Male,39.81,5.2,119,43,95.8,49.33,38.49,4.77,50.01,39.0,12,3,1,4.93,37.53,9,0,0,1,Healthy,0
NB00892,Male,39.12,5.2,147,43,98.5,50.0,35.57,5.03,51.08,35.59,10,10,4,2.35,37.0,7,0,0,0,Healthy,0
NB00893,Female,40.35,5.2,166,45,100.0,54.67,36.37,5.38,55.57,37.29,9,5,4,3.07,37.71,7,0,0,1,Healthy,0
NB00894,Male,40.57,5.2,159,37,94.6,50.47,35.02,5.12,50.65,36.06,9,1,3,3.58,36.17,10,0,0,1,Healthy,0
NB00895,Female,41.04,5.2,126,30,97.3,52.47,36.0,5.26,52.68,35.6,6,7,2,2.9,36.11,9,0,0,0,Healthy,0
NB00896,Female,39.43,5.2,120,43,98.7,45.64,34.18,5.27,44.72,34.53,7,10,4,1.65,37.36,10,0,0,0,Healthy,0
NB00897,Female,37.63,5.2,166,53,96.4,46.31,35.7,5.38,46.33,35.66,8,7,2,2.58,36.85,10,0,0,0,Healthy,0
NB00898,Male,38.32,5.2,111,48,96.8,50.21,31.61,5.5,50.51,31.25,6,4,0,2.45,37.01,9,0,0,0,Healthy,0
NB00899,Female,40.65,5.2,147,46,95.5,54.44,37.71,5.35,55.56,37.78,6,4,5,3.15,36.79,9,0,0,1,Healthy,0
NB00900,Female,36.2,5.2,130,37,95.9,45.26,31.23,5.18,43.09,30.04,7,10,4,6.96,36.89,9,0,0,0,Healthy,0
NB00901,Female,38.81,5.2,164,44,96.8,50.48,34.28,5.39,50.99,34.85,12,5,3,2.1,37.11,7,0,0,0,Healthy,0
NB00902,Male,37.13,5.2,121,34,92.9,48.07,32.75,5.29,47.5,33.37,10,4,4,5.98,36.91,7,0,0,0,Healthy,0
NB00903,Female,38.06,5.2,126,38,89.1,51.56,33.06,4.78,52.54,33.3,8,4,4,1.39,36.54,7,1,0,4,At Risk,0
NB00904,Female,40.81,5.2,151,46,94.7,49.7,36.8,4.99,51.22,37.48,6,6,4,2.06,37.85,6,0,1,7,At Risk,0
NB00905,Male,38.42,5.2,154,24,94.4,50.84,34.09,5.19,50.99,33.77,8,10,5,1.44,36.84,8,0,0,2,Healthy,0
NB00906,Female,38.1,5.2,164,59,100.0,48.38,32.87,5.11,50.02,31.3,8,9,1,1.85,36.71,10,0,0,0,Healthy,0
NB00907,Male,35.01,5.2,149,29,96.0,47.35,31.94,5.21,48.42,31.75,11,7,1,5.32,36.64,6,0,1,6,At Risk,0
NB00908,Male,39.64,5.2,146,61,97.0,51.22,33.91,4.74,51.55,33.27,11,13,4,3.17,36.95,9,0,0,0,Healthy,0
NB00909,Male,39.42,5.2,159,34,93.6,50.37,33.99,5.4,48.97,34.09,6,8,3,0.3,36.69,9,0,0,0,Healthy,0
NB00910,Male,42.0,5.2,115,34,92.9,54.16,34.35,5.22,54.74,35.32,9,14,4,1.74,35.89,8,0,0,2,Healthy,0
NB00911,Male,37.32,5.2,124,38,92.1,49.08,32.65,5.47,48.45,32.93,7,6,4,0.2,36.69,9,0,0,0,Healthy,0
NB00912,Male,38.48,5.2,117,38,90.6,49.77,34.88,5.24,47.11,34.82,6,7,6,2.91,36.31,6,0,1,7,At Risk,0
NB00913,Female,38.55,5.2,92,36,97.5,49.38,34.24,5.27,48.48,35.01,10,5,2,2.99,36.92,8,1,1,5,At Risk,0
NB00914,Male,41.47,5.2,155,38,96.1,52.88,38.95,5.02,54.43,40.07,9,7,5,2.61,36.79,8,0,0,0,Healthy,0
NB00915,Female,37.79,5.2,166,43,100.0,49.86,37.57,4.99,50.18,37.94,13,6,2,5.27,36.5,9,0,0,0,Healthy,0
NB00916,Female,38.61,5.2,150,33,96.9,48.17,33.53,5.26,49.6,33.24,7,15,2,1.49,37.22,9,0,0,0,Healthy,0
NB00917,Female,39.34,5.2,147,50,95.9,50.1,33.49,5.23,51.88,33.66,6,6,1,3.6,36.77,8,0,0,0,Healthy,0
NB00918,Female,38.41,5.2,142,56,88.1,47.86,35.78,4.9,48.34,35.98,7,10,4,1.82,36.63,9,1,0,4,At Risk,0
NB00919,Female,37.02,5.2,141,23,100.0,48.64,33.62,5.42,48.26,33.6,8,7,1,5.03,36.64,9,0,0,2,Healthy,0
NB00920,Female,38.43,5.2,171,61,95.1,48.8,35.8,5.24,47.94,36.68,6,9,2,0.41,36.63,10,0,0,0,Healthy,0
NB00921,Female,40.36,5.2,168,50,87.7,53.27,36.05,5.13,53.4,36.66,7,8,7,2.16,37.03,9,1,0,4,At Risk,0
NB00922,Female,35.74,5.2,129,45,95.8,48.91,31.93,5.06,48.22,31.34,6,8,0,6.53,36.45,9,0,0,1,Healthy,0
NB00923,Male,38.29,5.2,160,36,92.2,48.02,33.72,5.38,47.08,33.06,7,7,3,2.24,36.83,6,0,1,6,At Risk,0
NB00924,Male,36.46,5.2,162,44,92.0,48.21,33.37,5.09,47.76,33.15,7,3,4,0.75,36.57,10,0,0,0,Healthy,0
NB00925,Female,40.63,5.2,152,51,95.9,53.24,35.32,5.28,53.18,34.83,9,9,3,3.61,36.51,8,0,0,0,Healthy,0
NB00926,Female,34.65,5.2,147,68,92.9,46.23,33.28,5.2,46.19,33.1,7,2,6,5.61,37.01,7,0,0,3,At Risk,0
NB00927,Male,36.77,5.2,146,64,98.6,47.04,30.99,5.12,47.15,31.08,8,11,3,3.89,36.38,9,0,0,0,Healthy,0
NB00928,Male,38.83,5.2,113,27,94.6,48.16,36.2,4.97,48.79,36.2,7,8,4,3.64,37.03,8,0,0,0,Healthy,0
NB00929,Male,41.44,5.2,112,40,96.4,54.41,33.4,5.49,54.43,33.6,5,8,1,1.39,36.94,10,0,0,0,Healthy,0
NB00930,Female,37.86,5.2,154,43,97.0,51.28,33.92,5.03,52.23,33.82,7,7,5,4.08,37.4,7,0,0,0,Healthy,0
NB00931,Male,36.78,5.2,120,55,95.9,48.08,32.45,5.06,49.0,31.71,11,10,2,2.13,36.01,9,0,0,0,Healthy,0
NB00932,Female,42.0,5.2,115,41,95.8,54.73,34.33,5.5,55.93,33.85,5,10,4,1.85,37.26,8,0,0,0,Healthy,0
NB00933,Female,34.81,5.2,103,34,95.5,40.8,28.48,5.21,40.89,27.95,7,3,3,0.39,36.66,10,0,0,0,Healthy,0
NB00934,Male,33.16,5.2,131,43,100.0,47.9,28.77,5.29,46.86,28.39,6,1,4,2.38,36.0,8,0,0,3,At Risk,0
NB00935,Female,38.97,5.2,147,38,98.0,50.16,34.55,5.5,50.12,34.89,9,8,2,0.8,36.5,10,0,0,0,Healthy,0
NB00936,Male,36.9,5.2,148,52,92.6,48.89,32.12,5.5,48.12,31.98,7,7,1,1.94,37.03,7,0,0,0,Healthy,0
NB00937,Male,35.75,5.2,155,66,91.1,46.94,30.67,5.12,47.93,30.21,8,5,2,2.76,36.76,10,0,0,1,Healthy,0
NB00938,Male,39.56,5.2,133,51,92.2,53.79,36.92,5.46,52.52,36.97,10,7,4,5.19,37.41,10,0,0,0,Healthy,0
NB00939,Male,38.54,5.2,142,52,96.5,47.96,32.33,4.91,48.5,32.6,8,4,2,0.25,36.65,10,0,0,0,Healthy,0
NB00940,Female,36.76,5.2,155,54,91.1,51.43,33.95,4.88,51.83,34.2,7,8,3,3.18,36.78,8,0,0,0,Healthy,0
NB00941,Male,35.18,5.2,148,47,92.7,47.86,30.49,5.24,48.79,32.04,11,5,4,3.91,36.72,10,0,0,0,Healthy,0
NB00942,Male,39.92,5.2,129,38,90.3,52.57,33.46,5.21,53.05,33.2,7,7,0,1.87,36.34,8,0,0,0,Healthy,0
NB00943,Female,39.43,5.2,145,39,98.3,50.23,33.9,5.36,50.38,34.22,9,8,3,1.98,36.79,10,0,0,0,Healthy,0
NB00944,Female,37.78,5.2,104,53,97.3,46.79,34.58,5.34,45.89,35.32,7,5,2,5.61,36.7,10,0,0,0,Healthy,0
NB00945,Female,42.0,5.2,140,45,98.1,55.06,34.54,5.37,56.97,35.58,9,6,4,1.33,36.84,7,0,0,0,Healthy,0
NB00946,Male,35.65,5.2,129,32,93.3,48.1,32.58,5.5,48.25,32.53,9,7,6,6.06,36.83,10,0,0,0,Healthy,0
NB00947,Female,34.64,5.2,167,55,88.8,49.3,30.01,5.5,49.15,29.03,11,8,2,4.0,36.8,10,1,0,4,At Risk,0
NB00948,Male,36.48,5.2,122,34,92.1,47.84,31.56,5.41,48.16,31.48,7,10,5,6.13,36.84,5,0,1,6,At Risk,0
NB00949,Male,37.9,5.2,142,31,90.3,48.67,34.33,5.23,50.0,34.64,10,6,4,4.34,37.29,5,0,1,7,At Risk,0
NB00950,Female,38.54,5.2,132,33,90.2,52.86,37.43,5.19,52.81,39.12,9,9,2,0.2,36.36,7,0,0,0,Healthy,0
NB00951,Female,37.47,5.2,130,45,99.0,52.95,32.06,5.23,54.3,31.33,8,8,3,4.22,36.47,8,0,0,0,Healthy,0
NB00952,Male,38.77,5.2,147,52,94.1,50.32,35.42,5.12,50.72,35.49,6,8,3,1.38,37.44,9,0,0,0,Healthy,0
NB00953,Female,35.25,5.2,132,45,96.0,45.62,31.4,5.41,46.55,31.1,5,9,4,3.31,37.37,9,0,0,0,Healthy,0
NB00954,Male,41.18,5.2,173,36,98.9,54.08,35.31,5.44,54.54,35.96,8,11,0,4.71,36.92,9,0,0,0,Healthy,0
NB00955,Male,37.82,5.2,104,34,91.4,48.93,35.28,5.1,49.8,35.01,7,7,3,3.48,37.71,9,0,0,1,Healthy,0
NB00956,Male,40.46,5.2,151,50,97.1,53.01,34.26,5.2,54.09,33.44,8,9,5,3.09,37.02,7,0,0,0,Healthy,0
NB00957,Female,38.75,5.2,138,41,89.9,49.76,32.6,4.88,50.39,31.46,7,6,4,3.77,37.64,9,1,0,4,At Risk,0
NB00958,Male,39.0,5.2,139,45,95.9,53.63,35.19,5.21,55.43,35.45,9,6,3,7.01,37.46,8,0,0,0,Healthy,0
NB00959,Male,39.25,5.2,145,41,98.7,49.33,37.07,5.24,49.41,37.22,8,4,4,5.12,37.53,9,0,0,0,Healthy,0
NB00960,Male,38.98,5.2,158,45,91.0,51.45,35.61,5.01,52.83,36.03,8,6,3,0.2,36.28,9,0,0,0,Healthy,0
NB00961,Female,39.41,5.2,145,46,97.9,49.9,32.68,5.12,49.47,32.86,5,8,3,5.51,37.1,10,0,0,0,Healthy,0
NB00962,Male,40.92,5.2,158,66,95.8,51.67,34.92,5.0,52.27,35.21,8,7,4,3.17,36.76,10,0,0,1,Healthy,0
NB00963,Female,38.43,5.2,141,46,93.4,49.17,35.57,4.92,48.54,35.95,10,6,3,3.5,36.2,8,0,0,0,Healthy,0
NB00964,Female,39.56,5.2,121,38,90.8,52.48,37.26,5.5,51.87,36.86,7,6,1,3.61,37.4,8,0,0,0,Healthy,0
NB00965,Female,37.8,5.2,138,44,95.8,51.26,34.0,4.92,52.77,34.1,5,7,1,4.92,37.34,7,0,0,0,Healthy,0
NB00966,Female,41.17,5.2,161,33,96.7,53.57,35.15,5.25,55.86,35.55,7,7,4,0.49,36.73,10,0,0,1,Healthy,0
NB00967,Female,36.51,5.2,133,32,93.9,48.04,35.23,5.43,48.08,34.76,10,11,3,2.74,36.52,8,0,0,0,Healthy,0
NB00968,Male,41.96,5.2,121,54,91.6,53.45,36.46,5.5,52.64,35.51,5,7,4,4.19,36.83,8,0,0,0,Healthy,0
NB00969,Female,37.91,5.2,151,45,97.7,51.32,32.83,5.02,51.5,33.14,3,4,2,4.48,35.98,8,0,0,3,At Risk,0
NB00970,Male,34.85,5.2,146,53,99.1,48.63,30.43,5.49,48.05,30.42,8,12,1,6.62,36.19,7,0,0,0,Healthy,0
NB00971,Female,38.28,5.2,126,26,98.3,44.47,32.2,5.26,45.97,33.11,5,7,4,3.61,36.67,10,0,0,0,Healthy,0
NB00972,Female,36.5,5.2,136,32,100.0,47.71,37.0,5.34,48.51,37.5,5,7,3,3.17,37.08,9,0,0,0,Healthy,0
NB00973,Male,39.85,5.2,137,45,92.7,50.82,37.23,5.5,51.6,37.14,8,5,2,1.16,36.72,8,0,0,0,Healthy,0
NB00974,Male,36.56,5.2,140,34,90.0,49.65,31.81,5.35,49.73,31.1,11,5,3,2.04,36.55,6,0,1,6,At Risk,0
NB00975,Female,37.02,5.2,152,28,96.4,48.58,35.71,5.04,48.06,36.62,7,11,2,1.79,36.43,9,0,0,0,Healthy,0
NB00976,Female,33.84,5.2,133,31,93.6,47.3,31.69,4.82,48.55,32.26,5,5,4,3.4,37.9,7,0,0,0,Healthy,0
NB00977,Male,37.0,5.2,153,39,98.5,46.55,33.81,5.36,46.64,34.69,3,5,3,1.91,36.32,8,0,0,1,Healthy,0
NB00978,Female,32.67,5.2,130,46,91.4,45.32,28.99,5.31,44.48,29.67,8,8,3,1.77,35.98,8,0,0,2,Healthy,0
NB00979,Male,34.52,5.2,170,59,91.6,48.26,30.59,5.07,50.02,29.96,8,3,4,2.75,36.54,10,0,0,0,Healthy,0
NB00980,Female,39.67,5.2,170,31,95.2,48.16,34.91,5.27,50.83,35.28,8,10,2,2.38,37.03,10,0,0,0,Healthy,0
NB00981,Female,39.73,5.2,125,32,95.6,56.18,32.06,4.96,56.54,32.73,10,9,5,0.2,36.85,10,0,0,0,Healthy,0
NB00982,Male,38.94,5.2,118,27,97.4,52.82,33.72,5.3,53.38,33.89,10,7,1,2.52,36.46,7,0,0,0,Healthy,0
NB00983,Male,35.87,5.2,158,48,94.7,47.69,32.32,4.96,49.7,32.22,6,8,3,2.79,36.89,10,0,0,0,Healthy,0
NB00984,Male,37.9,5.2,145,43,88.3,47.85,35.69,5.47,47.75,35.51,10,11,5,2.25,37.3,10,1,0,4,At Risk,0
NB00985,Female,37.99,5.2,150,32,100.0,49.24,32.87,5.5,50.57,32.51,8,9,3,1.99,36.89,9,0,0,0,Healthy,0
NB00986,Female,35.45,5.2,128,34,95.1,47.47,33.23,5.29,47.1,33.27,7,9,3,6.24,36.87,8,0,0,0,Healthy,0
NB00987,Male,41.31,5.2,138,41,100.0,53.46,33.02,5.31,54.14,32.37,6,8,3,1.97,36.87,9,0,0,0,Healthy,0
NB00988,Female,39.93,5.2,134,41,94.6,54.34,36.9,5.35,53.57,35.91,6,7,5,2.5,36.46,7,0,0,0,Healthy,0
NB00989,Female,37.51,5.2,145,32,91.3,48.21,32.11,5.29,48.15,31.88,6,7,2,5.36,37.0,9,0,0,0,Healthy,0
NB00990,Male,38.06,5.2,118,44,93.9,50.78,34.04,5.01,49.32,33.79,11,8,2,2.19,37.27,9,0,0,0,Healthy,0
NB00991,Female,38.46,5.2,138,28,98.9,47.43,34.73,5.5,48.12,36.17,7,9,4,2.69,37.41,10,0,0,0,Healthy,0
NB00992,Female,33.51,5.2,117,42,97.2,44.73,30.97,5.32,45.33,31.89,8,6,3,0.2,36.99,8,0,0,0,Healthy,0
NB00993,Female,37.46,5.2,131,40,96.1,49.86,33.26,5.34,49.04,33.24,4,8,1,2.15,36.81,6,0,1,6,At Risk,0
NB00994,Female,36.5,5.2,138,46,94.8,49.63,30.89,5.43,52.03,30.97,6,6,3,3.92,37.64,8,0,0,0,Healthy,0
NB00995,Female,35.8,5.2,149,54,95.5,46.11,30.92,5.42,46.39,31.65,6,8,2,5.94,36.85,10,0,0,0,Healthy,0
NB00996,Female,37.38,5.2,151,38,94.5,48.16,34.86,5.48,48.22,34.95,12,7,3,2.06,36.58,8,0,0,1,Healthy,0
NB00997,Male,41.95,5.2,154,42,99.2,56.08,35.67,5.32,55.3,35.66,7,8,2,1.73,36.49,9,0,0,0,Healthy,0
NB00998,Male,39.41,5.2,113,22,98.2,53.19,34.63,5.06,54.17,34.58,7,8,3,3.17,36.44,10,0,0,2,Healthy,0
NB00999,Female,36.74,5.2,163,62,91.7,48.89,30.68,5.31,48.19,30.7,5,7,2,3.0,36.57,6,0,1,7,At Risk,0
NB01000,Female,39.26,5.2,128,23,89.8,46.26,35.97,5.22,47.23,35.4,7,5,4,3.01,37.67,9,1,0,7,At Risk,0
NB01001,Female,41.08,5.2,130,41,90.7,57.39,33.98,5.06,56.72,34.76,7,10,3,4.26,36.46,7,0,0,0,Healthy,0
NB01002,Male,40.03,5.2,145,17,93.8,51.39,36.6,5.5,52.03,36.54,10,6,3,5.68,37.49,10,0,0,2,Healthy,0
NB01003,Female,38.13,5.2,134,34,95.8,49.09,32.3,5.2,49.1,33.15,3,10,2,3.92,36.71,7,0,0,1,Healthy,0
NB01004,Male,36.58,5.2,147,59,94.8,47.27,34.33,5.28,48.26,35.07,5,4,2,4.31,37.27,9,0,0,0,Healthy,0
NB01005,Female,39.54,5.2,150,53,97.2,51.74,34.89,5.08,50.63,35.27,8,4,2,4.82,36.31,10,0,0,0,Healthy,0
NB01006,Female,38.87,5.2,126,52,94.9,51.15,33.57,5.22,51.81,34.41,9,10,3,5.67,36.79,9,0,0,0,Healthy,0
NB01007,Female,39.97,5.2,137,40,100.0,53.27,37.58,5.42,52.49,37.56,6,11,4,4.0,36.07,9,0,0,0,Healthy,0
NB01008,Female,39.4,5.2,137,59,96.8,49.01,34.67,5.5,48.56,34.44,10,8,2,1.94,36.81,9,0,0,0,Healthy,0
NB01009,Female,40.31,5.2,157,45,95.1,51.05,34.87,4.94,51.83,34.58,8,3,3,4.88,37.15,10,0,0,0,Healthy,0
NB01010,Female,36.82,5.2,132,49,89.7,52.6,34.34,5.23,52.85,34.48,6,10,3,6.63,37.24,9,1,0,4,At Risk,0
NB01011,Male,40.9,5.2,131,68,96.2,52.66,33.61,4.6,53.23,34.13,5,5,4,2.27,36.8,9,0,0,1,Healthy,0
NB01012,Female,38.43,5.2,122,53,96.7,49.65,30.31,5.14,50.6,30.64,8,4,5,3.81,36.64,9,0,0,0,Healthy,0
NB01013,Female,42.0,5.2,124,41,92.5,51.32,38.34,5.25,51.68,39.59,9,7,4,4.17,36.84,9,0,0,0,Healthy,0
NB01014,Male,36.48,5.2,116,47,91.0,49.25,31.48,5.26,49.31,31.89,3,6,5,3.83,36.54,8,0,0,1,Healthy,0
NB01015,Male,41.82,5.2,127,56,98.8,55.1,37.77,5.5,54.3,37.54,7,9,4,4.16,36.54,8,0,0,0,Healthy,0
NB01016,Female,38.44,5.2,169,48,91.6,51.74,34.17,5.18,54.14,34.37,5,8,3,1.66,36.62,9,0,0,0,Healthy,0
NB01017,Male,36.57,5.2,152,50,95.6,47.79,31.05,5.5,48.54,31.69,8,6,5,4.75,36.9,10,0,0,0,Healthy,0
NB01018,Female,36.94,5.2,163,55,95.1,49.36,33.97,5.28,49.57,33.78,8,9,2,5.43,37.45,8,0,0,0,Healthy,0
NB01019,Male,37.3,5.2,123,67,96.6,52.31,32.69,5.13,52.19,32.41,7,13,4,1.98,37.38,8,0,0,1,Healthy,0
NB01020,Female,38.93,5.2,105,33,91.6,52.58,32.84,5.27,52.99,33.63,12,6,2,1.55,36.66,10,0,0,0,Healthy,0
NB01021,Female,39.15,5.2,146,49,94.6,49.07,33.03,5.26,49.26,33.59,11,8,2,3.06,36.43,10,0,0,1,Healthy,0
NB01022,Female,36.74,5.2,173,47,91.6,43.37,30.32,5.27,44.1,30.44,9,9,5,3.74,36.47,10,0,0,0,Healthy,0
NB01023,Male,37.95,5.2,131,38,95.3,50.15,34.37,5.09,49.77,34.16,6,8,3,3.16,36.13,8,0,0,0,Healthy,0
NB01024,Female,42.0,5.2,142,36,96.8,54.8,35.2,5.09,56.68,35.12,6,12,5,3.29,37.13,8,0,0,0,Healthy,0
NB01025,Male,41.8,5.2,112,59,98.1,50.84,36.41,5.46,51.73,36.69,10,10,5,2.71,36.17,9,0,0,0,Healthy,0
NB01026,Male,38.96,5.2,141,32,100.0,50.45,34.2,5.44,48.84,34.74,5,5,3,3.85,35.78,8,0,0,2,Healthy,0
NB01027,Female,38.08,5.2,138,28,94.1,49.15,32.45,5.06,49.64,33.17,8,5,3,0.2,37.13,8,0,0,0,Healthy,0
NB01028,Male,38.26,5.2,102,36,94.0,50.05,31.7,5.2,51.05,31.91,12,7,7,1.84,37.11,9,0,0,0,Healthy,0
NB01029,Female,39.35,5.2,121,24,99.5,49.73,38.55,5.31,48.61,37.92,5,8,3,2.73,36.31,9,0,0,2,Healthy,0
NB01030,Female,35.75,5.2,120,34,97.0,50.16,32.15,5.39,51.46,33.12,10,10,0,4.1,36.94,6,0,1,7,At Risk,0
NB01031,Male,37.43,5.2,112,31,99.3,49.39,36.14,5.27,50.22,36.95,9,10,5,5.03,36.21,9,0,0,0,Healthy,0
NB01032,Female,34.33,5.2,127,43,100.0,44.54,32.98,5.46,43.43,33.66,9,7,4,5.4,36.76,8,0,0,0,Healthy,0
NB01033,Female,38.88,5.2,149,56,92.0,52.23,33.93,5.21,52.25,34.85,8,9,4,1.54,36.96,7,0,0,1,Healthy,0
NB01034,Male,39.42,5.2,129,36,97.8,48.35,35.07,5.5,47.41,35.66,9,11,3,0.56,37.11,9,0,0,0,Healthy,0
NB01035,Female,36.94,5.2,161,51,92.9,51.21,33.28,5.5,52.25,33.45,9,8,3,0.9,36.98,8,0,0,0,Healthy,0
NB01036,Female,41.46,5.2,133,50,100.0,54.7,38.99,5.24,53.88,38.43,7,8,3,1.1,35.95,9,0,0,2,Healthy,0
NB01037,Male,35.3,5.2,146,20,90.8,49.95,33.16,5.31,49.22,32.79,9,9,3,0.82,36.94,7,0,0,2,Healthy,0
NB01038,Male,34.78,5.2,149,36,98.2,46.38,30.33,5.04,46.67,30.2,7,8,5,1.59,37.78,6,0,1,6,At Risk,0
NB01039,Male,38.49,5.2,168,38,93.1,49.05,34.67,5.2,51.32,35.24,6,9,5,2.7,36.98,7,0,0,0,Healthy,0
NB01040,Female,40.3,5.2,127,46,96.9,51.84,36.62,5.27,53.26,37.67,7,12,2,6.3,36.18,8,0,0,0,Healthy,0
NB01041,Female,41.7,5.2,148,48,99.4,52.77,34.63,5.37,51.98,35.56,7,4,4,0.55,36.48,7,0,0,1,Healthy,0
NB01042,Male,36.99,5.2,123,45,92.7,47.39,33.83,5.19,46.36,33.66,11,7,1,3.28,36.57,10,0,0,0,Healthy,0
NB01043,Male,40.37,5.2,171,33,89.9,50.63,37.48,5.38,50.24,37.5,10,6,5,1.82,35.75,10,1,0,6,At Risk,0
NB01044,Male,37.92,5.2,121,36,94.1,48.79,32.45,5.15,47.59,31.74,8,5,2,1.08,36.85,8,0,0,0,Healthy,0
NB01045,Male,37.62,5.2,147,27,93.6,46.92,32.46,5.43,47.91,33.56,5,6,3,6.0,36.64,9,0,0,0,Healthy,0
NB01046,Female,39.94,5.2,168,43,90.5,52.71,36.9,5.31,53.56,36.13,6,2,5,2.27,36.66,8,0,0,1,Healthy,0
NB01047,Male,39.44,5.2,118,38,88.0,50.79,34.27,5.3,51.9,34.27,11,6,2,2.97,36.74,10,1,0,4,At Risk,0
NB01048,Male,34.53,5.2,151,47,99.3,45.86,29.9,5.14,46.11,30.83,5,10,3,4.5,36.48,7,0,0,0,Healthy,0
NB01049,Male,41.25,5.2,122,49,100.0,50.3,37.4,5.21,50.62,37.73,9,4,1,2.44,37.18,7,0,0,0,Healthy,0
NB01050,Male,41.04,5.2,182,39,92.9,50.01,36.79,5.16,49.15,37.23,7,3,3,0.56,36.88,7,0,0,1,Healthy,0
NB01051,Male,36.62,5.2,106,45,94.0,52.23,32.98,5.4,52.71,33.23,9,6,3,5.46,36.56,8,0,0,0,Healthy,0
NB01052,Female,38.87,5.2,113,40,97.8,49.13,36.1,4.96,50.59,35.16,8,5,0,1.92,37.0,8,0,0,1,Healthy,0
NB01053,Male,39.09,5.2,120,31,97.9,51.8,36.35,5.09,51.57,36.72,8,9,4,3.93,36.96,9,0,0,0,Healthy,0
NB01054,Female,38.57,5.2,120,34,100.0,50.44,34.08,5.47,51.05,34.55,6,11,1,2.47,36.37,10,0,0,0,Healthy,0
NB01055,Male,36.79,5.2,149,19,97.2,42.96,35.91,5.27,43.23,35.68,9,13,2,3.11,36.72,9,0,0,2,Healthy,0
NB01056,Male,36.52,5.2,172,38,91.4,51.86,35.14,5.47,51.52,35.69,8,5,3,3.84,36.72,9,0,0,0,Healthy,0
NB01057,Male,37.94,5.2,161,36,97.8,50.92,30.78,5.4,51.63,30.61,8,9,1,3.9,36.54,10,0,0,0,Healthy,0
NB01058,Male,40.58,5.2,144,31,92.6,50.39,34.06,5.42,52.4,34.99,6,7,4,3.75,36.19,9,0,0,0,Healthy,0
NB01059,Male,39.2,5.2,140,50,94.8,50.62,31.25,5.31,52.19,31.33,7,8,3,2.24,36.52,9,0,0,0,Healthy,0
NB01060,Male,37.18,5.2,129,47,98.9,46.57,32.74,5.1,45.93,33.18,6,8,1,1.18,37.37,9,0,0,0,Healthy,0
NB01061,Female,39.7,5.2,147,48,91.8,54.78,33.17,5.25,55.1,33.45,7,7,5,0.78,36.51,10,0,0,0,Healthy,0
NB01062,Female,31.73,5.2,136,49,94.7,42.14,28.19,4.98,43.08,28.73,9,5,7,3.38,37.2,8,0,0,3,At Risk,0
NB01063,Male,40.53,5.2,143,42,90.7,50.83,37.2,5.2,51.11,37.37,5,5,2,3.5,36.78,8,0,0,0,Healthy,0
NB01064,Male,34.17,5.2,127,42,91.5,44.7,28.49,5.12,43.61,29.02,8,8,2,2.66,36.88,9,0,0,0,Healthy,0
NB01065,Male,37.2,5.2,118,50,93.1,49.04,33.44,4.86,48.49,33.96,7,8,2,3.03,36.25,10,0,0,0,Healthy,0
NB01066,Female,35.54,5.2,140,49,100.0,50.12,32.26,5.32,50.95,31.63,11,5,3,2.49,37.32,7,0,0,0,Healthy,0
NB01067,Male,35.15,5.2,140,52,95.1,50.62,31.68,5.3,52.74,32.17,7,6,4,6.3,37.73,8,0,0,0,Healthy,0
NB01068,Male,40.55,5.2,129,42,100.0,51.1,35.78,5.48,50.65,35.61,8,10,2,1.33,36.49,10,0,0,0,Healthy,0
NB01069,Female,36.97,5.2,126,32,98.3,49.43,29.73,4.99,48.68,29.74,9,7,4,1.13,37.39,8,0,0,0,Healthy,0
NB01070,Male,38.76,5.2,150,44,98.4,50.45,33.12,5.45,51.78,33.07,11,8,3,3.47,36.23,10,0,0,0,Healthy,0
NB01071,Male,37.9,5.2,148,36,91.2,47.54,36.04,4.77,47.98,35.9,9,11,3,2.92,36.78,10,0,0,1,Healthy,0
NB01072,Male,39.05,5.2,174,49,94.5,55.39,32.74,5.2,55.2,33.68,13,7,3,1.68,36.27,8,0,0,0,Healthy,0
NB01073,Female,38.17,5.2,165,45,91.0,52.48,36.42,5.5,52.48,35.69,10,6,1,1.69,36.97,8,0,0,0,Healthy,0
NB01074,Male,35.18,5.2,119,43,93.9,47.44,29.71,5.22,47.5,28.18,8,6,4,2.97,36.71,9,0,0,0,Healthy,0
NB01075,Female,40.19,5.2,137,38,93.4,54.74,33.04,5.08,55.69,32.81,3,9,5,2.65,36.78,8,0,0,1,Healthy,0
NB01076,Male,36.91,5.2,115,52,94.9,51.05,31.61,5.21,51.47,31.6,7,3,5,0.68,37.39,8,0,0,0,Healthy,0
NB01077,Male,34.58,5.2,107,51,97.9,46.68,33.1,5.4,45.35,32.71,9,11,3,3.55,37.36,7,0,0,0,Healthy,0
NB01078,Female,37.06,5.2,180,36,94.1,49.4,32.32,5.17,49.48,31.85,5,10,0,3.52,36.72,7,0,0,0,Healthy,0
NB01079,Female,41.3,5.2,167,30,98.0,55.6,36.63,5.31,57.63,37.15,4,4,3,5.99,37.3,10,0,0,0,Healthy,0
NB01080,Male,39.87,5.2,129,44,89.9,49.39,35.22,5.31,50.7,35.39,9,6,3,3.73,37.32,9,1,0,4,At Risk,0
NB01081,Female,37.23,5.2,162,54,96.6,52.26,33.18,5.34,53.71,34.8,5,6,4,4.21,37.3,8,0,0,0,Healthy,0
NB01082,Male,37.23,5.2,165,29,93.5,48.46,35.17,5.44,47.82,34.8,8,8,1,4.16,36.87,9,0,0,0,Healthy,0
NB01083,Female,37.29,5.2,105,47,95.9,52.01,34.46,5.5,52.57,34.79,8,5,2,4.99,36.95,10,0,0,0,Healthy,0
NB01084,Female,42.0,5.2,155,34,98.0,53.19,34.89,5.25,54.34,35.32,5,1,2,1.37,36.67,9,0,0,1,Healthy,0
NB01085,Female,38.84,5.2,131,32,90.0,51.03,33.97,5.29,51.31,33.9,12,10,2,3.09,37.85,10,1,0,4,At Risk,0
NB01086,Female,38.95,5.2,147,51,100.0,50.38,37.08,4.99,51.77,36.53,7,1,3,2.8,36.98,8,0,0,1,Healthy,0
NB01087,Female,40.27,5.2,194,49,94.3,50.58,35.87,5.42,49.92,35.91,10,11,2,4.07,36.76,7,0,0,1,Healthy,0
NB01088,Male,38.53,5.2,169,40,100.0,49.53,31.91,5.5,49.95,32.34,11,6,4,2.35,37.03,10,0,0,0,Healthy,0
NB01089,Female,37.43,5.2,138,50,95.2,51.85,31.25,5.37,51.45,30.95,6,7,5,6.2,36.92,8,0,0,0,Healthy,0
NB01090,Male,37.57,5.2,166,49,99.6,44.58,34.83,4.95,46.26,34.79,12,6,0,3.96,37.73,8,0,0,0,Healthy,0
NB01091,Male,37.84,5.2,105,27,95.2,46.98,34.74,5.15,47.13,34.77,6,6,3,4.48,36.79,7,0,0,0,Healthy,0
NB01092,Male,37.92,5.2,149,43,95.9,48.08,32.36,5.24,48.06,31.99,8,7,6,1.91,37.14,7,0,0,1,Healthy,0
NB01093,Female,39.6,5.2,149,56,95.4,48.88,36.04,5.06,47.95,36.92,9,6,3,2.94,36.75,10,0,0,0,Healthy,0
NB01094,Male,38.11,5.2,153,47,94.2,52.72,36.28,5.5,53.75,36.48,5,5,2,2.42,36.04,10,0,0,0,Healthy,0
NB01095,Female,39.61,5.2,131,16,94.1,53.57,37.12,5.31,54.21,37.09,8,9,2,2.71,36.8,10,0,0,2,Healthy,0
NB01096,Female,37.82,5.2,147,31,95.8,50.62,36.08,5.42,50.81,36.67,9,6,5,4.86,37.18,8,0,0,0,Healthy,0
NB01097,Female,38.17,5.2,155,52,96.9,48.48,34.75,5.42,49.28,34.95,9,12,2,3.6,36.86,8,0,0,1,Healthy,0
NB01098,Female,33.6,5.2,98,36,95.8,48.31,30.46,5.25,49.59,31.28,11,5,4,0.97,36.28,8,1,1,5,At Risk,0
NB01099,Male,40.02,5.2,134,53,96.8,48.24,34.61,4.99,48.64,34.18,6,8,3,0.2,37.51,10,0,0,0,Healthy,0
NB01100,Male,38.76,5.2,124,62,89.7,54.57,34.31,5.39,55.21,34.77,8,6,2,5.69,36.26,9,1,0,4,At Risk,0
NB01101,Female,40.2,5.2,152,40,98.2,50.21,34.02,5.5,50.95,34.11,7,5,5,0.7,36.45,8,0,0,0,Healthy,0
NB01102,Female,31.63,5.2,165,36,92.4,43.34,28.8,5.15,41.78,29.71,6,7,7,2.18,36.29,7,0,0,3,At Risk,0
NB01103,Male,42.0,5.2,129,32,89.2,52.34,38.51,5.12,53.01,39.19,7,9,4,5.48,36.33,10,1,0,4,At Risk,0
NB01104,Female,37.69,5.2,120,50,100.0,47.18,31.17,5.4,45.74,31.45,8,9,4,2.24,36.82,8,0,0,0,Healthy,0
NB01105,Female,40.44,5.2,142,36,99.9,55.64,33.2,5.41,55.85,33.48,7,7,5,2.43,37.07,7,0,0,0,Healthy,0
NB01106,Male,35.71,5.2,119,38,95.0,49.12,33.44,5.46,49.88,33.49,7,11,2,2.78,36.54,8,0,0,0,Healthy,0
NB01107,Male,39.35,5.2,136,31,98.7,53.24,34.22,5.2,51.62,35.0,9,9,3,2.89,37.05,9,0,0,0,Healthy,0
NB01108,Male,35.68,5.2,134,38,93.8,45.07,29.29,5.2,45.32,29.07,10,8,1,2.22,37.15,9,0,0,0,Healthy,0
NB01109,Male,36.63,5.2,150,35,93.4,48.73,32.75,4.7,48.57,32.81,10,9,4,2.28,36.65,6,0,1,6,At Risk,0
NB01110,Male,42.0,5.2,146,22,92.9,54.24,36.29,5.24,54.19,36.77,9,4,2,5.14,36.12,8,0,0,2,Healthy,0
NB01111,Male,37.58,5.2,143,34,92.8,49.76,32.86,5.12,50.74,32.52,6,10,5,3.7,37.48,8,0,0,0,Healthy,0
NB01112,Male,38.48,5.2,169,49,94.1,47.71,35.16,4.79,49.81,34.65,6,4,2,1.59,36.5,8,0,0,0,Healthy,0
NB01113,Male,39.91,5.2,145,55,92.5,53.47,33.14,5.5,54.41,33.78,7,8,3,6.52,35.81,9,0,0,2,Healthy,0
NB01114,Female,39.09,5.2,132,41,85.0,50.82,34.58,5.28,51.05,33.82,7,7,3,5.67,36.62,8,1,0,4,At Risk,0
NB01115,Female,38.33,5.2,135,42,94.4,47.99,33.72,4.87,46.84,34.37,8,3,5,4.21,37.06,6,0,1,6,At Risk,0
NB01116,Male,38.8,5.2,126,45,91.6,46.61,34.42,5.31,48.18,34.32,7,4,6,3.2,37.13,7,0,0,0,Healthy,0
NB01117,Male,42.0,5.2,122,62,96.0,54.41,34.0,5.5,54.45,33.38,9,7,4,2.51,36.29,9,0,0,0,Healthy,0
NB01118,Male,37.87,5.2,115,32,94.2,54.39,32.93,5.47,52.9,33.85,6,7,2,4.75,35.97,7,0,0,2,Healthy,0
NB01119,Female,38.44,5.2,160,29,97.2,47.97,34.14,5.42,47.01,33.16,10,5,5,7.3,36.94,7,0,0,0,Healthy,0
NB01120,Female,40.31,5.2,127,41,95.0,52.02,36.23,4.98,50.95,37.0,8,6,5,7.03,37.03,10,0,0,0,Healthy,0
NB01121,Female,40.43,5.2,146,46,90.6,54.01,38.27,5.12,53.1,40.1,9,3,1,1.83,37.3,10,0,0,0,Healthy,0
NB01122,Female,40.61,5.2,135,42,90.6,49.41,36.84,5.06,50.62,37.96,8,3,4,5.41,37.25,8,0,0,0,Healthy,0
NB01123,Male,39.41,5.2,139,28,90.7,49.9,35.48,5.23,50.3,35.39,6,6,4,1.92,36.87,8,0,0,0,Healthy,0
NB01124,Male,35.49,5.2,161,51,92.0,45.62,33.95,5.39,46.36,34.97,9,2,2,5.62,36.39,9,0,0,1,Healthy,0
NB01125,Male,41.59,5.2,143,41,92.5,54.8,35.86,5.32,52.2,36.64,6,6,3,2.77,36.58,7,0,0,1,Healthy,0
NB01126,Male,35.48,5.2,123,48,98.2,49.98,34.37,5.05,50.95,33.97,7,8,1,3.93,36.69,8,0,0,0,Healthy,0
NB01127,Male,38.67,5.2,130,58,95.7,50.52,35.94,5.19,51.35,35.46,4,6,4,1.73,36.39,10,0,0,0,Healthy,0
NB01128,Male,36.34,5.2,155,27,88.5,46.42,31.97,5.44,44.83,32.22,6,8,2,0.48,37.29,7,1,0,5,At Risk,0
NB01129,Male,37.86,5.2,149,25,91.9,48.59,36.59,5.33,47.54,37.01,6,5,4,3.79,37.26,10,0,0,2,Healthy,0
NB01130,Female,38.72,5.2,157,48,94.9,48.99,34.98,5.31,50.33,35.7,7,2,3,3.0,36.17,10,0,0,1,Healthy,0
NB01131,Female,38.71,5.2,136,22,91.5,48.28,37.58,5.05,47.89,38.28,9,8,1,0.49,36.66,9,0,0,2,Healthy,0
NB01132,Male,38.93,5.2,115,38,95.3,50.23,34.9,5.26,51.44,35.14,9,6,2,4.2,37.73,10,0,0,0,Healthy,0
NB01133,Male,41.55,5.2,149,36,92.1,53.94,35.44,5.0,54.15,35.24,13,4,5,1.88,37.32,10,0,0,0,Healthy,0
NB01134,Female,39.0,5.2,145,46,94.5,51.48,33.35,5.06,51.17,33.99,10,6,2,0.2,36.88,7,0,0,1,Healthy,0
NB01135,Male,37.46,5.2,145,35,93.0,49.1,32.89,4.93,49.16,33.67,12,5,2,1.82,37.29,8,0,0,0,Healthy,0
NB01136,Male,40.12,5.2,115,47,95.4,51.62,34.43,5.5,49.83,34.61,6,9,3,6.19,37.54,9,0,0,0,Healthy,0
NB01137,Female,40.62,5.2,128,31,100.0,51.79,37.54,5.5,52.37,37.53,8,5,4,4.45,36.84,7,0,0,0,Healthy,0
NB01138,Female,35.3,5.2,123,30,98.1,44.57,31.87,5.03,43.58,31.68,11,5,3,4.05,36.19,10,0,0,0,Healthy,0
NB01139,Female,39.31,5.2,147,42,91.2,51.1,32.3,5.07,49.47,31.51,8,7,1,4.52,37.19,10,0,0,0,Healthy,0
NB01140,Male,39.54,5.2,148,43,100.0,49.82,35.2,5.17,48.54,34.86,8,7,5,1.95,37.21,7,0,0,0,Healthy,0
NB01141,Male,37.35,5.2,139,45,99.1,46.32,33.53,5.47,45.61,34.5,9,6,7,0.35,36.35,8,0,0,0,Healthy,0
NB01142,Male,41.03,5.2,157,57,92.6,53.07,35.22,5.35,53.85,35.34,5,2,3,2.37,36.92,7,0,0,1,Healthy,0
NB01143,Female,37.67,5.2,167,55,92.0,48.08,33.97,5.5,47.48,33.71,11,3,4,3.89,36.44,8,0,0,0,Healthy,0
NB01144,Male,38.28,5.2,146,47,96.2,50.3,33.93,5.5,51.26,34.01,6,7,2,3.36,36.06,8,0,0,0,Healthy,0
NB01145,Female,37.62,5.2,152,50,97.5,50.95,34.48,5.33,52.04,34.36,7,4,5,2.69,36.9,9,0,0,0,Healthy,0
NB01146,Male,38.03,5.2,130,45,100.0,47.73,34.69,5.29,48.9,35.05,6,8,5,3.68,37.45,8,0,0,0,Healthy,0
NB01147,Female,35.59,5.2,127,54,96.8,47.61,32.66,5.5,49.65,32.55,8,1,4,4.45,36.94,9,0,0,1,Healthy,0
NB01148,Female,34.83,5.2,158,46,92.7,43.13,29.63,5.45,43.8,29.7,9,6,4,2.2,36.88,6,0,1,6,At Risk,0
NB01149,Male,41.51,5.2,124,36,93.2,55.82,39.43,5.44,56.6,38.31,7,4,5,4.07,36.2,8,0,0,1,Healthy,0
NB01150,Female,36.14,5.2,153,34,97.2,45.2,30.16,5.33,44.76,29.67,5,3,3,5.63,37.08,10,0,0,1,Healthy,0
NB01151,Male,35.82,5.2,171,54,90.3,46.61,32.08,5.44,44.49,32.37,6,3,0,5.54,36.55,9,0,0,0,Healthy,0
NB01152,Female,33.26,5.2,152,40,100.0,48.01,28.84,5.17,48.54,28.85,7,6,3,1.73,36.45,6,0,1,6,At Risk,0
NB01153,Female,36.59,5.2,139,61,93.1,47.87,33.41,5.12,46.7,33.86,10,5,2,5.12,37.2,8,0,0,0,Healthy,0
NB01154,Male,35.09,5.2,116,31,98.4,44.59,31.97,5.16,43.39,32.22,4,5,2,2.23,36.25,9,0,0,1,Healthy,0
NB01155,Male,41.61,5.2,143,55,99.2,54.28,36.08,5.5,53.31,37.02,11,4,4,3.82,36.7,8,0,0,0,Healthy,0
NB01156,Female,40.22,5.2,158,38,100.0,52.98,37.63,5.02,53.83,35.99,7,9,4,5.37,36.28,9,0,0,0,Healthy,0
NB01157,Male,36.49,5.2,137,46,93.9,46.97,34.4,5.42,48.14,34.47,9,7,1,0.2,36.67,10,0,0,0,Healthy,0
NB01158,Female,42.0,5.2,158,29,94.0,52.15,36.11,5.5,52.51,36.59,9,6,4,0.81,35.81,8,0,0,2,Healthy,0
NB01159,Male,40.16,5.2,147,24,93.8,50.67,36.52,5.31,49.76,36.67,7,8,3,2.19,37.04,9,0,0,2,Healthy,0
NB01160,Male,37.29,5.2,145,57,95.6,48.54,35.65,5.17,48.46,35.59,9,7,4,2.05,36.98,7,0,0,0,Healthy,0
NB01161,Male,32.5,5.2,134,38,92.7,40.87,31.6,5.34,42.48,31.44,4,5,3,1.18,37.78,9,0,0,0,Healthy,0
NB01162,Female,42.0,5.2,114,52,99.2,52.84,36.4,5.13,52.77,36.11,8,8,4,3.08,36.91,9,0,0,0,Healthy,0
NB01163,Female,34.94,5.2,132,35,98.5,50.42,29.27,5.05,50.11,29.11,4,11,2,2.25,36.39,7,0,0,0,Healthy,0
NB01164,Female,34.38,5.2,132,52,94.1,44.55,31.75,5.5,46.1,31.3,8,6,4,3.58,37.25,9,0,0,0,Healthy,0
NB01165,Male,40.25,5.2,150,38,92.5,50.46,36.38,5.49,52.94,36.32,10,8,4,2.22,37.24,7,0,0,0,Healthy,0
NB01166,Male,42.0,5.2,140,30,93.5,50.83,35.45,5.17,50.7,35.05,6,10,3,6.51,37.39,9,0,0,0,Healthy,0
NB01167,Female,41.05,5.2,159,48,93.4,53.57,35.97,5.13,52.14,36.72,14,7,4,2.66,35.92,9,0,0,2,Healthy,0
NB01168,Male,39.24,5.2,145,51,96.7,53.12,34.54,5.27,53.4,34.13,10,9,4,4.0,36.48,7,0,0,0,Healthy,0
NB01169,Male,39.31,5.2,131,48,95.7,53.14,36.8,5.21,53.0,37.84,10,6,3,5.82,36.39,7,0,0,1,Healthy,0
NB01170,Female,39.88,5.2,125,41,97.9,48.79,37.89,5.07,50.47,38.57,8,1,2,1.3,37.49,9,0,0,1,Healthy,0
NB01171,Male,39.67,5.2,129,25,100.0,52.1,36.73,4.93,51.02,37.54,7,4,1,2.78,37.16,6,0,1,8,High Risk,0
NB01172,Male,38.62,5.2,143,31,96.0,53.02,34.1,4.94,52.31,34.19,10,8,2,1.13,37.31,9,0,0,0,Healthy,0
NB01173,Female,38.23,5.2,133,35,97.1,50.83,35.68,4.99,50.66,35.1,12,11,5,0.8,36.31,10,0,0,0,Healthy,0
NB01174,Female,37.86,5.2,121,39,100.0,50.43,34.68,5.02,51.33,33.76,6,5,5,0.39,36.86,9,0,0,0,Healthy,0
NB01175,Male,36.34,5.2,158,53,97.0,47.16,32.53,5.27,46.31,33.13,7,11,4,1.16,36.07,9,0,0,0,Healthy,0
NB01176,Male,37.38,5.2,143,41,93.3,49.48,36.51,5.07,50.76,36.55,9,4,0,5.66,36.3,6,0,1,6,At Risk,0
NB01177,Male,34.28,5.2,145,21,94.8,48.72,30.09,5.07,48.43,29.92,11,6,4,1.41,36.86,8,0,0,3,At Risk,0
NB01178,Male,37.78,5.2,125,16,89.2,50.06,34.55,4.98,48.75,35.05,6,7,4,3.82,36.9,8,1,0,6,At Risk,0
NB01179,Female,35.83,5.2,121,35,96.9,45.15,33.54,4.98,44.5,35.22,6,8,4,4.87,36.98,7,0,0,0,Healthy,0
NB01180,Female,35.57,5.2,137,37,93.1,46.5,31.67,4.98,45.34,31.79,5,8,4,2.65,36.51,8,0,0,0,Healthy,0
NB01181,Male,38.4,5.2,103,46,91.9,52.37,34.92,5.21,51.28,35.68,10,7,4,5.76,36.99,9,0,0,0,Healthy,0
NB01182,Male,41.06,5.2,154,27,92.0,53.01,37.36,5.44,55.13,37.37,10,13,4,2.78,36.8,7,0,0,0,Healthy,0
NB01183,Female,40.02,5.2,127,28,99.0,51.66,35.58,5.5,51.99,36.26,5,8,3,3.75,37.51,8,0,0,0,Healthy,0
NB01184,Male,34.54,5.2,135,47,94.1,45.38,32.09,5.24,46.64,32.25,11,5,2,3.56,36.61,7,0,0,1,Healthy,0
NB01185,Male,35.82,5.2,148,55,97.7,50.02,32.43,5.44,49.81,33.08,5,11,3,0.2,35.97,9,0,0,2,Healthy,0
NB01186,Male,40.07,5.2,136,22,96.4,54.79,36.45,5.07,55.6,36.92,6,8,0,4.74,37.08,6,0,1,8,High Risk,0
NB01187,Male,35.84,5.2,119,34,95.7,50.18,31.94,5.34,49.58,31.66,5,10,2,4.48,36.95,9,0,0,0,Healthy,0
NB01188,Male,37.51,5.2,167,53,93.7,52.04,32.99,5.06,53.95,32.26,9,3,4,0.93,36.4,8,0,0,0,Healthy,0
NB01189,Female,39.21,5.2,112,51,96.7,49.97,34.68,5.32,49.92,33.43,11,7,1,2.12,36.65,10,0,0,0,Healthy,0
NB01190,Female,35.87,5.2,100,33,93.5,46.68,34.08,5.07,46.04,34.43,10,6,2,5.39,36.89,10,1,1,5,At Risk,0
NB01191,Female,38.23,5.2,156,54,95.5,49.5,31.34,5.08,48.42,32.25,8,6,1,2.41,36.63,7,0,0,0,Healthy,0
NB01192,Male,35.07,5.2,114,42,98.9,47.04,30.38,5.22,46.09,30.83,8,7,6,6.05,36.3,8,0,0,0,Healthy,0
NB01193,Male,36.68,5.2,163,49,99.6,51.27,36.29,5.5,50.2,37.22,8,10,5,5.94,36.71,8,0,0,0,Healthy,0
NB01194,Male,38.7,5.2,147,35,93.5,52.56,34.71,5.4,54.49,35.81,8,7,2,1.86,37.2,6,0,1,6,At Risk,0
NB01195,Male,34.5,5.2,145,45,96.3,47.52,30.74,5.08,47.51,31.14,9,11,7,3.12,36.64,7,0,0,0,Healthy,0
NB01196,Female,38.97,5.2,130,30,97.0,47.61,35.67,5.02,47.52,34.43,8,4,5,0.72,36.9,9,0,0,0,Healthy,0
NB01197,Female,37.96,5.2,125,37,95.8,46.19,32.59,5.07,49.68,31.99,7,8,5,1.99,36.72,7,0,0,0,Healthy,0
NB01198,Male,39.22,5.2,133,39,97.7,51.17,31.5,5.36,52.9,31.19,9,8,3,0.2,36.24,8,0,0,0,Healthy,0
NB01199,Female,38.49,5.2,124,43,97.7,51.8,34.68,5.27,50.75,33.95,5,1,4,0.66,36.75,8,0,0,2,Healthy,0
NB01200,Male,41.0,5.2,162,66,100.0,52.14,34.8,5.36,53.69,33.91,10,8,4,2.88,36.6,8,0,0,1,Healthy,0
NB01201,Male,38.28,5.2,127,68,100.0,53.68,34.14,5.13,53.52,34.22,12,6,1,3.59,37.14,9,0,0,2,Healthy,0
NB01202,Female,37.06,5.2,149,38,94.4,46.58,33.63,5.3,46.65,33.03,7,8,3,3.19,37.36,9,0,0,0,Healthy,0
NB01203,Female,38.27,5.2,158,57,100.0,47.43,34.2,5.28,47.03,33.82,8,10,3,1.14,37.2,7,0,0,0,Healthy,0
NB01204,Female,39.2,5.2,124,31,96.5,49.35,32.07,5.48,49.4,32.34,8,8,3,5.68,36.47,9,0,0,0,Healthy,0
NB01205,Female,38.11,5.2,147,46,94.4,48.29,33.91,5.5,47.89,33.49,8,6,4,3.74,36.28,10,0,0,0,Healthy,0
NB01206,Female,38.09,5.2,124,35,97.1,50.73,34.53,5.41,50.59,34.67,8,3,5,2.22,36.12,10,0,0,0,Healthy,0
NB01207,Male,36.46,5.2,137,37,94.2,47.37,30.62,5.48,47.15,30.55,8,7,1,2.31,36.88,10,0,0,0,Healthy,0
NB01208,Male,36.54,5.2,132,69,94.9,45.19,30.5,5.23,45.86,31.24,7,11,2,3.71,36.48,10,0,0,2,Healthy,0
NB01209,Male,34.91,5.2,127,38,91.2,48.61,30.04,5.09,49.31,29.75,9,0,3,7.04,36.3,10,0,0,1,Healthy,0
NB01210,Male,41.85,5.2,143,36,95.3,49.54,37.61,5.22,49.88,36.9,10,10,4,4.95,37.68,7,0,0,0,Healthy,0
NB01211,Female,35.26,5.2,118,32,98.3,44.99,28.89,5.2,46.68,28.8,7,9,2,3.07,37.02,8,0,0,1,Healthy,0
NB01212,Male,36.48,5.2,157,34,97.5,44.98,33.98,5.19,46.25,35.37,6,7,2,3.33,36.95,9,0,0,1,Healthy,0
NB01213,Female,36.42,5.2,121,28,96.3,48.59,33.28,5.23,50.11,34.3,10,9,3,5.51,36.93,9,0,0,0,Healthy,0
NB01214,Female,39.97,5.2,117,44,100.0,51.74,34.79,5.2,51.2,35.88,8,10,0,5.05,37.53,7,0,0,0,Healthy,0
NB01215,Female,37.35,5.2,135,44,100.0,52.85,31.12,5.14,51.89,31.48,5,6,3,3.85,36.72,8,0,0,0,Healthy,0
NB01216,Male,40.75,5.2,133,45,96.7,53.9,34.53,5.2,54.38,34.74,10,7,6,1.19,37.08,10,0,0,0,Healthy,0
NB01217,Male,36.52,5.2,146,42,100.0,51.15,33.94,5.39,51.77,33.43,6,7,4,3.37,37.21,10,0,0,0,Healthy,0
NB01218,Female,38.61,5.2,142,36,96.2,50.73,36.11,5.06,49.93,36.49,7,11,2,4.93,37.64,8,0,0,0,Healthy,0
NB01219,Female,36.16,5.2,111,35,95.3,45.99,30.97,5.5,46.52,30.25,7,7,3,4.19,36.8,8,0,0,0,Healthy,0
NB01220,Female,42.0,5.2,158,44,98.4,53.46,38.31,5.45,51.94,38.3,7,7,2,3.16,37.36,9,0,0,0,Healthy,0
NB01221,Female,35.39,5.2,135,41,94.8,48.43,33.0,5.25,48.29,33.34,10,9,1,2.92,35.98,8,0,0,3,At Risk,0
NB01222,Female,38.68,5.2,144,36,86.7,51.62,34.27,4.75,50.52,34.0,11,8,2,4.64,37.75,6,1,1,10,High Risk,1
NB01223,Female,39.39,5.2,180,39,94.1,49.91,33.67,4.79,50.53,34.03,10,8,2,3.0,36.99,8,0,0,0,Healthy,0
NB01224,Female,38.91,5.2,163,57,89.7,51.4,33.57,5.25,52.39,33.35,9,4,5,1.06,37.14,8,1,0,4,At Risk,0
NB01225,Female,37.59,5.2,144,62,93.6,47.37,36.25,5.37,45.48,34.79,7,6,6,1.2,36.22,8,0,0,0,Healthy,0
NB01226,Female,37.71,5.2,115,40,93.1,47.26,33.87,5.5,44.36,34.43,13,8,3,1.14,36.19,10,0,0,1,Healthy,0
NB01227,Female,38.1,5.2,116,35,93.1,47.46,35.86,5.15,49.24,36.34,9,7,2,2.32,36.51,9,0,0,0,Healthy,0
NB01228,Female,37.68,5.2,161,42,91.3,49.36,33.94,5.13,48.39,33.68,10,7,4,6.42,36.81,8,0,0,0,Healthy,0
NB01229,Male,40.12,5.2,133,53,90.8,49.15,34.61,4.99,48.8,34.65,7,9,2,3.12,36.69,8,0,0,0,Healthy,0
NB01230,Female,42.0,5.2,137,42,92.7,52.35,37.48,5.35,51.5,39.07,12,12,3,4.57,36.62,7,0,0,0,Healthy,0
NB01231,Male,36.77,5.2,119,46,93.7,50.3,36.18,5.23,51.67,36.71,4,7,3,2.4,36.71,10,0,0,1,Healthy,0
NB01232,Male,34.99,5.2,148,35,94.0,44.83,30.72,5.13,45.97,30.45,4,9,2,1.17,35.75,8,0,0,2,Healthy,0
NB01233,Female,37.81,5.2,161,30,95.9,48.42,35.03,5.23,48.27,35.35,10,6,1,5.0,36.99,10,0,0,0,Healthy,0
NB01234,Female,42.0,5.2,167,50,97.5,53.34,36.89,5.21,54.22,37.34,5,4,3,0.42,36.72,10,0,0,0,Healthy,0
NB01235,Male,36.23,5.2,132,44,91.5,48.5,30.39,5.42,48.98,30.3,7,6,4,2.21,37.23,10,0,0,0,Healthy,0
NB01236,Female,41.61,5.2,152,49,91.9,51.85,34.12,5.14,52.35,34.12,8,7,2,1.11,36.59,9,0,0,0,Healthy,0
NB01237,Male,41.69,5.2,138,25,100.0,54.5,35.71,5.23,55.32,34.76,8,7,4,1.08,36.63,9,0,0,2,Healthy,0
NB01238,Female,36.78,5.2,156,60,97.7,49.68,33.47,5.4,49.88,33.47,12,7,3,5.37,36.87,9,0,0,0,Healthy,0
NB01239,Female,39.25,5.2,140,45,92.3,53.01,35.99,5.18,52.69,35.32,8,3,2,2.32,37.11,9,0,0,0,Healthy,0
NB01240,Male,41.58,5.2,125,24,90.6,52.66,33.95,5.08,53.75,33.34,5,6,0,3.93,37.32,7,0,0,2,Healthy,0
NB01241,Female,37.17,5.2,164,52,93.3,47.82,34.2,4.97,48.18,34.04,8,3,4,4.11,36.78,6,0,1,6,At Risk,0
NB01242,Female,37.55,5.2,142,38,94.1,47.83,33.31,5.02,48.02,33.69,7,8,3,3.68,36.99,10,0,0,0,Healthy,0
NB01243,Male,36.72,5.2,134,42,97.4,49.06,32.91,5.1,49.37,31.83,7,7,3,2.47,36.81,9,0,0,0,Healthy,0
NB01244,Male,35.77,5.2,143,37,86.9,46.84,33.12,5.42,46.41,33.02,8,7,4,0.2,36.67,7,1,0,5,At Risk,0
NB01245,Female,36.57,5.2,127,41,91.6,47.18,35.42,5.08,46.06,34.64,10,3,5,0.74,35.93,9,0,0,2,Healthy,0
NB01246,Male,35.31,5.2,147,42,100.0,46.28,32.37,5.19,45.85,33.75,9,7,2,2.32,36.89,9,0,0,0,Healthy,0
NB01247,Male,38.07,5.2,136,25,95.1,48.3,31.82,5.02,48.72,31.04,8,11,3,3.7,36.39,7,0,0,0,Healthy,0
NB01248,Male,36.31,5.2,126,51,95.2,48.47,32.33,5.24,48.59,32.38,10,6,6,0.47,37.19,7,0,0,0,Healthy,0
NB01249,Female,38.51,5.2,183,43,93.0,47.24,35.44,5.29,46.35,34.8,9,7,3,0.2,36.41,9,0,0,1,Healthy,0
NB01250,Female,34.58,5.2,122,46,97.8,47.13,32.73,5.3,45.91,33.05,9,7,3,5.0,36.54,8,0,0,1,Healthy,0
NB01251,Male,38.73,5.2,146,50,88.7,51.61,35.31,5.5,50.59,34.04,4,3,6,3.36,36.43,8,1,0,4,At Risk,0
NB01252,Female,39.83,5.2,141,43,93.5,50.09,34.32,5.23,50.11,35.27,11,3,1,3.32,37.04,8,0,0,0,Healthy,0
NB01253,Female,33.61,5.2,122,45,87.7,49.5,28.68,5.29,51.29,30.24,6,3,3,3.62,36.66,6,1,1,10,High Risk,1
NB01254,Female,38.82,5.2,134,27,94.9,50.38,35.26,5.12,49.37,36.05,7,8,2,3.02,37.06,8,0,0,0,Healthy,0
NB01255,Female,40.7,5.2,116,34,93.4,48.91,33.87,5.5,49.82,34.04,9,10,4,5.08,35.6,6,0,1,8,High Risk,0
NB01256,Female,35.34,5.2,177,43,89.3,46.64,32.98,5.4,45.45,32.84,6,11,4,2.06,37.7,10,1,0,4,At Risk,0
NB01257,Male,41.68,5.2,135,44,98.5,53.04,37.42,5.41,54.0,36.9,6,7,0,2.53,36.35,7,0,0,0,Healthy,0
NB01258,Female,38.92,5.2,137,46,97.4,51.33,33.74,5.45,50.84,33.08,12,10,5,5.13,37.15,7,0,0,1,Healthy,0
NB01259,Female,36.45,5.2,175,56,98.6,47.69,32.55,5.38,47.8,32.27,11,6,3,0.44,37.02,7,0,0,0,Healthy,0
NB01260,Male,37.88,5.2,125,41,89.7,47.47,34.01,5.46,48.37,34.44,8,4,5,4.06,37.12,9,1,0,5,At Risk,0
NB01261,Female,39.23,5.2,163,46,91.5,48.52,33.74,5.19,48.8,33.52,7,5,2,6.05,36.43,10,0,0,0,Healthy,0
NB01262,Male,38.17,5.2,151,43,99.2,48.44,31.84,5.5,48.89,31.83,7,6,3,2.88,36.65,10,0,0,0,Healthy,0
NB01263,Male,39.19,5.2,104,40,97.8,49.55,34.57,4.92,49.85,34.83,2,7,4,1.02,36.98,8,0,0,1,Healthy,0
NB01264,Female,35.97,5.2,133,40,99.9,45.51,32.48,5.18,47.56,33.16,10,7,3,0.98,36.8,9,0,0,1,Healthy,0
NB01265,Female,38.37,5.2,148,34,94.2,48.47,36.1,5.5,47.39,37.33,8,9,3,4.2,36.39,9,0,0,0,Healthy,0
NB01266,Female,34.89,5.2,141,41,94.6,48.12,30.45,5.2,48.18,29.57,7,7,0,1.98,37.06,8,0,0,0,Healthy,0
NB01267,Female,37.76,5.2,141,40,97.2,52.68,35.23,5.36,52.89,36.51,13,9,3,5.16,37.83,8,0,0,0,Healthy,0
NB01268,Female,36.01,5.2,129,40,90.3,49.32,30.69,5.14,48.63,31.61,4,5,5,2.2,36.61,7,0,0,0,Healthy,0
NB01269,Female,36.38,5.2,127,25,95.7,50.76,30.65,5.32,51.75,31.22,11,6,4,2.8,37.02,8,0,0,2,Healthy,0
NB01270,Female,40.72,5.2,134,41,100.0,54.0,35.25,5.16,53.76,35.16,6,11,3,1.26,36.9,10,0,0,0,Healthy,0
NB01271,Female,40.4,5.2,175,33,93.7,53.43,34.07,5.46,54.44,33.91,12,2,2,4.35,36.63,7,0,0,2,Healthy,0
NB01272,Female,39.34,5.2,124,41,89.4,50.13,32.7,5.29,50.42,33.43,11,13,3,3.25,37.16,9,1,0,4,At Risk,0
NB01273,Female,35.6,5.2,131,31,96.4,47.72,35.03,4.88,47.55,34.92,6,8,0,4.93,37.16,7,0,0,0,Healthy,0
NB01274,Male,37.3,5.2,141,42,91.8,48.13,32.64,5.07,50.05,31.56,9,15,4,0.53,36.55,7,0,0,0,Healthy,0
NB01275,Female,40.67,5.2,114,39,94.6,51.56,39.14,5.04,49.93,39.15,9,10,4,1.55,37.44,8,0,0,0,Healthy,0
NB01276,Female,38.31,5.2,148,36,98.8,50.02,32.53,5.5,50.84,32.26,7,6,3,3.03,36.8,7,0,0,0,Healthy,0
NB01277,Female,42.0,5.2,117,45,97.0,54.63,34.04,4.98,56.23,34.77,10,4,5,2.91,37.28,10,0,0,0,Healthy,0
NB01278,Female,38.87,5.2,120,46,93.3,51.23,36.34,5.18,49.93,35.62,10,11,4,4.86,36.95,8,0,0,0,Healthy,0
NB01279,Female,38.42,5.2,120,42,97.9,49.66,33.01,5.5,49.83,34.57,9,3,4,2.41,36.82,8,0,0,0,Healthy,0
NB01280,Male,37.32,5.2,110,48,89.2,49.1,33.53,5.48,49.77,33.59,7,8,5,3.53,36.8,8,1,0,4,At Risk,0
NB01281,Male,38.29,5.2,163,38,95.7,50.73,31.97,5.06,50.07,31.05,11,5,6,2.77,37.1,8,0,0,0,Healthy,0
NB01282,Male,37.66,5.2,149,46,93.7,50.63,33.51,5.05,51.4,33.63,7,9,2,3.79,36.31,9,0,0,0,Healthy,0
NB01283,Female,39.56,5.2,157,42,86.7,47.96,32.83,5.03,49.59,33.19,7,3,2,2.11,36.97,4,1,1,10,High Risk,1
NB01284,Male,40.1,5.2,155,32,90.8,49.34,35.16,5.27,50.27,36.01,8,9,2,2.98,37.39,7,0,0,0,Healthy,0
NB01285,Male,36.27,5.2,137,34,94.9,50.26,31.88,5.13,52.34,32.02,9,8,2,5.77,37.03,8,0,0,0,Healthy,0
NB01286,Female,35.07,5.2,139,54,97.6,46.84,32.1,5.28,45.99,32.29,7,8,1,4.65,36.01,7,0,0,0,Healthy,0
NB01287,Male,33.96,5.2,158,58,95.1,45.12,31.91,5.29,45.09,32.06,7,8,2,5.02,36.18,9,0,0,0,Healthy,0
NB01288,Male,39.12,5.2,169,49,94.0,50.08,34.94,5.24,48.75,34.32,5,8,3,1.29,36.81,5,0,1,6,At Risk,0
NB01289,Female,35.57,5.2,117,36,97.8,46.89,32.78,5.26,46.62,32.9,4,5,1,4.68,36.45,8,0,0,1,Healthy,0
NB01290,Female,33.26,5.2,185,56,96.0,46.45,30.32,5.25,47.16,30.4,10,4,2,5.94,37.2,7,0,0,1,Healthy,0
NB01291,Female,38.85,5.2,116,48,98.5,48.15,33.75,5.08,48.62,33.43,10,7,3,1.49,36.59,8,0,0,0,Healthy,0
NB01292,Female,42.0,5.2,132,45,97.0,53.25,37.31,4.94,52.9,36.27,13,12,2,2.84,37.05,7,0,0,0,Healthy,0
NB01293,Female,37.99,5.2,141,60,92.5,50.08,33.62,5.24,50.15,33.49,8,8,2,2.18,37.67,10,0,0,0,Healthy,0
NB01294,Female,39.84,5.2,143,33,97.3,52.05,34.98,5.07,50.27,35.45,6,5,2,3.44,36.81,9,0,0,0,Healthy,0
NB01295,Male,38.18,5.2,175,50,98.4,50.21,34.52,5.43,50.45,35.51,5,9,4,3.66,36.34,8,0,0,0,Healthy,0
NB01296,Female,37.78,5.2,158,34,99.9,50.44,32.1,4.98,52.19,32.07,6,6,2,2.79,36.98,10,0,0,0,Healthy,0
NB01297,Female,40.02,5.2,147,36,93.2,50.27,37.36,5.16,48.93,37.37,9,5,1,3.13,36.93,10,0,0,0,Healthy,0
NB01298,Female,37.36,5.2,159,68,93.7,47.14,32.98,5.26,47.32,32.91,6,10,3,3.04,36.91,9,0,0,1,Healthy,0
NB01299,Female,38.59,5.2,146,47,98.1,55.04,34.4,5.48,56.61,34.68,10,9,2,6.95,37.42,8,0,0,0,Healthy,0
NB01300,Male,38.71,5.2,128,60,97.9,49.63,34.23,5.15,48.81,34.04,9,7,4,2.43,36.27,10,0,0,0,Healthy,0
NB01301,Female,36.53,5.2,149,47,93.2,47.91,33.75,5.27,47.91,34.19,9,11,1,8.08,37.25,8,0,0,2,Healthy,0
NB01302,Female,40.18,5.2,141,46,92.6,52.92,35.84,5.35,54.29,34.56,5,8,4,4.02,36.53,8,0,0,0,Healthy,0
NB01303,Male,37.62,5.2,125,36,93.5,52.45,33.46,5.38,55.24,33.88,10,8,3,3.4,37.42,8,0,0,0,Healthy,0
NB01304,Female,36.34,5.2,163,52,95.3,47.01,34.81,5.3,47.48,34.64,13,3,4,6.08,35.84,10,0,0,2,Healthy,0
NB01305,Female,39.18,5.2,139,42,91.9,48.66,29.82,5.5,49.21,29.85,6,10,0,4.45,37.8,8,0,0,0,Healthy,0
NB01306,Male,36.02,5.2,120,43,96.5,45.34,34.28,5.15,44.37,33.42,7,3,0,4.15,36.68,9,0,0,0,Healthy,0
NB01307,Female,38.06,5.2,123,39,89.0,52.84,35.22,5.5,53.41,35.31,6,7,3,1.47,36.26,10,1,0,4,At Risk,0
NB01308,Female,37.98,5.2,150,41,92.1,47.51,31.03,5.37,47.39,31.45,8,8,1,2.37,37.21,10,0,0,1,Healthy,0
NB01309,Male,40.39,5.2,159,42,95.6,51.69,36.87,5.28,52.23,37.64,9,6,2,1.68,37.03,9,0,0,0,Healthy,0
NB01310,Female,39.04,5.2,149,43,91.8,48.59,36.12,5.29,49.27,36.23,8,4,5,0.58,37.0,9,0,0,0,Healthy,0
NB01311,Male,37.94,5.2,149,41,93.5,46.65,34.6,5.42,46.62,34.9,10,7,3,3.38,37.22,9,0,0,0,Healthy,0
NB01312,Male,39.8,5.2,125,26,94.6,50.63,32.72,5.09,52.13,33.19,11,9,2,5.25,36.82,6,0,1,6,At Risk,0
NB01313,Female,41.06,5.2,142,47,100.0,50.48,36.96,5.26,51.22,36.61,5,5,3,2.93,36.67,8,0,0,0,Healthy,0
NB01314,Female,39.23,5.2,134,41,90.4,49.32,36.17,5.18,48.8,37.04,8,6,3,2.83,36.28,10,0,0,0,Healthy,0
NB01315,Male,38.02,5.2,136,15,95.8,53.63,32.96,5.5,52.6,32.24,9,4,3,2.31,36.75,9,0,0,2,Healthy,0
NB01316,Male,35.11,5.2,138,26,91.4,47.85,32.44,5.1,49.5,33.03,9,3,7,0.36,36.57,10,0,0,0,Healthy,0
NB01317,Male,35.66,5.2,128,37,91.3,49.35,31.63,5.5,50.67,31.05,7,7,4,3.13,36.8,9,0,0,0,Healthy,0
NB01318,Female,37.33,5.2,154,55,91.9,50.64,34.66,5.14,51.12,33.93,9,5,0,2.79,36.85,10,0,0,0,Healthy,0
NB01319,Male,36.66,5.2,122,48,94.5,48.19,32.39,4.95,47.09,31.99,5,9,7,5.67,37.58,8,0,0,0,Healthy,0
NB01320,Female,37.59,5.2,117,35,100.0,48.35,32.64,5.06,48.25,33.1,11,9,2,0.55,36.46,8,0,0,0,Healthy,0
NB01321,Female,38.12,5.2,126,40,99.1,50.21,33.83,5.06,50.93,33.3,7,8,3,0.2,36.74,8,0,0,0,Healthy,0
NB01322,Male,39.17,5.2,156,53,93.4,50.99,32.6,5.5,50.26,33.22,7,5,1,1.88,36.6,10,0,0,0,Healthy,0
NB01323,Female,37.84,5.2,146,36,94.1,48.32,33.48,4.96,50.41,33.6,5,9,3,3.41,36.17,8,0,0,0,Healthy,0
NB01324,Female,39.07,5.2,108,31,97.1,50.82,35.09,5.29,49.82,34.5,11,5,2,6.5,38.11,7,0,0,1,Healthy,0
NB01325,Female,38.14,5.2,151,51,95.2,48.31,35.2,5.5,47.34,35.15,12,9,2,2.72,36.38,8,0,0,0,Healthy,0
NB01326,Female,33.65,5.2,139,53,92.8,45.35,31.13,5.5,45.77,31.7,8,8,2,1.3,36.97,8,0,0,0,Healthy,0
NB01327,Female,35.93,5.2,132,36,97.3,47.07,30.2,5.21,48.53,31.08,5,9,5,3.33,37.57,8,0,0,0,Healthy,0
NB01328,Female,37.68,5.2,136,47,100.0,46.78,35.61,5.25,44.45,36.15,7,4,3,4.34,36.24,7,0,0,0,Healthy,0
NB01329,Female,35.34,5.2,116,42,98.7,42.5,34.09,5.0,41.86,34.77,8,10,6,1.36,37.19,8,0,0,0,Healthy,0
NB01330,Female,39.32,5.2,143,36,99.7,48.91,34.89,5.15,46.38,35.0,6,7,3,1.87,36.11,6,0,1,6,At Risk,0
NB01331,Male,41.37,5.2,117,54,94.5,56.24,35.03,5.5,57.75,34.88,9,7,3,4.83,36.44,8,0,0,0,Healthy,0
NB01332,Female,40.68,5.2,134,35,91.2,51.39,34.88,5.4,50.75,34.86,10,5,3,2.09,37.05,8,0,0,0,Healthy,0
NB01333,Male,37.53,5.2,134,50,88.0,50.73,33.17,5.47,52.59,34.12,8,6,5,1.03,36.68,10,1,0,4,At Risk,0
NB01334,Female,41.28,5.2,154,43,87.7,48.3,36.51,5.36,46.79,36.1,5,6,5,3.76,37.45,9,1,0,4,At Risk,0
NB01335,Male,38.33,5.2,141,40,94.3,47.88,33.57,5.44,47.01,33.7,7,6,2,2.62,36.86,9,0,0,0,Healthy,0
NB01336,Female,37.26,5.2,153,36,96.8,46.22,31.99,5.5,46.05,32.33,7,11,2,2.66,37.03,8,0,0,0,Healthy,0
NB01337,Female,36.65,5.2,118,32,98.0,47.98,34.39,5.14,48.64,34.35,7,7,3,4.26,36.49,7,0,0,0,Healthy,0
NB01338,Female,37.33,5.2,138,40,95.9,53.85,33.72,5.38,54.1,34.61,11,6,2,4.28,36.33,9,0,0,0,Healthy,0
NB01339,Female,37.15,5.2,150,37,92.5,49.75,31.62,5.09,49.3,31.95,8,6,1,1.67,36.28,8,0,0,0,Healthy,0
NB01340,Male,38.37,5.2,162,43,97.3,53.33,34.5,4.82,51.08,34.72,9,8,3,1.11,36.38,9,0,0,0,Healthy,0
NB01341,Female,38.35,5.2,119,30,90.8,49.41,34.29,5.28,49.33,34.51,11,8,4,3.87,36.49,5,0,1,6,At Risk,0
NB01342,Female,38.01,5.2,125,40,91.1,52.34,32.73,5.25,52.34,33.51,8,4,3,3.73,37.32,9,0,0,0,Healthy,0
NB01343,Female,38.96,5.2,149,46,97.1,54.61,36.27,5.21,54.32,36.13,8,12,3,1.83,36.98,8,0,0,0,Healthy,0
NB01344,Female,40.62,5.2,169,35,90.7,51.74,35.84,5.1,53.27,35.53,8,6,4,1.72,36.23,6,0,1,6,At Risk,0
NB01345,Male,40.09,5.2,145,49,92.3,50.4,34.94,5.26,50.34,35.32,11,4,6,5.21,36.61,8,0,0,0,Healthy,0
NB01346,Female,34.73,5.2,120,50,91.6,44.02,31.39,5.31,45.67,31.85,14,5,4,2.31,36.79,9,0,0,1,Healthy,0
NB01347,Male,32.38,5.2,120,30,95.6,43.93,30.53,5.5,44.63,30.97,8,7,2,2.36,38.12,6,0,1,7,At Risk,0
NB01348,Male,40.06,5.2,142,34,97.1,51.61,35.13,5.34,52.37,33.83,11,11,4,5.31,36.8,10,0,0,0,Healthy,0
NB01349,Female,34.99,5.2,146,29,97.1,50.96,31.57,5.35,52.01,31.66,11,6,5,1.69,37.0,9,0,0,0,Healthy,0
NB01350,Female,37.51,5.2,136,46,93.0,46.57,35.05,5.08,47.13,35.19,11,5,4,1.54,36.35,9,0,0,0,Healthy,0
NB01351,Male,35.43,5.2,121,43,94.4,47.4,29.87,5.04,47.21,30.39,10,6,5,4.24,37.12,10,0,0,0,Healthy,0
NB01352,Male,34.04,5.2,160,26,97.6,42.4,29.15,5.03,43.09,28.6,8,7,2,6.16,37.42,9,0,0,0,Healthy,0
NB01353,Female,39.19,5.2,134,35,93.1,49.82,35.8,5.17,50.89,36.27,11,7,3,6.0,36.73,7,0,0,0,Healthy,0
NB01354,Male,39.67,5.2,149,45,91.8,51.73,38.59,5.24,52.44,38.32,5,3,6,3.16,37.08,7,0,0,0,Healthy,0
NB01355,Female,36.73,5.2,108,43,92.8,49.48,34.23,5.27,48.2,34.29,7,4,4,5.22,37.06,8,0,0,0,Healthy,0
NB01356,Female,32.3,5.2,162,54,92.9,45.65,32.61,5.07,46.66,33.54,10,9,2,1.61,36.83,8,0,0,0,Healthy,0
NB01357,Female,36.8,5.2,128,30,95.1,49.31,32.31,4.78,50.26,32.53,6,8,2,1.68,37.38,8,0,0,0,Healthy,0
NB01358,Female,38.86,5.2,164,42,94.9,51.54,33.45,5.15,52.58,33.67,12,8,6,3.47,36.44,9,0,0,1,Healthy,0
NB01359,Male,34.75,5.2,151,32,94.4,46.76,32.21,5.42,46.65,32.65,6,5,3,3.61,36.41,9,0,0,1,Healthy,0
NB01360,Female,38.4,5.2,114,43,92.2,47.87,35.51,5.15,47.33,36.04,10,3,4,3.82,36.8,10,0,0,0,Healthy,0
NB01361,Male,37.97,5.2,144,40,91.7,45.87,31.81,5.22,46.03,30.27,5,7,2,2.91,36.63,8,0,0,0,Healthy,0
NB01362,Female,39.27,5.2,170,45,97.3,49.65,34.37,4.91,50.79,34.99,10,8,2,3.69,35.49,7,0,0,2,Healthy,0
NB01363,Male,38.26,5.2,129,38,96.2,49.57,33.94,5.25,48.32,34.8,6,12,1,2.43,36.47,8,0,0,0,Healthy,0
NB01364,Female,35.86,5.2,170,50,93.5,50.18,31.28,5.31,50.41,31.46,10,5,4,2.12,35.84,8,0,0,2,Healthy,0
NB01365,Female,40.63,5.2,147,35,94.8,51.77,34.8,5.12,49.98,33.81,8,9,6,3.46,36.66,10,0,0,0,Healthy,0
NB01366,Male,37.65,5.2,164,32,99.2,48.89,34.82,5.42,47.68,34.5,9,8,3,3.24,37.12,8,0,0,0,Healthy,0
NB01367,Male,37.94,5.2,143,44,94.7,50.32,34.46,5.47,51.6,33.86,9,2,4,2.56,36.82,9,0,0,1,Healthy,0
NB01368,Male,35.95,5.2,138,61,95.0,47.21,33.56,5.5,47.68,33.69,10,8,3,4.29,36.86,9,0,0,0,Healthy,0
NB01369,Male,37.02,5.2,173,27,100.0,50.34,33.62,5.04,49.42,33.81,8,5,2,5.78,36.73,10,0,0,0,Healthy,0
NB01370,Male,36.05,5.2,153,31,98.7,51.81,31.13,5.29,52.65,31.91,8,8,2,4.58,36.9,7,0,0,0,Healthy,0
NB01371,Female,37.62,5.2,136,44,92.8,53.64,34.17,4.99,53.22,35.11,8,9,1,3.84,38.07,7,0,0,1,Healthy,0
NB01372,Male,41.77,5.2,148,53,98.7,53.18,35.01,5.35,53.8,36.63,7,5,3,1.6,36.64,10,0,0,0,Healthy,0
NB01373,Male,34.98,5.2,130,45,94.4,47.56,31.22,5.33,48.2,30.9,10,8,2,2.81,36.79,8,0,0,0,Healthy,0
NB01374,Female,34.45,5.2,142,36,91.3,49.56,29.76,4.84,50.43,29.86,8,12,3,4.8,36.41,8,0,0,0,Healthy,0
NB01375,Female,41.24,5.2,162,46,99.6,52.21,35.15,5.28,53.32,35.24,7,8,6,2.75,35.94,10,0,0,2,Healthy,0
NB01376,Male,37.54,5.2,137,47,92.5,50.54,33.61,5.19,50.54,33.31,10,6,5,3.13,36.92,8,0,0,0,Healthy,0
NB01377,Female,36.53,5.2,124,35,93.2,46.0,32.08,4.99,45.98,32.35,9,8,3,3.87,37.31,8,0,0,0,Healthy,0
NB01378,Female,40.29,5.2,123,50,93.7,51.04,34.08,5.17,52.58,34.62,11,6,2,5.26,37.84,9,0,0,1,Healthy,0
NB01379,Male,36.67,5.2,141,42,100.0,50.71,34.57,5.5,50.04,36.06,6,5,4,2.25,36.72,10,0,0,0,Healthy,0
NB01380,Female,42.0,5.2,125,25,91.7,51.76,36.42,5.34,52.48,36.9,6,10,0,4.82,36.68,10,0,0,2,Healthy,0
NB01381,Female,39.49,5.2,114,41,92.9,50.69,34.05,5.06,50.22,33.51,8,7,3,4.12,37.22,10,0,0,0,Healthy,0
NB01382,Male,36.93,5.2,118,36,93.8,45.49,31.43,5.16,45.74,30.72,4,9,1,2.2,37.57,8,0,0,0,Healthy,0
NB01383,Female,42.0,5.2,161,55,96.8,57.21,33.79,4.84,59.18,33.4,8,6,3,0.2,36.24,9,0,0,0,Healthy,0
NB01384,Female,36.67,5.2,137,29,94.8,50.93,32.53,5.01,49.89,33.04,7,9,5,0.66,37.1,9,0,0,0,Healthy,0
NB01385,Female,39.63,5.2,141,37,92.7,51.45,32.88,5.5,50.21,33.02,7,8,4,3.51,37.62,7,0,0,0,Healthy,0
NB01386,Female,38.66,5.2,123,45,97.2,51.21,35.33,5.41,52.82,34.66,4,11,5,4.04,36.69,9,0,0,1,Healthy,0
NB01387,Female,40.86,5.2,130,66,99.7,52.97,35.85,5.32,53.41,35.43,9,8,3,6.4,36.28,8,0,0,1,Healthy,0
NB01388,Female,41.44,5.2,129,62,89.3,55.46,38.54,5.31,54.96,39.29,8,7,3,4.08,37.15,7,1,0,5,At Risk,0
NB01389,Male,38.07,5.2,135,42,92.6,48.63,34.18,5.5,48.7,35.06,8,6,3,2.52,36.19,9,0,0,0,Healthy,0
NB01390,Male,36.34,5.2,110,45,96.8,49.57,31.55,5.29,49.57,30.33,10,8,4,0.2,37.34,8,0,0,0,Healthy,0
NB01391,Female,39.01,5.2,160,48,90.7,52.67,31.69,5.17,52.58,31.96,8,7,1,4.29,37.7,7,0,0,0,Healthy,0
NB01392,Male,36.51,5.2,140,32,94.5,50.69,33.97,5.21,52.24,34.58,8,8,3,2.0,36.57,9,0,0,1,Healthy,0
NB01393,Female,42.0,5.2,144,42,99.4,48.68,34.65,5.18,47.97,34.55,9,5,3,4.13,37.55,6,0,1,6,At Risk,0
NB01394,Female,38.3,5.2,156,56,97.2,48.67,33.4,5.18,48.65,34.12,8,8,3,0.89,37.08,10,0,0,0,Healthy,0
NB01395,Male,37.2,5.2,155,43,96.8,46.84,35.75,5.5,45.96,36.91,8,7,2,4.36,37.42,7,0,0,1,Healthy,0
NB01396,Female,38.41,5.2,130,61,97.6,50.26,35.0,5.02,50.26,35.72,7,8,5,6.2,36.51,9,0,0,0,Healthy,0
NB01397,Male,35.04,5.2,151,38,96.1,42.9,32.31,5.13,42.45,32.67,6,2,3,4.38,37.08,10,0,0,1,Healthy,0
NB01398,Male,35.86,5.2,151,41,93.8,43.58,33.72,4.87,44.1,33.29,8,6,4,2.76,36.91,8,0,0,0,Healthy,0
NB01399,Male,40.64,5.2,146,41,98.4,56.32,37.01,5.43,56.37,38.14,10,10,1,3.06,36.45,7,0,0,0,Healthy,0
NB01400,Male,36.55,5.2,159,29,93.3,49.53,35.16,5.3,50.32,34.7,9,6,2,5.72,36.64,10,0,0,0,Healthy,0
NB01401,Male,35.7,5.2,154,53,94.4,47.77,31.28,5.5,49.31,31.72,7,6,3,4.06,37.06,9,0,0,1,Healthy,0
NB01402,Female,39.18,5.2,153,39,89.2,51.39,34.06,5.1,50.42,33.79,10,6,5,4.37,36.29,10,1,0,4,At Risk,0
NB01403,Female,40.61,5.2,165,45,93.3,52.24,34.24,5.07,52.58,33.73,9,4,4,1.46,36.26,9,0,0,0,Healthy,0
NB01404,Female,39.58,5.2,141,36,95.3,53.02,34.86,5.0,51.63,35.76,7,5,5,0.61,36.23,10,0,0,0,Healthy,0
NB01405,Female,40.19,5.2,141,59,95.1,50.31,35.14,5.32,50.56,36.07,11,6,2,4.06,36.45,9,0,0,0,Healthy,0
NB01406,Male,36.34,5.2,155,54,98.2,48.47,30.0,5.16,49.23,29.45,5,9,6,1.04,36.93,9,0,0,0,Healthy,0
NB01407,Female,34.87,5.2,137,43,93.5,47.24,30.63,5.29,47.11,31.02,8,6,4,0.8,36.57,9,0,0,0,Healthy,0
NB01408,Female,41.3,5.2,149,30,93.6,50.48,38.27,5.15,51.07,38.28,6,9,5,0.58,37.37,9,0,0,0,Healthy,0
NB01409,Female,37.29,5.2,130,49,93.1,51.52,33.67,5.5,52.03,33.07,10,7,1,6.32,36.15,9,0,0,0,Healthy,0
NB01410,Female,37.45,5.2,99,53,95.8,48.21,34.49,5.48,48.99,34.06,6,5,1,1.96,37.03,8,1,1,5,At Risk,0
NB01411,Female,40.92,5.2,151,33,100.0,54.26,35.66,5.25,53.26,35.53,6,1,2,2.12,36.63,8,0,0,1,Healthy,0
NB01412,Female,39.22,5.2,112,41,86.9,50.93,31.83,5.44,52.22,32.08,12,11,4,4.49,36.75,9,1,0,5,At Risk,0
NB01413,Female,39.0,5.2,127,43,93.3,53.77,34.31,5.2,53.65,35.62,8,8,4,2.49,37.11,9,0,0,0,Healthy,0
NB01414,Female,42.0,5.2,155,53,93.8,51.12,38.16,5.22,49.66,38.88,9,5,3,0.89,35.61,5,0,1,8,High Risk,0
NB01415,Female,36.58,5.2,155,40,87.5,46.16,31.03,4.8,45.44,31.29,8,10,2,7.13,35.84,10,1,0,6,At Risk,0
NB01416,Male,40.04,5.2,161,52,94.6,49.63,36.35,5.33,48.57,36.38,7,7,5,4.76,36.77,8,0,0,1,Healthy,0
NB01417,Female,38.13,5.2,104,34,93.8,49.98,31.34,5.23,49.64,30.46,9,7,4,4.28,36.7,8,0,0,0,Healthy,0
NB01418,Female,38.59,5.2,145,31,93.5,53.21,34.24,5.41,52.55,33.97,8,12,1,1.94,36.16,7,0,0,0,Healthy,0
NB01419,Male,41.36,5.2,135,60,91.1,55.81,36.97,5.37,54.48,37.76,7,8,0,3.97,37.7,7,0,0,0,Healthy,0
NB01420,Female,39.12,5.2,158,29,94.7,45.99,34.11,5.08,44.51,34.78,10,11,2,1.66,36.28,9,0,0,0,Healthy,0
NB01421,Male,39.18,5.2,167,34,90.9,51.17,38.34,5.19,51.34,37.68,10,11,2,2.3,36.56,6,0,1,6,At Risk,0
NB01422,Male,40.36,5.2,116,50,92.1,45.3,34.71,5.13,46.92,34.64,9,6,3,3.63,37.32,10,0,0,0,Healthy,0
NB01423,Male,37.2,5.2,140,37,94.3,50.47,32.37,5.44,50.8,31.67,10,5,3,1.85,36.5,9,0,0,0,Healthy,0
NB01424,Female,36.15,5.2,155,36,98.6,50.17,32.81,5.5,49.78,33.33,9,9,2,5.43,36.41,10,0,0,1,Healthy,0
NB01425,Male,35.7,5.2,134,40,96.4,47.45,31.06,5.39,46.59,31.4,10,9,4,4.24,36.98,9,0,0,0,Healthy,0
NB01426,Female,33.67,5.2,171,20,97.1,45.87,28.61,5.5,44.8,27.85,6,8,3,3.99,36.47,10,0,0,2,Healthy,0
NB01427,Female,42.0,5.2,133,53,100.0,53.35,34.95,5.33,53.28,35.42,9,8,1,0.97,36.98,9,0,0,0,Healthy,0
NB01428,Male,35.57,5.2,135,44,96.5,45.85,33.24,5.04,45.85,33.87,8,6,2,4.32,37.03,9,0,0,0,Healthy,0
NB01429,Female,37.51,5.2,121,34,91.3,50.03,33.0,4.95,50.78,33.56,7,6,3,2.35,36.97,10,0,0,1,Healthy,0
NB01430,Female,37.39,5.2,143,25,93.0,48.59,35.93,5.05,48.43,35.88,12,5,1,3.9,37.33,9,0,0,2,Healthy,0
NB01431,Male,38.68,5.2,86,28,92.0,52.07,33.61,5.14,53.66,34.07,9,10,3,2.4,36.63,6,1,1,10,High Risk,1
NB01432,Male,39.79,5.2,136,26,94.5,50.99,36.12,5.09,49.89,36.8,6,13,7,1.62,36.57,9,0,0,0,Healthy,0
NB01433,Female,39.89,5.2,163,44,93.6,49.58,35.89,5.24,48.66,34.71,8,6,5,4.91,36.76,7,0,0,0,Healthy,0
NB01434,Female,36.72,5.2,115,44,91.7,45.37,32.22,5.19,45.98,32.7,9,8,4,1.73,35.53,7,0,0,2,Healthy,0
NB01435,Female,37.63,5.2,111,48,98.2,45.54,32.22,5.24,45.25,31.2,10,7,5,2.55,36.9,9,0,0,0,Healthy,0
NB01436,Male,38.62,5.2,160,49,98.5,52.78,31.64,5.5,52.42,31.44,9,8,4,0.2,36.65,9,0,0,0,Healthy,0
NB01437,Female,37.45,5.2,163,48,95.6,48.19,34.25,5.41,47.61,34.21,9,5,4,5.56,36.97,7,0,0,0,Healthy,0
NB01438,Male,41.54,5.2,116,57,91.5,53.46,38.07,5.28,52.27,38.52,9,7,3,3.15,36.4,8,0,0,0,Healthy,0
NB01439,Male,39.08,5.2,171,54,95.4,54.14,32.17,5.44,52.24,32.22,8,5,5,4.83,37.41,10,0,0,0,Healthy,0
NB01440,Male,39.62,5.2,148,52,92.9,49.93,34.38,5.07,49.46,34.9,8,7,4,3.08,36.71,9,0,0,0,Healthy,0
NB01441,Male,39.46,5.2,159,44,99.5,49.66,33.82,5.06,48.72,33.62,11,8,1,0.2,37.18,7,0,0,0,Healthy,0
NB01442,Female,40.58,5.2,126,49,90.8,51.66,36.43,5.41,52.16,36.94,12,11,2,5.23,36.57,8,0,0,0,Healthy,0
NB01443,Female,38.4,5.2,167,38,97.3,50.02,33.59,5.23,50.16,33.98,12,6,6,3.43,37.01,9,0,0,0,Healthy,0
NB01444,Male,35.15,5.2,135,40,97.2,50.81,33.79,5.25,50.36,34.03,6,8,3,1.82,36.1,6,0,1,6,At Risk,0
NB01445,Male,38.88,5.2,134,59,98.1,53.52,33.84,5.0,53.21,33.73,7,12,3,6.7,35.81,7,0,0,2,Healthy,0
NB01446,Female,36.57,5.2,149,36,95.7,49.55,30.94,5.14,50.84,30.92,7,7,2,2.17,36.71,9,0,0,0,Healthy,0
NB01447,Female,36.84,5.2,133,36,93.8,51.45,32.28,5.15,50.83,32.35,9,2,5,1.78,36.79,7,0,0,1,Healthy,0
NB01448,Female,39.29,5.2,113,38,100.0,50.4,34.17,5.13,51.54,33.82,5,3,4,0.2,36.76,10,0,0,0,Healthy,0
NB01449,Male,40.72,5.2,142,37,91.9,52.65,36.5,5.5,54.2,36.56,7,8,3,3.66,36.67,6,0,1,6,At Risk,0
NB01450,Female,38.05,5.2,134,37,97.5,49.04,33.27,5.5,49.53,33.55,9,6,4,3.39,36.62,8,0,0,0,Healthy,0
NB01451,Female,38.68,5.2,126,44,95.1,47.63,34.94,5.46,47.45,35.06,6,6,3,2.99,37.1,9,0,0,0,Healthy,0
NB01452,Female,41.74,5.2,162,45,96.2,55.38,35.24,5.25,55.38,34.71,9,12,2,6.61,37.6,9,0,0,0,Healthy,0
NB01453,Female,38.53,5.2,183,51,96.2,51.14,33.73,5.11,52.11,33.67,10,8,1,2.25,37.96,9,0,0,1,Healthy,0
NB01454,Female,42.0,5.2,123,64,91.2,53.24,35.42,5.02,53.09,35.56,10,8,4,4.76,37.29,7,0,0,0,Healthy,0
NB01455,Male,39.24,5.2,144,38,90.3,50.71,33.4,5.3,53.31,33.24,9,8,5,0.97,35.77,7,0,0,2,Healthy,0
NB01456,Female,34.13,5.2,133,41,90.5,43.1,33.0,5.48,42.51,33.22,10,6,4,4.66,37.27,5,0,1,6,At Risk,0
NB01457,Male,39.66,5.2,181,24,93.4,49.14,33.89,5.39,50.04,33.68,6,8,2,0.57,37.27,10,0,0,3,At Risk,0
NB01458,Male,38.84,5.2,149,29,95.9,51.03,33.87,5.25,52.17,34.07,9,5,3,3.22,36.75,9,0,0,1,Healthy,0
NB01459,Female,40.84,5.2,157,41,92.6,51.1,37.35,5.36,49.65,37.86,12,7,6,3.58,37.22,9,0,0,0,Healthy,0
NB01460,Male,39.48,5.2,161,47,90.0,50.5,35.96,5.23,50.91,35.85,5,6,4,1.15,36.96,9,1,0,4,At Risk,0
NB01461,Male,37.7,5.2,142,47,98.2,49.12,36.05,5.17,49.01,36.37,10,4,0,2.86,36.79,10,0,0,0,Healthy,0
NB01462,Female,35.31,5.2,137,48,89.6,45.81,32.64,5.03,45.69,33.45,9,6,2,1.87,36.91,9,1,0,4,At Risk,0
NB01463,Male,37.54,5.2,167,55,96.7,47.25,32.58,5.16,48.45,32.58,11,6,0,3.64,36.55,9,0,0,0,Healthy,0
NB01464,Male,36.13,5.2,154,59,92.4,44.69,35.58,5.29,44.67,36.06,6,5,5,4.01,35.97,10,0,0,2,Healthy,0
NB01465,Male,36.72,5.2,125,40,99.3,48.16,33.78,5.15,49.8,33.54,6,7,3,3.92,35.96,9,0,0,2,Healthy,0
NB01466,Female,39.29,5.2,127,34,93.2,52.0,34.47,5.0,50.94,34.72,11,3,4,1.91,37.21,9,0,0,1,Healthy,0
NB01467,Male,41.67,5.2,133,49,88.8,49.62,36.46,5.25,48.65,36.35,4,0,3,4.27,36.34,7,1,0,5,At Risk,0
NB01468,Male,38.87,5.2,161,51,94.9,50.33,34.68,5.29,50.22,33.65,5,0,2,2.09,36.11,6,0,1,8,High Risk,0
NB01469,Female,35.37,5.2,167,43,92.1,47.79,31.6,5.16,47.37,32.58,10,7,5,2.52,36.1,7,0,0,1,Healthy,0
NB01470,Female,38.98,5.2,179,40,97.8,48.5,32.42,5.23,47.87,32.31,3,8,1,7.03,36.59,9,0,0,1,Healthy,0
NB01471,Male,40.63,5.2,127,37,96.2,54.81,38.08,4.72,52.72,38.47,9,8,1,2.8,37.48,8,0,0,0,Healthy,0
NB01472,Female,36.66,5.2,143,42,92.8,47.62,32.83,5.38,48.86,32.79,4,10,4,0.49,36.73,8,0,0,0,Healthy,0
NB01473,Male,37.71,5.2,133,49,91.5,49.13,33.87,5.29,49.7,33.34,9,8,4,5.97,36.16,9,0,0,0,Healthy,0
NB01474,Female,38.03,5.2,137,35,91.2,49.31,36.94,5.5,50.02,37.79,8,6,3,3.04,37.47,6,0,1,6,At Risk,0
NB01475,Male,36.27,5.2,157,34,92.9,44.5,31.57,5.19,43.93,32.07,12,6,4,0.75,36.95,10,0,0,0,Healthy,0
NB01476,Female,39.43,5.2,139,48,99.8,52.9,35.78,5.38,53.65,35.37,6,10,2,0.2,36.64,10,0,0,0,Healthy,0
NB01477,Female,37.73,5.2,164,34,94.5,47.45,32.43,5.47,49.82,33.02,7,13,2,1.5,37.02,8,0,0,0,Healthy,0
NB01478,Male,38.92,5.2,131,44,98.3,49.96,34.93,5.23,50.74,36.0,9,8,2,4.01,36.81,8,0,0,0,Healthy,0
NB01479,Female,36.05,5.2,153,43,89.8,49.04,32.74,5.3,49.24,33.01,5,9,1,4.2,36.48,8,1,0,5,At Risk,0
NB01480,Female,37.04,5.2,132,42,88.3,51.66,34.31,5.26,51.96,34.99,6,4,5,1.29,36.55,9,1,0,4,At Risk,0
NB01481,Female,39.59,5.2,107,36,91.7,48.87,36.72,4.91,50.3,37.63,11,3,3,5.19,36.24,7,0,0,0,Healthy,0
NB01482,Male,37.18,5.2,122,59,97.3,47.97,32.36,5.31,47.02,31.99,8,10,1,3.44,36.59,8,0,0,0,Healthy,0
NB01483,Female,41.8,5.2,142,46,94.0,55.78,38.58,5.04,55.87,39.04,6,3,1,2.66,37.22,10,0,0,0,Healthy,0
NB01484,Female,37.12,5.2,175,37,98.1,49.74,35.42,5.06,49.97,34.7,9,9,2,1.66,37.21,8,0,0,0,Healthy,0
NB01485,Female,38.49,5.2,132,45,99.4,51.39,33.77,5.33,51.96,33.82,7,12,3,3.48,36.72,9,0,0,0,Healthy,0
NB01486,Male,40.05,5.2,137,60,91.6,49.34,35.23,5.49,48.81,35.02,7,11,2,1.11,36.73,9,0,0,0,Healthy,0
NB01487,Male,34.88,5.2,149,43,97.9,46.03,30.87,5.39,44.24,30.7,11,6,3,3.49,36.33,8,0,0,1,Healthy,0
NB01488,Female,34.13,5.2,129,57,99.9,45.78,30.63,5.35,46.04,30.24,9,6,3,2.35,36.98,9,0,0,0,Healthy,0
NB01489,Female,34.64,5.2,131,31,98.6,44.86,29.65,5.3,47.43,29.22,10,8,4,6.8,36.18,9,0,0,0,Healthy,0
NB01490,Female,40.78,5.2,141,33,89.4,48.75,36.91,5.4,49.38,36.34,9,4,1,1.69,37.17,9,1,0,4,At Risk,0
NB01491,Female,36.79,5.2,132,21,88.5,47.49,29.87,5.5,46.52,28.98,7,7,1,2.79,36.99,10,1,0,6,At Risk,0
NB01492,Male,42.0,5.2,108,62,93.4,55.91,35.55,5.11,55.61,35.42,8,10,4,3.11,36.68,4,0,1,7,At Risk,0
NB01493,Male,36.76,5.2,128,25,93.6,48.6,32.86,5.12,48.53,32.11,11,13,2,5.74,37.0,9,0,0,2,Healthy,0
NB01494,Male,38.41,5.2,151,44,98.0,52.71,36.03,5.38,54.49,35.69,6,10,7,2.51,36.65,9,0,0,0,Healthy,0
NB01495,Female,41.39,5.2,152,59,91.6,53.01,35.36,4.89,53.08,34.89,8,10,1,0.2,36.88,7,0,0,0,Healthy,0
NB01496,Female,42.0,5.2,164,52,96.5,51.67,37.24,5.21,52.97,36.47,8,11,5,4.29,36.9,6,0,1,6,At Risk,0
NB01497,Female,42.0,5.2,163,46,91.2,55.76,36.48,5.28,56.15,36.76,5,1,5,0.2,37.32,6,0,1,7,At Risk,0
NB01498,Female,40.66,5.2,124,55,96.2,52.42,37.08,5.12,52.7,37.23,10,7,2,5.69,37.02,10,0,0,1,Healthy,0
NB01499,Male,40.25,5.2,127,35,93.4,53.55,35.94,4.85,52.75,36.19,9,3,4,4.32,37.27,6,0,1,6,At Risk,0
NB01500,Female,39.3,5.2,127,47,96.3,48.64,35.96,5.5,49.63,36.08,5,4,3,1.1,36.98,6,0,1,7,At Risk,0
NB01501,Male,39.71,5.2,137,41,93.7,53.22,34.17,5.11,52.88,34.65,7,7,5,3.41,36.77,8,0,0,0,Healthy,0
NB01502,Female,36.79,5.2,129,41,87.3,50.65,31.43,5.12,51.97,31.39,5,11,2,4.21,37.03,10,1,0,4,At Risk,0
NB01503,Male,36.2,5.2,137,44,96.8,48.56,33.09,5.5,48.79,34.14,8,6,4,1.4,36.96,10,0,0,0,Healthy,0
NB01504,Female,37.99,5.2,124,54,99.1,47.98,33.06,4.64,48.09,32.35,7,6,2,5.74,36.64,8,0,0,0,Healthy,0
NB01505,Male,37.63,5.2,154,58,92.1,49.17,33.58,5.5,48.63,32.79,7,7,6,5.88,36.17,10,0,0,0,Healthy,0
NB01506,Female,37.0,5.2,123,39,97.8,49.93,33.58,5.5,49.66,32.4,7,7,4,1.97,36.56,10,0,0,0,Healthy,0
NB01507,Female,39.53,5.2,122,31,92.9,51.45,36.74,5.05,51.19,35.71,6,3,3,3.86,36.56,8,0,0,0,Healthy,0
NB01508,Female,40.1,5.2,149,34,90.3,52.69,36.45,5.13,52.94,36.27,8,10,5,4.18,37.05,7,0,0,0,Healthy,0
NB01509,Male,38.19,5.2,153,61,92.9,51.8,32.91,5.33,53.59,32.86,9,7,2,0.2,36.77,10,0,0,0,Healthy,0
NB01510,Male,41.25,5.2,136,57,94.4,51.23,34.36,5.28,49.99,35.03,9,5,3,1.53,36.43,9,0,0,0,Healthy,0
NB01511,Female,35.49,5.2,156,31,90.4,45.03,34.6,5.43,45.36,34.52,7,9,3,3.41,36.73,9,0,0,0,Healthy,0
NB01512,Male,37.57,5.2,154,59,99.7,49.14,31.13,5.33,51.12,32.15,4,5,4,1.98,36.66,9,0,0,0,Healthy,0
NB01513,Male,36.42,5.2,174,35,89.6,47.52,32.02,5.4,46.54,32.27,8,9,4,4.47,36.39,10,1,0,4,At Risk,0
NB01514,Male,33.89,5.2,153,49,93.1,47.48,31.89,5.5,47.26,32.31,8,7,2,1.78,37.46,10,0,0,1,Healthy,0
NB01515,Female,37.82,5.2,171,35,91.8,47.29,36.13,4.91,48.35,36.76,7,3,5,2.21,36.72,5,0,1,6,At Risk,0
NB01516,Male,37.73,5.2,141,64,99.7,51.4,33.33,5.5,50.39,33.2,9,8,2,3.73,36.44,6,0,1,6,At Risk,0
NB01517,Female,41.33,5.2,165,36,89.7,55.3,36.17,5.5,57.02,37.28,10,3,4,4.32,36.05,10,1,0,5,At Risk,0
NB01518,Female,39.39,5.2,166,32,97.9,50.85,33.46,5.01,52.31,33.8,11,7,5,0.2,36.84,9,0,0,0,Healthy,0
NB01519,Male,35.75,5.2,137,37,95.7,47.69,32.41,5.07,48.16,33.51,12,3,5,3.15,37.03,7,0,0,0,Healthy,0
NB01520,Male,42.0,5.2,128,68,90.6,51.66,34.87,5.33,48.91,35.59,8,9,5,5.12,36.51,8,0,0,1,Healthy,0
NB01521,Male,40.69,5.2,131,45,93.8,50.93,34.55,4.98,50.65,34.99,12,5,1,4.54,36.86,10,0,0,0,Healthy,0
NB01522,Male,39.28,5.2,147,32,94.4,49.94,35.84,5.11,51.13,35.73,7,7,5,3.67,36.31,8,0,0,1,Healthy,0
NB01523,Female,37.5,5.2,119,34,97.0,52.04,32.8,5.28,51.87,32.85,8,9,4,3.76,36.7,10,0,0,0,Healthy,0
NB01524,Male,35.89,5.2,132,25,92.7,47.56,33.7,5.09,47.77,34.0,11,4,1,2.19,37.29,5,0,1,8,High Risk,0
NB01525,Male,37.18,5.2,162,47,97.2,46.22,33.0,5.18,48.45,32.41,6,5,1,3.18,36.69,9,0,0,0,Healthy,0
NB01526,Female,40.4,5.2,152,29,95.2,52.27,33.42,5.06,52.79,32.17,9,4,0,3.48,36.51,9,0,0,1,Healthy,0
NB01527,Male,42.0,5.2,98,53,96.6,54.85,38.35,5.04,55.29,38.21,10,4,0,5.68,37.4,9,1,1,5,At Risk,0
NB01528,Male,41.4,5.2,116,50,91.9,52.6,34.2,5.32,52.43,34.1,7,10,1,4.21,36.89,9,0,0,0,Healthy,0
NB01529,Male,36.92,5.2,179,41,94.2,51.57,32.14,5.21,53.34,32.56,8,7,0,4.0,36.57,10,0,0,0,Healthy,0
NB01530,Male,35.54,5.2,161,54,95.4,48.94,31.78,5.25,50.17,32.69,11,6,3,1.82,36.41,9,0,0,1,Healthy,0
NB01531,Female,38.31,5.2,130,51,95.3,47.78,35.53,5.37,47.5,35.62,8,4,2,3.31,36.28,9,0,0,0,Healthy,0
NB01532,Male,34.11,5.2,113,44,94.9,45.0,30.29,5.27,44.47,29.67,7,6,4,2.14,36.99,7,0,0,0,Healthy,0
NB01533,Female,38.71,5.2,118,34,100.0,50.69,32.91,5.16,50.08,33.01,6,6,5,2.6,37.15,6,0,1,6,At Risk,0
NB01534,Female,37.68,5.2,149,46,97.0,45.98,33.82,5.05,45.71,34.01,7,5,3,4.19,36.8,10,0,0,0,Healthy,0
NB01535,Female,36.97,5.2,176,46,97.5,49.35,32.76,5.32,48.77,32.73,7,8,0,4.2,36.71,8,0,0,0,Healthy,0
NB01536,Female,34.49,5.2,174,47,95.9,42.92,30.64,5.5,43.24,30.2,6,5,2,2.58,37.06,7,0,0,0,Healthy,0
NB01537,Male,39.13,5.2,112,43,96.9,52.66,34.92,5.41,53.71,36.2,11,3,3,2.82,36.16,7,0,0,0,Healthy,0
NB01538,Female,36.83,5.2,135,45,95.7,50.36,31.17,4.93,49.77,31.75,7,4,6,2.51,36.83,8,0,0,0,Healthy,0
NB01539,Female,35.43,5.2,125,45,100.0,48.29,29.42,4.83,47.79,29.89,12,6,0,3.04,36.81,9,0,0,0,Healthy,0
NB01540,Female,31.68,5.2,142,56,94.8,42.56,32.58,5.08,42.16,31.61,12,10,4,3.32,36.99,9,0,0,3,At Risk,0
NB01541,Female,37.94,5.2,116,29,97.9,49.89,33.91,4.92,50.42,33.28,10,11,5,2.69,37.02,7,0,0,0,Healthy,0
NB01542,Female,41.9,5.2,130,32,100.0,52.08,36.79,4.97,51.27,35.97,7,3,5,3.32,36.62,8,0,0,0,Healthy,0
NB01543,Female,41.65,5.2,124,43,97.3,50.83,35.19,4.75,49.54,35.11,7,5,1,5.47,37.63,7,0,0,0,Healthy,0
NB01544,Male,36.99,5.2,149,34,94.0,48.02,34.44,5.28,47.97,35.25,9,1,3,2.23,36.31,9,0,0,1,Healthy,0
NB01545,Male,36.68,5.2,131,44,92.4,49.8,32.07,5.0,50.08,32.05,8,7,2,4.18,36.59,9,0,0,0,Healthy,0
NB01546,Female,39.03,5.2,133,31,93.3,50.62,30.34,5.0,50.68,30.25,8,5,1,4.74,37.19,10,0,0,0,Healthy,0
NB01547,Male,35.8,5.2,149,32,96.4,50.52,31.41,5.1,50.61,30.52,11,8,4,4.33,36.51,7,0,0,0,Healthy,0
NB01548,Male,38.66,5.2,170,63,100.0,51.73,33.84,5.1,52.76,34.12,6,5,3,1.77,36.85,9,0,0,1,Healthy,0
NB01549,Female,39.69,5.2,178,40,97.1,52.43,34.72,5.18,53.81,34.53,8,9,3,4.51,36.56,6,0,1,6,At Risk,0
NB01550,Female,40.7,5.2,148,30,93.6,48.81,35.39,4.95,48.95,36.15,8,8,1,3.94,36.62,6,0,1,7,At Risk,0
NB01551,Male,37.78,5.2,138,41,93.9,48.83,32.68,5.43,49.15,32.3,8,6,1,5.22,36.22,8,0,0,0,Healthy,0
NB01552,Female,37.55,5.2,164,52,94.5,47.07,32.37,5.29,49.1,32.36,10,5,2,4.44,37.14,7,0,0,0,Healthy,0
NB01553,Female,36.07,5.2,161,54,90.3,47.5,32.0,5.31,47.44,31.75,13,13,2,3.04,37.15,8,0,0,0,Healthy,0
NB01554,Male,36.18,5.2,156,27,93.4,46.58,30.06,5.14,46.36,29.94,8,7,6,4.96,37.15,7,0,0,0,Healthy,0
NB01555,Female,37.5,5.2,112,34,93.2,48.4,30.51,5.44,47.25,31.04,9,6,1,1.06,36.61,7,0,0,0,Healthy,0
NB01556,Male,38.81,5.2,162,44,100.0,52.45,34.51,5.33,53.33,33.9,6,8,5,2.32,36.95,10,0,0,0,Healthy,0
NB01557,Male,40.01,5.2,146,42,98.2,52.36,35.38,5.27,51.12,35.36,8,2,4,3.74,37.7,8,0,0,1,Healthy,0
NB01558,Female,36.23,5.2,124,26,91.2,50.02,33.88,5.43,49.59,33.95,11,5,2,0.33,36.93,9,0,0,0,Healthy,0
NB01559,Male,41.28,5.2,128,28,89.5,49.35,35.72,4.9,48.54,36.18,9,9,4,3.71,36.28,9,1,0,4,At Risk,0
NB01560,Female,37.4,5.2,150,31,90.4,49.18,31.59,5.27,48.1,31.46,12,9,0,2.57,36.42,7,0,0,0,Healthy,0
NB01561,Male,37.95,5.2,95,24,99.9,51.49,30.86,5.1,53.2,31.58,7,8,0,2.43,36.39,10,1,1,8,High Risk,0
NB01562,Female,36.36,5.2,138,37,90.3,51.13,31.31,5.08,51.47,30.2,8,2,1,1.35,37.39,10,0,0,1,Healthy,0
NB01563,Female,32.67,5.2,128,54,100.0,41.7,30.7,5.39,40.31,31.08,5,7,3,3.43,36.98,10,0,0,0,Healthy,0
NB01564,Male,39.94,5.2,126,35,95.8,50.65,37.32,5.5,51.16,37.41,10,5,3,2.97,36.09,7,0,0,0,Healthy,0
NB01565,Male,39.62,5.2,132,53,94.1,53.13,35.02,5.48,54.33,35.7,6,8,3,2.27,37.39,9,0,0,0,Healthy,0
NB01566,Female,37.38,5.2,113,42,91.0,48.66,31.55,5.23,49.33,31.03,8,7,3,5.09,37.05,8,0,0,0,Healthy,0
NB01567,Female,38.15,5.2,159,40,99.4,47.91,32.58,5.17,49.24,33.7,12,9,2,4.8,36.88,8,0,0,0,Healthy,0
NB01568,Female,39.14,5.2,102,25,96.9,47.52,33.32,5.48,48.28,34.24,9,6,7,2.91,37.48,8,0,0,0,Healthy,0
NB01569,Female,34.56,5.2,143,54,98.2,44.61,30.78,5.03,45.6,30.61,6,7,3,4.43,36.7,10,0,0,0,Healthy,0
NB01570,Male,36.84,5.2,125,43,94.0,45.17,34.67,5.5,45.28,35.02,4,11,0,1.1,37.41,10,0,0,0,Healthy,0
NB01571,Female,39.75,5.2,176,26,97.3,51.29,36.82,5.15,53.0,36.26,6,11,4,2.37,35.81,9,0,0,2,Healthy,0
NB01572,Male,35.24,5.2,140,46,100.0,48.91,31.61,5.22,49.92,32.08,9,9,2,0.2,36.47,8,0,0,1,Healthy,0
NB01573,Female,38.65,5.2,102,36,97.1,47.66,34.53,5.12,48.14,34.13,10,3,2,3.54,37.16,10,0,0,0,Healthy,0
NB01574,Female,35.02,5.2,150,43,91.3,47.43,30.51,5.24,46.78,30.8,8,6,3,1.8,37.56,7,0,0,0,Healthy,0
NB01575,Male,39.03,5.2,120,44,96.8,52.21,31.95,5.05,53.47,31.45,6,10,4,2.95,36.25,10,0,0,0,Healthy,0
NB01576,Female,37.92,5.2,158,54,97.6,49.52,36.43,5.16,50.92,37.23,7,7,3,5.17,36.61,10,0,0,0,Healthy,0
NB01577,Female,34.45,5.2,151,31,100.0,43.18,27.83,5.26,45.53,28.27,7,5,4,1.85,36.87,8,0,0,0,Healthy,0
NB01578,Male,40.56,5.2,167,48,97.0,52.68,32.84,5.21,52.83,34.13,10,7,2,5.19,36.38,9,0,0,0,Healthy,0
NB01579,Male,36.38,5.2,143,55,98.9,48.04,35.36,4.73,48.64,35.57,10,5,5,1.67,36.68,9,0,0,1,Healthy,0
NB01580,Male,36.22,5.2,155,67,97.2,47.68,32.58,5.5,48.27,31.76,9,7,4,3.57,37.51,7,0,0,2,Healthy,0
NB01581,Male,38.44,5.2,141,52,90.3,48.9,32.42,5.5,47.16,32.69,10,7,1,3.05,36.34,9,0,0,0,Healthy,0
NB01582,Female,40.53,5.2,129,46,97.9,52.05,36.59,5.0,53.11,38.22,9,6,4,4.63,36.69,9,0,0,0,Healthy,0
NB01583,Male,35.77,5.2,159,45,95.4,48.61,33.4,5.11,49.29,33.35,10,8,3,3.12,36.92,9,0,0,1,Healthy,0
NB01584,Male,38.14,5.2,118,58,100.0,54.5,31.9,5.2,54.27,32.29,9,6,2,1.44,37.01,7,0,0,0,Healthy,0
NB01585,Male,38.94,5.2,139,39,90.0,50.67,33.66,5.36,50.06,34.14,9,6,1,6.03,36.41,6,1,1,10,High Risk,1
NB01586,Male,39.52,5.2,130,50,91.0,53.99,36.18,5.32,53.06,35.53,8,8,0,6.43,36.72,7,0,0,0,Healthy,0
NB01587,Female,38.39,5.2,155,64,97.5,50.66,32.85,5.01,51.5,33.1,12,8,5,1.14,36.67,9,0,0,0,Healthy,0
NB01588,Male,37.19,5.2,123,41,100.0,48.67,33.66,5.5,48.2,34.18,9,7,4,4.45,36.94,8,0,0,1,Healthy,0
NB01589,Male,36.18,5.2,133,22,94.6,48.26,34.66,5.15,48.98,35.2,7,4,3,2.95,36.27,7,0,0,3,At Risk,0
NB01590,Male,38.19,5.2,141,33,94.6,47.33,30.34,5.5,47.45,30.2,5,5,6,1.96,37.37,10,0,0,1,Healthy,0
NB01591,Female,35.64,5.2,167,45,95.7,48.09,31.64,5.11,48.57,31.18,11,10,7,1.0,36.92,5,0,1,6,At Risk,0
NB01592,Male,31.57,5.2,130,34,93.3,39.83,29.69,5.44,41.35,29.35,8,6,4,4.73,37.28,10,0,0,4,At Risk,0
NB01593,Male,38.96,5.2,133,39,98.5,48.74,31.78,5.31,49.47,31.74,8,5,4,4.58,36.54,9,0,0,0,Healthy,0
NB01594,Female,39.99,5.2,116,39,93.3,51.61,34.4,5.06,52.25,34.57,11,12,3,4.36,36.25,10,0,0,0,Healthy,0
NB01595,Female,32.8,5.2,122,48,97.5,47.31,31.73,5.35,46.98,31.03,9,10,5,4.4,36.37,8,0,0,0,Healthy,0
NB01596,Female,35.78,5.2,147,33,90.4,50.46,31.19,5.27,51.17,31.92,9,10,3,0.75,37.12,8,0,0,0,Healthy,0
NB01597,Female,39.36,5.2,141,36,100.0,50.35,32.53,5.41,50.53,33.15,9,7,0,3.13,36.6,7,0,0,0,Healthy,0
NB01598,Female,42.0,5.2,141,56,87.6,53.51,38.3,5.07,52.41,39.89,8,6,2,2.27,36.07,10,1,0,4,At Risk,0
NB01599,Male,38.05,5.2,171,37,91.3,51.61,34.5,5.21,51.65,34.78,7,6,2,4.6,36.88,9,0,0,0,Healthy,0
NB01600,Female,36.4,5.2,110,49,100.0,45.5,32.58,5.39,46.92,32.57,9,6,2,1.86,36.66,8,0,0,0,Healthy,0
NB01601,Female,37.6,5.2,182,42,95.4,50.05,33.37,4.86,49.36,32.56,6,8,4,6.68,36.67,8,0,0,1,Healthy,0
NB01602,Male,41.02,5.2,161,42,92.7,50.67,37.46,5.0,51.22,36.65,7,9,0,3.76,36.03,10,0,0,1,Healthy,0
NB01603,Male,36.58,5.2,134,49,90.5,47.98,33.25,5.24,48.07,32.72,4,0,0,5.54,36.12,9,0,0,1,Healthy,0
NB01604,Male,36.24,5.2,147,23,93.5,47.1,33.54,5.27,47.32,32.87,6,5,3,0.96,36.55,8,0,0,2,Healthy,0
NB01605,Female,36.94,5.2,128,46,96.0,49.51,32.02,5.21,49.52,31.83,9,5,3,2.37,36.38,10,0,0,0,Healthy,0
NB01606,Female,35.9,5.2,146,48,96.7,48.81,29.46,5.39,49.29,29.1,9,3,3,0.2,36.54,7,0,0,1,Healthy,0
NB01607,Male,38.27,5.2,179,50,96.1,51.63,34.92,5.21,50.81,35.68,9,8,2,2.07,37.17,10,0,0,0,Healthy,0
NB01608,Female,41.57,5.2,128,38,88.7,53.51,37.95,5.43,54.27,38.37,2,4,3,5.05,36.32,8,1,0,5,At Risk,0
NB01609,Female,38.71,5.2,136,42,95.5,50.58,33.96,5.29,50.35,34.45,8,10,2,3.75,36.39,10,0,0,0,Healthy,0
NB01610,Male,37.44,5.2,126,17,96.2,52.81,34.74,5.01,53.19,33.88,10,7,4,5.86,36.56,8,0,0,2,Healthy,0
NB01611,Female,37.36,5.2,129,35,96.2,45.97,32.85,5.26,46.41,32.97,9,7,0,5.21,36.37,10,0,0,0,Healthy,0
NB01612,Female,34.56,5.2,133,44,95.1,49.9,31.26,5.21,50.36,30.37,8,9,3,5.6,36.7,7,0,0,0,Healthy,0
NB01613,Male,39.94,5.2,120,57,90.7,50.77,37.79,5.1,50.74,38.24,9,8,3,2.14,37.26,9,0,0,0,Healthy,0
NB01614,Male,37.83,5.2,135,60,91.8,50.59,33.24,4.93,49.54,32.9,6,7,1,0.59,36.67,7,0,0,1,Healthy,0
NB01615,Male,37.6,5.2,141,39,99.2,48.59,33.0,4.99,48.25,32.3,10,6,0,1.76,36.92,10,0,0,0,Healthy,0
NB01616,Male,42.0,5.2,133,51,92.3,51.79,33.8,5.06,51.64,33.63,8,6,3,0.26,35.76,7,0,0,3,At Risk,0
NB01617,Female,38.66,5.2,99,41,92.5,51.16,35.3,5.44,49.64,35.01,6,5,1,1.58,36.84,9,1,1,5,At Risk,0
NB01618,Female,36.35,5.2,137,26,94.0,50.2,31.58,5.17,49.86,32.12,8,9,2,0.2,37.46,9,0,0,0,Healthy,0
NB01619,Male,37.06,5.2,139,48,90.7,49.7,33.36,5.47,51.01,33.14,7,8,4,2.44,36.84,8,0,0,0,Healthy,0
NB01620,Female,40.53,5.2,174,60,97.2,50.79,35.1,5.03,49.96,35.21,6,12,4,4.54,36.86,9,0,0,0,Healthy,0
NB01621,Male,38.25,5.2,140,38,90.6,57.05,33.31,5.09,58.01,32.86,8,8,4,7.35,36.93,6,0,1,6,At Risk,0
NB01622,Male,34.84,5.2,157,33,98.8,49.15,31.41,5.12,48.8,31.19,9,7,6,3.37,37.51,8,0,0,1,Healthy,0
NB01623,Male,40.02,5.2,132,43,90.3,53.29,35.15,5.17,52.9,34.65,10,8,4,4.84,37.41,9,0,0,0,Healthy,0
NB01624,Male,36.53,5.2,163,41,94.0,47.57,34.54,5.28,47.58,34.41,9,5,5,6.48,36.34,9,0,0,0,Healthy,0
NB01625,Female,42.0,5.2,123,68,96.2,51.95,38.88,5.36,52.46,39.29,13,10,2,4.85,37.34,7,0,0,2,Healthy,0
NB01626,Female,40.38,5.2,149,52,97.8,51.18,36.44,5.48,50.94,36.74,9,7,0,3.89,37.42,10,0,0,0,Healthy,0
NB01627,Male,37.02,5.2,155,43,94.2,50.88,35.02,4.79,50.55,35.91,11,2,1,1.82,36.03,10,0,0,1,Healthy,0
NB01628,Female,40.82,5.2,152,15,92.5,50.16,37.05,5.5,51.74,36.35,8,4,0,2.8,36.81,10,0,0,2,Healthy,0
NB01629,Female,38.15,5.2,179,41,100.0,47.6,34.65,5.02,47.92,34.67,9,7,4,5.24,37.04,5,0,1,6,At Risk,0
NB01630,Male,39.88,5.2,129,61,95.6,52.37,37.3,5.25,51.17,37.06,8,3,7,3.7,35.54,8,0,0,2,Healthy,0
NB01631,Female,39.07,5.2,165,43,94.4,51.2,32.58,5.42,49.29,32.74,9,5,2,2.28,36.49,10,0,0,0,Healthy,0
NB01632,Female,36.14,5.2,161,50,88.6,46.38,31.47,5.36,48.03,31.64,9,9,0,0.85,36.48,9,1,0,4,At Risk,0
NB01633,Male,36.58,5.2,141,46,95.7,46.14,31.58,5.45,47.27,31.13,10,9,3,3.08,36.51,10,0,0,0,Healthy,0
NB01634,Male,40.27,5.2,173,37,95.0,54.52,34.93,5.43,54.89,35.2,5,9,3,1.83,37.27,9,0,0,1,Healthy,0
NB01635,Male,37.26,5.2,137,59,90.3,49.65,34.31,5.31,50.0,34.33,7,9,1,5.12,36.77,8,0,0,0,Healthy,0
NB01636,Male,37.11,5.2,140,44,92.3,46.07,31.51,5.38,46.26,32.41,6,9,4,1.01,36.99,8,0,0,0,Healthy,0
NB01637,Male,35.9,5.2,140,35,95.3,45.12,33.08,4.98,45.42,32.32,4,9,2,5.86,36.84,8,0,0,1,Healthy,0
NB01638,Female,38.93,5.2,117,42,96.6,49.72,33.57,5.09,50.13,33.32,9,8,3,1.78,37.91,8,0,0,0,Healthy,0
NB01639,Female,42.0,5.2,154,56,91.4,54.67,36.08,5.04,55.91,36.96,7,8,4,4.11,37.25,9,0,0,0,Healthy,0
NB01640,Female,35.65,5.2,151,27,91.5,48.68,32.46,4.76,49.82,32.68,7,11,3,2.1,36.79,8,0,0,1,Healthy,0
NB01641,Male,38.05,5.2,138,45,95.4,51.91,36.36,5.04,52.31,35.91,8,6,2,2.51,36.68,6,0,1,6,At Risk,0
NB01642,Male,41.11,5.2,172,43,92.1,49.42,34.91,5.02,49.83,34.97,9,13,3,0.2,36.49,7,0,0,0,Healthy,0
NB01643,Female,37.82,5.2,132,27,94.3,49.89,33.56,5.04,50.93,32.51,9,6,2,4.37,36.36,8,0,0,0,Healthy,0
NB01644,Male,39.0,5.2,109,50,100.0,53.35,32.88,5.36,54.13,33.36,7,6,3,1.87,36.26,7,0,0,0,Healthy,0
NB01645,Female,35.66,5.2,174,45,94.9,50.16,31.08,5.08,50.28,30.66,8,8,4,4.2,37.24,10,0,0,0,Healthy,0
NB01646,Female,38.94,5.2,158,51,98.6,51.17,32.83,5.4,48.56,32.95,10,6,1,2.67,36.4,8,0,0,0,Healthy,0
NB01647,Female,37.59,5.2,151,53,90.6,53.93,33.88,4.92,54.82,34.08,4,2,2,2.68,37.09,6,0,1,7,At Risk,0
NB01648,Male,40.17,5.2,134,41,92.3,52.77,35.96,5.1,54.09,35.88,6,5,3,0.2,36.57,9,0,0,0,Healthy,0
NB01649,Female,40.61,5.2,146,36,92.2,54.04,36.66,5.15,53.97,35.22,8,6,2,7.13,36.46,6,0,1,6,At Risk,0
NB01650,Female,42.0,5.2,117,28,91.1,53.29,35.47,5.47,52.38,35.38,5,6,1,1.77,36.65,9,0,0,1,Healthy,0
NB01651,Male,39.28,5.2,136,36,88.8,49.19,35.45,5.24,50.32,34.05,6,3,3,5.71,37.61,10,1,0,4,At Risk,0
NB01652,Male,38.72,5.2,124,42,95.7,48.49,34.47,5.29,49.65,35.51,11,5,4,6.4,38.17,7,0,0,1,Healthy,0
NB01653,Female,38.43,5.2,145,32,96.4,50.35,34.01,5.01,49.69,33.93,8,5,0,2.3,36.64,8,0,0,0,Healthy,0
NB01654,Female,37.22,5.2,157,48,91.7,48.48,31.39,5.4,49.15,30.95,8,5,3,1.83,36.59,10,0,0,0,Healthy,0
NB01655,Male,38.74,5.2,121,33,92.4,46.73,34.55,5.22,46.48,33.39,6,6,5,3.31,37.23,10,0,0,0,Healthy,0
NB01656,Male,37.35,5.2,153,24,95.3,46.96,33.62,4.88,47.51,34.08,7,9,1,3.21,36.87,9,0,0,2,Healthy,0
NB01657,Male,38.37,5.2,144,36,95.1,49.3,34.21,5.37,50.89,34.57,5,9,5,0.59,36.51,10,0,0,0,Healthy,0
NB01658,Female,40.9,5.2,152,44,98.6,53.66,36.43,5.29,54.34,36.41,7,8,4,1.26,37.02,7,0,0,0,Healthy,0
NB01659,Male,35.79,5.2,136,29,99.0,47.57,33.29,5.16,47.15,33.35,4,10,1,5.06,37.15,6,0,1,6,At Risk,0
NB01660,Male,40.51,5.2,153,33,92.7,51.71,33.91,5.16,51.37,33.51,11,7,1,2.47,36.69,8,0,0,0,Healthy,0
NB01661,Male,40.9,5.2,127,36,94.8,50.23,35.5,5.02,52.41,35.13,6,10,3,4.39,36.7,5,0,1,6,At Risk,0
NB01662,Female,37.74,5.2,110,37,91.5,49.41,34.39,5.46,50.89,35.22,6,8,2,3.66,37.57,9,0,0,0,Healthy,0
NB01663,Male,33.33,5.2,114,45,100.0,48.04,30.13,5.38,47.8,30.0,8,5,2,3.75,36.43,8,0,0,0,Healthy,0
NB01664,Female,36.66,5.2,131,48,95.9,48.71,34.3,5.02,48.8,34.61,9,5,6,2.35,36.56,8,0,0,0,Healthy,0
NB01665,Female,40.85,5.2,111,37,98.5,49.15,35.93,5.24,49.01,35.8,8,8,5,5.2,36.59,9,0,0,0,Healthy,0
NB01666,Male,37.95,5.2,168,32,93.7,47.05,30.83,5.09,47.44,30.82,9,9,2,2.78,37.56,8,0,0,0,Healthy,0
NB01667,Female,35.8,5.2,139,43,98.6,48.8,33.52,4.97,49.79,34.88,6,4,3,2.34,35.91,7,0,0,2,Healthy,0
NB01668,Female,36.89,5.2,157,47,97.6,48.15,32.85,5.5,48.87,33.76,8,12,3,2.59,37.17,9,0,0,0,Healthy,0
NB01669,Female,39.85,5.2,154,58,99.5,51.12,32.44,5.16,52.02,32.96,8,9,4,1.69,36.79,10,0,0,0,Healthy,0
NB01670,Male,39.2,5.2,140,53,90.3,49.46,34.26,5.06,48.95,34.31,9,6,3,4.65,37.62,9,0,0,0,Healthy,0
NB01671,Female,37.47,5.2,204,29,95.3,50.13,31.53,4.99,50.45,32.11,9,4,5,0.52,36.96,10,0,0,1,Healthy,0
NB01672,Female,37.19,5.2,193,41,98.8,48.27,34.36,5.18,49.32,33.4,10,3,5,3.1,35.83,9,0,0,3,At Risk,0
NB01673,Male,37.14,5.2,165,47,91.7,48.45,33.14,4.81,50.17,33.2,12,10,3,4.06,37.53,10,0,0,0,Healthy,0
NB01674,Male,35.97,5.2,124,33,96.8,46.07,30.99,5.2,44.13,30.64,8,9,4,6.7,36.69,10,0,0,0,Healthy,0
NB01675,Female,41.55,5.2,166,38,97.0,54.64,37.5,5.47,55.31,38.02,6,7,4,6.3,35.88,9,0,0,2,Healthy,0
NB01676,Male,37.29,5.2,109,49,97.5,48.52,33.99,5.42,49.94,34.57,7,8,3,3.86,36.62,7,0,0,0,Healthy,0
NB01677,Male,40.68,5.2,165,44,96.2,53.23,35.32,5.33,51.42,36.11,7,1,3,2.99,36.82,10,0,0,2,Healthy,0
NB01678,Female,41.35,5.2,94,42,97.2,50.23,34.27,5.5,51.79,34.33,9,1,4,1.62,36.33,9,1,1,6,At Risk,0
NB01679,Male,40.2,5.2,134,35,96.5,55.04,34.07,5.28,57.45,34.12,9,8,3,1.05,36.11,8,0,0,0,Healthy,0
NB01680,Male,37.05,5.2,162,28,99.1,51.3,31.85,5.05,51.68,32.32,9,8,5,1.74,36.93,9,0,0,0,Healthy,0
NB01681,Female,38.89,5.2,147,39,92.5,46.58,35.54,5.4,47.32,36.41,8,7,4,4.31,36.24,10,0,0,0,Healthy,0
NB01682,Male,37.95,5.2,113,41,96.2,47.95,31.24,5.26,47.18,30.49,7,11,6,2.28,36.34,8,0,0,0,Healthy,0
NB01683,Female,36.01,5.2,143,27,99.3,48.77,32.34,5.24,51.01,32.34,8,9,1,5.42,37.41,10,0,0,0,Healthy,0
NB01684,Male,38.71,5.2,147,42,92.3,47.6,33.92,5.29,48.09,32.65,6,6,2,3.22,36.65,10,0,0,0,Healthy,0
NB01685,Female,35.41,5.2,144,46,92.6,47.0,33.54,5.15,44.64,34.22,8,6,2,2.27,36.25,10,0,0,0,Healthy,0
NB01686,Female,40.61,5.2,133,35,96.8,52.8,35.98,5.5,53.97,35.66,8,8,3,0.2,36.4,8,0,0,0,Healthy,0
NB01687,Male,36.98,5.2,155,46,99.8,48.31,33.89,4.9,47.6,34.24,10,8,2,1.34,36.97,9,0,0,0,Healthy,0
NB01688,Male,38.44,5.2,161,45,94.5,51.08,33.32,5.39,50.77,32.62,5,12,0,0.54,36.99,7,0,0,0,Healthy,0
NB01689,Male,38.62,5.2,137,39,95.3,48.77,32.39,5.26,49.26,32.44,9,5,5,1.56,37.1,10,0,0,0,Healthy,0
NB01690,Female,37.43,5.2,167,38,96.3,44.6,32.91,5.32,44.82,32.7,12,5,3,3.87,37.16,10,0,0,0,Healthy,0
NB01691,Female,39.29,5.2,137,39,93.3,52.73,35.87,5.15,53.26,35.51,9,7,3,3.13,36.95,8,0,0,0,Healthy,0
NB01692,Female,36.96,5.2,131,33,100.0,50.61,34.23,5.5,51.26,34.91,8,7,3,2.19,37.07,8,0,0,0,Healthy,0
NB01693,Male,39.92,5.2,164,45,91.8,56.33,34.5,5.41,57.88,34.06,9,10,3,5.26,36.59,10,0,0,0,Healthy,0
NB01694,Male,35.04,5.2,164,34,95.3,42.52,30.44,5.08,41.37,31.25,8,7,2,2.6,36.3,10,0,0,0,Healthy,0
NB01695,Female,38.28,5.2,129,34,95.4,51.35,32.41,5.45,52.09,33.45,6,8,1,4.85,37.41,8,0,0,1,Healthy,0
NB01696,Female,42.0,5.2,126,47,87.3,49.26,36.4,5.29,49.63,36.18,8,3,4,5.29,37.2,9,1,0,4,At Risk,0
NB01697,Male,35.8,5.2,172,40,92.1,51.13,32.46,5.11,51.11,33.58,9,10,3,1.61,36.67,9,0,0,0,Healthy,0
NB01698,Male,36.51,5.2,138,43,90.3,49.23,34.97,4.89,48.18,35.62,4,7,3,1.96,36.5,9,0,0,0,Healthy,0
NB01699,Female,39.13,5.2,140,25,97.5,48.71,34.78,5.38,49.31,36.24,7,3,1,6.66,37.83,10,0,0,2,Healthy,0
NB01700,Female,38.4,5.2,135,37,89.1,51.52,35.0,5.09,50.76,36.18,5,8,4,4.91,36.39,10,1,0,4,At Risk,0
NB01701,Female,38.77,5.2,164,59,98.3,49.19,33.17,5.34,47.7,33.38,8,5,0,2.54,36.9,9,0,0,0,Healthy,0
NB01702,Female,39.08,5.2,179,24,90.9,51.17,34.62,5.5,51.18,35.35,9,5,6,4.9,36.5,10,0,0,2,Healthy,0
NB01703,Male,39.4,5.2,141,59,98.4,51.27,34.99,5.07,52.06,34.95,8,8,4,1.1,36.61,7,0,0,0,Healthy,0
NB01704,Male,40.44,5.2,184,45,90.1,55.29,35.3,5.5,54.76,36.21,7,4,2,1.12,36.46,10,0,0,1,Healthy,0
NB01705,Female,38.9,5.2,130,37,96.5,54.04,34.4,5.0,52.39,33.81,6,8,7,1.3,35.83,10,0,0,2,Healthy,0
NB01706,Female,37.47,5.2,135,40,98.3,47.93,33.62,5.5,48.1,33.46,6,6,3,3.96,36.98,10,0,0,0,Healthy,0
NB01707,Female,39.48,5.2,152,54,97.0,53.05,35.56,5.5,54.45,35.24,9,7,1,5.28,37.1,9,0,0,0,Healthy,0
NB01708,Male,42.0,5.2,125,19,90.7,53.91,38.35,5.41,53.39,38.23,9,8,0,2.69,36.5,9,0,0,2,Healthy,0
NB01709,Female,37.71,5.2,152,56,99.0,46.51,30.2,5.32,45.34,30.1,11,4,1,5.62,37.97,8,0,0,0,Healthy,0
NB01710,Male,35.86,5.2,131,45,96.9,46.28,33.97,5.41,44.88,34.07,9,7,4,2.82,36.93,7,0,0,0,Healthy,0
NB01711,Female,40.44,5.2,112,52,86.7,56.46,32.94,5.16,55.95,33.43,10,11,3,1.57,36.88,7,1,0,4,At Risk,0
NB01712,Male,37.74,5.2,109,25,95.4,50.08,34.08,4.96,50.3,34.25,6,8,5,4.3,36.97,9,0,0,2,Healthy,0
NB01713,Male,33.22,5.2,134,40,100.0,47.3,33.99,5.08,47.03,34.36,7,9,5,0.2,36.53,8,0,0,0,Healthy,0
NB01714,Female,39.86,5.2,148,19,98.9,50.85,35.04,5.5,51.31,34.55,6,8,5,5.55,36.36,5,0,1,8,High Risk,0
NB01715,Male,36.82,5.2,115,54,93.3,47.46,33.25,5.0,47.77,32.96,7,3,2,2.47,36.46,9,0,0,0,Healthy,0
NB01716,Female,37.8,5.2,143,32,96.9,49.48,33.2,5.42,50.67,33.03,7,8,3,4.16,36.55,6,0,1,6,At Risk,0
NB01717,Female,38.73,5.2,143,32,93.6,49.73,35.31,5.21,49.79,35.35,9,7,1,4.74,37.05,8,0,0,0,Healthy,0
NB01718,Male,38.42,5.2,137,23,98.6,46.99,34.64,5.16,47.81,35.48,8,6,4,0.39,36.63,6,0,1,8,High Risk,0
NB01719,Male,39.56,5.2,123,46,92.2,49.0,33.88,5.5,49.24,34.02,9,12,1,5.37,37.08,8,0,0,1,Healthy,0
NB01720,Female,37.04,5.2,144,43,99.2,50.15,32.96,5.25,50.53,32.61,10,0,4,2.93,36.23,7,0,0,1,Healthy,0
NB01721,Female,39.13,5.2,137,35,98.2,49.85,32.91,5.42,50.23,33.38,9,15,2,4.69,36.51,9,0,0,0,Healthy,0
NB01722,Female,37.43,5.2,158,45,97.2,49.14,33.22,5.5,48.31,33.37,8,9,4,5.33,36.48,8,0,0,1,Healthy,0
NB01723,Male,39.63,5.2,117,34,100.0,51.53,34.31,5.19,51.65,34.27,8,9,0,2.41,35.08,10,0,0,2,Healthy,0
NB01724,Female,39.35,5.2,142,24,98.5,51.44,34.95,5.32,51.01,35.88,12,3,2,4.48,36.59,10,0,0,2,Healthy,0
NB01725,Male,35.94,5.2,117,38,98.6,50.04,31.29,5.37,49.41,31.87,6,6,1,6.29,36.33,8,0,0,1,Healthy,0
NB01726,Male,40.39,5.2,136,58,98.9,49.55,35.15,5.17,50.15,35.22,8,1,2,1.76,37.01,9,0,0,1,Healthy,0
NB01727,Male,36.82,5.2,120,52,97.5,49.68,32.99,5.33,50.37,33.02,6,5,3,5.13,37.13,9,0,0,0,Healthy,0
NB01728,Female,39.78,5.2,123,47,96.6,52.71,35.16,5.46,52.28,35.07,7,6,0,5.09,36.17,9,0,0,0,Healthy,0
NB01729,Female,38.81,5.2,140,44,92.6,52.3,34.78,5.39,53.2,34.05,9,8,1,4.98,36.69,8,0,0,0,Healthy,0
NB01730,Female,42.0,5.2,130,38,92.7,50.37,36.34,5.25,50.13,36.27,9,6,2,1.64,36.22,8,0,0,0,Healthy,0
NB01731,Male,37.51,5.2,166,49,96.5,49.67,32.28,4.65,50.76,32.38,8,6,4,3.8,36.95,9,0,0,0,Healthy,0
NB01732,Female,37.23,5.2,161,48,97.1,52.34,33.39,4.94,54.73,32.69,5,7,2,10.96,36.49,7,0,0,1,Healthy,0
NB01733,Male,37.96,5.2,154,41,95.1,49.36,33.5,5.5,50.04,32.94,10,4,3,4.95,36.56,6,0,1,6,At Risk,0
NB01734,Male,37.33,5.2,154,44,93.3,49.97,34.87,5.04,50.06,36.37,11,6,2,1.5,36.7,10,0,0,0,Healthy,0
NB01735,Female,39.76,5.2,142,26,94.5,52.74,36.76,5.46,52.26,37.83,5,5,2,3.98,36.93,6,0,1,6,At Risk,0
NB01736,Female,34.44,5.2,163,37,94.8,44.35,29.25,4.98,44.75,28.91,9,6,4,0.2,36.82,8,0,0,0,Healthy,0
NB01737,Male,35.68,5.2,135,30,96.0,51.18,33.1,5.04,50.4,32.76,6,6,4,4.52,36.98,8,0,0,0,Healthy,0
NB01738,Female,35.65,5.2,178,30,94.2,48.48,33.38,5.37,48.45,33.81,10,8,4,5.79,37.12,8,0,0,0,Healthy,0
NB01739,Female,40.09,5.2,123,47,99.1,52.52,33.24,5.5,51.82,33.1,10,6,6,3.87,36.74,10,0,0,0,Healthy,0
NB01740,Male,41.76,5.2,120,29,94.6,49.66,37.3,5.36,50.7,37.46,11,6,4,0.42,36.33,8,0,0,0,Healthy,0
NB01741,Male,37.77,5.2,115,50,92.7,50.98,34.98,5.3,50.65,35.06,7,4,4,2.49,36.08,9,0,0,0,Healthy,0
NB01742,Male,37.63,5.2,118,52,94.7,50.28,32.12,4.96,50.45,31.92,7,3,1,2.99,36.46,9,0,0,1,Healthy,0
NB01743,Female,38.15,5.2,111,41,91.1,52.99,33.55,4.8,51.47,32.76,12,7,2,4.19,36.9,8,0,0,0,Healthy,0
NB01744,Male,40.56,5.2,144,36,100.0,51.28,35.87,5.14,51.14,35.47,8,6,4,1.68,36.18,10,0,0,0,Healthy,0
NB01745,Male,35.96,5.2,155,52,97.3,45.79,33.23,5.26,45.62,33.09,7,8,4,0.49,37.28,9,0,0,0,Healthy,0
NB01746,Male,38.52,5.2,141,48,95.0,48.71,32.68,5.22,47.99,32.4,6,3,5,3.16,36.33,10,0,0,1,Healthy,0
NB01747,Female,40.15,5.2,115,54,100.0,50.52,37.04,5.5,50.43,36.38,5,9,2,3.05,36.75,9,0,0,0,Healthy,0
NB01748,Female,39.1,5.2,132,31,94.3,48.35,31.53,4.92,46.07,32.63,7,5,5,2.13,37.46,9,0,0,0,Healthy,0
NB01749,Male,38.42,5.2,155,39,94.9,52.56,36.08,5.17,51.6,36.48,10,6,3,1.44,36.72,6,0,1,6,At Risk,0
NB01750,Female,40.2,5.2,134,40,92.5,54.24,36.17,5.5,52.77,36.14,5,8,4,0.65,36.31,7,0,0,0,Healthy,0
NB01751,Female,32.05,5.2,126,44,91.7,43.86,28.7,5.36,44.82,29.19,8,5,0,2.21,35.67,10,0,0,2,Healthy,0
NB01752,Female,39.49,5.2,113,48,95.7,50.16,36.14,5.01,50.33,36.08,8,3,5,4.85,36.98,8,0,0,0,Healthy,0
NB01753,Female,36.56,5.2,132,43,98.7,44.67,31.22,4.79,42.3,32.74,6,6,4,7.27,36.94,8,0,0,0,Healthy,0
NB01754,Female,33.97,5.2,127,55,91.9,47.37,31.15,5.15,48.56,32.99,5,4,2,5.5,37.06,9,0,0,0,Healthy,0
NB01755,Female,39.12,5.2,138,38,94.2,53.92,34.95,5.03,54.55,36.06,8,3,4,4.34,36.85,8,0,0,0,Healthy,0
NB01756,Male,41.02,5.2,149,32,94.3,51.05,36.27,5.14,51.14,36.97,10,9,4,2.01,36.56,10,0,0,0,Healthy,0
NB01757,Male,37.7,5.2,135,35,97.7,49.09,32.33,5.5,49.64,32.2,6,7,5,3.72,36.45,5,0,1,6,At Risk,0
NB01758,Female,40.1,5.2,143,34,93.5,52.36,34.52,5.03,52.43,33.47,7,8,3,4.88,36.82,10,0,0,0,Healthy,0
NB01759,Female,41.55,5.2,148,37,97.6,56.24,36.47,5.1,56.09,37.37,8,8,2,3.63,37.25,9,0,0,1,Healthy,0
NB01760,Male,40.89,5.2,118,39,97.5,52.6,34.73,5.41,52.89,34.54,11,8,4,4.96,35.47,8,0,0,3,At Risk,0
NB01761,Male,41.61,5.2,174,40,92.7,53.24,36.73,5.29,53.5,36.85,9,5,2,4.31,37.22,10,0,0,0,Healthy,0
NB01762,Male,39.63,5.2,127,44,94.0,51.43,34.02,5.5,50.81,34.38,11,7,5,7.84,36.67,7,0,0,0,Healthy,0
NB01763,Male,38.17,5.2,149,37,95.3,46.9,35.42,5.39,47.84,35.87,10,5,3,5.23,36.72,10,0,0,0,Healthy,0
NB01764,Male,34.48,5.2,120,52,93.5,43.53,33.68,5.09,42.94,33.99,10,8,3,0.2,37.11,7,0,0,0,Healthy,0
NB01765,Female,37.46,5.2,142,23,91.9,47.5,32.97,5.33,47.39,32.61,5,4,2,1.02,36.72,8,0,0,3,At Risk,0
NB01766,Female,36.14,5.2,143,20,100.0,49.96,33.88,5.25,51.0,33.89,3,5,3,3.05,36.9,9,0,0,3,At Risk,0
NB01767,Male,42.0,5.2,170,52,88.8,52.53,36.28,4.88,53.81,36.19,10,7,3,6.09,36.06,8,1,0,4,At Risk,0
NB01768,Female,37.61,5.2,136,51,95.8,48.19,32.12,5.5,49.34,32.87,9,6,1,2.02,36.68,10,0,0,0,Healthy,0
NB01769,Female,38.27,5.2,163,54,99.8,48.75,33.35,5.02,47.26,33.25,4,4,3,2.58,37.03,9,0,0,0,Healthy,0
NB01770,Female,39.21,5.2,145,48,92.2,50.42,34.78,5.21,50.43,34.72,6,0,1,1.8,36.62,8,0,0,1,Healthy,0
NB01771,Female,38.1,5.2,173,42,95.1,53.09,31.19,5.14,52.13,31.34,7,6,4,2.93,36.65,9,0,0,1,Healthy,0
NB01772,Male,41.73,5.2,108,39,98.2,52.65,37.35,5.25,51.81,37.27,10,7,5,5.41,36.87,9,0,0,0,Healthy,0
NB01773,Male,36.63,5.2,149,26,84.4,46.79,32.97,5.27,46.35,33.07,8,8,2,0.2,36.99,8,1,1,7,At Risk,0
NB01774,Female,38.43,5.2,92,43,94.8,50.04,35.6,5.35,49.95,35.06,10,6,4,2.67,37.48,9,1,1,5,At Risk,0
NB01775,Male,36.37,5.2,139,28,89.5,51.64,33.57,5.13,51.28,32.99,6,9,3,1.1,37.0,8,1,0,4,At Risk,0
NB01776,Male,35.1,5.2,158,67,98.4,45.98,31.95,5.45,43.54,31.7,5,9,4,4.84,37.41,8,0,0,1,Healthy,0
NB01777,Male,36.65,5.2,166,32,92.2,46.03,32.32,5.09,46.48,32.62,4,6,3,3.8,36.76,9,0,0,0,Healthy,0
NB01778,Male,37.92,5.2,153,41,100.0,48.52,36.03,5.12,48.63,35.6,9,9,2,2.13,35.73,7,0,0,2,Healthy,0
NB01779,Female,37.06,5.2,135,57,91.7,49.01,36.39,4.89,50.44,36.65,8,9,1,5.94,36.61,6,0,1,6,At Risk,0
NB01780,Female,36.48,5.2,150,38,96.6,49.61,32.22,5.28,49.72,32.91,8,6,5,3.16,36.44,9,0,0,0,Healthy,0
NB01781,Male,34.91,5.2,185,38,91.9,48.83,33.2,5.5,47.14,32.41,8,6,5,4.55,36.77,6,0,1,7,At Risk,0
NB01782,Male,37.82,5.2,141,16,94.2,47.34,32.61,5.18,46.18,32.14,4,8,3,5.59,36.66,9,0,0,2,Healthy,0
NB01783,Male,34.69,5.2,157,29,95.0,44.72,30.6,5.5,43.22,29.88,8,6,2,2.86,36.92,10,0,0,0,Healthy,0
NB01784,Male,39.67,5.2,132,48,95.1,50.46,34.39,5.01,50.39,33.65,10,12,4,2.54,36.5,9,0,0,0,Healthy,0
NB01785,Male,38.18,5.2,159,59,100.0,51.13,34.95,4.96,52.92,33.68,10,9,3,2.56,36.9,10,0,0,1,Healthy,0
NB01786,Male,34.79,5.2,156,33,100.0,44.19,29.94,5.5,44.89,30.15,7,8,1,3.1,36.97,7,0,0,0,Healthy,0
NB01787,Male,37.32,5.2,129,44,92.4,47.77,35.65,5.2,48.11,35.21,7,6,4,3.13,36.82,6,0,1,7,At Risk,0
NB01788,Male,36.35,5.2,154,69,95.1,46.93,34.05,5.04,46.03,34.27,9,11,3,6.44,36.14,9,0,0,2,Healthy,0
NB01789,Male,38.7,5.2,155,48,90.9,52.12,35.28,5.28,52.74,35.95,8,6,3,4.91,37.2,10,0,0,0,Healthy,0
NB01790,Male,40.95,5.2,153,52,90.1,53.31,35.42,5.3,53.22,34.94,5,8,2,1.6,37.08,8,0,0,1,Healthy,0
NB01791,Female,33.87,5.2,139,34,92.7,47.69,32.16,5.42,48.16,32.72,7,10,3,6.48,36.71,10,0,0,0,Healthy,0
NB01792,Male,38.25,5.2,162,58,100.0,52.51,29.6,5.16,53.22,30.38,9,8,3,4.45,35.98,10,0,0,2,Healthy,0
NB01793,Female,37.65,5.2,123,35,89.1,48.67,34.21,4.96,48.4,33.91,6,5,4,1.8,36.94,5,1,1,10,High Risk,1
NB01794,Male,39.48,5.2,140,33,97.0,48.55,35.07,5.18,49.04,33.99,12,8,4,3.34,36.56,9,0,0,0,Healthy,0
NB01795,Male,38.47,5.2,142,57,96.6,47.66,31.3,5.23,49.71,30.67,8,6,4,3.34,36.55,10,0,0,0,Healthy,0
NB01796,Male,36.35,5.2,161,36,92.4,44.43,33.25,5.46,45.9,34.82,7,6,0,3.78,36.76,10,0,0,0,Healthy,0
NB01797,Male,37.3,5.2,123,42,97.3,48.05,34.19,4.93,49.16,34.14,10,10,3,2.05,37.45,7,0,0,0,Healthy,0
NB01798,Male,36.25,5.2,144,58,97.2,47.26,29.79,5.15,49.84,30.5,9,8,4,4.22,36.87,7,0,0,0,Healthy,0
NB01799,Male,40.37,5.2,131,33,94.9,53.31,33.68,5.29,55.46,33.79,9,9,4,5.93,36.75,7,0,0,0,Healthy,0
NB01800,Female,38.05,5.2,142,40,94.5,49.68,36.93,5.5,51.4,35.98,5,6,5,4.85,36.57,9,0,0,0,Healthy,0
NB01801,Female,42.0,5.2,147,36,94.1,52.22,36.32,5.1,51.38,36.72,8,6,2,0.2,36.81,8,0,0,0,Healthy,0
NB01802,Male,37.87,5.2,117,39,92.0,49.25,35.17,5.07,48.26,34.9,9,7,4,2.11,36.8,10,0,0,0,Healthy,0
NB01803,Male,36.44,5.2,163,42,95.6,46.12,34.4,5.36,45.05,35.68,8,8,2,3.46,37.07,9,0,0,0,Healthy,0
NB01804,Male,34.67,5.2,148,55,93.2,48.65,32.06,4.77,49.71,31.71,10,11,6,3.3,36.56,9,0,0,0,Healthy,0
NB01805,Male,34.03,5.2,125,58,95.6,44.46,32.55,5.12,45.41,33.67,11,7,2,5.68,36.43,9,0,0,0,Healthy,0
NB01806,Male,34.51,5.2,134,44,92.9,44.18,28.19,5.35,44.84,29.3,10,4,3,5.67,36.6,9,0,0,0,Healthy,0
NB01807,Female,38.59,5.2,167,35,92.7,51.76,33.87,5.3,50.9,33.1,8,9,4,1.42,36.76,9,0,0,1,Healthy,0
NB01808,Female,39.12,5.2,147,49,93.1,51.76,29.96,5.27,52.92,30.48,11,6,2,2.15,36.79,8,0,0,0,Healthy,0
NB01809,Female,34.52,5.2,123,42,99.4,43.02,28.75,4.9,42.93,28.63,11,7,1,4.63,36.8,8,0,0,1,Healthy,0
NB01810,Female,39.97,5.2,126,42,90.2,53.08,34.36,4.97,53.07,35.16,10,11,5,6.15,36.35,9,0,0,0,Healthy,0
NB01811,Male,36.94,5.2,151,32,100.0,47.16,32.06,5.5,48.08,32.4,7,6,5,4.56,36.76,10,0,0,0,Healthy,0
NB01812,Male,38.32,5.2,153,26,97.7,49.14,34.09,5.21,49.18,34.3,6,6,4,3.95,37.11,8,0,0,0,Healthy,0
NB01813,Male,41.55,5.2,147,42,89.5,53.17,36.25,5.19,53.27,36.1,7,5,2,2.95,37.37,8,1,0,5,At Risk,0
NB01814,Female,39.97,5.2,135,31,93.0,52.55,35.38,5.07,51.33,35.83,9,5,4,5.68,37.24,9,0,0,1,Healthy,0
NB01815,Male,37.41,5.2,155,37,89.3,49.96,33.65,5.23,48.64,32.9,7,5,1,0.71,36.77,10,1,0,4,At Risk,0
NB01816,Male,36.04,5.2,134,57,97.3,47.74,32.93,5.13,48.96,33.59,8,8,1,0.49,36.73,6,0,1,6,At Risk,0
NB01817,Female,33.27,5.2,125,41,99.5,44.49,29.05,5.4,45.01,29.65,9,1,1,6.28,37.36,10,0,0,1,Healthy,0
NB01818,Female,36.42,5.2,169,53,95.8,49.0,31.61,5.02,48.28,32.01,10,5,2,3.02,36.75,8,0,0,1,Healthy,0
NB01819,Male,37.54,5.2,149,45,99.3,48.95,33.42,5.4,49.49,32.95,11,6,4,2.31,37.19,10,0,0,0,Healthy,0
NB01820,Female,35.83,5.2,126,48,95.6,51.26,32.25,5.5,51.48,31.77,8,9,2,5.44,36.79,7,0,0,0,Healthy,0
NB01821,Female,37.71,5.2,142,36,98.4,50.51,31.97,5.35,49.49,31.68,6,12,2,3.83,35.72,10,0,0,2,Healthy,0
NB01822,Female,38.17,5.2,140,54,96.0,47.91,35.54,4.98,48.0,35.1,10,5,2,3.07,37.1,10,0,0,0,Healthy,0
NB01823,Female,37.51,5.2,134,45,95.0,48.2,34.54,5.39,48.67,34.82,7,8,4,2.54,37.23,10,0,0,0,Healthy,0
NB01824,Male,36.57,5.2,144,39,97.7,48.41,31.51,5.13,46.93,31.3,6,8,3,4.08,36.65,7,0,0,1,Healthy,0
NB01825,Female,38.37,5.2,123,45,94.5,52.53,33.75,5.13,53.62,33.62,11,7,2,4.4,36.28,9,0,0,0,Healthy,0
NB01826,Female,38.97,5.2,156,35,100.0,53.3,37.49,5.26,53.71,37.31,7,11,1,3.08,37.48,9,0,0,0,Healthy,0
NB01827,Female,35.6,5.2,140,39,93.9,46.65,32.36,5.18,48.55,31.76,10,7,2,3.85,36.73,8,0,0,0,Healthy,0
NB01828,Male,41.1,5.2,111,41,97.0,50.53,36.57,5.14,52.0,36.34,6,9,2,2.88,36.65,9,0,0,0,Healthy,0
NB01829,Female,37.78,5.2,136,37,92.5,47.28,32.73,5.37,49.1,33.5,10,10,0,0.67,37.0,10,0,0,0,Healthy,0
NB01830,Female,38.04,5.2,129,58,89.5,50.14,33.36,5.25,49.64,33.96,12,7,3,0.62,38.03,8,1,0,5,At Risk,0
NB01831,Male,39.56,5.2,86,38,96.3,55.61,37.16,4.85,56.4,37.55,5,4,3,4.18,37.02,6,1,1,9,High Risk,0
NB01832,Female,38.51,5.2,137,63,88.7,51.14,34.33,5.43,51.41,35.33,9,3,2,2.78,36.88,8,1,0,4,At Risk,0
NB01833,Male,40.1,5.2,159,43,100.0,48.3,35.16,5.47,50.05,34.94,7,8,3,4.38,36.83,8,0,0,0,Healthy,0
NB01834,Male,38.63,5.2,138,40,93.8,48.72,34.25,5.35,50.29,34.15,6,7,5,1.07,37.54,7,0,0,1,Healthy,0
NB01835,Female,36.65,5.2,153,37,94.7,47.14,36.67,5.36,49.02,37.38,14,6,6,5.29,37.04,6,0,1,6,At Risk,0
NB01836,Male,38.8,5.2,140,46,93.9,48.67,34.42,5.19,48.63,34.5,6,7,3,2.87,37.19,10,0,0,0,Healthy,0
NB01837,Male,35.48,5.2,132,51,95.5,46.56,30.79,4.99,45.53,30.34,9,10,2,3.55,36.94,9,0,0,0,Healthy,0
NB01838,Male,38.24,5.2,127,17,96.2,50.55,32.98,5.27,49.85,32.37,6,9,2,5.29,37.04,7,0,0,2,Healthy,0
NB01839,Male,37.93,5.2,117,42,92.1,50.9,34.92,5.5,51.51,34.47,8,6,4,2.53,36.67,7,0,0,0,Healthy,0
NB01840,Female,37.54,5.2,157,22,86.1,51.37,31.34,5.28,50.35,32.2,8,7,0,4.34,36.88,10,1,0,6,At Risk,0
NB01841,Male,37.72,5.2,153,52,91.1,50.39,34.28,5.5,50.8,34.5,9,10,5,4.03,36.49,10,0,0,0,Healthy,0
NB01842,Male,33.86,5.2,135,52,93.3,41.97,29.82,5.5,41.96,30.1,8,5,2,3.4,36.57,8,0,0,0,Healthy,0
NB01843,Female,36.79,5.2,104,42,96.0,46.4,30.17,5.22,44.32,30.3,8,7,4,4.78,37.02,8,0,0,0,Healthy,0
NB01844,Female,38.2,5.2,148,44,95.6,49.47,32.47,5.14,49.93,32.15,9,9,1,2.66,36.48,10,0,0,0,Healthy,0
NB01845,Male,38.35,5.2,124,28,97.6,50.21,34.09,5.14,51.09,32.61,9,9,5,4.81,36.86,10,0,0,1,Healthy,0
NB01846,Male,35.74,5.2,143,37,89.2,49.29,34.31,5.2,50.69,33.42,10,7,4,7.02,36.63,7,1,0,5,At Risk,0
NB01847,Male,40.78,5.2,112,36,91.9,52.19,37.12,5.04,51.85,37.96,7,12,3,4.9,36.29,7,0,0,0,Healthy,0
NB01848,Male,36.09,5.2,142,38,93.5,47.99,32.03,5.34,47.13,32.58,5,7,3,3.45,36.9,10,0,0,1,Healthy,0
NB01849,Female,40.13,5.2,138,51,100.0,52.0,36.75,5.42,51.81,37.82,6,4,3,1.7,37.15,10,0,0,0,Healthy,0
NB01850,Female,38.94,5.2,97,55,100.0,49.94,33.92,4.86,48.93,34.18,9,10,3,5.84,36.21,9,1,1,5,At Risk,0
NB01851,Male,36.58,5.2,169,48,90.3,48.49,30.61,5.5,49.24,31.13,6,6,0,3.84,37.07,9,0,0,0,Healthy,0
NB01852,Male,41.91,5.2,134,39,98.8,55.37,36.57,5.12,55.68,35.9,6,9,3,2.91,36.3,7,0,0,1,Healthy,0
NB01853,Female,35.37,5.2,135,35,95.3,47.07,29.7,5.17,46.07,28.85,6,7,3,4.94,37.41,10,0,0,0,Healthy,0
NB01854,Female,40.02,5.2,150,43,96.9,51.36,36.4,5.29,51.14,37.15,7,14,1,4.13,37.06,9,0,0,0,Healthy,0
NB01855,Male,40.2,5.2,139,45,90.4,51.51,36.55,5.06,53.27,36.82,6,6,3,3.55,36.21,10,0,0,0,Healthy,0
NB01856,Female,36.52,5.2,147,40,99.7,50.87,31.45,5.11,51.01,31.55,8,7,4,2.89,37.18,10,0,0,0,Healthy,0
NB01857,Female,41.06,5.2,119,35,87.2,50.14,36.16,5.06,49.62,35.96,8,7,2,4.02,36.52,9,1,0,4,At Risk,0
NB01858,Male,37.45,5.2,137,48,90.4,52.66,33.62,5.23,52.33,34.8,9,6,4,3.98,36.37,8,0,0,0,Healthy,0
NB01859,Male,38.64,5.2,106,49,94.1,47.82,35.55,5.11,48.19,35.15,7,4,3,0.26,37.12,8,0,0,0,Healthy,0
NB01860,Female,38.57,5.2,136,29,92.9,48.81,32.33,5.31,50.83,33.33,9,4,4,3.01,37.34,8,0,0,0,Healthy,0
NB01861,Female,37.7,5.2,166,38,95.1,50.82,34.49,4.97,49.97,34.61,6,6,2,5.25,37.01,10,0,0,0,Healthy,0
NB01862,Male,39.78,5.2,113,50,92.6,53.27,33.07,5.32,54.89,31.97,12,7,5,2.57,36.63,8,0,0,0,Healthy,0
NB01863,Female,39.75,5.2,134,52,93.8,48.36,36.19,5.0,48.26,36.66,5,6,3,5.42,36.88,8,0,0,0,Healthy,0
NB01864,Female,34.15,5.2,102,43,94.4,43.95,32.7,5.43,45.44,32.76,8,6,2,3.36,36.54,9,0,0,0,Healthy,0
NB01865,Female,40.87,5.2,140,46,94.2,52.74,34.8,5.39,51.78,34.64,9,9,4,4.95,36.72,10,0,0,0,Healthy,0
NB01866,Male,34.34,5.2,148,45,95.5,51.0,33.07,4.8,52.75,33.23,10,6,3,3.73,36.98,9,0,0,0,Healthy,0
NB01867,Male,40.27,5.2,147,52,98.1,54.14,33.03,5.4,56.12,31.58,4,3,3,4.0,36.16,9,0,0,0,Healthy,0
NB01868,Male,40.48,5.2,129,31,92.4,51.33,37.18,4.71,53.4,37.4,6,9,5,1.98,37.0,8,0,0,0,Healthy,0
NB01869,Female,35.6,5.2,101,45,99.7,42.6,34.28,5.0,42.8,34.44,8,10,3,1.62,36.16,10,0,0,0,Healthy,0
NB01870,Female,37.1,5.2,118,33,95.2,48.95,33.69,5.44,49.15,34.9,7,8,4,1.36,36.23,8,0,0,0,Healthy,0
NB01871,Female,35.57,5.2,163,53,99.4,48.14,31.8,5.12,47.6,33.3,9,6,3,1.84,37.09,7,0,0,0,Healthy,0
NB01872,Male,37.53,5.2,156,31,93.8,48.41,33.94,5.5,47.63,33.87,7,7,2,2.79,36.42,10,0,0,0,Healthy,0
NB01873,Male,37.32,5.2,138,46,92.0,47.29,32.42,5.37,48.39,33.11,9,6,3,2.66,36.35,9,0,0,0,Healthy,0
NB01874,Male,39.72,5.2,143,33,95.3,51.46,38.94,5.14,51.68,39.84,5,8,1,3.07,36.67,7,0,0,0,Healthy,0
NB01875,Female,40.88,5.2,122,50,100.0,50.31,34.94,5.12,50.99,35.1,10,10,5,5.92,36.53,9,0,0,0,Healthy,0
NB01876,Male,41.07,5.2,163,46,90.2,56.11,37.93,5.5,56.73,38.17,11,8,2,4.26,36.9,9,0,0,0,Healthy,0
NB01877,Male,36.76,5.2,127,44,97.4,51.52,31.82,5.13,50.43,31.7,11,7,5,1.65,36.88,10,0,0,0,Healthy,0
NB01878,Female,37.54,5.2,148,62,95.6,50.5,35.87,4.86,49.48,35.19,9,7,3,2.26,36.36,8,0,0,0,Healthy,0
NB01879,Female,34.3,5.2,116,35,96.4,46.45,34.23,5.04,47.43,34.99,6,8,2,1.92,36.03,9,0,0,0,Healthy,0
NB01880,Female,36.23,5.2,137,51,90.8,46.68,33.14,5.25,47.32,32.65,8,12,4,3.21,36.71,10,0,0,0,Healthy,0
NB01881,Male,40.12,5.2,162,54,96.6,51.47,35.72,5.07,51.55,35.66,7,9,6,1.92,37.3,9,0,0,1,Healthy,0
NB01882,Female,41.55,5.2,123,51,96.0,56.08,34.85,5.5,56.68,35.59,8,5,4,0.2,36.77,10,0,0,0,Healthy,0
NB01883,Male,35.28,5.2,153,35,89.8,48.89,30.29,5.1,50.54,29.56,7,5,4,4.92,36.64,8,1,0,4,At Risk,0
NB01884,Male,36.7,5.2,121,40,95.5,48.83,33.33,5.11,49.96,33.26,9,11,3,2.7,37.58,8,0,0,0,Healthy,0
NB01885,Male,37.94,5.2,124,36,94.1,51.4,35.95,5.03,51.86,36.9,6,9,2,0.44,37.14,8,0,0,0,Healthy,0
NB01886,Male,38.62,5.2,140,39,93.8,51.25,33.41,5.41,51.89,32.66,5,4,4,2.17,36.02,7,0,0,0,Healthy,0
NB01887,Female,36.22,5.2,157,34,94.8,48.79,35.87,5.17,50.46,35.7,9,5,2,0.2,36.67,6,0,1,6,At Risk,0
NB01888,Male,38.93,5.2,135,38,98.8,52.4,33.54,5.39,52.19,32.87,9,7,4,1.3,36.9,10,0,0,0,Healthy,0
NB01889,Female,36.96,5.2,151,57,96.6,49.7,33.41,5.46,50.13,34.1,6,10,1,0.83,36.32,9,0,0,0,Healthy,0
NB01890,Male,37.97,5.2,161,39,91.3,51.29,34.13,5.3,51.46,35.39,8,5,5,2.89,36.67,9,0,0,0,Healthy,0
NB01891,Female,39.2,5.2,126,43,96.7,51.0,34.49,5.29,50.57,35.31,10,8,2,7.07,36.81,7,0,0,0,Healthy,0
NB01892,Female,38.01,5.2,113,35,94.8,49.1,30.74,4.99,49.1,31.06,8,10,2,0.2,36.7,10,0,0,0,Healthy,0
NB01893,Female,37.04,5.2,134,42,92.8,47.64,32.2,4.93,46.82,32.19,9,5,4,0.35,36.26,7,0,0,0,Healthy,0
NB01894,Male,37.76,5.2,163,50,90.7,48.05,33.93,4.93,49.31,34.5,5,6,3,1.37,37.46,8,0,0,1,Healthy,0
NB01895,Female,37.81,5.2,125,47,97.8,46.21,33.52,5.24,45.98,34.01,8,13,2,4.94,36.92,8,0,0,0,Healthy,0
NB01896,Male,37.19,5.2,158,56,93.0,47.04,34.18,5.5,47.46,33.53,8,7,2,5.26,36.41,8,0,0,0,Healthy,0
NB01897,Female,37.43,5.2,135,30,98.2,47.21,34.54,5.12,48.45,33.97,9,7,2,4.1,37.19,10,0,0,0,Healthy,0
NB01898,Female,41.52,5.2,172,34,91.2,51.75,35.9,5.43,53.33,35.06,8,7,4,0.2,36.76,8,0,0,0,Healthy,0
NB01899,Male,39.23,5.2,180,38,100.0,53.84,33.22,5.34,54.09,33.47,10,7,3,3.13,37.25,7,0,0,1,Healthy,0
NB01900,Male,37.35,5.2,159,57,100.0,48.7,35.67,5.24,48.8,35.6,6,9,4,1.28,36.75,9,0,0,0,Healthy,0
NB01901,Male,39.53,5.2,110,45,96.9,51.46,32.84,5.18,52.37,33.3,7,8,4,0.84,36.14,8,0,0,0,Healthy,0
NB01902,Female,37.27,5.2,97,28,99.5,49.49,32.39,5.14,50.1,33.23,10,6,3,3.19,36.32,8,1,1,5,At Risk,0
NB01903,Female,40.58,5.2,141,53,93.4,55.1,34.33,5.14,54.15,34.64,9,6,2,2.61,37.31,7,0,0,0,Healthy,0
NB01904,Female,38.81,5.2,156,43,93.1,49.18,35.49,5.35,51.03,35.54,7,8,5,2.69,37.26,10,0,0,0,Healthy,0
NB01905,Male,37.76,5.2,149,51,99.2,48.94,35.61,5.4,49.38,36.48,8,4,2,3.89,36.2,7,0,0,0,Healthy,0
NB01906,Male,38.98,5.2,127,58,95.5,50.27,34.23,5.15,51.29,33.41,7,9,3,4.26,37.43,7,0,0,0,Healthy,0
NB01907,Female,34.54,5.2,113,32,90.2,48.76,31.73,5.14,49.32,31.86,5,13,5,4.01,37.26,10,0,0,0,Healthy,0
NB01908,Female,35.52,5.2,157,58,95.3,50.06,32.71,5.11,50.77,32.68,8,8,4,2.48,36.51,10,0,0,0,Healthy,0
NB01909,Male,35.37,5.2,173,41,90.7,48.19,34.67,5.43,48.22,34.67,6,3,4,1.35,36.76,9,0,0,0,Healthy,0
NB01910,Female,38.31,5.2,128,38,94.4,52.35,31.36,5.41,53.25,31.15,8,7,2,0.98,35.81,7,0,0,3,At Risk,0
NB01911,Female,41.81,5.2,155,44,98.7,53.39,37.58,5.5,54.26,38.47,7,6,6,3.39,36.48,9,0,0,0,Healthy,0
NB01912,Female,42.0,5.2,187,30,100.0,52.85,37.16,5.07,53.91,36.22,7,7,3,2.82,36.7,8,0,0,1,Healthy,0
NB01913,Female,39.4,5.2,137,42,96.0,53.22,34.23,5.11,52.05,34.73,12,7,1,2.75,36.94,8,0,0,0,Healthy,0
NB01914,Female,39.1,5.2,137,40,99.7,51.57,35.06,5.5,50.55,34.56,4,10,4,0.64,36.75,9,0,0,0,Healthy,0
NB01915,Female,34.04,5.2,150,33,93.4,44.56,32.14,5.49,44.89,31.02,12,6,3,3.89,36.86,10,0,0,0,Healthy,0
NB01916,Female,36.81,5.2,135,36,100.0,50.52,33.84,5.03,50.32,34.2,8,7,2,2.32,36.36,10,0,0,0,Healthy,0
NB01917,Female,36.27,5.2,164,53,92.5,47.62,35.82,5.05,49.06,36.24,9,5,1,4.42,36.95,10,0,0,0,Healthy,0
NB01918,Female,36.63,5.2,133,40,92.2,47.71,33.04,5.28,47.03,33.96,5,8,5,3.17,37.56,8,0,0,0,Healthy,0
NB01919,Male,37.63,5.2,139,32,93.4,51.05,33.58,5.48,52.15,33.71,10,9,5,3.87,37.0,9,0,0,0,Healthy,0
NB01920,Male,36.96,5.2,114,46,92.4,48.49,32.8,5.05,47.02,33.47,8,10,1,0.2,36.82,10,0,0,0,Healthy,0
NB01921,Male,33.65,5.2,136,50,96.8,46.46,31.58,5.25,45.14,32.21,7,8,4,5.28,36.47,9,0,0,0,Healthy,0
NB01922,Male,39.65,5.2,122,42,99.4,52.4,34.9,5.45,52.58,35.1,7,8,3,3.72,36.64,6,0,1,6,At Risk,0
NB01923,Female,35.64,5.2,146,30,95.1,45.91,32.17,5.19,46.46,31.5,4,5,1,1.19,36.21,6,0,1,6,At Risk,0
NB01924,Female,38.53,5.2,110,17,96.1,50.84,34.2,5.21,51.69,34.73,6,2,3,3.58,36.15,7,0,0,3,At Risk,0
NB01925,Female,42.0,5.2,158,33,90.2,55.9,36.4,5.5,57.07,37.04,6,6,4,1.18,36.77,9,0,0,0,Healthy,0
NB01926,Male,35.98,5.2,124,53,95.3,45.87,31.47,5.15,46.39,31.03,6,6,1,3.84,37.05,7,0,0,0,Healthy,0
NB01927,Male,32.43,5.2,172,52,100.0,45.49,30.53,5.48,45.6,30.41,10,7,3,2.71,36.41,10,0,0,0,Healthy,0
NB01928,Male,37.37,5.2,165,34,99.9,47.37,32.93,5.2,46.78,31.98,9,3,1,1.28,37.34,10,0,0,0,Healthy,0
NB01929,Female,40.42,5.2,150,40,91.2,53.82,36.42,5.01,52.25,37.07,11,6,3,3.64,36.55,6,0,1,6,At Risk,0
NB01930,Female,42.0,5.2,112,49,93.5,55.22,36.77,5.34,56.11,36.28,5,2,2,0.76,36.76,10,0,0,2,Healthy,0
NB01931,Female,35.29,5.2,129,41,100.0,46.46,31.33,5.11,45.77,31.8,6,4,5,4.73,37.23,9,0,0,0,Healthy,0
NB01932,Male,39.09,5.2,124,51,96.5,55.0,36.91,5.0,55.35,37.51,9,10,4,4.93,36.66,7,0,0,0,Healthy,0
NB01933,Female,36.98,5.2,126,41,100.0,50.89,32.93,5.5,51.96,33.4,7,10,2,3.43,37.08,10,0,0,0,Healthy,0
NB01934,Male,37.77,5.2,168,47,100.0,50.8,34.57,5.31,54.02,34.74,7,7,2,2.97,37.06,8,0,0,0,Healthy,0
NB01935,Male,42.0,5.2,137,39,91.1,54.5,35.55,5.17,54.63,36.25,9,8,5,2.2,36.5,10,0,0,0,Healthy,0
NB01936,Female,34.69,5.2,128,34,97.5,48.59,28.45,5.17,47.68,28.49,6,8,3,2.52,36.51,8,0,0,0,Healthy,0
NB01937,Male,38.56,5.2,127,54,95.7,48.11,33.34,5.5,48.46,34.06,4,8,2,2.34,37.35,8,0,0,0,Healthy,0
NB01938,Male,39.03,5.2,130,27,100.0,50.92,31.31,5.5,49.3,31.16,7,5,3,3.05,37.39,10,0,0,0,Healthy,0
NB01939,Male,40.39,5.2,150,36,100.0,52.52,35.12,5.12,52.55,35.96,10,7,5,3.72,37.08,9,0,0,0,Healthy,0
NB01940,Male,38.22,5.2,111,41,92.1,48.99,36.15,5.28,49.22,36.4,8,8,4,1.21,36.41,7,0,0,0,Healthy,0
NB01941,Male,38.68,5.2,142,51,100.0,51.14,32.92,5.16,51.49,33.0,7,8,5,3.16,37.19,8,0,0,0,Healthy,0
NB01942,Male,37.14,5.2,148,33,95.6,51.29,30.04,5.38,52.7,30.15,9,5,2,2.79,36.67,9,0,0,0,Healthy,0
NB01943,Male,38.59,5.2,109,43,97.2,49.29,36.46,5.16,50.2,37.29,7,4,3,1.97,36.23,8,0,0,0,Healthy,0
NB01944,Male,37.24,5.2,114,28,85.7,48.81,32.56,4.84,48.32,32.4,3,6,2,4.65,36.51,10,1,0,5,At Risk,0
NB01945,Female,39.37,5.2,139,46,98.5,49.19,34.73,5.02,50.74,34.99,5,4,5,4.72,36.7,7,0,0,0,Healthy,0
NB01946,Male,37.19,5.2,166,60,87.5,45.29,34.41,5.44,46.77,33.92,7,5,5,3.68,37.29,9,1,0,4,At Risk,0
NB01947,Female,38.83,5.2,162,22,94.5,51.9,35.17,5.09,51.26,34.98,8,8,4,4.0,36.44,10,0,0,2,Healthy,0
NB01948,Female,37.94,5.2,129,35,93.1,49.49,34.88,5.39,48.05,35.3,10,10,3,4.96,36.37,8,0,0,0,Healthy,0
NB01949,Male,40.48,5.2,165,50,96.6,51.92,36.88,5.3,49.92,36.61,7,9,5,1.02,36.58,7,0,0,0,Healthy,0
NB01950,Female,37.89,5.2,134,71,95.6,47.52,31.1,5.09,48.34,31.78,10,5,3,0.99,36.75,9,0,0,1,Healthy,0
NB01951,Female,34.1,5.2,134,48,97.1,45.72,28.95,5.2,46.94,29.93,10,6,4,2.6,37.1,7,0,0,0,Healthy,0
NB01952,Female,40.78,5.2,142,35,99.4,54.29,37.5,5.1,54.09,37.26,7,6,6,3.84,37.06,7,0,0,0,Healthy,0
NB01953,Male,36.01,5.2,155,41,91.5,47.81,31.23,5.15,47.99,31.0,9,7,5,2.45,35.79,6,0,1,8,High Risk,0
NB01954,Female,36.56,5.2,129,30,94.3,48.36,31.78,4.87,49.11,32.42,9,5,4,4.41,36.64,5,0,1,6,At Risk,0
NB01955,Male,36.69,5.2,133,50,92.0,48.84,30.99,5.21,49.34,31.27,9,7,1,4.25,36.86,10,0,0,0,Healthy,0
NB01956,Male,41.02,5.2,118,52,91.8,49.85,35.31,5.11,50.42,34.53,8,7,5,4.76,36.41,9,0,0,0,Healthy,0
NB01957,Female,33.3,5.2,146,56,100.0,46.62,29.99,5.25,48.94,29.59,9,8,1,2.05,36.45,8,0,0,0,Healthy,0
NB01958,Male,42.0,5.2,157,39,90.6,50.69,35.19,5.34,50.73,35.39,11,4,2,2.92,37.08,9,0,0,1,Healthy,0
NB01959,Male,40.32,5.2,158,34,92.1,49.81,33.85,5.35,50.2,35.12,13,5,3,1.47,37.11,6,0,1,7,At Risk,0
NB01960,Female,38.49,5.2,115,57,100.0,47.94,34.62,5.12,47.58,35.3,9,8,3,2.61,36.72,10,0,0,0,Healthy,0
NB01961,Male,37.88,5.2,133,56,94.6,49.14,32.5,5.1,50.44,34.12,8,7,5,1.23,36.98,9,0,0,0,Healthy,0
NB01962,Female,38.63,5.2,162,32,94.8,49.46,33.33,5.2,51.19,33.45,7,4,0,2.42,37.01,10,0,0,0,Healthy,0
NB01963,Female,39.15,5.2,144,38,96.4,50.63,31.32,5.45,51.07,30.0,7,2,3,3.91,36.31,8,0,0,1,Healthy,0
NB01964,Male,39.42,5.2,141,50,90.8,49.07,37.7,5.13,49.66,39.3,5,8,2,4.77,36.31,8,0,0,0,Healthy,0
NB01965,Male,39.22,5.2,140,39,91.8,52.71,36.07,5.09,54.29,35.6,5,7,3,3.04,36.62,9,0,0,0,Healthy,0
NB01966,Male,38.2,5.2,150,42,92.8,51.45,33.2,5.01,51.25,32.44,9,6,7,0.2,36.49,10,0,0,0,Healthy,0
NB01967,Female,37.57,5.2,145,27,98.6,48.86,32.15,5.33,49.38,32.78,7,8,3,3.42,36.53,9,0,0,0,Healthy,0
NB01968,Female,37.67,5.2,130,31,97.4,48.34,33.58,5.17,46.93,34.53,7,5,2,3.7,36.76,8,0,0,0,Healthy,0
NB01969,Male,37.57,5.2,156,41,92.8,48.06,33.48,5.03,48.39,34.33,8,8,6,3.26,36.76,7,0,0,0,Healthy,0
NB01970,Male,40.49,5.2,118,35,94.5,51.22,33.63,5.07,51.22,34.0,10,10,1,4.03,35.65,8,0,0,2,Healthy,0
NB01971,Female,39.31,5.2,164,31,97.7,47.97,30.89,5.36,49.38,29.87,7,8,5,3.1,36.84,8,0,0,0,Healthy,0
NB01972,Male,31.53,5.2,124,39,86.7,41.86,28.48,5.26,41.89,28.79,3,4,4,2.7,36.69,7,1,0,8,High Risk,0
NB01973,Male,39.44,5.2,150,33,96.1,52.62,32.47,5.1,52.5,33.39,5,9,4,4.26,36.9,8,0,0,0,Healthy,0
NB01974,Male,38.43,5.2,137,42,97.7,50.59,34.36,5.34,52.4,34.74,12,4,2,3.68,36.51,9,0,0,1,Healthy,0
NB01975,Male,37.96,5.2,131,52,91.8,52.83,34.04,5.44,52.83,34.13,11,6,3,3.66,36.51,7,0,0,0,Healthy,0
NB01976,Female,37.15,5.2,164,39,97.3,48.23,31.74,5.36,49.07,32.46,12,8,4,4.95,36.62,9,0,0,1,Healthy,0
NB01977,Male,40.47,5.2,153,38,95.1,51.1,34.73,5.27,52.72,35.42,8,9,3,4.25,37.28,10,0,0,0,Healthy,0
NB01978,Male,40.08,5.2,139,53,100.0,50.66,37.9,5.5,50.28,37.76,6,7,3,5.35,36.61,9,0,0,1,Healthy,0
NB01979,Male,36.3,5.2,171,49,93.2,47.43,33.77,5.49,48.5,34.16,8,12,6,3.43,37.3,6,0,1,6,At Risk,0
NB01980,Male,38.9,5.2,158,50,97.1,49.09,33.75,5.24,48.54,33.8,7,4,0,6.62,37.24,6,0,1,6,At Risk,0
NB01981,Female,35.86,5.2,126,17,89.9,48.22,35.74,5.43,49.07,36.0,11,12,3,4.46,36.65,8,1,0,6,At Risk,0
NB01982,Male,34.96,5.2,99,38,95.3,46.93,29.88,5.36,47.99,29.96,7,3,6,2.43,36.57,10,1,1,5,At Risk,0
NB01983,Male,36.62,5.2,142,36,97.9,47.34,31.62,5.12,46.99,31.55,14,7,4,0.28,36.59,8,0,0,0,Healthy,0
NB01984,Female,39.9,5.2,165,34,93.2,53.81,34.96,5.5,51.74,34.63,9,3,2,3.41,36.74,9,0,0,0,Healthy,0
NB01985,Female,40.1,5.2,151,53,98.9,55.28,32.97,5.5,54.42,33.33,11,8,4,5.61,36.55,8,0,0,0,Healthy,0
NB01986,Female,39.13,5.2,168,37,98.2,52.95,37.28,5.47,53.3,37.76,5,3,6,3.88,37.13,9,0,0,0,Healthy,0
NB01987,Male,39.6,5.2,129,28,95.5,52.15,35.19,5.36,51.29,34.94,12,8,1,4.57,36.51,8,0,0,0,Healthy,0
NB01988,Male,39.14,5.2,138,44,94.1,52.15,33.41,5.42,51.93,32.85,8,5,2,0.35,37.19,8,0,0,0,Healthy,0
NB01989,Male,36.59,5.2,138,42,84.2,52.04,33.48,5.16,52.75,33.52,7,3,3,4.43,36.38,10,1,1,6,At Risk,0
NB01990,Male,38.95,5.2,144,33,92.7,51.98,34.68,5.45,51.89,34.63,6,11,5,6.06,36.05,9,0,0,0,Healthy,0
NB01991,Male,39.76,5.2,154,52,98.9,50.01,34.58,4.97,50.3,35.28,5,9,4,3.39,35.99,9,0,0,2,Healthy,0
NB01992,Male,39.66,5.2,169,47,94.0,51.88,33.15,5.16,51.41,33.85,9,8,5,4.15,36.56,8,0,0,0,Healthy,0
NB01993,Female,40.62,5.2,173,47,96.6,53.21,33.48,4.73,55.29,32.83,6,12,3,6.07,36.44,9,0,0,0,Healthy,0
NB01994,Male,39.56,5.2,170,47,93.4,49.01,38.17,5.31,48.49,38.15,11,6,3,4.47,36.42,8,0,0,0,Healthy,0
NB01995,Male,38.77,5.2,152,53,90.0,49.73,32.31,5.44,49.88,32.6,7,10,3,2.46,37.24,9,0,0,0,Healthy,0
NB01996,Female,40.35,5.2,134,40,97.6,53.92,37.99,5.5,54.66,37.88,8,4,2,1.4,36.47,8,0,0,1,Healthy,0
NB01997,Male,37.94,5.2,144,30,90.7,45.9,32.49,5.19,45.06,33.43,6,7,4,1.11,35.92,7,0,0,2,Healthy,0
NB01998,Female,36.06,5.2,152,40,94.1,45.35,33.63,5.28,45.57,32.83,9,3,4,4.83,37.05,10,0,0,0,Healthy,0
NB01999,Female,37.64,5.2,142,25,96.3,48.92,34.25,5.23,48.92,33.94,7,12,4,7.15,37.4,9,0,0,0,Healthy,0
NB02000,Male,36.36,5.2,124,31,92.6,48.83,33.65,5.5,49.8,33.79,7,6,5,5.34,37.0,8,0,0,1,Healthy,0
NB02001,Female,36.51,5.2,132,58,100.0,45.55,33.86,5.3,45.79,33.51,6,5,3,2.71,36.5,8,0,0,0,Healthy,0
NB02002,Female,37.68,5.2,156,31,100.0,49.06,31.16,5.5,48.68,31.02,10,12,3,6.75,36.88,8,0,0,0,Healthy,0
NB02003,Male,36.26,5.2,136,30,92.2,50.34,31.57,5.48,50.84,30.57,8,9,4,1.48,36.44,7,0,0,0,Healthy,0
NB02004,Female,37.32,5.2,140,49,92.3,49.13,31.27,5.38,50.45,32.1,7,5,0,4.09,36.36,7,0,0,1,Healthy,0
NB02005,Female,33.83,5.2,139,51,93.5,47.73,31.17,5.12,47.63,31.62,10,6,1,2.14,36.71,8,0,0,0,Healthy,0
NB02006,Male,38.47,5.2,124,25,99.0,48.84,32.14,5.01,49.1,31.03,8,8,5,0.2,36.77,10,0,0,0,Healthy,0
NB02007,Female,38.0,5.2,137,44,96.7,47.98,30.83,5.25,48.1,31.53,8,13,2,5.31,36.71,6,0,1,6,At Risk,0
NB02008,Female,36.2,5.2,132,37,97.6,49.68,32.19,5.25,50.28,32.15,7,5,3,4.58,37.55,7,0,0,0,Healthy,0
NB02009,Female,39.45,5.2,128,45,99.6,51.64,31.5,5.0,51.09,31.37,9,9,3,1.17,36.82,7,0,0,0,Healthy,0
NB02010,Male,40.06,5.2,121,39,91.8,49.09,35.63,5.45,51.15,35.82,9,6,5,4.27,37.23,8,0,0,0,Healthy,0
NB02011,Female,34.46,5.2,138,28,96.8,44.82,29.44,5.27,46.38,29.3,9,9,2,2.91,37.8,8,0,0,1,Healthy,0
NB02012,Female,36.32,5.2,151,37,95.2,51.22,31.36,5.35,51.08,31.45,8,6,4,3.05,36.59,9,0,0,0,Healthy,0
NB02013,Male,36.31,5.2,160,48,96.5,46.23,29.19,5.5,48.54,28.68,12,7,2,2.82,36.87,8,0,0,0,Healthy,0
NB02014,Male,35.93,5.2,115,61,99.0,49.61,34.83,5.07,47.38,34.71,6,3,2,6.18,37.17,9,0,0,0,Healthy,0
NB02015,Male,39.82,5.2,169,46,94.5,50.29,32.88,4.81,51.35,32.55,7,7,2,4.25,36.85,9,0,0,0,Healthy,0
NB02016,Male,37.57,5.2,145,38,92.6,49.21,32.96,5.11,53.1,33.34,6,14,2,3.69,36.68,9,0,0,0,Healthy,0
NB02017,Female,37.42,5.2,120,30,91.3,49.67,30.71,5.5,49.62,30.74,8,4,2,2.38,37.85,9,0,0,0,Healthy,0
NB02018,Female,33.59,5.2,133,40,100.0,41.43,29.46,5.23,42.52,29.51,6,6,3,3.72,37.34,5,0,1,6,At Risk,0
NB02019,Male,39.4,5.2,106,38,94.9,47.93,37.41,5.19,49.02,36.92,7,7,3,3.73,35.85,8,0,0,2,Healthy,0
NB02020,Female,35.27,5.2,111,45,90.2,47.32,32.34,5.13,47.3,32.85,10,10,4,4.03,37.41,6,0,1,6,At Risk,0
NB02021,Male,38.13,5.2,171,41,99.8,48.27,32.81,5.23,49.04,33.17,6,7,1,7.54,37.52,7,0,0,0,Healthy,0
NB02022,Male,38.61,5.2,127,47,89.0,52.14,34.18,5.12,54.05,34.98,10,10,1,3.76,37.34,9,1,0,4,At Risk,0
NB02023,Male,40.99,5.2,150,38,89.6,49.08,35.05,5.13,48.43,35.36,6,5,2,2.3,37.14,9,1,0,4,At Risk,0
NB02024,Female,35.12,5.2,138,59,93.9,48.14,31.65,5.44,48.86,31.7,8,7,3,3.54,37.5,8,0,0,0,Healthy,0
NB02025,Male,31.36,5.2,140,48,93.1,40.87,30.27,5.5,42.04,30.74,9,7,4,2.74,37.2,7,0,0,3,At Risk,0
NB02026,Male,38.4,5.2,147,35,96.1,49.26,33.59,5.06,48.79,33.26,10,6,2,3.36,37.06,9,0,0,0,Healthy,0
NB02027,Male,41.96,5.2,102,52,88.3,51.04,36.9,5.12,51.37,36.74,10,7,5,0.88,36.86,10,1,0,4,At Risk,0
NB02028,Female,40.73,5.2,164,30,96.1,55.86,36.06,5.12,56.58,35.84,6,5,4,2.3,36.32,9,0,0,0,Healthy,0
NB02029,Female,38.46,5.2,138,33,99.5,47.34,33.63,5.5,46.86,34.48,9,9,4,1.02,36.18,10,0,0,0,Healthy,0
NB02030,Male,36.92,5.2,131,34,91.6,48.38,31.94,5.38,50.08,31.98,6,4,4,1.97,37.15,8,0,0,0,Healthy,0
NB02031,Female,39.78,5.2,148,55,93.7,47.74,34.26,5.18,48.25,34.43,9,3,4,2.62,37.14,7,0,0,1,Healthy,0
NB02032,Male,35.86,5.2,127,40,92.2,50.87,33.35,5.13,50.4,33.07,10,4,4,0.2,36.78,10,0,0,0,Healthy,0
NB02033,Male,39.05,5.2,144,36,96.1,51.35,35.71,5.5,50.44,35.98,8,7,1,4.43,36.41,10,0,0,0,Healthy,0
NB02034,Male,39.11,5.2,137,44,91.2,50.87,32.87,5.24,50.84,32.95,8,8,7,0.69,36.29,7,0,0,0,Healthy,0
NB02035,Female,40.33,5.2,153,47,90.8,54.65,35.04,5.22,54.57,35.96,8,5,2,2.11,36.64,8,0,0,0,Healthy,0
NB02036,Male,42.0,5.2,136,58,94.5,53.49,35.47,4.8,54.13,35.5,7,8,5,2.03,37.12,10,0,0,0,Healthy,0
NB02037,Female,38.86,5.2,121,27,96.2,50.82,35.6,5.39,49.86,36.1,7,0,0,1.12,37.81,7,0,0,1,Healthy,0
NB02038,Female,36.88,5.2,147,55,95.5,48.86,32.31,5.23,48.46,31.83,10,6,2,5.18,36.79,8,0,0,0,Healthy,0
NB02039,Female,37.94,5.2,135,21,93.5,50.68,37.06,5.25,52.43,37.21,8,6,3,4.47,36.93,10,0,0,2,Healthy,0
NB02040,Male,34.11,5.2,107,51,97.3,45.11,31.4,5.25,43.8,31.72,8,8,5,4.08,37.31,9,0,0,0,Healthy,0
NB02041,Male,36.47,5.2,144,54,95.8,47.8,34.5,5.42,47.43,34.04,9,10,4,3.66,36.77,6,0,1,6,At Risk,0
NB02042,Female,37.1,5.2,130,54,90.9,50.41,31.65,4.78,49.43,31.89,8,14,4,3.66,36.97,7,0,0,0,Healthy,0
NB02043,Female,36.85,5.2,146,48,85.6,49.12,33.01,4.99,49.56,32.45,7,7,6,3.24,37.17,6,1,1,10,High Risk,1
NB02044,Male,38.34,5.2,125,31,96.8,49.67,34.96,5.5,50.62,33.74,8,0,6,5.48,37.3,10,0,0,1,Healthy,0
NB02045,Female,36.19,5.2,118,49,94.1,45.17,30.98,4.98,48.96,31.19,9,7,4,3.68,36.82,7,0,0,0,Healthy,0
NB02046,Female,40.47,5.2,161,31,91.1,54.82,35.56,5.08,56.02,36.26,9,6,2,4.44,36.58,10,0,0,0,Healthy,0
NB02047,Female,38.0,5.2,155,33,100.0,48.28,35.38,5.48,47.29,34.21,5,8,3,0.46,36.89,8,0,0,0,Healthy,0
NB02048,Male,37.98,5.2,140,37,100.0,51.56,33.29,5.24,52.34,33.84,5,8,1,0.99,36.04,9,0,0,0,Healthy,0
NB02049,Female,37.28,5.2,148,38,99.5,49.3,32.02,5.24,49.42,32.78,7,6,4,4.18,36.93,7,0,0,0,Healthy,0
NB02050,Male,38.34,5.2,155,44,95.8,47.32,36.74,5.5,47.07,35.63,7,4,2,3.94,37.19,9,0,0,0,Healthy,0
NB02051,Female,39.82,5.2,140,35,83.9,53.74,33.31,5.12,53.96,33.34,7,9,2,4.2,37.56,9,1,1,7,At Risk,0
NB02052,Male,36.09,5.2,118,45,99.1,48.39,32.7,5.12,49.49,32.05,5,10,3,2.37,37.22,8,0,0,1,Healthy,0
NB02053,Male,36.55,5.2,145,28,91.8,50.97,31.72,5.38,52.0,33.01,5,9,3,5.34,35.65,10,0,0,2,Healthy,0
NB02054,Male,37.33,5.2,158,42,93.0,48.63,31.93,5.26,47.48,32.07,7,8,3,5.06,37.43,8,0,0,0,Healthy,0
NB02055,Female,35.04,5.2,151,39,98.1,48.34,32.84,5.44,48.59,31.93,11,7,2,2.81,37.46,8,0,0,0,Healthy,0
NB02056,Female,36.2,5.2,141,52,100.0,44.45,32.23,5.1,43.66,32.89,13,9,3,1.41,36.39,8,0,0,0,Healthy,0
NB02057,Male,36.95,5.2,150,53,100.0,47.66,33.68,5.27,48.02,33.54,9,4,4,3.1,36.62,10,0,0,0,Healthy,0
NB02058,Female,39.92,5.2,136,40,95.6,48.79,31.76,5.22,48.55,31.88,8,8,5,5.18,37.45,8,0,0,0,Healthy,0
NB02059,Female,38.58,5.2,159,22,97.6,49.37,34.96,5.15,50.39,34.42,8,5,3,3.03,36.83,9,0,0,3,At Risk,0
NB02060,Male,38.43,5.2,164,27,91.1,50.93,33.02,4.97,50.85,33.57,8,3,3,4.81,36.54,10,0,0,0,Healthy,0
NB02061,Male,39.87,5.2,117,53,89.3,50.08,32.29,5.15,49.58,32.71,9,10,3,3.78,36.46,10,1,0,4,At Risk,0
NB02062,Female,37.7,5.2,160,41,98.8,51.06,36.42,5.12,51.32,36.98,8,5,0,5.35,37.99,7,0,0,0,Healthy,0
NB02063,Male,38.86,5.2,180,59,96.1,48.66,35.3,5.48,48.84,35.12,7,8,4,0.28,37.15,8,0,0,1,Healthy,0
NB02064,Female,37.77,5.2,149,51,89.9,51.17,33.98,5.34,51.21,33.54,11,9,0,3.4,36.67,10,1,0,4,At Risk,0
NB02065,Female,38.58,5.2,158,45,94.8,52.74,36.08,5.32,52.5,36.69,6,7,4,5.81,37.44,7,0,0,0,Healthy,0
NB02066,Female,36.72,5.2,128,43,97.2,50.47,33.27,5.19,48.21,33.99,10,5,6,0.77,36.76,10,0,0,0,Healthy,0
NB02067,Female,32.63,5.2,131,31,98.2,44.08,28.85,5.05,46.23,27.84,4,11,2,6.06,37.35,10,0,0,1,Healthy,0
NB02068,Male,37.7,5.2,136,36,97.2,45.08,33.33,5.27,43.94,33.64,9,3,1,3.33,37.06,10,0,0,0,Healthy,0
NB02069,Male,41.13,5.2,133,46,93.7,53.58,34.97,5.5,54.02,35.23,5,8,3,1.9,36.65,8,0,0,0,Healthy,0
NB02070,Male,40.04,5.2,116,39,92.0,51.18,34.48,5.06,51.76,34.58,12,12,1,1.93,37.02,9,0,0,1,Healthy,0
NB02071,Female,40.12,5.2,137,47,95.4,49.55,33.4,5.32,51.93,33.88,6,11,2,2.48,37.04,9,0,0,0,Healthy,0
NB02072,Male,40.72,5.2,155,52,97.8,50.93,34.25,5.14,53.45,32.87,8,5,5,3.17,37.16,9,0,0,0,Healthy,0
NB02073,Female,38.2,5.2,117,40,98.2,52.64,35.28,5.23,53.25,36.4,10,10,3,4.74,37.53,8,0,0,0,Healthy,0
NB02074,Male,38.43,5.2,143,38,100.0,47.72,34.6,5.2,46.89,36.12,6,5,1,4.13,37.8,9,0,0,0,Healthy,0
NB02075,Male,36.64,5.2,143,33,95.1,49.31,32.09,5.32,48.52,32.35,8,5,5,1.34,36.99,10,0,0,0,Healthy,0
NB02076,Female,37.3,5.2,135,50,91.1,49.41,31.77,5.2,48.99,32.18,7,8,2,2.69,35.94,10,0,0,2,Healthy,0
NB02077,Male,39.35,5.2,149,50,98.8,50.1,34.14,5.13,50.28,33.79,10,4,5,2.82,37.19,9,0,0,0,Healthy,0
NB02078,Male,40.65,5.2,147,64,95.3,53.27,33.13,4.91,53.01,33.67,10,5,2,4.37,36.68,6,0,1,6,At Risk,0
NB02079,Male,37.69,5.2,133,44,90.5,52.59,33.78,5.27,51.82,33.86,9,6,5,3.53,36.04,8,0,0,0,Healthy,0
NB02080,Female,37.01,5.2,159,41,97.2,48.12,34.52,5.35,48.41,34.49,5,8,6,5.02,37.11,7,0,0,0,Healthy,0
NB02081,Male,38.0,5.2,150,47,99.9,49.11,37.35,5.24,48.47,37.33,7,7,3,5.02,37.0,9,0,0,0,Healthy,0
NB02082,Female,39.32,5.2,168,39,96.3,52.03,33.07,5.22,53.62,32.62,8,6,4,4.44,36.44,8,0,0,1,Healthy,0
NB02083,Male,34.82,5.2,139,33,100.0,48.58,32.93,5.5,47.94,33.81,11,5,3,0.2,36.27,8,0,0,0,Healthy,0
NB02084,Female,32.95,5.2,134,43,93.3,44.8,29.2,5.5,44.31,30.28,5,2,4,1.69,37.43,8,0,0,1,Healthy,0
NB02085,Male,36.79,5.2,136,47,92.5,47.9,31.26,5.44,48.21,30.87,7,4,5,1.66,37.03,10,0,0,0,Healthy,0
NB02086,Female,35.31,5.2,161,47,98.0,42.75,30.23,5.3,41.64,30.58,11,10,1,4.22,36.44,10,0,0,0,Healthy,0
NB02087,Female,36.88,5.2,137,46,93.8,47.04,33.23,5.25,46.87,33.81,8,8,1,4.44,37.1,8,0,0,0,Healthy,0
NB02088,Male,37.67,5.2,138,53,99.2,47.03,32.18,5.02,45.73,31.65,8,8,0,5.39,36.61,10,0,0,0,Healthy,0
NB02089,Male,37.0,5.2,175,47,95.6,50.07,32.19,4.85,50.21,31.97,4,9,5,5.07,37.05,10,0,0,1,Healthy,0
NB02090,Female,41.2,5.2,116,45,99.3,51.99,35.38,5.5,51.36,35.12,7,6,2,3.55,36.94,10,0,0,0,Healthy,0
NB02091,Male,38.72,5.2,146,29,97.2,49.68,33.19,5.25,49.39,34.0,9,9,4,2.4,35.65,5,0,1,9,High Risk,0
NB02092,Female,38.66,5.2,139,44,91.8,50.18,33.04,5.5,50.52,33.69,6,9,6,4.95,36.85,10,0,0,0,Healthy,0
NB02093,Female,39.37,5.2,135,40,88.0,49.09,31.11,5.11,48.89,31.63,4,5,6,1.12,36.73,10,1,0,4,At Risk,0
NB02094,Female,35.49,5.2,123,31,97.7,50.45,32.18,5.32,51.39,32.04,6,9,2,1.59,36.47,8,0,0,0,Healthy,0
NB02095,Male,40.29,5.2,128,47,97.0,54.25,35.5,5.43,53.46,35.81,11,8,3,0.23,36.23,10,0,0,1,Healthy,0
NB02096,Male,37.83,5.2,133,47,91.4,52.69,32.49,5.1,52.41,33.28,9,5,4,4.01,36.7,8,0,0,0,Healthy,0
NB02097,Male,39.48,5.2,149,46,97.8,52.29,35.37,5.18,52.17,36.34,10,12,4,0.47,36.64,10,0,0,0,Healthy,0
NB02098,Female,35.64,5.2,155,48,99.9,47.42,34.24,5.19,48.43,33.88,9,9,1,1.27,37.09,9,0,0,0,Healthy,0
NB02099,Female,34.58,5.2,108,43,92.5,49.75,31.44,5.15,51.01,30.29,13,5,6,3.61,36.73,6,0,1,6,At Risk,0
NB02100,Male,39.8,5.2,118,40,88.2,49.86,37.05,5.31,49.09,36.47,10,7,4,2.9,36.84,8,1,0,4,At Risk,0
NB02101,Male,38.83,5.2,150,60,98.4,48.6,37.74,5.24,48.4,37.53,8,5,7,2.27,36.95,10,0,0,0,Healthy,0
NB02102,Male,36.02,5.2,151,43,99.5,46.61,36.21,4.82,44.88,36.46,7,11,3,0.2,36.59,7,0,0,0,Healthy,0
NB02103,Male,36.09,5.2,114,17,92.4,48.92,30.68,5.25,49.12,31.09,9,5,4,5.4,36.35,9,0,0,2,Healthy,0
NB02104,Female,40.48,5.2,156,18,97.7,50.3,33.76,5.3,50.55,33.82,10,8,4,5.05,37.8,10,0,0,2,Healthy,0
NB02105,Male,35.38,5.2,140,54,96.2,46.93,31.3,5.22,48.55,31.62,6,5,2,3.31,36.77,10,0,0,0,Healthy,0
NB02106,Female,41.61,5.2,153,24,94.6,49.65,36.52,5.5,49.67,37.01,9,11,2,4.47,36.71,8,0,0,3,At Risk,0
NB02107,Male,36.02,5.2,125,37,97.0,48.78,34.79,5.3,48.86,34.53,8,9,3,6.22,37.44,8,0,0,0,Healthy,0
NB02108,Male,39.4,5.2,115,30,93.2,47.83,35.72,5.23,47.58,35.57,9,8,0,2.53,37.65,7,0,0,0,Healthy,0
NB02109,Male,37.28,5.2,134,39,91.1,47.09,31.49,5.41,47.81,31.92,7,8,3,0.2,37.45,10,0,0,0,Healthy,0
NB02110,Female,39.33,5.2,135,46,96.4,53.23,33.81,5.5,53.69,34.16,9,7,5,4.7,36.62,8,0,0,0,Healthy,0
NB02111,Female,36.8,5.2,134,35,95.9,50.88,32.9,5.2,51.51,32.21,11,1,2,0.68,36.96,9,0,0,1,Healthy,0
NB02112,Female,37.64,5.2,133,34,86.1,50.03,31.32,5.44,52.37,31.88,9,8,1,3.36,37.06,10,1,0,4,At Risk,0
NB02113,Male,38.09,5.2,170,49,90.9,50.23,33.88,5.5,48.94,34.06,4,7,2,3.13,37.81,9,0,0,0,Healthy,0
NB02114,Female,35.8,5.2,109,68,92.6,46.55,30.47,5.18,44.02,29.95,6,4,2,6.8,36.99,9,0,0,1,Healthy,0
NB02115,Male,39.63,5.2,125,47,96.8,49.52,32.46,5.0,50.43,32.43,11,8,2,5.01,37.01,10,0,0,1,Healthy,0
NB02116,Male,36.87,5.2,132,33,89.7,47.86,31.59,5.32,48.01,31.55,6,4,0,5.57,36.34,8,1,0,4,At Risk,0
NB02117,Female,37.5,5.2,140,51,93.9,46.12,34.06,5.5,45.75,33.63,5,11,5,5.74,36.24,8,0,0,1,Healthy,0
NB02118,Male,35.81,5.2,153,59,100.0,48.14,32.87,5.17,49.35,33.05,7,7,6,3.16,37.41,7,0,0,0,Healthy,0
NB02119,Female,32.36,5.2,156,53,95.2,44.62,30.0,5.45,44.99,30.27,6,7,1,2.13,36.96,7,0,0,0,Healthy,0
NB02120,Male,37.58,5.2,159,27,95.5,47.35,34.99,5.06,47.15,35.83,8,8,2,5.61,37.0,9,0,0,0,Healthy,0
NB02121,Female,42.0,5.2,149,47,94.8,56.34,37.93,5.18,57.43,37.05,9,6,4,5.75,37.28,8,0,0,0,Healthy,0
NB02122,Female,39.73,5.2,109,37,98.4,52.37,35.31,5.21,53.32,35.49,9,7,5,3.93,37.18,7,0,0,0,Healthy,0
NB02123,Female,37.96,5.2,110,43,95.1,50.95,33.87,5.2,51.8,33.69,7,6,1,3.13,37.12,8,0,0,1,Healthy,0
NB02124,Male,37.42,5.2,161,38,94.2,48.1,33.59,5.06,47.03,33.48,7,5,2,5.36,37.09,7,0,0,0,Healthy,0
NB02125,Female,38.05,5.2,159,49,95.5,49.64,33.61,5.16,49.02,34.94,7,5,5,2.27,36.86,8,0,0,0,Healthy,0
NB02126,Female,39.2,5.2,151,38,99.6,51.94,31.38,4.84,52.43,32.1,10,7,5,4.28,36.89,10,0,0,0,Healthy,0
NB02127,Female,35.4,5.2,125,56,96.4,47.57,33.68,5.37,48.24,34.48,7,6,0,2.76,37.21,9,0,0,0,Healthy,0
NB02128,Male,40.45,5.2,134,42,95.2,55.01,36.11,5.24,56.61,36.38,9,8,2,3.82,36.38,8,0,0,1,Healthy,0
NB02129,Female,39.57,5.2,133,40,99.1,50.61,33.08,5.46,50.23,33.25,8,4,3,4.27,36.33,6,0,1,6,At Risk,0
NB02130,Female,39.58,5.2,122,48,93.2,50.01,37.05,5.21,50.21,36.46,7,5,4,0.2,36.84,10,0,0,0,Healthy,0
NB02131,Male,38.96,5.2,145,46,83.8,51.74,33.59,4.87,53.11,34.72,10,7,2,4.99,36.87,8,1,1,6,At Risk,0
NB02132,Female,38.04,5.2,179,48,96.6,47.11,33.67,5.29,47.17,33.19,7,9,2,1.48,37.13,10,0,0,0,Healthy,0
NB02133,Female,39.48,5.2,131,41,96.5,52.78,36.37,5.1,53.15,36.73,8,6,3,4.96,36.7,6,0,1,6,At Risk,0
NB02134,Male,39.3,5.2,163,55,92.8,48.17,35.04,5.44,48.33,34.91,9,6,4,3.92,36.45,10,0,0,0,Healthy,0
NB02135,Female,37.22,5.2,124,52,94.1,50.18,35.26,5.19,50.95,35.15,9,7,0,3.15,37.07,6,0,1,6,At Risk,0
NB02136,Female,36.74,5.2,112,42,99.4,47.17,32.39,5.5,47.87,31.63,9,7,1,3.5,37.41,8,0,0,0,Healthy,0
NB02137,Female,38.22,5.2,158,50,96.6,50.75,36.49,5.05,49.35,36.76,8,11,3,2.8,36.96,8,0,0,1,Healthy,0
NB02138,Female,41.41,5.2,136,39,100.0,54.48,35.02,5.28,55.33,34.02,8,8,3,5.61,36.15,8,0,0,0,Healthy,0
NB02139,Male,35.27,5.2,163,48,95.9,47.45,33.87,5.35,49.33,32.49,8,5,3,2.37,36.92,8,0,0,0,Healthy,0
NB02140,Male,34.77,5.2,166,50,94.5,44.3,28.14,5.16,43.11,27.9,7,8,4,2.02,35.93,7,0,0,2,Healthy,0
NB02141,Male,38.36,5.2,135,44,97.5,48.13,32.4,4.96,48.67,32.76,7,7,4,4.71,36.78,8,0,0,0,Healthy,0
NB02142,Female,38.11,5.2,164,34,96.3,48.24,34.33,5.19,49.02,33.73,8,3,3,0.2,35.9,9,0,0,3,At Risk,0
NB02143,Female,38.38,5.2,124,30,96.5,46.15,33.47,4.87,45.03,32.38,8,1,3,3.11,36.61,9,0,0,1,Healthy,0
NB02144,Female,38.54,5.2,124,45,94.2,52.34,34.06,5.09,51.78,35.26,9,9,2,3.51,37.03,9,0,0,0,Healthy,0
NB02145,Female,37.51,5.2,159,35,93.0,49.38,33.52,5.19,48.9,34.84,9,5,3,2.2,36.67,10,0,0,0,Healthy,0
NB02146,Male,41.28,5.2,112,53,93.1,50.28,34.31,5.43,50.7,34.81,6,10,3,0.85,37.32,9,0,0,0,Healthy,0
NB02147,Female,34.48,5.2,140,27,96.8,49.34,29.66,5.29,48.18,29.53,9,8,3,1.73,36.9,9,0,0,0,Healthy,0
NB02148,Female,36.18,5.2,162,55,97.3,46.56,32.87,5.15,46.07,33.28,9,7,0,4.2,36.29,10,0,0,0,Healthy,0
NB02149,Female,37.77,5.2,164,43,85.8,49.9,32.64,5.14,50.46,33.13,9,7,3,0.66,37.21,9,1,0,4,At Risk,0
NB02150,Male,34.38,5.2,132,33,92.4,44.7,33.28,5.12,45.76,33.72,9,6,4,0.83,37.11,10,0,0,0,Healthy,0
NB02151,Female,37.61,5.2,158,37,89.4,45.22,33.24,5.41,45.45,33.79,7,4,3,1.56,37.37,10,1,0,4,At Risk,0
NB02152,Male,41.66,5.2,120,40,93.3,50.16,37.44,4.93,49.31,37.88,8,6,5,3.77,37.12,8,0,0,1,Healthy,0
NB02153,Female,38.05,5.2,128,47,92.9,48.74,34.5,5.06,48.67,34.39,8,3,3,1.23,37.01,9,0,0,1,Healthy,0
NB02154,Female,38.51,5.2,144,30,95.5,51.85,33.25,4.93,52.26,33.39,5,9,3,3.59,36.35,10,0,0,0,Healthy,0
NB02155,Male,35.23,5.2,147,32,95.7,47.8,28.89,5.35,49.52,29.45,11,8,4,4.78,37.17,7,0,0,0,Healthy,0
NB02156,Male,36.64,5.2,121,39,100.0,48.66,34.63,5.5,49.28,34.98,6,6,3,3.82,36.73,6,0,1,6,At Risk,0
NB02157,Female,37.17,5.2,174,42,96.3,44.84,31.75,5.34,47.12,32.39,8,8,7,2.01,37.16,8,0,0,0,Healthy,0
NB02158,Female,37.3,5.2,106,49,97.2,51.51,32.71,5.36,52.54,32.29,4,10,3,6.23,37.8,5,0,1,6,At Risk,0
NB02159,Male,40.82,5.2,141,45,90.0,52.59,35.55,5.12,54.0,35.83,10,2,1,7.08,37.34,8,0,0,1,Healthy,0
NB02160,Female,39.23,5.2,144,38,93.8,50.47,34.58,5.33,50.01,34.2,7,6,1,2.17,36.93,9,0,0,0,Healthy,0
NB02161,Male,35.55,5.2,109,44,91.2,49.66,33.53,5.08,50.63,33.67,7,6,3,0.2,36.83,9,0,0,0,Healthy,0
NB02162,Female,38.54,5.2,164,44,97.1,52.58,34.19,5.11,52.96,33.88,6,7,3,3.8,36.61,7,0,0,0,Healthy,0
NB02163,Male,39.1,5.2,127,39,95.2,52.9,34.38,5.22,55.54,34.3,7,6,2,4.82,35.75,10,0,0,2,Healthy,0
NB02164,Female,40.51,5.2,142,43,93.8,51.36,37.08,5.24,51.22,37.74,8,9,5,0.2,36.82,9,0,0,0,Healthy,0
NB02165,Male,41.48,5.2,146,20,98.3,50.72,37.14,5.5,52.7,37.58,11,9,4,3.97,36.57,7,0,0,2,Healthy,0
NB02166,Male,35.77,5.2,114,51,94.1,49.57,31.13,5.4,51.49,30.64,10,7,3,1.15,36.94,10,0,0,0,Healthy,0
NB02167,Male,36.22,5.2,121,47,99.7,45.26,30.83,5.25,44.89,30.65,10,10,4,4.86,36.57,8,0,0,0,Healthy,0
NB02168,Male,35.23,5.2,168,57,99.6,51.0,30.63,5.5,51.52,31.23,6,8,5,0.8,36.9,10,0,0,1,Healthy,0
NB02169,Female,37.49,5.2,139,34,92.8,49.19,33.37,5.5,47.96,34.58,8,6,2,3.94,37.36,10,0,0,0,Healthy,0
NB02170,Male,39.03,5.2,91,48,98.9,48.4,32.65,5.23,50.41,33.26,7,7,3,3.72,36.87,8,1,1,5,At Risk,0
NB02171,Female,40.17,5.2,135,23,95.4,49.09,35.46,5.31,47.14,35.16,6,6,1,2.94,36.31,9,0,0,2,Healthy,0
NB02172,Female,37.83,5.2,139,24,93.6,46.89,33.49,4.98,45.48,33.49,7,8,6,0.2,36.43,10,0,0,3,At Risk,0
NB02173,Female,37.3,5.2,144,40,96.4,49.25,29.49,5.26,49.29,29.8,8,10,2,2.1,37.11,9,0,0,0,Healthy,0
NB02174,Female,38.33,5.2,104,36,89.4,49.89,31.92,5.09,49.15,32.22,7,9,0,1.78,37.14,10,1,0,4,At Risk,0
NB02175,Male,36.16,5.2,139,52,93.1,45.47,28.19,4.85,44.68,28.4,9,8,2,0.65,36.41,8,0,0,0,Healthy,0
NB02176,Female,42.0,5.2,125,54,96.5,52.49,36.08,5.43,52.35,35.65,6,10,2,2.33,36.79,10,0,0,0,Healthy,0
NB02177,Male,34.46,5.2,144,55,94.0,43.68,32.94,5.25,44.84,32.77,13,7,4,3.44,37.21,8,0,0,0,Healthy,0
NB02178,Female,38.41,5.2,149,48,98.8,51.14,31.25,5.06,52.34,31.5,8,9,4,4.53,37.57,9,0,0,0,Healthy,0
NB02179,Male,42.0,5.2,147,48,93.6,53.09,34.62,4.86,53.75,34.47,7,5,4,5.73,36.88,7,0,0,0,Healthy,0
NB02180,Male,38.01,5.2,165,29,95.4,48.86,33.56,5.11,49.56,34.26,7,8,3,4.94,36.71,8,0,0,0,Healthy,0
NB02181,Male,37.58,5.2,179,56,94.6,46.65,31.91,5.1,46.89,30.95,5,8,4,5.18,36.63,9,0,0,0,Healthy,0
NB02182,Male,37.21,5.2,120,55,89.7,48.29,31.65,5.21,49.53,32.51,5,6,0,3.42,36.86,7,1,0,4,At Risk,0
NB02183,Male,37.6,5.2,133,28,96.4,48.41,34.33,4.88,48.74,35.69,8,8,3,4.91,37.43,4,0,1,6,At Risk,0
NB02184,Male,41.02,5.2,153,47,96.1,52.95,35.17,5.32,52.37,35.5,8,7,5,0.2,36.87,10,0,0,1,Healthy,0
NB02185,Female,33.13,5.2,138,37,88.2,45.55,28.16,5.36,45.48,27.81,5,11,5,5.73,37.02,6,1,1,10,High Risk,1
NB02186,Male,41.37,5.2,91,60,86.4,54.22,33.03,4.97,54.66,34.09,6,8,2,5.84,36.16,10,1,1,9,High Risk,0
NB02187,Female,34.87,5.2,137,32,93.4,45.81,34.92,4.89,46.87,34.83,8,0,3,3.78,37.52,8,0,0,1,Healthy,0
NB02188,Female,37.41,5.2,162,43,99.3,45.35,35.08,5.43,45.88,34.71,6,4,3,2.05,37.4,7,0,0,0,Healthy,0
NB02189,Male,37.06,5.2,115,44,100.0,50.73,32.46,5.2,49.71,32.75,10,7,1,5.02,36.67,8,0,0,0,Healthy,0
NB02190,Female,39.29,5.2,144,41,88.6,48.89,34.84,5.36,49.94,35.64,9,3,3,6.55,36.75,10,1,0,4,At Risk,0
NB02191,Female,34.48,5.2,106,63,100.0,44.22,30.61,5.25,44.05,31.87,7,7,2,8.02,37.33,8,0,0,1,Healthy,0
NB02192,Female,39.02,5.2,156,59,99.1,50.43,35.28,5.21,51.15,35.02,8,9,1,3.4,38.13,8,0,0,1,Healthy,0
NB02193,Female,42.0,5.2,144,26,93.0,53.8,35.32,5.44,52.43,35.5,6,9,1,2.99,36.04,8,0,0,0,Healthy,0
NB02194,Male,35.0,5.2,130,47,100.0,45.84,30.89,5.4,46.62,31.05,6,9,4,1.6,36.57,8,0,0,0,Healthy,0
NB02195,Female,38.42,5.2,132,42,96.6,48.9,34.78,5.31,50.07,34.6,11,2,1,4.26,36.62,8,0,0,1,Healthy,0
NB02196,Male,36.54,5.2,113,50,94.2,47.51,34.96,5.32,47.2,35.21,11,9,4,3.23,37.27,7,0,0,0,Healthy,0
NB02197,Male,38.94,5.2,158,44,88.8,53.28,35.57,5.14,53.88,36.0,7,8,4,4.32,36.96,9,1,0,4,At Risk,0
NB02198,Female,38.04,5.2,126,34,95.4,49.63,35.68,5.34,50.03,35.97,8,13,2,2.48,36.57,8,0,0,0,Healthy,0
NB02199,Male,36.59,5.2,149,32,95.1,46.39,32.34,5.5,45.89,31.88,7,6,4,3.89,36.16,9,0,0,0,Healthy,0
NB02200,Female,39.07,5.2,123,38,100.0,48.65,33.62,5.43,49.8,33.76,10,9,1,4.54,37.26,8,0,0,1,Healthy,0
NB02201,Female,41.97,5.2,180,41,91.7,52.67,33.67,4.86,52.66,33.09,12,6,4,3.35,36.71,8,0,0,1,Healthy,0
NB02202,Female,37.58,5.2,168,44,91.9,49.7,33.61,5.32,49.51,32.76,7,5,4,3.37,36.28,7,0,0,0,Healthy,0
NB02203,Male,39.58,5.2,177,36,93.2,51.99,35.48,5.34,52.79,35.56,6,9,3,5.55,36.49,10,0,0,0,Healthy,0
NB02204,Male,35.15,5.2,179,59,100.0,47.29,31.36,5.46,47.69,31.73,10,3,4,2.89,36.61,9,0,0,1,Healthy,0
NB02205,Female,35.9,5.2,129,47,91.0,46.02,31.16,5.48,46.9,31.28,9,4,3,4.9,36.67,10,0,0,0,Healthy,0
NB02206,Female,39.04,5.2,124,51,99.6,49.69,36.39,5.33,50.04,36.31,11,7,1,4.19,36.33,9,0,0,1,Healthy,0
NB02207,Female,41.27,5.2,176,41,89.5,54.01,37.03,4.98,54.62,37.32,8,6,3,5.97,36.34,9,1,0,4,At Risk,0
NB02208,Male,38.78,5.2,137,32,96.5,48.01,36.32,5.21,48.15,37.45,4,8,3,4.81,37.87,9,0,0,0,Healthy,0
NB02209,Male,37.31,5.2,155,51,95.3,48.05,31.89,5.07,47.59,32.13,6,7,4,4.75,36.95,9,0,0,0,Healthy,0
NB02210,Male,38.0,5.2,129,32,92.6,50.79,32.74,5.0,50.28,34.15,12,6,3,5.54,36.61,9,0,0,0,Healthy,0
NB02211,Female,35.25,5.2,129,22,97.5,48.87,33.68,5.5,48.41,33.68,8,2,3,1.48,36.97,8,0,0,4,At Risk,0
NB02212,Female,39.33,5.2,155,48,92.2,50.41,34.66,5.14,50.1,34.69,6,7,4,4.47,36.87,7,0,0,0,Healthy,0
NB02213,Male,39.94,5.2,105,34,89.3,50.52,34.31,5.5,53.8,34.56,4,9,0,5.93,36.39,6,1,1,10,High Risk,1
NB02214,Female,37.01,5.2,154,39,93.9,46.06,32.35,5.15,46.81,31.0,9,8,4,0.96,35.94,9,0,0,2,Healthy,0
NB02215,Male,36.97,5.2,149,49,91.8,49.72,33.06,5.09,49.21,33.25,8,2,2,4.1,36.56,8,0,0,1,Healthy,0
NB02216,Male,38.58,5.2,130,33,95.9,52.76,35.71,5.35,53.98,35.21,6,5,3,6.16,36.72,8,0,0,0,Healthy,0
NB02217,Male,37.04,5.2,140,26,94.0,53.87,32.89,5.21,55.95,33.42,6,9,1,1.81,36.75,8,0,0,0,Healthy,0
NB02218,Female,37.85,5.2,143,54,100.0,50.24,34.88,5.29,49.92,34.64,6,10,5,5.02,35.98,6,0,1,8,High Risk,0
NB02219,Female,42.0,5.2,144,41,93.9,53.1,37.3,5.12,52.84,37.01,9,7,4,3.48,37.92,10,0,0,1,Healthy,0
NB02220,Female,37.46,5.2,152,55,96.0,47.27,32.1,5.12,45.67,32.29,11,3,3,2.04,37.88,9,0,0,0,Healthy,0
NB02221,Female,37.21,5.2,125,48,90.9,45.13,31.93,5.13,45.05,31.62,7,5,1,4.79,37.0,9,0,0,0,Healthy,0
NB02222,Male,36.58,5.2,189,49,93.5,48.67,32.13,5.02,49.67,31.79,11,5,1,4.02,36.81,8,0,0,1,Healthy,0
NB02223,Male,39.64,5.2,136,44,91.8,55.77,32.94,5.42,55.64,33.01,8,7,3,5.04,36.55,9,0,0,0,Healthy,0
NB02224,Female,37.6,5.2,138,44,99.1,51.78,32.75,5.27,50.95,33.7,6,7,1,2.94,37.06,8,0,0,0,Healthy,0
NB02225,Female,36.57,5.2,175,53,92.3,50.55,35.07,5.26,49.26,35.05,11,6,4,2.83,36.75,7,0,0,1,Healthy,0
NB02226,Female,40.91,5.2,107,50,92.7,52.71,35.79,5.36,53.22,37.22,9,2,3,0.2,37.36,10,0,0,1,Healthy,0
NB02227,Male,41.12,5.2,175,36,96.0,53.13,34.84,5.3,52.71,35.66,11,4,2,3.51,37.21,8,0,0,0,Healthy,0
NB02228,Female,36.68,5.2,142,47,92.5,43.56,35.75,5.5,45.79,35.64,9,8,2,5.05,36.42,8,0,0,0,Healthy,0
NB02229,Male,33.89,5.2,130,36,99.9,47.43,29.53,5.32,47.68,29.85,13,6,3,1.45,36.49,7,0,0,0,Healthy,0
NB02230,Male,40.22,5.2,120,39,100.0,50.44,33.91,4.82,49.86,34.21,9,6,3,1.88,37.24,7,0,0,0,Healthy,0
NB02231,Female,36.49,5.2,117,48,91.9,46.84,34.59,5.13,47.92,34.62,9,4,3,4.09,37.11,9,0,0,0,Healthy,0
NB02232,Male,39.74,5.2,134,36,98.0,50.52,36.01,5.04,52.76,36.29,7,10,1,4.42,36.3,9,0,0,0,Healthy,0
NB02233,Male,33.67,5.2,145,43,92.0,44.99,30.57,5.32,46.99,30.08,10,1,1,4.64,36.59,9,0,0,1,Healthy,0
NB02234,Female,39.96,5.2,151,46,93.8,49.93,36.42,5.15,49.21,37.28,8,11,6,3.19,36.73,8,0,0,0,Healthy,0
NB02235,Female,35.34,5.2,145,39,97.4,47.23,32.39,5.33,46.16,32.53,9,8,4,2.19,36.78,7,0,0,0,Healthy,0
NB02236,Female,39.61,5.2,131,49,95.5,49.93,33.15,5.09,48.84,33.83,11,6,2,1.71,36.77,10,0,0,0,Healthy,0
NB02237,Male,38.03,5.2,164,38,95.6,49.83,30.23,5.27,50.73,30.02,8,6,2,1.8,37.2,6,0,1,6,At Risk,0
NB02238,Male,35.9,5.2,188,51,98.8,44.74,31.48,5.12,44.65,32.75,9,6,2,1.7,36.87,7,0,0,1,Healthy,0
NB02239,Male,37.1,5.2,167,43,98.8,48.37,34.8,5.16,47.88,34.76,11,8,2,1.62,36.84,6,0,1,6,At Risk,0
NB02240,Male,39.51,5.2,134,44,95.2,48.77,34.21,5.28,49.79,33.84,6,7,2,3.12,36.46,10,0,0,0,Healthy,0
NB02241,Male,38.23,5.2,149,33,92.8,48.53,34.65,5.32,47.85,33.51,8,10,4,2.01,36.88,8,0,0,0,Healthy,0
NB02242,Male,39.29,5.2,150,40,95.0,51.04,34.98,5.5,52.26,35.17,5,4,6,4.29,36.79,8,0,0,0,Healthy,0
NB02243,Female,42.0,5.2,169,44,91.5,49.99,34.06,5.46,49.19,34.62,8,9,6,1.08,36.58,7,0,0,0,Healthy,0
NB02244,Female,34.56,5.2,134,52,97.8,44.86,30.78,5.42,44.71,31.4,10,9,6,4.14,36.28,8,0,0,0,Healthy,0
NB02245,Female,41.56,5.2,123,39,94.3,53.94,36.83,5.32,55.53,36.95,4,4,2,2.69,37.37,10,0,0,0,Healthy,0
NB02246,Male,38.23,5.2,160,52,91.1,46.98,32.78,5.13,47.3,32.26,6,8,4,3.92,37.6,10,0,0,1,Healthy,0
NB02247,Female,36.02,5.2,147,34,99.7,51.38,31.87,5.35,50.54,32.94,5,7,3,3.56,36.91,6,0,1,7,At Risk,0
NB02248,Female,35.07,5.2,120,45,95.0,49.37,32.34,5.47,51.09,32.28,10,8,3,4.11,37.45,8,0,0,0,Healthy,0
NB02249,Male,37.58,5.2,153,37,92.4,48.24,33.62,5.47,49.57,32.52,9,7,3,2.42,36.9,10,0,0,0,Healthy,0
NB02250,Female,40.03,5.2,173,57,99.0,49.85,36.79,5.23,51.49,36.8,10,7,4,2.92,36.18,8,0,0,0,Healthy,0
NB02251,Female,37.72,5.2,128,56,99.4,49.75,34.18,5.16,48.24,33.09,10,6,4,4.76,36.94,7,0,0,1,Healthy,0
NB02252,Female,41.32,5.2,124,45,88.4,49.7,34.69,5.39,50.2,33.3,7,7,3,2.6,36.65,8,1,0,4,At Risk,0
NB02253,Male,34.81,5.2,141,37,98.9,42.72,30.85,4.74,42.22,30.65,8,5,4,0.82,37.01,9,0,0,0,Healthy,0
NB02254,Female,37.97,5.2,152,27,95.6,48.66,33.81,5.5,48.25,33.25,7,5,3,3.56,37.51,10,0,0,0,Healthy,0
NB02255,Female,35.24,5.2,139,46,98.4,46.85,33.88,5.48,47.69,33.61,11,6,2,2.77,36.57,7,0,0,1,Healthy,0
NB02256,Female,38.8,5.2,160,44,94.8,50.51,33.65,5.17,48.96,33.68,9,9,2,2.39,36.97,9,0,0,0,Healthy,0
NB02257,Female,39.95,5.2,145,51,96.3,50.13,32.57,5.16,50.48,31.93,10,5,0,3.96,37.19,7,0,0,0,Healthy,0
NB02258,Female,37.07,5.2,158,27,93.9,51.31,33.81,5.5,53.05,34.24,9,9,4,4.0,37.41,8,0,0,0,Healthy,0
NB02259,Male,32.27,5.2,127,43,98.5,41.45,28.66,5.02,41.8,28.14,7,2,2,5.23,37.24,9,0,0,1,Healthy,0
NB02260,Male,38.44,5.2,118,46,92.7,47.72,32.18,5.18,49.01,31.97,6,5,3,4.64,36.3,7,0,0,0,Healthy,0
NB02261,Male,38.96,5.2,134,33,98.6,51.44,34.5,5.5,51.76,34.81,9,8,3,4.5,36.3,9,0,0,0,Healthy,0
NB02262,Female,38.89,5.2,116,43,95.6,48.08,35.88,5.02,47.42,36.96,11,11,4,2.63,37.14,10,0,0,0,Healthy,0
NB02263,Female,40.72,5.2,147,35,97.6,49.65,34.84,5.26,51.78,34.61,9,8,4,1.47,36.63,9,0,0,0,Healthy,0
NB02264,Male,35.64,5.2,104,34,91.5,47.73,32.9,5.18,47.73,32.66,6,6,4,2.2,36.36,10,0,0,0,Healthy,0
NB02265,Male,39.5,5.2,132,37,96.5,48.84,35.87,5.5,47.78,36.44,9,10,3,0.86,37.33,6,0,1,6,At Risk,0
NB02266,Male,40.62,5.2,135,39,96.9,51.69,36.82,5.12,50.51,36.9,7,8,1,3.15,36.63,8,0,0,0,Healthy,0
NB02267,Male,34.09,5.2,121,54,100.0,44.68,29.96,4.96,44.69,30.07,4,7,3,0.2,37.53,6,0,1,6,At Risk,0
NB02268,Female,38.7,5.2,134,39,97.4,48.51,32.61,5.28,49.58,32.87,11,6,2,5.35,36.6,9,0,0,0,Healthy,0
NB02269,Female,36.89,5.2,140,34,92.9,44.4,31.55,5.12,44.59,31.23,6,8,4,4.0,36.46,9,0,0,0,Healthy,0
NB02270,Female,37.82,5.2,163,50,92.8,49.72,34.86,5.35,48.42,35.07,11,8,4,3.99,36.77,8,0,0,0,Healthy,0
NB02271,Female,38.76,5.2,121,52,97.7,47.79,35.34,5.32,48.08,36.7,11,4,1,6.91,37.14,8,0,0,0,Healthy,0
NB02272,Male,36.93,5.2,146,50,93.1,48.3,31.61,5.0,49.59,31.63,9,6,4,2.57,36.93,10,0,0,0,Healthy,0
NB02273,Female,36.51,5.2,150,56,93.2,47.24,35.96,5.5,47.31,37.3,6,7,2,0.9,37.65,8,0,0,0,Healthy,0
NB02274,Male,38.08,5.2,140,44,92.0,49.25,32.24,5.11,50.91,31.42,10,5,2,4.54,36.88,10,0,0,0,Healthy,0
NB02275,Female,35.61,5.2,131,44,95.5,47.15,33.62,5.13,46.51,33.57,6,10,3,2.78,36.72,9,0,0,0,Healthy,0
NB02276,Female,35.61,5.2,119,35,95.8,47.84,34.41,5.35,48.93,34.5,8,9,0,0.99,37.48,9,0,0,0,Healthy,0
NB02277,Male,39.49,5.2,174,56,93.9,49.49,35.01,5.5,50.17,34.27,8,4,5,5.78,37.07,8,0,0,0,Healthy,0
NB02278,Female,35.47,5.2,141,41,100.0,49.81,30.88,4.97,50.54,30.8,7,10,2,5.01,36.61,10,0,0,0,Healthy,0
NB02279,Female,39.47,5.2,134,39,97.0,47.22,33.7,5.14,47.87,33.37,8,9,2,5.54,36.91,7,0,0,0,Healthy,0
NB02280,Male,39.02,5.2,178,38,100.0,50.06,34.12,5.42,49.93,33.78,5,5,3,2.37,36.9,10,0,0,0,Healthy,0
NB02281,Male,34.2,5.2,144,48,95.5,47.86,32.76,5.12,48.36,32.89,7,5,2,2.42,36.71,8,0,0,0,Healthy,0
NB02282,Female,36.51,5.2,186,43,92.4,49.21,30.96,5.26,48.99,32.03,6,7,7,5.03,36.88,9,0,0,1,Healthy,0
NB02283,Female,40.63,5.2,115,44,91.5,50.01,32.88,5.15,50.49,33.35,9,3,4,2.25,36.22,9,0,0,0,Healthy,0
NB02284,Male,35.84,5.2,136,39,94.6,46.04,32.83,5.33,46.53,33.43,9,10,1,2.71,36.64,8,0,0,1,Healthy,0
NB02285,Female,36.98,5.2,115,40,97.6,46.67,33.96,4.98,46.63,34.23,8,6,4,4.09,36.99,10,0,0,1,Healthy,0
NB02286,Female,39.02,5.2,138,41,94.0,51.71,37.46,5.29,51.77,37.02,9,9,1,6.03,36.56,7,0,0,0,Healthy,0
NB02287,Male,39.72,5.2,138,56,98.0,49.67,32.93,5.33,48.44,32.93,8,7,3,0.2,36.4,10,0,0,0,Healthy,0
NB02288,Male,37.45,5.2,132,24,99.9,49.61,33.21,5.37,49.86,33.33,7,6,5,2.6,36.78,10,0,0,2,Healthy,0
NB02289,Male,36.69,5.2,141,46,92.2,48.95,34.62,5.13,49.74,34.58,9,8,3,1.53,36.59,9,0,0,0,Healthy,0
NB02290,Male,41.13,5.2,133,53,91.2,57.15,36.17,5.5,57.59,36.1,8,7,1,4.79,36.21,10,0,0,0,Healthy,0
NB02291,Female,41.83,5.2,138,24,98.3,53.67,36.18,4.81,54.01,36.61,6,6,3,1.0,36.22,7,0,0,2,Healthy,0
NB02292,Male,40.15,5.2,126,41,95.9,49.92,36.49,5.1,48.68,37.17,10,7,1,3.99,36.98,9,0,0,0,Healthy,0
NB02293,Male,38.19,5.2,166,52,96.1,46.85,33.03,5.5,47.43,33.96,5,9,0,0.2,36.84,9,0,0,0,Healthy,0
NB02294,Male,36.22,5.2,120,34,97.4,47.45,33.83,5.24,46.42,33.89,5,5,4,4.55,36.94,8,0,0,0,Healthy,0
NB02295,Female,36.17,5.2,144,45,89.7,47.72,30.64,5.45,47.17,31.55,6,12,4,4.71,36.67,8,1,0,4,At Risk,0
NB02296,Female,39.15,5.2,119,33,96.5,46.21,32.33,5.27,45.26,32.36,8,7,1,3.33,36.12,9,0,0,0,Healthy,0
NB02297,Female,38.92,5.2,125,42,95.6,49.0,34.03,5.5,48.17,34.21,11,7,4,0.25,36.41,7,0,0,0,Healthy,0
NB02298,Female,41.08,5.2,127,55,96.6,52.97,32.11,5.19,53.31,32.46,11,8,3,3.48,36.66,10,0,0,0,Healthy,0
NB02299,Male,39.43,5.2,138,59,91.7,49.82,34.93,5.27,48.67,35.61,6,6,2,3.48,37.0,9,0,0,0,Healthy,0
NB02300,Female,34.69,5.2,143,45,95.3,48.56,28.89,5.4,47.53,30.17,8,5,4,3.36,36.01,8,0,0,0,Healthy,0
NB02301,Female,40.31,5.2,120,29,93.3,48.57,35.84,5.5,50.35,35.18,6,8,2,4.27,35.76,8,0,0,2,Healthy,0
NB02302,Female,35.8,5.2,133,39,98.7,48.98,32.54,4.86,51.04,32.48,7,7,0,0.41,37.45,7,0,0,0,Healthy,0
NB02303,Female,37.16,5.2,122,24,94.7,50.67,33.11,5.33,51.86,33.53,12,9,6,4.81,37.07,8,0,0,2,Healthy,0
NB02304,Male,38.55,5.2,121,39,92.9,52.01,34.84,5.06,51.91,34.28,8,7,6,5.15,36.41,8,0,0,0,Healthy,0
NB02305,Female,42.0,5.2,160,52,91.5,50.07,36.91,5.22,51.41,36.09,10,5,5,0.2,36.69,9,0,0,0,Healthy,0
NB02306,Male,42.0,5.2,115,28,98.1,53.83,36.16,5.12,54.56,36.15,10,6,3,0.33,36.61,8,0,0,0,Healthy,0
NB02307,Female,39.33,5.2,141,40,98.4,49.46,37.48,4.78,47.72,37.0,7,9,5,3.18,36.93,10,0,0,0,Healthy,0
NB02308,Female,37.6,5.2,171,34,100.0,46.42,34.11,5.44,47.78,34.56,6,6,2,0.93,36.57,4,0,1,6,At Risk,0
NB02309,Male,39.18,5.2,162,60,93.9,49.83,35.78,4.97,48.78,35.47,8,10,1,4.03,36.28,9,0,0,1,Healthy,0
NB02310,Female,39.95,5.2,148,46,91.5,49.55,36.78,5.22,49.23,37.19,8,5,2,4.21,37.02,9,0,0,0,Healthy,0
NB02311,Female,37.29,5.2,140,51,94.6,50.81,34.31,5.21,51.31,35.29,10,7,5,4.34,37.62,7,0,0,0,Healthy,0
NB02312,Male,41.95,5.2,153,45,92.6,54.18,39.66,5.07,54.67,40.93,7,11,1,0.2,37.04,9,0,0,0,Healthy,0
NB02313,Male,38.51,5.2,147,50,92.8,47.75,34.4,5.36,48.33,34.69,10,8,1,2.11,36.83,8,0,0,0,Healthy,0
NB02314,Female,39.1,5.2,166,53,96.7,49.14,34.56,5.16,50.53,34.21,7,11,2,3.09,36.7,10,0,0,0,Healthy,0
NB02315,Female,39.47,5.2,138,42,98.8,50.16,33.85,5.09,50.63,34.77,8,10,1,0.91,36.45,8,0,0,0,Healthy,0
NB02316,Male,38.93,5.2,158,37,96.4,50.29,34.06,4.94,50.65,34.32,6,1,3,1.98,36.62,8,0,0,1,Healthy,0
NB02317,Female,39.85,5.2,134,33,95.4,53.27,34.0,5.04,55.01,34.26,5,5,5,3.54,36.98,9,0,0,0,Healthy,0
NB02318,Female,36.64,5.2,174,60,97.9,49.76,33.87,5.31,49.88,34.28,6,12,6,2.93,37.33,6,0,1,6,At Risk,0
NB02319,Male,36.77,5.2,137,50,94.2,48.6,31.57,4.83,48.68,31.03,9,5,3,4.29,37.35,10,0,0,1,Healthy,0
NB02320,Male,35.58,5.2,111,20,100.0,46.9,32.22,5.5,47.55,31.59,11,8,3,0.2,36.88,8,0,0,2,Healthy,0
NB02321,Male,38.97,5.2,141,40,100.0,46.92,35.32,5.2,49.12,35.89,8,10,3,3.44,36.88,8,0,0,0,Healthy,0
NB02322,Male,39.71,5.2,154,46,92.8,53.73,35.23,5.06,53.24,35.08,9,11,3,2.86,36.82,8,0,0,0,Healthy,0
NB02323,Male,39.01,5.2,169,59,99.2,49.61,33.16,5.35,48.1,33.61,7,6,2,3.02,37.06,6,0,1,6,At Risk,0
NB02324,Male,41.68,5.2,122,31,99.2,56.03,37.43,5.15,56.22,37.51,7,9,1,2.72,36.82,8,0,0,0,Healthy,0
NB02325,Male,37.99,5.2,109,46,96.8,49.98,33.66,5.41,51.58,34.42,10,9,6,2.07,36.83,9,0,0,0,Healthy,0
NB02326,Male,39.47,5.2,149,38,99.5,54.97,30.52,5.02,55.76,31.61,11,4,2,2.67,36.41,9,0,0,0,Healthy,0
NB02327,Female,35.6,5.2,148,30,96.2,48.65,30.64,5.03,48.34,30.86,11,10,5,2.53,36.4,10,0,0,0,Healthy,0
NB02328,Male,37.15,5.2,115,55,97.3,45.97,35.31,5.35,46.18,35.93,10,9,4,1.59,36.49,8,0,0,0,Healthy,0
NB02329,Female,39.53,5.2,134,32,95.3,49.75,37.1,5.47,48.97,37.19,7,7,3,3.32,36.91,8,0,0,1,Healthy,0
NB02330,Male,39.87,5.2,135,52,95.5,50.94,35.9,5.27,49.36,36.79,7,9,5,3.78,36.66,9,0,0,0,Healthy,0
NB02331,Female,37.35,5.2,155,26,97.2,47.27,34.52,5.28,47.19,33.73,5,10,3,0.31,37.96,9,0,0,0,Healthy,0
NB02332,Female,37.84,5.2,133,37,96.5,48.7,32.52,5.06,47.91,32.99,12,6,3,3.43,36.97,9,0,0,0,Healthy,0
NB02333,Female,34.66,5.2,132,48,91.3,43.86,31.07,5.13,43.75,30.95,5,10,1,1.75,37.51,7,0,0,0,Healthy,0
NB02334,Female,37.21,5.2,142,49,96.8,48.9,35.1,5.1,47.62,35.58,8,12,1,1.97,37.47,9,0,0,0,Healthy,0
NB02335,Male,39.96,5.2,115,46,94.1,51.84,35.81,5.49,53.76,35.85,5,13,1,5.03,36.99,10,0,0,0,Healthy,0
NB02336,Female,39.27,5.2,174,52,93.1,48.73,34.78,5.5,49.88,35.13,10,7,5,0.2,36.78,10,0,0,0,Healthy,0
NB02337,Female,39.1,5.2,157,39,98.4,54.47,34.29,5.33,54.14,34.18,9,10,2,2.76,36.4,10,0,0,0,Healthy,0
NB02338,Female,38.11,5.2,127,56,91.7,49.83,35.64,5.5,50.07,34.04,11,7,2,5.23,36.53,8,0,0,0,Healthy,0
NB02339,Female,38.02,5.2,120,46,94.1,47.98,35.49,5.35,49.24,36.33,8,4,5,2.07,37.18,7,0,0,0,Healthy,0
NB02340,Female,36.55,5.2,121,49,91.3,45.03,33.76,5.47,45.54,32.71,9,7,2,4.61,36.92,8,0,0,0,Healthy,0
NB02341,Male,39.54,5.2,151,46,93.6,51.1,34.98,5.19,50.96,34.45,9,8,5,3.55,36.51,7,0,0,0,Healthy,0
NB02342,Female,38.93,5.2,122,47,100.0,49.91,33.91,5.2,50.58,34.3,11,6,2,0.2,36.71,10,0,0,0,Healthy,0
NB02343,Male,39.08,5.2,136,32,92.3,52.14,35.6,5.2,52.08,35.99,9,5,5,4.12,36.95,9,0,0,1,Healthy,0
NB02344,Male,36.84,5.2,110,33,94.5,48.27,31.34,5.04,48.33,32.04,10,8,2,2.42,36.81,6,0,1,6,At Risk,0
NB02345,Male,33.26,5.2,150,37,99.9,42.95,29.14,5.14,44.9,29.51,12,13,1,2.95,36.69,8,0,0,0,Healthy,0
NB02346,Male,40.41,5.2,150,47,96.5,55.11,33.31,5.3,55.74,34.13,6,6,1,2.83,36.78,9,0,0,0,Healthy,0
NB02347,Female,36.95,5.2,137,36,94.5,49.52,34.92,5.11,49.64,35.5,7,8,3,3.45,35.71,8,0,0,2,Healthy,0
NB02348,Male,36.1,5.2,143,39,92.6,47.38,31.39,5.34,46.59,30.51,10,7,7,6.24,36.81,8,0,0,0,Healthy,0
NB02349,Female,39.53,5.2,154,41,97.4,51.3,35.47,5.08,52.04,35.67,8,9,3,3.12,36.32,9,0,0,0,Healthy,0
NB02350,Female,37.14,5.2,143,56,93.9,49.77,33.01,5.07,51.01,32.76,9,7,4,2.42,36.96,7,0,0,0,Healthy,0
NB02351,Female,40.33,5.2,154,48,100.0,48.84,39.78,5.23,50.2,40.95,9,8,1,2.8,36.86,8,0,0,1,Healthy,0
NB02352,Female,39.36,5.2,119,27,94.0,51.14,35.41,4.82,53.9,35.14,8,10,5,1.18,37.14,6,0,1,6,At Risk,0
NB02353,Female,39.5,5.2,147,44,100.0,50.05,32.06,5.45,49.27,32.64,5,10,4,1.12,37.14,9,0,0,1,Healthy,0
NB02354,Male,34.99,5.2,143,39,98.1,47.91,33.46,5.37,46.11,32.68,9,12,1,4.1,37.57,9,0,0,0,Healthy,0
NB02355,Male,40.67,5.2,162,40,98.0,50.52,35.09,5.39,51.72,35.09,6,6,3,0.81,35.91,9,0,0,3,At Risk,0
NB02356,Female,38.57,5.2,141,42,94.4,48.91,33.9,5.38,47.91,34.07,9,6,3,2.34,36.74,9,0,0,0,Healthy,0
NB02357,Male,37.19,5.2,138,53,93.4,52.19,32.22,5.21,51.24,31.39,9,2,0,1.49,35.88,8,0,0,3,At Risk,0
NB02358,Female,38.32,5.2,130,34,94.1,52.35,34.31,5.28,53.1,34.23,9,6,3,2.67,37.02,9,0,0,0,Healthy,0
NB02359,Male,34.09,5.2,167,44,98.7,39.49,31.34,5.31,40.01,31.72,8,5,2,0.71,36.72,9,0,0,0,Healthy,0
NB02360,Male,38.9,5.2,98,45,96.8,52.72,33.46,4.94,52.28,34.17,12,8,3,3.53,36.59,9,1,1,5,At Risk,0
NB02361,Male,35.74,5.2,149,40,88.5,47.41,31.45,5.27,46.79,32.09,12,7,3,4.08,36.92,9,1,0,4,At Risk,0
NB02362,Male,35.02,5.2,140,36,90.5,45.51,31.87,5.15,45.74,32.05,4,2,5,4.6,36.33,10,0,0,1,Healthy,0
NB02363,Female,34.65,5.2,137,34,94.5,44.57,27.94,5.5,44.29,28.31,7,3,2,3.3,37.63,8,0,0,1,Healthy,0
NB02364,Male,40.45,5.2,134,38,96.9,49.9,33.35,5.19,50.23,32.79,11,5,3,3.4,36.69,8,0,0,0,Healthy,0
NB02365,Male,36.62,5.2,139,49,94.2,46.99,35.34,5.2,46.19,34.42,10,6,4,2.34,36.83,8,0,0,0,Healthy,0
NB02366,Female,41.37,5.2,149,38,93.2,50.38,36.65,4.99,49.7,36.75,7,13,4,3.11,36.74,7,0,0,1,Healthy,0
NB02367,Female,36.82,5.2,126,41,91.6,45.83,32.19,5.15,44.48,31.49,10,7,2,3.37,37.22,7,0,0,0,Healthy,0
NB02368,Female,34.24,5.2,142,30,98.2,44.14,28.63,4.81,44.7,27.39,6,7,4,5.07,36.26,9,0,0,1,Healthy,0
NB02369,Female,35.54,5.2,146,37,95.3,48.04,32.0,5.5,47.59,31.92,7,6,5,3.22,37.17,8,0,0,0,Healthy,0
NB02370,Female,40.72,5.2,123,44,100.0,52.15,37.18,5.35,53.08,37.09,8,5,3,0.2,36.57,10,0,0,0,Healthy,0
NB02371,Female,37.66,5.2,149,25,90.5,50.4,37.52,5.16,48.4,37.13,9,9,4,2.69,36.57,6,0,1,7,At Risk,0
NB02372,Male,36.79,5.2,146,52,97.4,48.38,35.79,5.33,47.2,36.12,9,10,2,4.3,37.2,8,0,0,0,Healthy,0
NB02373,Female,38.35,5.2,126,36,96.9,47.3,32.72,5.04,47.33,33.13,9,12,2,1.42,36.68,8,0,0,0,Healthy,0
NB02374,Female,39.1,5.2,119,60,98.0,51.58,33.83,5.19,51.11,34.18,8,8,6,2.32,37.08,9,0,0,0,Healthy,0
NB02375,Male,40.46,5.2,125,46,97.9,49.8,33.31,5.01,48.92,33.27,8,6,5,1.63,37.08,8,0,0,0,Healthy,0
NB02376,Male,41.19,5.2,142,24,93.2,53.76,34.77,4.92,53.68,34.61,7,8,2,2.41,36.64,7,0,0,2,Healthy,0
NB02377,Male,37.21,5.2,139,45,94.4,46.56,32.93,5.38,46.47,32.29,8,9,3,3.86,36.9,9,0,0,0,Healthy,0
NB02378,Female,35.08,5.2,165,39,95.6,45.6,31.21,5.21,46.67,31.25,9,9,2,3.12,36.58,10,0,0,0,Healthy,0
NB02379,Female,37.09,5.2,133,45,91.5,48.06,36.25,4.88,48.52,36.78,6,8,5,4.02,36.79,6,0,1,6,At Risk,0
NB02380,Female,38.57,5.2,124,58,98.6,51.46,32.23,5.06,52.79,32.24,5,8,3,4.33,37.01,8,0,0,0,Healthy,0
NB02381,Male,35.88,5.2,152,49,86.3,48.04,32.25,5.49,49.78,32.41,8,8,4,5.9,36.37,10,1,0,5,At Risk,0
NB02382,Female,35.89,5.2,122,40,90.9,47.74,29.23,5.09,47.31,29.47,8,5,5,4.37,37.0,10,0,0,1,Healthy,0
NB02383,Male,38.76,5.2,126,28,89.1,54.05,34.83,5.35,55.35,34.85,7,2,3,4.57,36.94,8,1,0,5,At Risk,0
NB02384,Male,37.89,5.2,126,51,98.8,45.83,31.71,5.08,46.9,31.4,7,7,1,1.37,36.13,8,0,0,0,Healthy,0
NB02385,Female,38.07,5.2,86,47,95.8,47.59,35.5,5.28,47.75,35.59,8,9,3,2.51,36.46,8,1,1,5,At Risk,0
NB02386,Female,36.33,5.2,150,54,93.1,45.94,32.2,5.33,46.66,32.46,8,3,4,3.0,36.49,10,0,0,0,Healthy,0
NB02387,Female,37.49,5.2,157,41,95.3,45.6,31.34,5.1,46.0,31.77,8,5,1,3.84,36.6,7,0,0,0,Healthy,0
NB02388,Male,35.97,5.2,157,45,95.9,46.33,29.22,5.2,46.47,30.6,12,1,2,5.63,36.37,10,0,0,1,Healthy,0
NB02389,Male,39.96,5.2,174,40,90.7,52.74,33.7,5.29,53.2,33.87,4,5,1,4.51,37.22,9,0,0,0,Healthy,0
NB02390,Male,40.28,5.2,167,43,95.5,50.47,35.75,5.12,50.99,36.12,5,3,3,2.24,37.28,9,0,0,0,Healthy,0
NB02391,Male,33.94,5.2,134,27,99.9,45.28,31.59,5.19,46.5,31.27,8,1,4,4.2,36.45,7,0,0,2,Healthy,0
NB02392,Female,35.96,5.2,160,45,100.0,44.31,31.62,5.04,43.47,31.78,9,5,3,4.19,36.28,8,0,0,0,Healthy,0
NB02393,Male,34.71,5.2,138,46,98.0,45.04,32.88,5.25,46.01,32.37,7,6,3,3.72,36.79,8,0,0,0,Healthy,0
NB02394,Female,36.57,5.2,132,37,95.9,47.39,31.1,5.45,46.44,30.36,6,6,4,1.93,37.4,8,0,0,0,Healthy,0
NB02395,Female,37.82,5.2,126,48,98.2,50.72,29.28,5.0,50.84,28.74,8,6,4,1.24,37.77,8,0,0,0,Healthy,0
NB02396,Male,34.81,5.2,135,51,97.5,43.38,31.99,5.09,43.84,32.1,8,7,2,3.07,36.5,6,0,1,6,At Risk,0
NB02397,Female,35.97,5.2,146,56,91.1,46.86,34.32,4.82,44.55,33.4,5,11,3,3.35,35.78,8,0,0,3,At Risk,0
NB02398,Female,35.79,5.2,168,32,91.8,49.79,34.2,5.33,49.69,34.46,9,5,2,3.37,36.13,8,0,0,1,Healthy,0
NB02399,Female,38.46,5.2,153,49,97.2,49.12,32.17,4.91,49.77,32.3,8,11,1,5.38,36.0,10,0,0,2,Healthy,0
NB02400,Male,38.15,5.2,126,55,92.7,45.51,33.09,5.33,45.6,32.41,9,11,4,2.4,36.99,9,0,0,0,Healthy,0
NB02401,Female,36.41,5.2,121,38,91.4,50.73,33.77,5.34,50.01,33.67,9,6,3,5.05,36.84,9,0,0,1,Healthy,0
NB02402,Female,38.39,5.2,150,56,99.5,51.42,33.13,5.41,52.34,33.04,4,4,3,3.54,36.9,10,0,0,0,Healthy,0
NB02403,Female,36.8,5.2,156,35,95.2,50.26,33.12,5.3,49.66,33.67,8,8,5,1.68,37.31,8,0,0,0,Healthy,0
NB02404,Female,37.4,5.2,162,43,94.8,45.57,32.31,4.93,45.98,31.92,8,11,3,1.62,37.53,10,0,0,0,Healthy,0
NB02405,Female,41.68,5.2,135,25,90.8,55.94,34.74,5.2,56.03,35.62,7,1,3,0.93,37.18,8,0,0,3,At Risk,0
NB02406,Male,40.95,5.2,148,23,93.4,50.71,34.52,5.27,50.82,34.43,9,6,3,2.57,37.13,9,0,0,2,Healthy,0
NB02407,Female,35.14,5.2,155,26,93.8,46.01,33.23,5.34,46.38,33.12,7,7,0,1.11,36.14,10,0,0,0,Healthy,0
NB02408,Female,39.83,5.2,116,56,91.8,49.84,35.1,5.34,49.42,33.99,7,11,3,4.19,36.57,7,0,0,0,Healthy,0
NB02409,Male,39.79,5.2,145,34,90.7,53.1,36.96,5.14,54.21,35.12,8,2,2,1.93,37.42,7,0,0,1,Healthy,0
NB02410,Female,35.47,5.2,156,34,100.0,46.97,32.81,5.21,46.35,32.65,6,8,3,2.5,36.55,9,0,0,0,Healthy,0
NB02411,Male,39.8,5.2,149,46,99.9,52.18,37.47,5.21,53.22,36.57,8,9,1,2.75,37.3,10,0,0,0,Healthy,0
NB02412,Female,41.38,5.2,139,35,94.6,52.8,37.4,4.98,52.63,36.82,7,5,2,4.06,36.86,9,0,0,0,Healthy,0
NB02413,Male,35.53,5.2,187,54,90.4,47.19,33.21,5.04,45.4,33.13,7,8,1,2.79,37.15,10,0,0,1,Healthy,0
NB02414,Female,35.98,5.2,175,61,89.0,45.89,32.21,5.22,45.31,32.97,5,8,2,0.94,36.41,8,1,0,4,At Risk,0
NB02415,Female,40.24,5.2,140,20,93.4,55.24,39.88,5.06,56.75,39.82,6,10,3,2.64,37.14,9,0,0,2,Healthy,0
NB02416,Female,38.6,5.2,137,47,87.1,47.21,34.39,4.94,48.57,34.3,9,10,3,2.6,36.51,8,1,0,4,At Risk,0
NB02417,Male,39.21,5.2,153,21,93.4,51.52,31.69,4.93,49.76,31.44,11,8,4,0.35,36.9,9,0,0,2,Healthy,0
NB02418,Male,38.75,5.2,139,28,87.9,51.03,34.73,5.37,50.49,34.98,8,7,3,3.95,36.79,9,1,0,4,At Risk,0
NB02419,Female,38.86,5.2,163,47,94.7,52.68,32.93,5.3,50.94,34.46,11,4,5,2.82,37.34,9,0,0,0,Healthy,0
NB02420,Male,35.08,5.2,117,33,95.7,49.75,33.28,5.26,50.05,33.69,9,7,1,5.85,37.17,10,0,0,0,Healthy,0
NB02421,Male,40.3,5.2,136,45,94.3,51.4,36.5,5.16,50.92,35.89,7,7,3,1.93,36.01,8,0,0,1,Healthy,0
NB02422,Female,40.57,5.2,152,42,100.0,52.98,35.31,5.11,53.53,35.57,11,5,0,0.2,36.44,10,0,0,0,Healthy,0
NB02423,Male,37.5,5.2,158,26,94.3,52.68,32.11,4.83,53.55,31.73,6,9,2,3.18,36.51,7,0,0,0,Healthy,0
NB02424,Female,37.9,5.2,113,49,100.0,49.38,33.95,5.35,51.1,34.58,9,8,1,1.74,37.11,9,0,0,0,Healthy,0
NB02425,Female,34.63,5.2,123,45,96.0,44.44,30.48,5.15,46.36,30.52,8,8,5,2.07,36.58,9,0,0,0,Healthy,0
NB02426,Female,39.13,5.2,110,42,100.0,49.85,35.77,5.35,51.97,36.11,3,8,6,3.41,36.31,10,0,0,1,Healthy,0
NB02427,Female,39.26,5.2,124,36,88.9,48.12,35.51,5.04,49.25,36.18,7,5,3,0.2,36.19,8,1,0,4,At Risk,0
NB02428,Female,37.86,5.2,117,46,91.2,50.22,38.11,5.5,50.27,39.4,11,3,2,4.81,37.13,8,0,0,0,Healthy,0
NB02429,Female,40.47,5.2,150,29,94.0,53.96,34.86,5.27,52.34,34.56,7,8,3,1.42,35.87,8,0,0,2,Healthy,0
NB02430,Male,37.27,5.2,144,32,100.0,48.7,32.83,5.21,48.1,31.68,7,3,2,3.31,37.27,10,0,0,0,Healthy,0
NB02431,Male,39.24,5.2,137,45,94.2,47.48,34.44,5.03,46.32,33.52,9,12,4,2.37,36.22,8,0,0,0,Healthy,0
NB02432,Female,35.76,5.2,140,52,92.6,49.62,32.06,5.26,50.28,31.92,4,7,0,4.38,36.6,7,0,0,0,Healthy,0
NB02433,Male,37.95,5.2,161,37,97.1,46.0,35.3,5.35,48.28,35.71,10,6,4,3.71,36.27,10,0,0,0,Healthy,0
NB02434,Male,37.62,5.2,121,47,98.2,46.16,33.12,4.78,45.47,33.11,7,9,1,0.41,36.39,10,0,0,0,Healthy,0
NB02435,Male,38.5,5.2,105,44,92.3,49.69,37.11,5.2,48.41,37.19,6,8,0,1.81,36.7,10,0,0,0,Healthy,0
NB02436,Male,37.19,5.2,153,46,92.6,49.37,34.1,5.21,48.54,33.43,10,11,1,4.47,36.74,8,0,0,1,Healthy,0
NB02437,Male,37.71,5.2,133,35,100.0,50.18,32.87,5.32,52.15,33.08,9,9,2,3.83,36.1,7,0,0,0,Healthy,0
NB02438,Male,39.82,5.2,122,41,99.4,51.1,33.96,4.89,52.57,34.23,11,7,4,3.68,36.62,10,0,0,0,Healthy,0
NB02439,Female,37.04,5.2,150,42,100.0,52.26,34.69,5.39,53.52,33.6,9,6,5,5.22,36.85,9,0,0,0,Healthy,0
NB02440,Female,34.47,5.2,105,57,98.3,46.55,31.37,5.38,45.4,32.66,8,10,5,2.12,37.01,10,0,0,1,Healthy,0
NB02441,Male,41.85,5.2,125,31,92.0,55.13,36.51,5.38,56.26,37.09,8,4,2,3.84,35.88,10,0,0,2,Healthy,0
NB02442,Female,41.04,5.2,97,28,94.9,53.91,35.03,5.1,54.17,35.28,8,7,4,3.2,36.58,10,1,1,6,At Risk,0
NB02443,Male,35.16,5.2,145,72,91.3,44.46,31.72,5.45,45.51,33.12,6,7,5,2.45,35.88,10,0,0,3,At Risk,0
NB02444,Male,39.52,5.2,168,45,98.4,50.63,33.9,5.07,49.76,33.7,9,6,5,3.58,36.57,7,0,0,0,Healthy,0
NB02445,Male,36.89,5.2,130,47,93.1,52.85,35.07,4.81,53.03,35.34,8,13,0,3.03,36.61,7,0,0,1,Healthy,0
NB02446,Male,38.58,5.2,126,48,89.0,49.11,35.28,5.29,48.72,34.47,10,11,1,0.2,37.08,7,1,0,4,At Risk,0
NB02447,Male,38.65,5.2,172,50,95.4,48.83,33.99,5.22,49.72,35.13,7,9,3,5.95,37.24,7,0,0,0,Healthy,0
NB02448,Female,37.48,5.2,151,51,98.9,49.48,33.15,5.47,51.88,33.65,6,14,6,2.51,36.34,8,0,0,0,Healthy,0
NB02449,Female,36.28,5.2,183,50,90.2,47.11,32.73,5.02,46.01,32.41,8,10,4,4.67,36.93,9,0,0,2,Healthy,0
NB02450,Female,36.48,5.2,143,53,94.6,46.65,32.73,5.16,46.63,32.45,8,8,2,0.25,37.09,7,0,0,0,Healthy,0
NB02451,Male,35.98,5.2,144,44,93.1,46.82,30.95,5.14,48.06,31.63,8,6,2,2.54,36.46,7,0,0,0,Healthy,0
NB02452,Male,36.17,5.2,166,53,98.5,50.82,29.67,5.39,50.61,30.7,8,4,2,2.9,37.15,10,0,0,0,Healthy,0
NB02453,Male,37.85,5.2,137,61,87.8,49.19,32.5,5.01,48.57,32.26,10,5,2,3.24,36.86,7,1,0,4,At Risk,0
NB02454,Male,36.43,5.2,144,44,99.0,45.53,32.5,5.48,45.82,33.08,4,7,4,4.25,36.68,8,0,0,0,Healthy,0
NB02455,Male,39.5,5.2,96,47,92.5,47.93,33.74,5.08,47.72,33.29,7,4,4,2.25,36.86,8,1,1,5,At Risk,0
NB02456,Female,41.27,5.2,171,36,94.4,56.96,37.32,5.14,58.91,37.78,8,3,1,3.75,36.09,6,0,1,6,At Risk,0
NB02457,Male,36.72,5.2,147,40,98.0,48.0,32.56,5.24,48.52,32.68,8,10,0,4.59,36.86,7,0,0,0,Healthy,0
NB02458,Female,38.53,5.2,138,46,100.0,50.94,36.98,5.03,51.64,36.09,7,3,2,3.53,36.42,8,0,0,0,Healthy,0
NB02459,Male,39.1,5.2,156,38,95.2,49.05,33.73,5.31,48.38,33.52,6,7,2,3.73,36.81,8,0,0,1,Healthy,0
NB02460,Female,39.04,5.2,119,43,92.5,51.18,34.74,5.28,51.51,35.34,2,9,3,3.59,36.62,7,0,0,1,Healthy,0
NB02461,Male,38.17,5.2,130,45,93.1,52.67,33.48,5.11,52.8,33.87,10,7,5,3.42,36.93,7,0,0,1,Healthy,0
NB02462,Male,39.63,5.2,150,57,99.1,49.77,35.6,5.29,50.65,34.97,8,5,2,3.26,37.34,10,0,0,0,Healthy,0
NB02463,Female,39.06,5.2,141,33,91.9,51.47,36.14,5.29,52.34,35.61,10,9,4,0.2,36.86,8,0,0,0,Healthy,0
NB02464,Female,35.28,5.2,148,46,96.2,44.34,32.81,5.34,43.98,31.89,4,4,4,5.12,37.25,9,0,0,0,Healthy,0
NB02465,Female,39.91,5.2,144,36,95.0,55.37,32.09,5.45,55.7,31.7,6,10,0,1.78,36.34,10,0,0,0,Healthy,0
NB02466,Female,39.95,5.2,151,50,97.7,51.89,35.92,5.31,53.07,36.13,8,6,2,4.82,37.45,7,0,0,0,Healthy,0
NB02467,Male,36.32,5.2,116,50,95.1,47.26,31.11,5.33,46.84,31.66,5,9,1,2.94,36.34,8,0,0,0,Healthy,0
NB02468,Female,38.08,5.2,163,59,93.5,49.08,33.39,5.01,51.18,32.46,7,8,4,4.43,36.24,10,0,0,0,Healthy,0
NB02469,Male,39.5,5.2,131,38,93.2,49.93,35.89,4.92,48.96,36.07,10,10,2,5.0,36.68,8,0,0,0,Healthy,0
NB02470,Male,37.54,5.2,141,43,93.2,48.27,31.8,5.12,48.21,31.23,6,6,3,1.66,36.6,10,0,0,1,Healthy,0
NB02471,Female,40.36,5.2,129,50,90.2,46.83,37.19,5.3,46.13,37.29,10,8,2,2.93,36.09,7,0,0,0,Healthy,0
NB02472,Female,42.0,5.2,135,49,96.8,53.0,36.07,5.31,53.71,37.26,6,5,3,3.07,36.29,8,0,0,0,Healthy,0
NB02473,Female,36.27,5.2,144,17,95.7,47.76,35.85,4.72,47.98,35.22,10,4,2,1.77,35.18,9,0,0,4,At Risk,0
NB02474,Female,34.96,5.2,153,35,89.9,47.84,31.78,5.26,46.7,31.89,6,8,2,2.95,36.19,6,1,1,10,High Risk,1
NB02475,Female,38.67,5.2,156,48,93.6,49.16,36.83,5.46,51.44,35.15,11,9,2,2.98,36.5,8,0,0,0,Healthy,0
NB02476,Male,39.59,5.2,148,40,94.0,49.49,36.71,5.5,49.1,37.13,9,9,2,3.35,37.47,9,0,0,0,Healthy,0
NB02477,Male,37.49,5.2,129,50,93.0,49.13,32.53,5.5,47.35,32.35,9,8,2,5.07,37.12,8,0,0,0,Healthy,0
NB02478,Male,41.2,5.2,147,52,94.6,49.25,34.09,5.13,49.69,34.89,6,7,3,4.92,36.95,8,0,0,0,Healthy,0
NB02479,Male,35.06,5.2,144,40,94.6,47.24,31.91,5.11,47.56,31.89,7,10,1,5.37,37.77,10,0,0,0,Healthy,0
NB02480,Female,39.52,5.2,141,48,98.1,47.25,33.99,5.33,46.82,34.41,9,5,4,1.17,35.99,7,0,0,2,Healthy,0
NB02481,Female,36.67,5.2,150,57,95.0,50.64,35.24,5.39,50.0,36.49,9,5,0,1.36,36.77,10,0,0,0,Healthy,0
NB02482,Male,41.78,5.2,117,52,97.1,54.37,36.08,5.45,54.55,36.55,6,8,3,2.03,37.72,10,0,0,0,Healthy,0
NB02483,Male,42.0,5.2,104,34,90.1,51.35,36.15,5.35,50.5,36.66,11,6,5,4.69,36.57,9,0,0,0,Healthy,0
NB02484,Female,36.31,5.2,161,40,91.3,49.4,30.53,4.98,50.46,31.35,8,5,5,2.25,36.43,8,0,0,0,Healthy,0
NB02485,Male,36.79,5.2,138,42,90.2,48.73,33.58,4.95,49.71,33.91,9,9,4,2.98,37.17,6,0,1,6,At Risk,0
NB02486,Female,39.89,5.2,147,33,93.6,49.28,33.36,5.5,49.56,33.01,9,9,1,3.77,36.55,7,0,0,0,Healthy,0
NB02487,Male,37.15,5.2,124,53,95.2,44.79,33.87,5.2,43.83,32.44,5,7,3,0.2,37.37,10,0,0,0,Healthy,0
NB02488,Male,37.9,5.2,163,36,100.0,50.14,34.6,5.04,49.22,34.33,11,3,6,2.72,37.17,7,0,0,0,Healthy,0
NB02489,Female,38.06,5.2,146,41,92.1,48.06,32.71,5.0,48.62,33.2,11,12,5,2.82,36.71,8,0,0,1,Healthy,0
NB02490,Female,33.78,5.2,137,53,98.0,47.99,32.28,5.12,48.61,32.12,7,10,3,2.93,37.24,9,0,0,0,Healthy,0
NB02491,Male,37.97,5.2,145,37,92.1,49.6,33.37,5.5,49.82,33.35,12,1,5,4.84,36.69,7,0,0,1,Healthy,0
NB02492,Male,36.48,5.2,109,39,95.1,46.84,30.53,5.18,47.56,30.5,8,3,3,0.2,36.86,6,0,1,6,At Risk,0
NB02493,Female,36.92,5.2,147,45,94.5,52.22,35.36,5.37,52.95,35.13,8,8,4,1.47,37.06,8,0,0,1,Healthy,0
NB02494,Male,41.18,5.2,167,38,91.8,53.61,34.64,5.3,53.83,35.14,8,8,1,3.35,36.62,9,0,0,0,Healthy,0
NB02495,Male,35.24,5.2,146,57,92.0,39.8,32.63,5.22,40.08,33.06,8,5,0,4.18,37.48,10,0,0,0,Healthy,0
NB02496,Male,39.79,5.2,143,33,100.0,50.24,35.69,4.84,48.81,35.72,12,7,2,5.4,36.83,10,0,0,0,Healthy,0
NB02497,Male,37.39,5.2,134,19,93.1,46.28,33.95,5.4,46.51,34.48,10,9,3,5.01,36.93,9,0,0,2,Healthy,0
NB02498,Male,37.38,5.2,159,50,98.5,47.45,33.93,5.08,47.49,34.06,8,9,1,2.53,36.21,10,0,0,0,Healthy,0
NB02499,Male,39.74,5.2,162,38,97.4,50.88,33.56,4.9,50.27,33.74,7,5,2,0.71,36.51,7,0,0,0,Healthy,0
NB02500,Female,38.75,5.2,132,34,92.9,50.98,36.86,4.86,51.77,36.75,7,12,0,3.28,36.87,9,0,0,0,Healthy,0
NB02501,Female,39.26,5.2,146,46,95.0,51.25,36.11,5.35,51.39,35.96,8,11,1,3.11,37.19,10,0,0,0,Healthy,0
NB02502,Female,40.13,5.2,144,46,95.4,53.67,36.0,5.39,54.16,35.82,6,9,1,4.6,37.44,7,0,0,0,Healthy,0
NB02503,Male,37.27,5.2,147,34,96.7,50.22,31.29,4.77,48.44,31.31,8,5,2,4.89,36.32,8,0,0,0,Healthy,0
NB02504,Male,36.65,5.2,126,54,93.6,49.54,31.39,5.13,49.56,31.8,11,10,0,2.57,36.43,9,0,0,0,Healthy,0
NB02505,Male,35.61,5.2,161,51,89.7,47.85,33.12,5.3,48.7,32.91,10,5,2,1.64,36.25,8,1,0,4,At Risk,0
NB02506,Male,36.18,5.2,150,62,92.5,50.54,29.52,5.26,50.36,29.65,4,9,3,4.86,37.02,8,0,0,0,Healthy,0
NB02507,Female,42.0,5.2,162,37,99.1,52.57,37.11,5.13,52.59,37.89,8,8,3,1.99,37.44,10,0,0,0,Healthy,0
NB02508,Male,40.74,5.2,120,44,94.9,51.48,33.72,5.21,51.92,34.47,4,9,5,1.66,36.73,10,0,0,1,Healthy,0
NB02509,Male,35.03,5.2,121,44,93.5,43.11,30.42,5.42,43.31,29.9,10,6,1,1.21,36.83,7,0,0,0,Healthy,0
NB02510,Female,35.09,5.2,177,39,89.8,49.09,29.65,5.32,50.61,31.18,8,10,1,1.2,36.86,10,1,0,4,At Risk,0
NB02511,Male,39.06,5.2,161,46,99.3,50.4,34.91,5.36,51.14,35.39,12,8,2,7.44,36.59,7,0,0,0,Healthy,0
NB02512,Male,39.2,5.2,125,47,94.3,56.55,36.32,5.14,57.22,36.12,9,5,4,3.33,36.25,8,0,0,0,Healthy,0
NB02513,Female,39.21,5.2,156,47,98.8,49.88,35.17,4.98,50.4,34.15,6,9,3,2.5,37.28,10,0,0,0,Healthy,0
NB02514,Male,37.44,5.2,132,39,97.4,49.27,34.09,5.28,50.72,34.72,5,8,2,0.47,36.87,10,0,0,0,Healthy,0
NB02515,Male,37.72,5.2,109,40,97.8,50.44,33.86,5.39,51.08,34.21,8,9,5,2.33,36.55,7,0,0,0,Healthy,0
NB02516,Male,38.72,5.2,102,36,100.0,48.05,35.33,5.09,47.16,34.87,9,6,3,6.46,38.15,10,0,0,1,Healthy,0
NB02517,Male,38.19,5.2,140,34,95.4,50.49,34.63,5.28,51.72,34.8,7,6,2,2.09,36.8,8,0,0,0,Healthy,0
NB02518,Female,33.12,5.2,168,41,94.5,45.28,26.31,5.23,44.7,25.57,8,8,2,3.37,36.03,10,0,0,0,Healthy,0
NB02519,Female,37.49,5.2,167,57,100.0,48.54,34.81,4.9,49.31,34.09,6,6,3,2.51,37.09,10,0,0,1,Healthy,0
NB02520,Male,36.13,5.2,163,62,97.9,50.26,33.69,5.2,49.3,33.61,8,5,2,5.37,35.97,9,0,0,3,At Risk,0
NB02521,Male,38.39,5.2,155,55,92.5,48.14,33.53,5.26,46.68,33.49,7,4,0,2.82,37.01,8,0,0,0,Healthy,0
NB02522,Male,42.0,5.2,146,37,98.7,53.75,33.64,5.14,53.68,34.63,7,7,4,5.16,37.0,8,0,0,0,Healthy,0
NB02523,Female,38.81,5.2,161,46,100.0,53.24,34.73,5.45,55.1,34.83,6,5,4,1.54,37.42,8,0,0,0,Healthy,0
NB02524,Male,37.31,5.2,104,22,87.0,47.57,33.81,4.98,46.77,33.63,11,5,5,3.61,36.35,6,1,1,12,High Risk,1
NB02525,Male,40.03,5.2,158,40,90.6,50.83,34.56,5.5,49.94,34.22,6,6,3,0.2,36.67,8,0,0,0,Healthy,0
NB02526,Male,39.06,5.2,120,38,92.2,55.25,34.82,5.23,54.73,35.08,9,3,0,3.35,36.77,8,0,0,0,Healthy,0
NB02527,Male,38.92,5.2,124,61,97.5,51.38,36.05,5.19,49.65,34.66,8,6,4,3.79,37.19,8,0,0,1,Healthy,0
NB02528,Female,39.34,5.2,153,45,97.8,49.79,38.33,5.41,51.31,38.5,9,7,1,2.85,37.0,7,0,0,0,Healthy,0
NB02529,Female,42.0,5.2,157,43,96.8,54.81,36.82,4.93,56.88,37.96,8,5,4,5.12,37.03,8,0,0,0,Healthy,0
NB02530,Female,35.51,5.2,129,41,98.1,46.22,32.56,5.5,46.25,33.26,7,3,5,2.52,37.35,10,0,0,0,Healthy,0
NB02531,Female,39.04,5.2,152,39,91.1,47.41,33.29,5.09,46.85,34.66,8,9,0,4.09,36.7,10,0,0,0,Healthy,0
NB02532,Male,35.96,5.2,150,47,90.8,50.51,31.62,5.41,50.23,31.3,6,6,4,4.29,37.46,10,0,0,0,Healthy,0
NB02533,Male,39.22,5.2,134,35,99.4,48.49,34.45,5.23,47.68,34.83,11,7,3,1.38,36.76,8,0,0,1,Healthy,0
NB02534,Male,35.98,5.2,143,47,95.4,52.68,34.15,5.03,52.98,34.15,7,5,1,5.59,37.2,8,0,0,0,Healthy,0
NB02535,Male,37.08,5.2,177,56,99.2,47.79,34.39,5.43,48.88,35.22,9,5,3,3.99,36.58,7,0,0,0,Healthy,0
NB02536,Female,37.35,5.2,135,43,92.6,53.28,36.24,5.34,55.19,36.28,9,7,2,3.15,37.07,9,0,0,1,Healthy,0
NB02537,Male,40.15,5.2,136,39,91.3,48.79,33.07,5.5,48.22,33.81,9,2,0,4.26,37.32,9,0,0,1,Healthy,0
NB02538,Female,40.02,5.2,143,41,90.6,53.47,33.23,5.31,52.77,32.74,9,2,5,1.24,36.31,10,0,0,1,Healthy,0
NB02539,Female,35.26,5.2,137,54,97.8,48.13,33.53,5.1,48.93,33.55,6,8,4,2.03,37.22,6,0,1,6,At Risk,0
NB02540,Male,38.12,5.2,154,43,99.0,51.38,36.06,4.86,51.32,35.97,5,8,4,4.06,36.88,8,0,0,0,Healthy,0
NB02541,Female,36.44,5.2,166,36,96.9,50.13,32.76,5.08,50.27,33.59,4,5,5,1.25,37.72,8,0,0,0,Healthy,0
NB02542,Female,35.23,5.2,136,50,93.3,46.11,25.16,5.28,46.03,24.67,6,6,3,3.18,36.68,8,0,0,0,Healthy,0
NB02543,Female,37.52,5.2,125,35,97.2,46.55,32.35,5.16,47.03,32.17,9,5,4,7.45,36.93,8,0,0,0,Healthy,0
NB02544,Male,37.32,5.2,176,40,97.1,48.89,33.83,5.38,49.6,33.81,13,4,4,4.86,36.73,9,0,0,0,Healthy,0
NB02545,Male,42.0,5.2,142,44,87.9,53.65,35.25,5.3,53.84,34.22,12,6,2,3.21,37.1,10,1,0,4,At Risk,0
NB02546,Female,38.95,5.2,109,34,93.8,49.51,34.74,4.98,49.0,34.66,11,6,2,1.05,35.82,6,0,1,8,High Risk,0
NB02547,Male,34.97,5.2,174,24,96.0,47.43,34.53,5.15,48.67,34.68,6,10,3,4.41,36.17,7,0,0,3,At Risk,0
NB02548,Female,36.76,5.2,160,46,98.9,49.14,35.07,5.06,49.19,36.11,10,4,5,3.41,37.1,7,0,0,0,Healthy,0
NB02549,Male,40.25,5.2,169,20,94.7,49.8,36.59,5.3,51.43,36.49,8,14,3,4.47,36.81,7,0,0,3,At Risk,0
NB02550,Female,42.0,5.2,166,33,95.5,53.99,36.5,5.32,53.14,36.52,5,4,1,3.4,35.9,10,0,0,2,Healthy,0
NB02551,Male,34.51,5.2,188,50,94.8,45.93,30.62,5.11,45.63,30.37,11,8,4,3.76,36.51,10,0,0,1,Healthy,0
NB02552,Female,33.86,5.2,121,46,95.9,44.48,32.04,4.9,43.28,31.85,7,7,5,3.11,36.62,7,0,0,0,Healthy,0
NB02553,Female,42.0,5.2,126,40,90.2,54.77,36.64,5.5,55.68,36.55,12,13,3,5.98,36.58,8,0,0,0,Healthy,0
NB02554,Female,38.86,5.2,131,33,92.9,48.82,34.49,5.29,49.43,34.53,9,9,1,3.51,37.22,5,0,1,6,At Risk,0
NB02555,Male,36.09,5.2,131,38,87.2,46.97,30.14,5.29,47.72,30.43,7,9,6,3.66,37.37,8,1,0,4,At Risk,0
NB02556,Male,39.18,5.2,142,48,93.5,50.8,33.55,4.86,50.64,34.01,5,10,4,2.71,35.79,7,0,0,2,Healthy,0
NB02557,Male,32.2,5.2,131,41,96.7,47.13,30.87,5.37,48.1,30.73,9,7,3,0.81,36.75,8,0,0,0,Healthy,0
NB02558,Female,38.01,5.2,119,30,92.2,49.99,32.15,5.44,50.75,32.38,10,6,4,5.92,36.85,9,0,0,0,Healthy,0
NB02559,Male,38.72,5.2,124,33,94.1,51.31,34.7,5.3,50.96,34.53,8,8,2,2.54,36.13,8,0,0,0,Healthy,0
NB02560,Female,40.03,5.2,135,38,96.4,50.83,35.84,5.26,52.95,35.5,10,6,0,4.19,37.36,8,0,0,0,Healthy,0
NB02561,Male,35.77,5.2,161,46,100.0,47.44,32.94,5.26,47.67,33.77,8,7,4,5.24,36.97,10,0,0,0,Healthy,0
NB02562,Male,38.19,5.2,130,43,94.7,49.67,34.77,5.05,50.07,34.87,7,9,4,2.96,37.18,9,0,0,1,Healthy,0
NB02563,Female,35.96,5.2,155,30,97.5,48.35,33.32,5.09,49.44,33.08,7,4,5,5.77,36.6,10,0,0,0,Healthy,0
NB02564,Female,38.56,5.2,116,55,94.3,49.51,33.26,5.18,48.96,33.52,9,7,3,2.13,36.45,7,0,0,1,Healthy,0
NB02565,Female,36.03,5.2,82,35,96.2,50.51,30.22,5.45,50.69,30.97,7,7,4,0.2,36.54,10,1,1,5,At Risk,0
NB02566,Female,37.1,5.2,138,46,94.9,48.05,31.86,5.28,47.56,31.62,7,6,3,1.9,36.75,10,0,0,1,Healthy,0
NB02567,Female,35.81,5.2,129,33,93.5,44.21,33.36,5.08,43.19,33.68,5,8,5,3.78,36.61,8,0,0,1,Healthy,0
NB02568,Male,39.43,5.2,124,67,94.3,56.37,33.0,5.1,57.11,33.43,8,3,3,3.35,37.21,7,0,0,1,Healthy,0
NB02569,Female,39.89,5.2,122,55,99.4,50.64,33.56,4.8,48.23,33.76,7,5,3,4.07,38.0,9,0,0,0,Healthy,0
NB02570,Female,37.48,5.2,127,34,96.0,51.76,31.87,5.32,50.43,31.97,5,6,2,2.39,37.06,8,0,0,0,Healthy,0
NB02571,Male,38.08,5.2,122,43,90.8,52.49,31.09,5.19,53.44,32.28,7,4,3,0.2,35.92,10,0,0,2,Healthy,0
NB02572,Male,34.81,5.2,124,32,93.5,48.62,29.85,5.27,47.3,29.74,8,10,4,3.59,36.87,9,0,0,0,Healthy,0
NB02573,Female,37.34,5.2,116,38,91.9,48.61,34.84,5.5,48.21,34.9,9,5,6,3.82,36.27,9,0,0,0,Healthy,0
NB02574,Male,37.89,5.2,102,46,98.2,50.07,32.65,5.14,50.53,32.5,9,12,3,3.77,36.62,10,0,0,0,Healthy,0
NB02575,Male,42.0,5.2,100,50,92.3,50.65,33.98,5.27,51.36,34.31,8,6,2,2.67,36.78,9,0,0,0,Healthy,0
NB02576,Female,35.55,5.2,184,30,98.0,51.38,31.32,5.1,52.09,30.47,6,5,0,3.46,36.68,7,0,0,1,Healthy,0
NB02577,Male,41.22,5.2,139,35,98.4,50.8,36.82,5.2,51.67,37.57,9,9,3,3.29,36.33,8,0,0,0,Healthy,0
NB02578,Female,40.19,5.2,167,51,95.5,51.07,32.59,5.04,50.2,31.9,6,5,1,3.3,37.03,9,0,0,0,Healthy,0
NB02579,Male,38.62,5.2,137,55,96.9,50.35,35.66,5.01,51.06,36.02,7,0,7,4.39,35.9,10,0,0,3,At Risk,0
NB02580,Male,41.87,5.2,137,34,93.2,52.87,34.35,4.87,52.59,34.1,7,8,3,0.59,36.97,6,0,1,6,At Risk,0
NB02581,Female,38.82,5.2,146,52,98.0,49.02,33.78,5.01,46.55,34.85,7,11,1,2.75,36.39,9,0,0,0,Healthy,0
NB02582,Female,38.86,5.2,152,30,90.7,53.16,33.79,5.28,55.0,34.06,10,3,3,4.05,36.93,8,0,0,0,Healthy,0
NB02583,Male,37.88,5.2,118,39,93.4,51.4,32.88,5.17,51.15,31.55,9,8,4,1.9,36.19,9,0,0,0,Healthy,0
NB02584,Male,40.69,5.2,133,31,93.9,52.67,35.59,5.19,52.87,35.55,9,10,5,2.94,36.9,9,0,0,0,Healthy,0
NB02585,Male,40.41,5.2,145,38,98.5,50.97,36.66,5.14,50.37,37.02,10,7,3,0.9,37.42,9,0,0,0,Healthy,0
NB02586,Female,36.62,5.2,105,61,100.0,50.49,32.78,5.26,51.21,32.7,6,10,5,0.33,36.53,9,0,0,0,Healthy,0
NB02587,Female,35.1,5.2,163,41,93.4,46.06,30.86,5.25,45.84,30.35,8,7,3,0.2,36.52,8,0,0,0,Healthy,0
NB02588,Female,37.55,5.2,159,39,94.7,52.34,34.17,5.24,51.78,32.69,8,5,2,3.4,36.99,6,0,1,6,At Risk,0
NB02589,Male,36.24,5.2,102,36,90.9,48.24,32.88,5.16,50.96,34.14,9,5,1,2.13,36.89,7,0,0,0,Healthy,0
NB02590,Female,37.86,5.2,124,39,94.7,51.93,32.7,5.38,49.31,34.39,9,8,1,3.49,36.18,7,0,0,0,Healthy,0
NB02591,Female,40.72,5.2,142,34,98.9,51.82,35.77,4.83,51.49,35.24,5,6,3,5.53,37.3,8,0,0,0,Healthy,0
NB02592,Male,36.99,5.2,155,43,88.7,48.84,31.97,5.08,49.23,32.22,10,6,3,2.67,37.16,7,1,0,4,At Risk,0
NB02593,Female,37.91,5.2,167,42,95.1,51.97,32.44,5.07,50.97,32.25,7,9,0,3.89,37.38,8,0,0,0,Healthy,0
NB02594,Female,38.13,5.2,129,37,97.5,54.1,35.1,5.36,53.54,35.8,8,10,1,0.93,37.05,10,0,0,0,Healthy,0
NB02595,Female,39.87,5.2,182,37,95.2,54.4,35.78,5.12,54.84,35.7,9,6,3,1.28,37.65,10,0,0,1,Healthy,0
NB02596,Male,33.06,5.2,139,44,94.3,46.91,31.5,5.04,44.56,31.41,8,4,2,0.2,35.96,8,0,0,3,At Risk,0
NB02597,Female,36.67,5.2,136,35,98.1,49.58,33.82,5.26,51.25,33.12,6,10,3,0.72,37.49,6,0,1,6,At Risk,0
NB02598,Female,38.46,5.2,150,40,92.2,49.0,32.79,5.39,49.38,32.44,8,12,3,1.76,36.62,8,0,0,0,Healthy,0
NB02599,Male,40.64,5.2,146,37,92.3,52.57,37.15,5.38,52.91,37.78,8,4,1,2.51,36.56,9,0,0,0,Healthy,0
NB02600,Male,36.92,5.2,145,20,88.5,46.8,32.6,5.42,46.97,33.05,8,6,2,2.07,36.48,7,1,0,6,At Risk,0
NB02601,Female,33.87,5.2,176,51,96.1,46.64,32.3,5.25,46.24,32.32,8,12,3,2.65,37.03,8,0,0,0,Healthy,0
NB02602,Male,39.36,5.2,144,24,95.8,51.71,34.57,5.29,51.6,35.49,9,6,4,3.78,37.16,8,0,0,2,Healthy,0
NB02603,Female,36.6,5.2,122,24,93.0,44.42,33.29,5.18,44.72,32.63,11,12,3,1.85,36.59,7,0,0,2,Healthy,0
NB02604,Female,35.38,5.2,125,51,91.9,47.32,32.48,5.16,46.96,31.9,12,7,5,2.86,36.92,7,0,0,0,Healthy,0
NB02605,Male,36.63,5.2,167,31,94.8,49.19,34.06,5.04,49.01,34.06,10,8,5,3.5,38.04,10,0,0,1,Healthy,0
NB02606,Male,37.59,5.2,152,21,95.3,49.07,31.06,5.37,49.68,31.76,9,4,3,2.07,36.5,10,0,0,2,Healthy,0
NB02607,Male,36.67,5.2,112,55,90.8,49.12,30.5,4.87,47.89,31.58,5,2,2,2.5,36.62,9,0,0,1,Healthy,0
NB02608,Male,33.15,5.2,111,36,88.2,42.55,31.41,4.97,43.31,30.08,8,6,5,3.87,37.44,8,1,0,4,At Risk,0
NB02609,Male,39.97,5.2,140,54,89.0,49.82,35.72,5.5,52.38,35.42,9,8,2,6.05,36.09,10,1,0,5,At Risk,0
NB02610,Female,40.8,5.2,151,33,89.9,54.19,34.6,5.21,56.41,35.46,4,9,2,4.22,36.91,9,1,0,4,At Risk,0
NB02611,Male,39.43,5.2,128,26,90.8,50.89,35.35,5.26,51.39,34.64,12,11,2,1.12,35.71,8,0,0,2,Healthy,0
NB02612,Female,35.5,5.2,110,39,94.7,48.03,29.94,4.99,46.98,28.73,8,6,5,1.87,36.18,8,0,0,0,Healthy,0
NB02613,Female,37.56,5.2,120,30,95.3,48.11,38.39,5.33,49.69,38.31,6,8,2,1.27,36.26,8,0,0,0,Healthy,0
NB02614,Female,37.99,5.2,170,46,94.4,49.63,35.76,5.5,49.64,36.56,6,7,5,3.91,36.41,9,0,0,0,Healthy,0
NB02615,Female,39.32,5.2,149,49,96.3,46.18,35.66,5.5,47.8,35.88,8,5,6,4.56,36.24,8,0,0,0,Healthy,0
NB02616,Female,39.47,5.2,158,51,96.4,52.62,34.94,4.93,52.05,35.79,9,8,0,0.2,36.89,8,0,0,1,Healthy,0
NB02617,Male,36.38,5.2,161,39,96.2,51.76,31.74,5.46,51.37,32.85,11,12,2,3.08,37.43,10,0,0,0,Healthy,0
NB02618,Female,38.18,5.2,129,56,95.3,47.63,31.96,5.23,48.31,32.79,6,9,4,2.24,37.72,10,0,0,1,Healthy,0
NB02619,Male,39.01,5.2,133,33,91.3,48.62,34.33,4.72,48.14,35.3,8,8,3,2.22,36.34,10,0,0,0,Healthy,0
NB02620,Male,41.2,5.2,137,43,90.3,53.36,34.75,4.92,55.44,33.9,8,5,5,2.73,37.13,8,0,0,0,Healthy,0
NB02621,Male,39.55,5.2,148,41,93.0,53.94,33.68,4.85,54.71,33.46,7,6,1,2.67,37.34,9,0,0,0,Healthy,0
NB02622,Male,39.74,5.2,160,62,99.0,51.16,32.89,5.35,53.13,32.42,7,7,2,1.89,36.85,7,0,0,0,Healthy,0
NB02623,Male,38.18,5.2,174,54,100.0,47.31,34.3,5.19,46.37,34.17,12,8,5,3.81,37.12,7,0,0,0,Healthy,0
NB02624,Female,41.1,5.2,155,42,97.0,51.98,35.41,5.1,51.3,36.1,10,7,2,1.86,37.01,6,0,1,6,At Risk,0
NB02625,Female,38.9,5.2,155,44,96.3,48.35,35.23,5.21,51.28,35.83,8,7,1,2.61,37.01,7,0,0,0,Healthy,0
NB02626,Female,36.11,5.2,175,57,98.7,46.56,33.16,5.5,45.15,33.12,9,4,2,2.41,36.47,8,0,0,0,Healthy,0
NB02627,Male,41.09,5.2,136,34,100.0,51.77,36.31,5.17,53.33,37.15,10,6,5,5.35,35.9,8,0,0,2,Healthy,0
NB02628,Male,39.54,5.2,161,22,91.8,49.12,38.86,5.3,49.52,38.16,7,8,4,2.54,36.64,6,0,1,8,High Risk,0
NB02629,Male,37.03,5.2,150,32,100.0,47.17,34.35,5.36,46.94,35.83,6,8,2,6.56,36.45,10,0,0,0,Healthy,0
NB02630,Female,36.95,5.2,151,38,100.0,48.8,31.17,4.99,50.0,31.73,7,10,2,4.18,36.67,9,0,0,0,Healthy,0
NB02631,Female,38.65,5.2,136,56,90.2,50.62,34.94,5.34,52.44,35.99,10,5,2,0.51,37.23,5,0,1,6,At Risk,0
NB02632,Male,39.02,5.2,115,52,91.5,47.67,34.43,5.41,47.94,34.28,12,6,2,1.36,37.45,9,0,0,0,Healthy,0
NB02633,Male,38.43,5.2,146,42,100.0,50.78,32.09,5.43,51.27,31.71,8,12,5,1.89,36.87,10,0,0,0,Healthy,0
NB02634,Male,38.68,5.2,146,47,98.6,49.45,32.15,5.2,49.82,33.12,6,4,2,5.66,36.27,8,0,0,0,Healthy,0
NB02635,Female,41.74,5.2,130,35,92.9,54.41,37.1,5.42,54.53,37.29,9,6,1,5.11,36.62,8,0,0,0,Healthy,0
NB02636,Female,40.36,5.2,138,63,95.3,53.28,36.5,5.33,51.82,36.27,8,11,4,6.31,36.45,8,0,0,0,Healthy,0
NB02637,Female,38.42,5.2,124,54,97.6,48.89,32.52,5.24,48.22,32.68,10,11,6,3.23,36.86,9,0,0,0,Healthy,0
NB02638,Female,40.07,5.2,124,43,98.1,52.69,36.7,5.41,54.14,36.61,8,7,4,2.55,36.59,7,0,0,0,Healthy,0
NB02639,Female,35.73,5.2,131,41,99.8,45.88,32.64,5.5,45.56,32.92,9,5,4,1.55,37.21,10,0,0,0,Healthy,0
NB02640,Male,38.88,5.2,116,49,95.8,53.04,36.21,5.41,52.2,37.08,7,6,3,4.82,36.42,8,0,0,0,Healthy,0
NB02641,Female,41.98,5.2,129,41,96.0,51.58,38.22,5.22,51.43,38.35,8,7,5,1.31,37.78,7,0,0,0,Healthy,0
NB02642,Male,37.52,5.2,153,24,93.7,49.87,33.23,5.13,49.83,32.07,5,7,1,3.71,36.14,10,0,0,2,Healthy,0
NB02643,Male,36.14,5.2,166,57,91.7,47.55,34.95,5.34,46.32,34.56,7,11,0,2.54,36.94,9,0,0,0,Healthy,0
NB02644,Female,36.57,5.2,177,54,91.6,46.28,31.11,5.26,46.31,31.03,7,5,4,4.64,36.08,9,0,0,0,Healthy,0
NB02645,Female,35.6,5.2,133,46,94.5,49.24,35.71,5.45,49.54,35.72,8,8,3,2.87,37.27,9,0,0,0,Healthy,0
NB02646,Male,36.27,5.2,162,38,96.2,46.82,31.27,5.04,46.3,30.17,8,7,2,4.4,36.82,9,0,0,1,Healthy,0
NB02647,Female,37.18,5.2,146,42,89.9,45.47,33.16,5.44,45.99,32.98,6,7,3,3.08,36.89,10,1,0,4,At Risk,0
NB02648,Female,34.91,5.2,136,16,100.0,41.05,30.78,4.95,44.04,30.83,9,8,4,2.89,36.4,8,0,0,2,Healthy,0
NB02649,Female,38.03,5.2,147,31,92.6,47.88,33.26,5.19,47.77,32.92,9,6,5,4.19,37.29,7,0,0,0,Healthy,0
NB02650,Female,39.99,5.2,160,60,92.0,54.14,39.57,5.35,53.11,39.65,10,10,4,5.43,37.09,7,0,0,0,Healthy,0
NB02651,Male,36.0,5.2,131,47,94.9,50.32,31.71,5.21,51.57,32.58,8,8,3,4.28,36.55,8,0,0,0,Healthy,0
NB02652,Female,41.34,5.2,131,23,86.7,51.17,37.42,5.32,52.34,37.19,7,8,4,5.02,36.79,8,1,0,6,At Risk,0
NB02653,Male,39.12,5.2,133,34,96.3,49.86,34.23,5.5,51.21,33.28,6,5,3,0.83,36.4,10,0,0,0,Healthy,0
NB02654,Male,40.27,5.2,129,23,91.5,50.71,36.79,5.12,51.26,38.18,9,11,1,4.4,36.36,7,0,0,3,At Risk,0
NB02655,Female,36.55,5.2,162,34,88.3,45.63,31.97,4.95,45.25,31.71,9,8,1,4.22,36.52,7,1,0,4,At Risk,0
NB02656,Male,39.88,5.2,126,40,95.5,49.39,35.5,5.0,49.75,35.45,7,6,5,3.49,36.68,8,0,0,0,Healthy,0
NB02657,Female,35.6,5.2,129,58,95.5,49.4,33.06,5.21,49.03,33.18,8,5,4,2.08,36.8,10,0,0,0,Healthy,0
NB02658,Male,39.96,5.2,146,50,100.0,52.37,34.09,5.48,53.92,33.37,9,5,2,3.99,36.78,7,0,0,0,Healthy,0
NB02659,Female,38.38,5.2,144,39,95.6,50.49,38.2,5.17,51.69,38.45,8,7,5,5.47,36.41,8,0,0,0,Healthy,0
NB02660,Female,39.22,5.2,133,39,95.6,48.03,35.67,5.5,46.64,35.48,8,0,4,2.96,37.14,9,0,0,1,Healthy,0
NB02661,Female,35.41,5.2,170,34,95.1,47.47,31.65,4.98,47.23,31.89,11,11,4,2.7,37.29,9,0,0,0,Healthy,0
NB02662,Female,36.03,5.2,129,53,86.0,43.22,31.38,4.88,44.26,31.81,5,9,4,2.17,37.21,8,1,0,4,At Risk,0
NB02663,Male,39.31,5.2,137,54,95.3,52.47,34.86,5.28,51.44,35.67,7,10,3,7.4,37.12,8,0,0,0,Healthy,0
NB02664,Female,35.91,5.2,105,29,94.8,48.24,30.52,5.12,48.47,31.67,11,7,3,3.4,35.67,10,0,0,2,Healthy,0
NB02665,Female,39.02,5.2,135,25,94.5,47.83,37.19,5.08,46.27,37.16,9,10,5,1.58,36.35,9,0,0,2,Healthy,0
NB02666,Female,34.99,5.2,116,39,92.1,50.13,32.34,5.23,49.92,32.1,6,9,3,2.46,36.13,9,0,0,0,Healthy,0
NB02667,Male,39.87,5.2,124,40,97.0,47.69,34.97,4.98,47.85,34.34,9,8,6,1.97,36.0,9,0,0,0,Healthy,0
NB02668,Female,35.29,5.2,105,45,91.6,48.22,33.47,5.34,47.25,33.91,9,6,4,2.45,37.31,9,0,0,0,Healthy,0
NB02669,Male,39.22,5.2,124,25,97.5,51.8,33.57,5.27,52.13,33.67,10,8,4,4.38,37.56,9,0,0,0,Healthy,0
NB02670,Male,39.38,5.2,139,35,96.4,48.36,33.03,5.16,49.08,33.03,10,9,3,6.73,36.8,7,0,0,0,Healthy,0
NB02671,Male,36.47,5.2,136,41,99.9,48.14,32.53,5.27,47.42,31.89,7,9,2,3.1,37.01,9,0,0,0,Healthy,0
NB02672,Male,39.28,5.2,133,34,93.4,47.48,34.89,5.5,48.4,34.58,8,7,1,1.11,36.64,6,0,1,6,At Risk,0
NB02673,Female,38.57,5.2,134,51,99.7,44.42,35.0,5.18,45.65,35.46,9,6,3,0.41,37.33,8,0,0,0,Healthy,0
NB02674,Male,36.81,5.2,131,61,95.7,46.4,30.76,5.13,46.4,31.41,6,7,2,4.09,36.93,9,0,0,1,Healthy,0
NB02675,Male,35.78,5.2,139,37,94.7,46.37,31.56,5.36,44.79,31.81,8,8,5,3.83,36.57,9,0,0,0,Healthy,0
NB02676,Male,33.68,5.2,138,51,92.0,47.0,26.15,5.1,46.56,26.3,5,9,0,2.62,37.05,8,0,0,0,Healthy,0
NB02677,Female,38.77,5.2,145,38,96.4,50.43,32.56,5.33,50.9,33.43,8,4,1,1.93,36.72,10,0,0,0,Healthy,0
NB02678,Female,34.56,5.2,136,33,93.3,46.69,32.46,5.39,45.73,33.08,8,4,3,0.29,36.89,8,0,0,0,Healthy,0
NB02679,Female,38.21,5.2,132,35,94.9,47.76,35.39,5.5,47.8,36.0,7,7,4,3.18,37.11,8,0,0,0,Healthy,0
NB02680,Female,37.42,5.2,154,50,97.7,48.02,31.68,5.17,47.36,31.31,10,6,1,3.38,38.49,6,0,1,7,At Risk,0
NB02681,Male,39.49,5.2,151,36,94.9,49.08,34.36,4.97,49.27,35.78,10,7,1,0.6,37.6,10,0,0,0,Healthy,0
NB02682,Male,37.34,5.2,139,38,96.1,46.55,33.37,5.18,46.53,34.4,6,12,1,1.34,36.87,6,0,1,6,At Risk,0
NB02683,Female,37.28,5.2,162,31,100.0,47.76,34.91,5.27,47.91,35.26,10,11,5,4.28,36.38,10,0,0,0,Healthy,0
NB02684,Male,39.61,5.2,141,48,97.0,51.2,37.22,5.11,51.88,36.93,8,9,3,1.09,35.79,8,0,0,2,Healthy,0
NB02685,Female,38.74,5.2,137,47,92.6,49.12,34.55,5.26,49.04,34.1,6,6,5,1.84,37.38,10,0,0,0,Healthy,0
NB02686,Female,38.7,5.2,139,57,93.6,49.58,33.9,5.5,51.44,34.26,11,9,3,4.29,37.3,6,0,1,6,At Risk,0
NB02687,Male,39.03,5.2,143,48,95.5,51.92,32.36,5.12,53.53,32.62,8,6,3,6.01,36.52,9,0,0,0,Healthy,0
NB02688,Male,34.62,5.2,123,46,100.0,45.56,31.6,5.07,46.2,31.56,6,8,4,4.05,36.76,10,0,0,0,Healthy,0
NB02689,Female,39.66,5.2,106,48,90.3,48.43,38.08,5.42,49.11,37.55,7,7,5,4.29,36.89,10,0,0,0,Healthy,0
NB02690,Male,39.35,5.2,145,39,95.7,51.94,36.68,4.98,51.59,36.99,8,5,2,3.4,37.07,10,0,0,0,Healthy,0
NB02691,Female,35.76,5.2,155,43,99.8,48.12,32.5,5.23,48.69,32.5,9,2,3,1.48,37.54,8,0,0,2,Healthy,0
NB02692,Male,37.46,5.2,122,51,97.2,49.77,33.88,5.13,50.51,33.09,10,3,3,3.5,36.21,8,0,0,0,Healthy,0
NB02693,Male,37.91,5.2,159,34,94.5,50.77,32.71,4.9,51.53,32.81,9,9,2,3.55,37.1,7,0,0,0,Healthy,0
NB02694,Male,37.7,5.2,110,59,89.0,50.25,33.06,5.2,51.49,33.72,6,7,5,5.71,36.9,9,1,0,5,At Risk,0
NB02695,Male,38.73,5.2,130,48,100.0,50.32,34.54,5.1,50.92,34.85,7,9,2,2.4,36.57,9,0,0,0,Healthy,0
NB02696,Male,41.15,5.2,171,62,93.3,57.22,36.23,5.33,57.74,36.14,12,9,3,3.85,37.16,8,0,0,0,Healthy,0
NB02697,Male,40.38,5.2,146,30,91.7,49.17,36.98,5.27,50.64,38.11,12,12,4,4.51,36.75,8,0,0,0,Healthy,0
NB02698,Male,35.11,5.2,135,30,95.9,45.83,33.22,5.27,46.13,32.89,9,8,5,2.73,36.76,7,0,0,0,Healthy,0
NB02699,Male,39.37,5.2,145,46,100.0,52.77,35.54,5.04,52.37,35.86,10,7,5,1.58,36.94,10,0,0,0,Healthy,0
NB02700,Female,40.92,5.2,162,43,96.4,52.52,34.35,5.12,53.29,34.14,9,4,1,3.61,36.59,8,0,0,0,Healthy,0
NB02701,Male,38.85,5.2,114,37,93.7,51.88,32.95,5.28,52.74,33.1,11,7,4,3.28,37.09,10,0,0,1,Healthy,0
NB02702,Male,40.4,5.2,164,29,95.9,52.1,34.15,5.05,51.93,33.99,9,8,3,2.27,36.62,7,0,0,0,Healthy,0
NB02703,Female,42.0,5.2,131,39,95.4,55.95,36.95,5.22,55.78,37.82,8,6,4,2.29,37.56,8,0,0,1,Healthy,0
NB02704,Female,40.25,5.2,153,44,93.4,49.61,32.34,5.3,49.94,32.62,11,8,1,6.45,36.9,6,0,1,6,At Risk,0
NB02705,Male,38.55,5.2,129,29,95.2,52.78,34.17,5.38,54.25,34.42,9,7,5,1.79,36.5,9,0,0,0,Healthy,0
NB02706,Female,40.3,5.2,170,38,92.1,54.01,37.52,5.12,53.72,37.4,7,11,4,3.17,36.94,7,0,0,0,Healthy,0
NB02707,Male,38.32,5.2,139,46,91.5,47.47,35.02,5.15,46.28,35.03,10,7,2,5.36,37.25,7,0,0,1,Healthy,0
NB02708,Female,38.05,5.2,116,50,96.9,50.91,33.31,5.27,49.64,33.84,9,7,0,1.21,36.09,10,0,0,0,Healthy,0
NB02709,Male,37.23,5.2,148,39,93.6,48.82,32.21,5.08,47.72,32.75,7,8,3,0.8,37.37,10,0,0,0,Healthy,0
NB02710,Female,41.44,5.2,163,34,94.9,51.48,37.42,4.95,50.5,37.67,11,11,4,2.4,36.95,9,0,0,0,Healthy,0
NB02711,Male,36.2,5.2,161,43,92.3,44.2,33.0,5.3,43.88,33.54,9,7,1,1.25,36.79,7,0,0,1,Healthy,0
NB02712,Male,41.37,5.2,142,40,93.0,50.61,35.79,5.18,50.29,36.72,8,6,0,3.13,36.49,10,0,0,0,Healthy,0
NB02713,Male,39.1,5.2,155,27,93.3,52.01,33.69,5.34,52.7,34.13,9,8,3,6.01,36.96,9,0,0,0,Healthy,0
NB02714,Male,34.92,5.2,132,37,92.9,48.46,31.76,5.12,49.92,30.75,10,6,2,0.25,36.4,10,0,0,0,Healthy,0
NB02715,Female,38.81,5.2,151,36,93.6,49.91,33.91,5.25,50.99,34.15,8,4,1,3.65,35.9,8,0,0,2,Healthy,0
NB02716,Female,33.38,5.2,147,42,95.7,47.08,31.74,4.87,46.57,33.04,7,9,2,2.83,36.48,6,0,1,6,At Risk,0
NB02717,Female,39.38,5.2,88,35,99.9,52.73,36.63,5.35,52.33,37.31,6,3,3,2.3,36.68,9,1,1,6,At Risk,0
NB02718,Female,39.95,5.2,122,37,97.7,51.66,33.11,5.12,54.34,33.21,4,5,1,2.93,37.08,10,0,0,0,Healthy,0
NB02719,Female,36.7,5.2,144,40,93.8,46.98,31.05,5.2,45.67,31.59,7,6,6,3.48,36.7,9,0,0,0,Healthy,0
NB02720,Female,38.27,5.2,143,48,92.8,50.73,36.01,5.2,51.84,35.94,7,9,4,2.79,36.28,7,0,0,0,Healthy,0
NB02721,Male,42.0,5.2,139,43,88.8,54.17,36.85,5.16,53.52,37.28,12,8,5,4.53,36.5,9,1,0,4,At Risk,0
NB02722,Female,36.89,5.2,142,69,92.6,49.95,31.32,5.24,50.93,31.87,5,11,4,1.98,36.81,7,0,0,1,Healthy,0
NB02723,Male,35.67,5.2,162,29,91.2,49.23,33.64,5.23,50.62,34.64,8,8,1,4.25,37.09,8,0,0,0,Healthy,0
NB02724,Male,41.26,5.2,146,51,95.2,49.81,36.59,5.27,50.2,35.73,5,6,4,2.23,37.17,10,0,0,0,Healthy,0
NB02725,Female,42.0,5.2,98,41,100.0,52.18,39.9,4.98,53.46,39.32,7,3,3,2.68,36.19,8,1,1,6,At Risk,0
NB02726,Male,38.01,5.2,175,28,93.6,45.81,33.45,5.38,49.33,33.31,13,6,3,6.3,36.82,8,0,0,1,Healthy,0
NB02727,Female,40.23,5.2,106,38,89.9,53.1,37.02,5.21,51.95,37.55,4,9,2,2.76,37.15,8,1,0,5,At Risk,0
NB02728,Female,40.95,5.2,157,27,94.3,51.83,33.69,5.3,53.1,34.39,7,4,2,2.42,36.41,10,0,0,0,Healthy,0
NB02729,Male,36.37,5.2,112,43,93.5,48.99,34.75,5.2,50.36,34.91,5,8,5,3.28,37.61,7,0,0,0,Healthy,0
NB02730,Female,36.93,5.2,166,39,99.4,45.69,34.47,5.02,44.45,33.42,9,7,3,5.38,36.58,10,0,0,0,Healthy,0
NB02731,Female,40.71,5.2,135,35,88.4,54.84,38.1,5.5,55.41,38.97,10,7,2,6.68,37.26,9,1,0,5,At Risk,0
NB02732,Female,41.71,5.2,147,31,91.5,50.55,38.06,5.26,50.6,38.4,5,7,2,3.93,37.11,9,0,0,0,Healthy,0
NB02733,Female,39.24,5.2,104,52,97.7,52.26,34.52,4.91,53.12,34.88,10,6,5,5.01,36.49,9,0,0,0,Healthy,0
NB02734,Female,36.06,5.2,153,40,89.5,48.09,30.69,5.21,48.53,29.38,11,4,5,5.79,36.81,10,1,0,4,At Risk,0
NB02735,Male,42.0,5.2,147,44,97.0,52.82,35.7,5.15,53.88,36.67,10,0,4,2.24,37.41,7,0,0,1,Healthy,0
NB02736,Male,36.83,5.2,151,44,92.7,48.01,30.34,5.2,47.34,30.33,9,10,4,4.72,36.56,9,0,0,0,Healthy,0
NB02737,Male,37.26,5.2,157,43,98.6,47.66,31.9,4.9,50.03,32.73,5,8,5,5.12,36.88,9,0,0,0,Healthy,0
NB02738,Female,38.75,5.2,143,39,94.8,52.87,34.97,5.24,53.29,35.55,11,8,3,3.7,36.12,8,0,0,0,Healthy,0
NB02739,Male,41.42,5.2,136,57,94.4,52.7,36.12,5.06,54.55,35.84,7,8,2,3.75,36.96,9,0,0,0,Healthy,0
NB02740,Female,39.88,5.2,125,64,97.1,48.75,34.78,5.5,49.42,35.13,7,8,0,4.58,36.62,8,0,0,0,Healthy,0
NB02741,Male,38.91,5.2,132,56,95.1,49.65,33.25,5.21,51.19,34.01,10,13,3,3.66,37.04,9,0,0,0,Healthy,0
NB02742,Male,39.02,5.2,162,42,90.7,50.77,31.85,5.37,51.02,30.92,8,8,3,1.47,36.42,9,0,0,0,Healthy,0
NB02743,Female,38.1,5.2,125,42,93.2,51.48,34.14,5.41,52.92,34.83,6,10,5,2.15,36.94,9,0,0,0,Healthy,0
NB02744,Female,39.23,5.2,107,53,89.3,49.5,35.23,5.32,48.71,34.54,7,5,2,2.98,36.64,8,1,0,4,At Risk,0
NB02745,Male,32.43,5.2,122,34,92.0,43.52,28.42,5.26,44.75,27.99,8,8,2,5.48,35.61,8,0,0,2,Healthy,0
NB02746,Male,37.35,5.2,151,59,87.5,49.06,32.54,5.45,48.54,31.96,11,12,0,3.39,36.84,10,1,0,5,At Risk,0
NB02747,Male,38.53,5.2,135,50,100.0,51.82,36.48,5.11,51.86,37.95,8,8,4,0.45,37.37,8,0,0,0,Healthy,0
NB02748,Female,35.47,5.2,151,39,94.9,44.58,33.77,5.38,43.71,33.99,10,6,4,3.25,36.31,10,0,0,0,Healthy,0
NB02749,Male,38.85,5.2,104,45,96.9,51.38,32.17,5.15,50.93,31.1,7,7,3,0.38,36.51,9,0,0,0,Healthy,0
NB02750,Female,37.55,5.2,86,48,92.1,48.27,33.36,5.25,48.17,33.03,6,2,3,2.21,37.4,8,1,1,6,At Risk,0
NB02751,Female,41.86,5.2,145,38,96.8,52.43,38.69,4.99,53.24,38.37,10,5,6,0.57,37.05,9,0,0,1,Healthy,0
NB02752,Male,41.46,5.2,158,52,97.7,56.72,35.9,4.97,57.28,36.06,7,8,7,3.28,36.65,9,0,0,0,Healthy,0
NB02753,Female,36.98,5.2,109,55,98.3,48.28,32.68,5.21,48.11,32.34,8,9,3,4.89,36.93,9,0,0,0,Healthy,0
NB02754,Male,37.67,5.2,149,39,94.7,50.81,35.21,5.44,51.61,34.42,10,8,1,1.83,36.52,10,0,0,0,Healthy,0
NB02755,Male,37.84,5.2,161,37,98.6,50.89,35.17,5.19,51.58,36.1,6,5,1,2.07,37.91,9,0,0,0,Healthy,0
NB02756,Male,37.01,5.2,140,41,92.9,46.35,34.51,5.5,46.21,34.55,9,8,4,4.96,37.2,8,0,0,0,Healthy,0
NB02757,Female,38.43,5.2,156,30,96.3,46.3,33.71,5.31,46.11,33.7,8,11,6,2.93,37.57,9,0,0,0,Healthy,0
NB02758,Female,36.33,5.2,143,25,95.2,49.74,33.63,5.2,49.6,34.71,9,3,5,2.22,36.84,9,0,0,0,Healthy,0
NB02759,Male,35.51,5.2,135,38,90.9,45.19,34.3,5.5,47.43,35.54,9,6,4,4.26,36.23,8,0,0,0,Healthy,0
NB02760,Female,39.37,5.2,155,32,88.6,47.5,34.68,5.49,47.07,34.74,12,6,3,3.66,37.03,9,1,0,4,At Risk,0
NB02761,Female,39.38,5.2,174,60,94.0,52.9,34.16,4.96,54.2,33.6,4,8,1,1.95,37.36,10,0,0,0,Healthy,0
NB02762,Female,36.23,5.2,130,37,94.0,45.97,34.41,5.22,45.42,34.51,7,4,5,4.11,37.38,7,0,0,0,Healthy,0
NB02763,Female,39.97,5.2,138,47,94.1,49.83,38.25,5.33,49.6,39.73,8,5,1,0.2,36.04,6,0,1,6,At Risk,0
NB02764,Male,36.61,5.2,122,36,98.7,52.3,36.0,5.37,52.98,35.58,8,8,2,3.12,36.9,8,0,0,0,Healthy,0
NB02765,Male,38.56,5.2,143,60,99.8,46.78,33.63,5.35,47.66,33.12,7,6,1,2.45,36.08,7,0,0,0,Healthy,0
NB02766,Male,39.8,5.2,137,40,97.3,48.71,34.65,5.2,49.25,34.89,4,9,0,1.85,36.54,9,0,0,0,Healthy,0
NB02767,Female,37.93,5.2,161,30,97.1,48.61,32.2,5.17,49.52,32.26,7,8,1,0.94,37.06,7,0,0,0,Healthy,0
NB02768,Female,39.0,5.2,166,49,94.7,50.02,34.68,5.21,50.87,34.95,9,9,1,3.73,37.4,7,0,0,0,Healthy,0
NB02769,Male,36.86,5.2,154,45,95.6,46.79,31.39,5.08,47.62,31.62,10,4,3,5.26,36.9,10,0,0,0,Healthy,0
NB02770,Female,37.57,5.2,159,54,96.5,46.89,32.71,4.96,46.57,32.73,8,10,2,2.52,36.28,9,0,0,0,Healthy,0
NB02771,Female,37.55,5.2,127,40,95.5,52.21,34.53,5.33,52.1,34.33,9,8,6,1.43,37.07,9,0,0,0,Healthy,0
NB02772,Male,36.36,5.2,123,43,97.1,48.65,33.24,5.35,48.85,33.11,8,9,1,2.35,36.42,9,0,0,1,Healthy,0
NB02773,Male,37.61,5.2,148,27,95.2,50.42,30.81,5.5,51.75,30.26,9,4,1,5.24,36.67,9,0,0,1,Healthy,0
NB02774,Male,34.59,5.2,140,50,93.3,46.26,33.77,5.11,47.15,33.73,6,7,6,1.85,36.84,9,0,0,0,Healthy,0
NB02775,Male,36.92,5.2,176,43,95.9,49.21,31.41,5.3,49.51,31.44,9,7,5,4.61,36.5,6,0,1,7,At Risk,0
NB02776,Male,37.37,5.2,105,41,94.2,50.9,31.92,5.18,51.28,31.82,7,8,2,0.65,37.09,10,0,0,0,Healthy,0
NB02777,Male,37.44,5.2,151,40,100.0,47.1,31.55,5.2,46.24,31.92,7,10,4,2.43,37.14,8,0,0,0,Healthy,0
NB02778,Male,37.47,5.2,151,39,93.5,49.65,32.44,5.1,49.61,32.41,8,6,5,3.93,37.26,8,0,0,0,Healthy,0
NB02779,Male,37.86,5.2,126,50,100.0,50.87,32.36,5.24,50.57,32.56,8,3,1,2.73,37.44,10,0,0,0,Healthy,0
NB02780,Female,39.05,5.2,123,33,100.0,53.64,33.23,5.5,54.72,33.31,7,2,3,5.21,36.74,10,0,0,1,Healthy,0
NB02781,Male,39.92,5.2,134,49,91.0,55.23,31.45,5.14,55.64,31.6,10,6,0,4.22,36.25,8,0,0,0,Healthy,0
NB02782,Female,36.57,5.2,110,26,99.4,48.45,32.99,5.31,49.88,32.46,9,9,3,3.76,36.29,8,0,0,0,Healthy,0
NB02783,Male,35.35,5.2,166,23,94.6,49.49,32.3,5.11,52.02,31.82,7,8,3,2.88,37.58,8,0,0,2,Healthy,0
NB02784,Male,35.71,5.2,189,56,97.0,42.2,35.56,4.94,43.23,36.33,7,7,3,4.22,37.53,9,0,0,1,Healthy,0
NB02785,Male,36.93,5.2,134,32,100.0,51.74,33.78,5.2,51.01,34.08,8,9,3,3.25,37.4,9,0,0,0,Healthy,0
NB02786,Male,37.23,5.2,128,43,92.3,47.45,32.51,5.5,47.46,31.99,7,12,2,3.66,36.54,10,0,0,0,Healthy,0
NB02787,Female,36.31,5.2,116,39,93.4,47.59,30.81,5.07,46.16,29.84,6,12,2,2.43,37.56,6,0,1,6,At Risk,0
NB02788,Male,35.15,5.2,120,45,97.6,47.92,31.66,5.04,49.9,32.3,8,10,1,5.63,36.72,10,0,0,0,Healthy,0
NB02789,Female,37.0,5.2,129,43,93.7,48.39,33.77,5.05,50.88,34.27,8,9,5,5.24,36.95,9,0,0,0,Healthy,0
NB02790,Male,38.4,5.2,162,52,87.2,50.35,33.32,5.5,49.62,33.15,8,5,6,1.19,37.17,9,1,0,4,At Risk,0
NB02791,Male,39.31,5.2,197,28,98.4,53.95,34.81,5.45,53.74,34.96,11,12,5,0.95,37.37,7,0,0,2,Healthy,0
NB02792,Female,36.77,5.2,127,49,96.3,47.73,35.79,5.36,47.36,36.0,8,10,5,2.18,37.04,7,0,0,0,Healthy,0
NB02793,Male,37.09,5.2,124,41,94.9,46.61,32.59,5.5,45.96,32.15,6,8,4,4.34,37.42,8,0,0,0,Healthy,0
NB02794,Female,35.96,5.2,119,27,95.4,51.39,29.54,5.41,50.13,29.64,9,4,4,0.2,36.81,9,0,0,1,Healthy,0
NB02795,Male,37.93,5.2,148,37,100.0,50.59,35.06,5.21,51.64,35.1,6,9,5,3.22,36.71,7,0,0,0,Healthy,0
NB02796,Male,36.13,5.2,146,26,98.5,51.76,32.96,5.14,50.89,32.49,11,9,1,2.23,36.66,9,0,0,0,Healthy,0
NB02797,Female,39.26,5.2,142,25,92.0,52.46,32.12,5.44,52.66,32.34,8,7,4,0.44,36.28,10,0,0,0,Healthy,0
NB02798,Male,34.07,5.2,132,38,95.4,43.42,31.69,5.25,42.84,31.97,7,3,3,2.66,35.54,7,0,0,2,Healthy,0
NB02799,Male,37.21,5.2,164,54,99.2,50.18,31.75,5.05,48.67,31.2,7,6,2,3.41,37.27,8,0,0,0,Healthy,0
NB02800,Male,38.66,5.2,154,45,99.1,48.23,34.93,5.33,47.81,35.55,9,8,2,2.23,36.69,6,0,1,6,At Risk,0
NB02801,Male,38.4,5.2,153,55,89.7,49.98,36.94,5.17,48.75,36.7,4,10,3,5.29,37.13,8,1,0,4,At Risk,0
NB02802,Female,42.0,5.2,147,43,93.2,53.05,36.33,5.45,53.25,36.03,8,7,3,3.09,37.07,6,0,1,6,At Risk,0
NB02803,Male,38.77,5.2,137,57,91.0,47.06,35.96,5.04,47.86,36.51,9,5,4,3.26,36.87,8,0,0,0,Healthy,0
NB02804,Male,35.79,5.2,127,56,97.2,45.99,30.41,5.34,46.77,30.93,11,2,3,4.62,37.23,6,0,1,7,At Risk,0
NB02805,Female,37.79,5.2,149,33,91.8,53.82,31.37,5.26,54.28,30.97,5,12,3,1.68,37.28,10,0,0,0,Healthy,0
NB02806,Male,34.09,5.2,148,43,100.0,46.56,34.09,5.27,47.41,34.45,4,7,4,2.21,36.37,6,0,1,6,At Risk,0
NB02807,Female,37.82,5.2,150,35,99.5,49.09,34.14,5.29,48.35,34.49,8,5,2,3.04,37.49,8,0,0,0,Healthy,0
NB02808,Female,36.17,5.2,112,41,94.1,51.58,33.47,5.19,51.46,33.33,9,2,4,2.08,37.19,10,0,0,2,Healthy,0
NB02809,Female,40.01,5.2,146,59,90.6,50.62,36.94,5.33,50.51,37.39,7,6,5,0.67,36.41,10,0,0,0,Healthy,0
NB02810,Female,36.79,5.2,134,36,92.2,48.33,32.16,5.29,47.07,31.12,8,11,4,3.15,36.51,10,0,0,0,Healthy,0
NB02811,Female,37.74,5.2,124,30,96.6,51.35,34.86,5.25,50.73,34.59,8,4,4,3.43,36.24,9,0,0,0,Healthy,0
NB02812,Female,36.6,5.2,153,31,98.0,47.54,33.83,5.47,46.63,34.45,10,9,1,2.79,37.08,10,0,0,0,Healthy,0
NB02813,Male,41.83,5.2,143,38,94.9,51.55,34.54,4.96,51.6,34.35,10,5,3,4.93,36.72,9,0,0,0,Healthy,0
NB02814,Male,37.29,5.2,182,79,86.0,44.46,35.57,5.35,45.23,35.03,6,7,3,3.42,35.68,8,1,0,8,High Risk,0
NB02815,Male,42.0,5.2,149,57,97.4,51.33,38.56,5.27,51.1,37.05,7,9,4,4.48,36.55,7,0,0,0,Healthy,0
NB02816,Male,39.79,5.2,135,15,87.9,49.32,33.13,5.33,48.56,33.84,5,4,1,3.65,36.63,10,1,0,6,At Risk,0
NB02817,Male,39.06,5.2,138,42,87.6,50.87,34.84,5.35,51.18,34.53,11,9,3,4.65,36.85,8,1,0,4,At Risk,0
NB02818,Female,38.81,5.2,119,36,98.5,49.11,34.02,5.36,48.88,33.2,6,8,4,6.32,36.11,9,0,0,0,Healthy,0
NB02819,Female,38.87,5.2,162,52,90.8,54.7,36.53,5.15,54.21,36.85,7,8,5,3.48,36.85,8,0,0,0,Healthy,0
NB02820,Male,33.76,5.2,146,30,95.9,43.67,28.72,5.1,45.43,29.77,7,7,2,4.7,37.48,7,0,0,0,Healthy,0
NB02821,Male,37.39,5.2,146,32,95.3,51.85,38.77,5.32,53.1,38.92,10,9,2,3.81,36.88,8,0,0,0,Healthy,0
NB02822,Female,39.86,5.2,121,36,92.2,51.71,34.84,5.5,52.06,33.76,6,7,3,4.91,37.07,9,0,0,0,Healthy,0
NB02823,Male,37.89,5.2,154,35,95.7,51.12,34.83,5.19,50.81,34.47,11,3,8,4.28,37.5,8,0,0,1,Healthy,0
NB02824,Female,34.91,5.2,123,49,93.1,48.31,33.72,5.03,48.06,34.41,5,7,5,2.1,36.76,7,0,0,0,Healthy,0
NB02825,Female,37.88,5.2,130,39,95.2,45.06,33.43,5.39,44.43,33.65,5,12,5,3.48,36.74,10,0,0,1,Healthy,0
NB02826,Female,41.75,5.2,142,52,93.6,52.95,36.25,5.06,52.44,35.56,7,7,2,2.51,36.96,8,0,0,0,Healthy,0
NB02827,Female,40.74,5.2,130,34,93.2,51.54,34.97,5.29,51.64,36.59,12,7,3,3.67,36.4,10,0,0,0,Healthy,0
NB02828,Male,37.86,5.2,126,51,92.7,47.21,32.38,5.03,44.94,32.13,4,4,4,4.8,36.49,8,0,0,0,Healthy,0
NB02829,Male,40.09,5.2,139,30,91.9,52.4,35.67,5.17,54.01,35.63,9,14,4,3.08,35.88,9,0,0,2,Healthy,0
NB02830,Male,37.19,5.2,158,48,98.0,52.31,33.03,5.23,52.91,32.94,8,3,1,3.67,37.83,9,0,0,0,Healthy,0
NB02831,Male,34.25,5.2,156,37,93.4,40.88,30.41,5.17,40.22,31.04,8,7,0,6.63,37.17,9,0,0,0,Healthy,0
NB02832,Male,35.97,5.2,153,51,91.0,46.7,31.7,5.28,48.34,31.66,12,6,5,3.43,36.37,9,0,0,0,Healthy,0
NB02833,Female,41.44,5.2,149,18,93.6,50.2,37.07,5.29,51.03,36.05,7,6,1,2.5,37.26,9,0,0,2,Healthy,0
NB02834,Female,37.4,5.2,131,34,93.2,49.2,32.18,5.13,50.17,31.17,9,5,3,0.92,36.44,6,0,1,6,At Risk,0
NB02835,Female,37.46,5.2,160,54,93.6,48.47,33.05,5.12,48.32,32.8,8,7,2,5.0,36.83,10,0,0,0,Healthy,0
NB02836,Male,37.34,5.2,109,40,97.5,47.79,34.69,5.48,48.52,34.91,7,5,2,3.61,36.83,8,0,0,0,Healthy,0
NB02837,Female,42.0,5.2,148,25,92.8,54.58,36.97,5.18,53.11,36.76,7,4,2,5.35,36.6,9,0,0,2,Healthy,0
NB02838,Female,41.58,5.2,155,35,93.7,56.09,34.73,5.29,56.61,35.19,9,1,2,3.77,36.43,7,0,0,1,Healthy,0
NB02839,Male,42.0,5.2,138,46,97.3,58.0,36.56,4.96,57.85,37.53,7,4,5,5.55,37.34,10,0,0,0,Healthy,0
NB02840,Male,37.65,5.2,127,34,96.6,47.81,34.21,5.5,48.96,33.56,7,8,4,4.03,36.84,10,0,0,0,Healthy,0
NB02841,Female,38.65,5.2,139,54,92.6,46.54,35.74,5.32,46.36,35.96,6,11,3,2.24,37.56,8,0,0,0,Healthy,0
NB02842,Male,34.66,5.2,126,53,98.4,47.72,30.33,4.83,47.36,30.13,7,5,2,3.62,36.33,9,0,0,0,Healthy,0
NB02843,Female,41.25,5.2,149,49,98.2,55.75,35.24,5.03,57.13,34.87,9,9,3,3.98,36.59,6,0,1,6,At Risk,0
NB02844,Female,35.43,5.2,157,52,97.9,48.92,30.96,5.09,50.23,30.74,7,7,4,5.03,36.78,8,0,0,0,Healthy,0
NB02845,Female,38.48,5.2,148,37,96.1,53.24,33.17,5.5,54.22,33.69,9,6,1,3.31,37.3,7,0,0,0,Healthy,0
NB02846,Female,35.59,5.2,147,57,94.4,46.98,32.72,5.5,47.62,32.87,10,6,3,0.53,36.44,10,0,0,0,Healthy,0
NB02847,Male,36.7,5.2,154,53,91.2,47.21,33.78,5.34,48.1,33.57,9,5,3,2.55,37.06,9,0,0,0,Healthy,0
NB02848,Female,36.16,5.2,156,41,90.2,48.17,34.09,5.45,48.13,35.33,10,5,3,3.92,36.95,10,0,0,0,Healthy,0
NB02849,Male,36.66,5.2,126,26,94.7,47.74,32.73,5.48,47.07,32.61,10,6,1,3.74,37.44,8,0,0,0,Healthy,0
NB02850,Female,36.81,5.2,112,18,95.0,49.86,30.86,5.01,50.38,31.17,10,7,2,3.37,37.02,8,0,0,2,Healthy,0
NB02851,Female,36.79,5.2,145,52,94.1,50.45,33.96,5.22,48.93,34.0,7,4,4,3.67,35.99,8,0,0,2,Healthy,0
NB02852,Female,39.83,5.2,157,26,94.6,53.35,35.32,5.21,54.88,34.5,4,7,3,3.27,36.34,6,0,1,6,At Risk,0
NB02853,Female,35.57,5.2,112,33,99.8,48.43,32.19,5.5,48.54,32.11,5,5,3,2.7,36.37,10,0,0,0,Healthy,0
NB02854,Male,38.49,5.2,141,47,100.0,50.53,32.21,5.5,50.57,31.97,8,8,2,4.87,36.6,7,0,0,0,Healthy,0
NB02855,Female,40.68,5.2,160,29,91.1,53.6,35.38,5.5,52.87,35.22,9,9,5,3.8,37.4,7,0,0,0,Healthy,0
NB02856,Male,36.87,5.2,138,66,96.0,44.66,31.22,5.33,46.17,32.52,10,8,3,2.38,36.68,5,0,1,8,High Risk,0
NB02857,Female,36.42,5.2,167,44,95.2,48.6,33.42,5.31,49.51,33.14,7,1,1,4.39,36.82,9,0,0,1,Healthy,0
NB02858,Female,37.49,5.2,164,57,97.4,49.25,32.8,5.14,49.7,32.95,9,6,3,4.19,36.7,10,0,0,0,Healthy,0
NB02859,Female,40.6,5.2,137,52,100.0,52.36,34.84,5.24,53.11,35.43,8,5,1,3.7,37.04,9,0,0,0,Healthy,0
NB02860,Female,38.43,5.2,133,17,100.0,49.81,31.79,5.44,50.12,31.43,8,7,3,0.41,36.48,8,0,0,2,Healthy,0
NB02861,Male,36.83,5.2,134,49,97.5,49.41,34.52,5.42,50.45,34.02,9,6,4,2.48,36.72,9,0,0,0,Healthy,0
NB02862,Male,39.06,5.2,142,42,95.1,49.41,34.16,5.34,49.26,34.42,10,7,0,2.32,36.72,9,0,0,0,Healthy,0
NB02863,Male,35.57,5.2,119,41,93.7,49.68,32.23,5.06,49.9,32.35,7,7,4,0.67,36.77,9,0,0,1,Healthy,0
NB02864,Female,39.5,5.2,116,42,100.0,51.9,33.75,5.5,52.64,34.15,7,9,0,0.25,36.55,7,0,0,0,Healthy,0
NB02865,Male,38.9,5.2,99,53,92.3,50.71,31.95,5.32,49.51,31.06,12,6,4,2.56,36.2,9,1,1,5,At Risk,0
NB02866,Male,37.32,5.2,140,58,97.9,47.6,32.53,5.27,46.51,33.6,4,1,3,3.88,37.22,9,0,0,1,Healthy,0
NB02867,Female,36.16,5.2,177,30,94.1,49.57,31.95,5.41,51.61,32.09,11,9,4,3.1,36.75,7,0,0,0,Healthy,0
NB02868,Male,36.05,5.2,104,43,90.3,48.26,32.87,5.1,47.59,33.59,7,7,1,4.7,37.31,10,0,0,0,Healthy,0
NB02869,Male,39.18,5.2,137,56,100.0,49.15,34.09,5.08,50.88,35.64,9,5,0,5.61,37.02,8,0,0,0,Healthy,0
NB02870,Female,40.7,5.2,136,40,88.9,51.92,34.62,5.16,51.76,34.63,10,5,4,1.15,37.03,7,1,0,4,At Risk,0
NB02871,Female,36.6,5.2,137,44,87.5,49.6,30.56,5.03,48.7,30.14,12,7,1,5.16,37.31,6,1,1,11,High Risk,1
NB02872,Male,39.01,5.2,163,44,97.5,51.61,34.58,5.25,53.01,34.45,8,6,3,2.63,37.97,10,0,0,0,Healthy,0
NB02873,Male,33.41,5.2,124,63,93.9,46.44,29.39,4.82,47.25,29.38,12,12,5,2.38,37.39,10,0,0,0,Healthy,0
NB02874,Female,36.71,5.2,105,49,96.5,48.63,34.88,5.13,49.55,35.08,6,9,3,4.38,37.2,8,0,0,0,Healthy,0
NB02875,Male,37.93,5.2,130,63,95.0,51.59,33.98,4.84,50.6,34.85,5,8,3,5.38,36.93,9,0,0,0,Healthy,0
NB02876,Female,36.0,5.2,128,59,97.1,50.27,33.24,5.18,50.92,33.35,8,10,2,0.96,37.37,9,0,0,0,Healthy,0
NB02877,Male,35.94,5.2,100,40,94.0,49.22,31.98,5.19,46.38,32.85,5,7,5,3.99,36.46,7,1,1,5,At Risk,0
NB02878,Female,36.53,5.2,144,45,98.2,47.1,33.07,5.46,47.7,33.87,7,6,3,4.12,37.06,10,0,0,0,Healthy,0
NB02879,Female,38.64,5.2,119,63,98.3,48.06,32.91,5.29,47.37,33.1,7,4,4,3.77,37.37,9,0,0,0,Healthy,0
NB02880,Male,37.59,5.2,139,31,100.0,48.14,31.74,5.07,49.77,30.91,9,10,0,3.18,37.23,8,0,0,0,Healthy,0
NB02881,Male,33.08,5.2,133,50,99.4,49.08,30.38,5.15,50.21,31.01,8,5,2,3.9,36.77,7,0,0,1,Healthy,0
NB02882,Male,33.33,5.2,121,50,94.6,45.96,31.39,5.5,46.35,31.91,8,10,3,1.84,37.0,10,0,0,1,Healthy,0
NB02883,Female,36.66,5.2,156,39,97.4,52.65,29.95,5.01,53.93,29.91,9,9,2,2.83,36.65,8,0,0,0,Healthy,0
NB02884,Female,39.01,5.2,135,38,96.5,50.27,33.76,5.5,52.86,33.24,8,8,2,3.16,36.45,8,0,0,0,Healthy,0
NB02885,Female,31.96,5.2,141,40,96.5,43.64,32.33,5.31,43.79,32.39,11,8,3,4.15,37.45,6,0,1,9,High Risk,0
NB02886,Male,36.9,5.2,151,49,90.4,48.46,33.75,4.97,49.01,34.15,8,6,3,3.13,36.6,9,0,0,0,Healthy,0
NB02887,Female,36.84,5.2,145,57,97.6,48.37,35.3,5.02,47.33,34.67,11,7,1,2.47,36.6,9,0,0,0,Healthy,0
NB02888,Male,41.05,5.2,143,49,97.1,50.8,34.99,5.4,50.14,34.37,9,6,4,3.57,36.61,8,0,0,0,Healthy,0
NB02889,Female,37.15,5.2,125,29,100.0,46.54,32.52,5.38,45.82,34.49,9,7,2,6.73,36.49,8,0,0,0,Healthy,0
NB02890,Female,38.84,5.2,120,57,99.1,51.36,35.84,5.32,51.61,35.25,2,4,7,2.85,36.47,9,0,0,2,Healthy,0
NB02891,Female,38.31,5.2,143,54,95.5,51.99,34.95,5.25,52.57,34.63,7,8,6,0.44,36.02,9,0,0,0,Healthy,0
NB02892,Female,33.31,5.2,123,40,94.6,50.27,30.38,5.21,49.79,31.45,8,10,3,2.42,36.1,7,0,0,1,Healthy,0
NB02893,Female,39.69,5.2,154,35,91.5,50.25,33.09,5.07,50.74,32.61,7,7,3,2.05,36.71,7,0,0,0,Healthy,0
NB02894,Male,38.47,5.2,138,33,100.0,49.32,35.87,5.31,50.52,35.35,9,11,3,3.76,37.01,8,0,0,0,Healthy,0
NB02895,Male,39.12,5.2,152,53,91.3,49.06,38.35,5.5,49.44,39.01,5,10,3,1.62,36.05,9,0,0,0,Healthy,0
NB02896,Female,42.0,5.2,122,23,88.5,55.45,34.24,5.22,56.74,33.23,7,11,3,4.06,36.88,8,1,0,6,At Risk,0
NB02897,Female,33.41,5.2,119,53,98.1,47.1,32.7,5.28,45.55,32.49,5,6,4,1.65,37.38,6,0,1,6,At Risk,0
NB02898,Male,41.79,5.2,170,37,95.3,51.26,35.75,5.44,49.88,36.25,8,4,1,3.13,36.59,6,0,1,6,At Risk,0
NB02899,Male,37.37,5.2,137,45,95.9,47.23,32.86,5.13,48.06,33.87,10,10,2,4.05,36.35,8,0,0,0,Healthy,0
NB02900,Female,38.63,5.2,156,15,95.7,52.07,34.65,5.31,52.52,35.05,11,10,4,4.35,36.77,9,0,0,2,Healthy,0
NB02901,Female,37.9,5.2,115,24,91.3,50.28,31.92,5.39,50.56,32.3,11,8,2,1.63,37.03,7,0,0,2,Healthy,0
NB02902,Female,37.07,5.2,135,35,96.3,50.28,33.09,5.08,50.59,33.28,10,4,3,2.21,36.55,6,0,1,6,At Risk,0
NB02903,Male,36.75,5.2,163,33,93.9,46.71,30.51,4.97,45.77,31.39,9,8,2,2.01,37.23,8,0,0,0,Healthy,0
NB02904,Male,38.72,5.2,112,50,93.4,46.5,35.02,5.18,44.99,35.9,5,6,4,4.38,37.01,7,0,0,1,Healthy,0
NB02905,Female,34.66,5.2,181,45,100.0,44.85,34.81,5.4,45.98,35.18,12,9,2,1.34,37.58,10,0,0,1,Healthy,0
NB02906,Male,39.65,5.2,144,61,97.8,52.46,34.0,4.94,53.76,34.2,9,9,4,2.15,36.04,9,0,0,0,Healthy,0
NB02907,Female,37.08,5.2,125,47,86.9,53.0,32.91,5.28,52.51,32.42,8,6,2,2.76,36.16,10,1,0,4,At Risk,0
NB02908,Female,35.51,5.2,146,35,95.8,46.5,31.88,5.19,44.59,31.51,8,5,2,0.2,36.61,7,0,0,0,Healthy,0
NB02909,Male,37.01,5.2,160,54,98.7,53.26,34.59,5.19,53.32,33.54,11,5,5,4.17,36.2,7,0,0,0,Healthy,0
NB02910,Male,40.77,5.2,125,37,90.6,53.75,36.34,5.29,53.27,36.32,6,6,1,4.37,37.51,9,0,0,0,Healthy,0
NB02911,Female,36.82,5.2,128,37,92.0,45.75,34.36,4.89,46.78,33.78,7,7,2,3.19,36.9,8,0,0,0,Healthy,0
NB02912,Female,38.79,5.2,144,42,98.5,50.74,33.59,5.47,49.98,33.21,4,6,3,1.09,36.65,8,0,0,0,Healthy,0
NB02913,Female,36.39,5.2,148,58,93.4,49.88,33.32,5.05,50.79,34.14,6,3,0,3.7,37.5,8,0,0,0,Healthy,0
NB02914,Female,39.67,5.2,136,53,88.1,46.25,29.92,5.3,46.56,30.54,12,10,3,7.15,36.93,8,1,0,5,At Risk,0
NB02915,Female,39.51,5.2,147,52,99.2,52.25,35.86,5.37,53.75,35.58,8,4,0,3.86,36.71,8,0,0,0,Healthy,0
NB02916,Male,42.0,5.2,155,62,94.4,55.55,34.77,5.5,56.3,34.63,6,5,3,0.76,36.45,8,0,0,0,Healthy,0
NB02917,Female,37.61,5.2,143,52,96.3,50.05,33.04,5.22,49.86,34.47,8,6,3,3.3,37.05,7,0,0,0,Healthy,0
NB02918,Female,39.47,5.2,128,30,94.8,50.8,35.95,4.94,51.37,35.54,10,5,0,3.87,37.03,7,0,0,0,Healthy,0
NB02919,Female,38.22,5.2,140,47,98.9,49.45,31.65,4.91,49.66,32.17,8,6,3,4.08,37.11,7,0,0,0,Healthy,0
NB02920,Male,40.85,5.2,172,58,91.2,51.7,37.43,5.48,50.38,38.46,10,7,3,0.2,37.16,7,0,0,0,Healthy,0
NB02921,Female,36.42,5.2,146,27,97.3,45.82,32.51,5.12,46.64,32.75,6,7,2,4.05,37.45,9,0,0,0,Healthy,0
NB02922,Male,39.64,5.2,162,42,99.6,49.7,37.13,5.15,49.85,37.47,10,4,2,3.9,36.43,5,0,1,6,At Risk,0
NB02923,Male,37.57,5.2,131,31,90.3,48.38,32.15,5.0,46.45,31.23,12,6,4,5.58,37.81,10,0,0,0,Healthy,0
NB02924,Female,37.86,5.2,145,43,92.4,49.7,30.98,5.15,48.46,30.84,5,6,1,1.67,37.61,7,0,0,0,Healthy,0
NB02925,Female,38.2,5.2,154,53,100.0,48.67,33.9,5.5,48.3,34.11,9,4,4,2.75,37.57,9,0,0,0,Healthy,0
NB02926,Male,38.55,5.2,167,55,98.8,48.36,35.07,5.24,49.44,36.03,10,3,5,4.13,36.71,9,0,0,0,Healthy,0
NB02927,Female,37.74,5.2,162,40,92.1,50.89,34.63,5.07,50.45,34.4,9,6,2,0.92,36.48,6,0,1,6,At Risk,0
NB02928,Female,38.47,5.2,120,49,90.7,50.77,32.43,5.44,51.71,32.62,8,6,2,3.11,36.85,9,0,0,0,Healthy,0
NB02929,Female,41.47,5.2,161,27,96.0,51.65,33.79,4.73,52.64,34.64,5,14,3,2.15,36.93,10,0,0,1,Healthy,0
NB02930,Female,40.17,5.2,170,25,96.2,52.56,34.85,5.23,52.58,35.6,7,9,5,2.11,37.19,10,0,0,2,Healthy,0
NB02931,Female,39.91,5.2,130,53,94.8,50.41,35.91,5.16,51.38,36.26,8,9,0,0.2,36.73,7,0,0,1,Healthy,0
NB02932,Female,37.0,5.2,124,15,100.0,48.82,33.8,5.17,48.98,33.53,13,6,2,2.42,37.21,9,0,0,2,Healthy,0
NB02933,Female,36.04,5.2,140,35,97.3,49.79,34.79,4.94,49.25,35.21,6,12,3,5.49,36.64,10,0,0,0,Healthy,0
NB02934,Male,40.1,5.2,143,49,92.1,50.28,34.71,5.2,50.26,34.9,10,8,4,5.67,36.82,8,0,0,0,Healthy,0
NB02935,Female,39.93,5.2,134,44,98.7,48.99,32.38,5.15,48.41,31.76,9,8,3,4.37,37.13,8,0,0,0,Healthy,0
NB02936,Male,41.24,5.2,119,15,95.2,52.23,37.86,5.04,53.24,37.84,4,8,3,5.02,36.85,9,0,0,3,At Risk,0
NB02937,Female,36.67,5.2,167,47,92.6,45.68,33.16,5.15,46.35,33.59,9,9,3,4.27,36.5,9,0,0,0,Healthy,0
NB02938,Male,37.49,5.2,125,33,98.2,48.59,33.87,4.84,50.34,34.88,7,8,3,1.9,36.39,10,0,0,0,Healthy,0
NB02939,Male,34.39,5.2,131,43,100.0,45.79,32.43,5.5,45.93,32.07,10,8,4,3.61,37.28,4,0,1,7,At Risk,0
NB02940,Male,37.14,5.2,142,36,95.8,43.9,35.09,4.54,44.49,35.71,8,9,3,3.05,37.02,8,0,0,0,Healthy,0
NB02941,Male,40.19,5.2,113,35,91.6,52.63,35.3,5.2,53.14,35.04,10,7,3,0.2,37.42,7,0,0,0,Healthy,0
NB02942,Male,36.97,5.2,112,24,95.4,48.31,34.85,5.2,49.05,34.91,6,2,3,2.05,37.32,9,0,0,3,At Risk,0
NB02943,Female,39.41,5.2,132,38,91.7,53.23,35.61,5.12,53.88,35.47,8,8,2,4.94,36.67,9,0,0,1,Healthy,0
NB02944,Male,37.58,5.2,155,54,95.8,49.65,32.52,5.18,49.11,33.79,9,2,4,3.63,37.25,9,0,0,1,Healthy,0
NB02945,Male,38.71,5.2,143,38,97.6,51.71,33.95,5.36,52.05,34.44,7,6,5,3.78,36.96,8,0,0,0,Healthy,0
NB02946,Female,35.48,5.2,103,38,88.1,49.71,32.96,4.98,49.95,33.54,8,8,3,2.09,36.75,8,1,0,4,At Risk,0
NB02947,Male,38.19,5.2,165,35,97.5,49.51,32.87,4.87,51.92,32.55,7,8,1,5.01,37.99,9,0,0,0,Healthy,0
NB02948,Female,31.42,5.2,154,29,93.7,43.68,30.52,5.12,42.16,30.94,10,5,4,4.45,37.86,9,0,0,3,At Risk,0
NB02949,Female,37.59,5.2,143,32,93.0,46.08,33.75,4.69,47.08,33.13,8,3,2,0.52,37.09,7,0,0,0,Healthy,0
NB02950,Female,34.41,5.2,143,44,90.4,48.85,31.86,5.05,50.59,30.44,8,4,5,3.44,36.42,8,0,0,0,Healthy,0
NB02951,Male,40.65,5.2,152,67,91.2,51.7,37.82,5.12,50.99,37.65,10,1,5,3.39,36.58,7,0,0,2,Healthy,0
NB02952,Male,39.71,5.2,182,52,100.0,49.13,35.53,5.25,51.5,36.45,9,3,3,2.17,36.56,9,0,0,1,Healthy,0
NB02953,Female,39.03,5.2,156,48,98.0,52.0,34.63,5.49,52.4,34.48,8,5,2,4.99,37.17,10,0,0,0,Healthy,0
NB02954,Female,41.35,5.2,145,62,99.5,48.25,36.02,5.29,48.27,36.52,6,7,3,1.55,36.97,8,0,0,0,Healthy,0
NB02955,Male,35.91,5.2,118,47,92.0,46.86,32.14,5.3,47.18,33.81,8,8,3,4.21,36.66,10,0,0,0,Healthy,0
NB02956,Male,41.84,5.2,143,53,100.0,54.88,36.96,5.08,55.29,37.01,9,6,2,0.54,37.73,10,0,0,0,Healthy,0
NB02957,Female,40.05,5.2,154,44,94.8,50.57,37.28,5.11,51.04,38.44,11,8,5,1.14,36.61,10,0,0,0,Healthy,0
NB02958,Male,37.48,5.2,138,47,92.2,47.7,32.52,5.11,46.74,31.35,3,7,4,2.36,37.64,7,0,0,1,Healthy,0
NB02959,Male,40.5,5.2,131,28,91.2,51.02,34.52,5.2,51.69,34.27,7,12,4,5.27,37.33,9,0,0,0,Healthy,0
NB02960,Male,35.57,5.2,150,39,91.3,43.39,34.02,5.14,41.89,34.42,7,3,1,1.14,37.09,10,0,0,0,Healthy,0
NB02961,Female,36.19,5.2,122,36,92.4,49.4,31.68,5.29,49.2,31.7,6,12,5,3.21,36.45,9,0,0,1,Healthy,0
NB02962,Male,36.66,5.2,156,36,91.9,48.15,33.19,5.35,48.02,33.62,5,5,2,2.69,37.52,10,0,0,0,Healthy,0
NB02963,Male,36.84,5.2,132,35,98.2,48.01,32.1,5.49,48.28,31.61,10,8,3,3.78,37.69,9,0,0,0,Healthy,0
NB02964,Female,35.68,5.2,102,56,100.0,46.97,29.65,5.29,47.11,30.99,9,5,3,1.13,36.91,8,0,0,0,Healthy,0
NB02965,Female,40.69,5.2,132,38,94.1,52.05,35.98,5.29,52.54,37.01,9,5,4,3.36,37.36,7,0,0,0,Healthy,0
NB02966,Female,37.43,5.2,139,41,94.2,50.39,35.07,5.46,49.27,35.58,8,7,5,5.5,36.84,10,0,0,0,Healthy,0
NB02967,Male,38.78,5.2,150,65,88.5,50.19,34.25,5.37,50.44,33.75,7,4,4,6.04,37.48,6,1,1,10,High Risk,1
NB02968,Female,36.75,5.2,148,50,91.8,45.75,30.7,5.16,45.06,30.81,6,7,4,0.5,36.37,6,0,1,6,At Risk,0
NB02969,Male,33.99,5.2,117,42,89.3,47.15,31.16,5.02,47.67,31.89,9,8,0,4.53,37.25,10,1,0,4,At Risk,0
NB02970,Male,38.59,5.2,142,53,97.8,51.13,33.08,5.13,53.1,32.83,6,1,5,4.13,35.67,9,0,0,3,At Risk,0
NB02971,Female,33.79,5.2,130,35,100.0,46.22,26.93,5.06,46.54,27.94,9,4,3,3.79,36.27,8,0,0,1,Healthy,0
NB02972,Male,37.85,5.2,134,38,91.2,51.61,33.57,5.25,53.39,33.92,6,5,3,3.46,36.32,10,0,0,0,Healthy,0
NB02973,Male,34.99,5.2,122,38,94.3,46.95,32.47,5.33,47.42,32.48,11,12,3,6.82,36.81,8,0,0,0,Healthy,0
NB02974,Female,42.0,5.2,139,44,94.1,55.42,38.37,5.15,54.98,39.05,8,5,3,2.07,36.4,8,0,0,0,Healthy,0
NB02975,Female,40.0,5.2,196,47,97.4,54.22,37.84,5.16,54.66,37.46,7,8,4,0.2,36.41,9,0,0,1,Healthy,0
NB02976,Female,38.23,5.2,173,33,95.4,50.97,34.94,4.7,49.13,34.86,7,10,1,4.22,36.72,9,0,0,0,Healthy,0
NB02977,Female,40.78,5.2,122,46,100.0,50.61,37.15,5.12,51.06,36.92,10,6,3,1.59,36.74,9,0,0,0,Healthy,0
NB02978,Female,36.14,5.2,141,48,92.4,47.66,30.57,5.5,49.14,29.7,9,5,1,0.2,36.28,8,0,0,0,Healthy,0
NB02979,Male,39.2,5.2,134,37,98.1,53.15,37.07,5.45,52.36,35.92,12,8,4,3.35,36.2,9,0,0,0,Healthy,0
NB02980,Male,38.44,5.2,143,40,92.9,47.0,36.01,5.5,48.29,35.57,10,5,4,2.6,36.42,6,0,1,6,At Risk,0
NB02981,Female,38.58,5.2,156,31,89.4,49.34,33.66,5.33,48.64,33.32,6,9,2,1.71,37.25,5,1,1,10,High Risk,1
NB02982,Male,40.8,5.2,138,27,100.0,51.43,36.78,5.42,51.5,37.28,8,9,1,1.68,37.99,9,0,0,0,Healthy,0
NB02983,Male,39.61,5.2,127,31,100.0,49.32,35.8,5.16,48.46,35.68,8,7,0,3.97,37.46,7,0,0,0,Healthy,0
NB02984,Female,38.64,5.2,161,49,96.4,51.92,36.45,5.07,52.13,36.93,8,10,4,5.09,36.64,8,0,0,0,Healthy,0
NB02985,Male,34.36,5.2,118,47,92.8,47.08,31.02,5.5,50.26,30.15,11,9,4,0.2,36.99,8,0,0,0,Healthy,0
NB02986,Male,35.89,5.2,143,61,91.0,46.28,31.2,5.01,45.9,31.5,7,5,2,4.68,36.8,8,0,0,0,Healthy,0
NB02987,Female,37.73,5.2,113,42,97.0,50.57,32.88,5.33,50.61,32.1,6,2,2,5.47,36.74,10,0,0,1,Healthy,0
NB02988,Female,38.21,5.2,122,43,87.6,49.47,35.29,5.5,49.69,35.09,9,1,0,2.95,36.85,7,1,0,5,At Risk,0
NB02989,Female,35.51,5.2,153,45,98.1,45.58,29.18,5.42,45.65,29.86,9,9,0,0.68,36.92,8,0,0,0,Healthy,0
NB02990,Female,42.0,5.2,128,31,93.5,51.77,32.1,5.18,53.12,32.0,7,5,5,1.66,36.01,8,0,0,0,Healthy,0
NB02991,Female,41.34,5.2,106,51,93.5,53.47,37.48,5.49,53.05,36.94,4,6,2,0.64,36.52,6,0,1,6,At Risk,0
NB02992,Female,39.32,5.2,127,46,91.2,52.67,35.14,5.27,53.2,35.99,12,10,4,1.31,36.78,8,0,0,0,Healthy,0
NB02993,Male,38.16,5.2,125,33,90.0,48.77,33.94,5.2,48.58,34.58,11,6,4,3.35,37.87,9,1,0,5,At Risk,0
NB02994,Male,37.53,5.2,117,46,94.8,50.27,31.51,5.38,52.08,32.49,6,6,2,2.7,37.09,10,0,0,0,Healthy,0
NB02995,Male,35.91,5.2,150,50,95.7,50.88,29.77,5.05,51.34,29.12,8,6,2,4.19,37.3,6,0,1,6,At Risk,0
NB02996,Male,38.17,5.2,112,29,94.7,47.24,32.97,4.94,47.58,32.0,8,5,5,3.13,36.75,5,0,1,6,At Risk,0
NB02997,Male,38.57,5.2,129,53,98.8,50.82,34.74,5.18,51.75,35.75,9,6,2,2.27,37.45,8,0,0,0,Healthy,0
NB02998,Female,35.27,5.2,142,37,95.2,48.8,31.01,5.1,50.46,30.33,7,10,3,2.92,36.93,7,0,0,0,Healthy,0
NB02999,Male,38.74,5.2,134,15,97.5,50.07,35.66,4.94,51.3,35.76,7,5,4,1.18,37.17,10,0,0,2,Healthy,0
NB03000,Female,37.66,5.2,133,52,89.9,51.77,32.13,5.24,52.85,32.16,8,8,5,2.79,36.88,8,1,0,4,At Risk,0
NB03001,Male,33.8,5.2,127,55,93.5,50.22,30.08,5.12,51.68,29.79,6,9,4,3.77,37.05,9,0,0,0,Healthy,0
NB03002,Male,36.11,5.2,118,31,100.0,48.58,33.53,5.04,48.79,32.89,10,10,1,2.79,36.59,6,0,1,6,At Risk,0
NB03003,Female,37.09,5.2,129,25,98.4,48.31,32.6,5.23,50.58,32.48,9,11,4,4.72,37.62,8,0,0,0,Healthy,0
NB03004,Female,42.0,5.2,152,55,96.2,55.15,36.11,5.04,56.2,36.77,6,6,2,3.25,36.58,10,0,0,0,Healthy,0
NB03005,Female,39.22,5.2,132,36,93.7,52.39,33.69,5.46,53.16,33.45,9,8,2,5.62,36.37,9,0,0,0,Healthy,0
NB03006,Female,35.06,5.2,143,55,91.7,41.92,30.5,5.5,42.02,29.86,7,8,1,1.73,36.87,6,0,1,6,At Risk,0
NB03007,Male,39.07,5.2,160,24,93.1,50.56,35.08,5.37,49.27,35.23,8,10,3,2.6,37.64,8,0,0,2,Healthy,0
NB03008,Female,34.6,5.2,151,56,97.2,45.75,32.14,5.14,46.03,31.03,4,7,3,0.24,36.49,10,0,0,0,Healthy,0
NB03009,Female,40.38,5.2,117,53,88.1,52.54,35.81,5.31,51.88,36.09,8,11,6,4.76,36.72,10,1,0,4,At Risk,0
NB03010,Male,36.96,5.2,148,47,100.0,48.28,32.15,5.1,48.04,32.62,11,9,5,1.73,36.92,6,0,1,6,At Risk,0
NB03011,Female,37.79,5.2,159,22,99.3,49.24,33.35,5.36,49.58,33.18,6,6,2,5.77,36.2,7,0,0,2,Healthy,0
NB03012,Female,40.92,5.2,130,38,99.3,50.5,38.24,5.37,52.06,38.82,7,5,1,0.2,36.18,8,0,0,0,Healthy,0
NB03013,Male,35.17,5.2,111,52,97.2,48.52,29.69,5.39,48.6,29.74,11,6,2,2.03,37.31,8,0,0,0,Healthy,0
NB03014,Male,34.93,5.2,132,25,95.4,50.14,34.48,5.16,49.37,34.42,11,6,4,5.68,36.83,9,0,0,1,Healthy,0
NB03015,Male,36.72,5.2,143,37,96.3,46.75,33.05,5.37,45.51,32.53,10,4,3,4.71,36.32,9,0,0,0,Healthy,0
NB03016,Female,40.28,5.2,151,46,93.7,48.86,35.13,5.33,47.99,35.8,11,7,4,0.2,36.66,9,0,0,0,Healthy,0
NB03017,Female,34.66,5.2,131,30,100.0,46.63,32.89,5.28,48.98,32.7,10,7,0,3.87,36.55,8,0,0,0,Healthy,0
NB03018,Female,31.77,5.2,103,55,94.5,43.94,26.34,5.25,43.57,26.28,5,3,5,1.67,36.8,6,0,1,9,High Risk,0
NB03019,Male,37.01,5.2,117,53,93.3,51.05,35.18,5.02,49.47,35.68,9,3,6,4.55,36.89,9,0,0,0,Healthy,0
NB03020,Male,39.21,5.2,146,44,94.1,48.23,37.44,5.31,48.73,37.03,8,8,0,2.43,35.83,9,0,0,2,Healthy,0
NB03021,Male,40.64,5.2,176,46,92.5,50.9,37.28,5.17,50.5,36.93,6,8,4,4.44,37.4,8,0,0,0,Healthy,0
NB03022,Female,36.98,5.2,140,37,97.8,44.39,29.93,4.97,44.57,30.04,5,6,3,0.91,36.83,9,0,0,0,Healthy,0
NB03023,Male,37.09,5.2,164,48,93.2,51.54,34.31,5.09,52.62,33.45,10,5,4,2.85,36.51,6,0,1,6,At Risk,0
NB03024,Male,40.54,5.2,121,36,94.6,52.39,38.05,5.32,53.82,38.37,8,9,0,3.75,37.2,8,0,0,0,Healthy,0
NB03025,Male,33.89,5.2,128,40,99.7,44.97,33.23,5.13,45.08,33.32,8,5,0,1.63,36.33,7,0,0,1,Healthy,0
NB03026,Male,37.15,5.2,98,37,98.7,46.19,31.09,5.12,46.73,30.19,9,9,3,2.66,36.66,10,1,1,5,At Risk,0
NB03027,Male,38.42,5.2,147,56,91.4,47.52,35.62,4.81,49.04,34.42,11,11,2,5.84,36.25,9,0,0,0,Healthy,0
NB03028,Male,38.99,5.2,124,54,99.1,51.32,37.19,5.45,50.74,36.95,7,9,2,3.91,37.13,7,0,0,0,Healthy,0
NB03029,Female,36.88,5.2,151,32,90.0,46.38,33.06,5.01,45.31,32.92,7,4,4,0.2,37.34,9,0,0,0,Healthy,0
NB03030,Female,38.08,5.2,131,55,89.7,49.88,31.67,5.24,50.57,32.52,7,5,5,2.8,36.97,7,1,0,4,At Risk,0
NB03031,Female,32.53,5.2,176,34,93.9,48.76,31.21,5.14,47.93,32.57,7,6,1,4.68,36.71,10,0,0,0,Healthy,0
NB03032,Female,36.55,5.2,172,61,96.0,47.6,34.37,5.28,47.37,33.96,12,7,3,2.36,36.23,10,0,0,0,Healthy,0
NB03033,Male,39.0,5.2,99,58,94.2,48.58,34.29,5.28,48.78,33.88,10,7,2,4.15,36.59,7,1,1,5,At Risk,0
NB03034,Female,35.84,5.2,151,64,96.5,48.42,30.5,5.19,48.83,31.46,9,4,3,4.9,36.9,9,0,0,0,Healthy,0
NB03035,Female,38.13,5.2,127,45,93.7,47.27,35.36,5.29,47.18,35.69,9,9,3,0.81,36.54,8,0,0,0,Healthy,0
NB03036,Male,38.98,5.2,152,39,87.8,53.92,33.33,5.23,55.12,35.56,8,9,4,3.95,36.6,8,1,0,4,At Risk,0
NB03037,Female,37.25,5.2,116,39,94.3,51.73,33.87,4.96,51.85,33.84,3,7,1,3.67,36.3,10,0,0,1,Healthy,0
NB03038,Female,38.38,5.2,166,46,89.7,49.61,36.4,5.47,48.18,37.09,12,6,4,5.07,36.47,10,1,0,4,At Risk,0
NB03039,Female,35.88,5.2,159,32,95.0,45.9,29.83,5.5,46.33,31.34,7,8,2,2.66,36.14,8,0,0,0,Healthy,0
NB03040,Male,37.55,5.2,115,18,90.6,48.34,34.84,5.05,48.69,34.21,10,6,1,3.86,36.92,5,0,1,8,High Risk,0
NB03041,Male,39.34,5.2,137,38,96.8,50.22,34.43,4.92,50.13,33.95,10,7,2,5.7,36.82,9,0,0,0,Healthy,0
NB03042,Male,38.35,5.2,143,42,99.7,50.68,33.77,5.48,50.64,34.12,8,8,5,4.96,36.84,10,0,0,0,Healthy,0
NB03043,Female,36.71,5.2,153,48,88.9,50.52,33.67,5.02,50.22,33.74,12,5,3,2.41,36.64,6,1,1,11,High Risk,1
NB03044,Male,38.49,5.2,140,46,87.9,47.97,32.99,5.49,47.32,33.18,10,12,3,3.22,36.53,8,1,0,4,At Risk,0
NB03045,Male,39.57,5.2,154,43,93.9,53.04,33.14,5.46,54.74,32.78,7,5,4,6.24,36.67,7,0,0,0,Healthy,0
NB03046,Male,33.49,5.2,139,54,99.0,46.78,27.97,5.2,47.6,28.05,10,6,0,0.2,36.61,8,0,0,0,Healthy,0
NB03047,Male,40.55,5.2,151,33,95.5,50.88,37.43,5.19,51.76,37.31,10,4,1,0.5,36.87,10,0,0,0,Healthy,0
NB03048,Male,37.26,5.2,115,35,93.5,46.76,32.72,5.03,46.74,33.15,8,6,3,5.11,37.62,9,0,0,1,Healthy,0
NB03049,Male,38.94,5.2,140,63,91.2,50.67,35.31,5.24,49.98,35.97,9,11,4,3.67,36.71,7,0,0,0,Healthy,0
NB03050,Male,40.63,5.2,161,15,97.5,49.85,34.92,5.33,47.02,34.11,8,5,4,5.06,36.53,9,0,0,2,Healthy,0
NB03051,Male,34.98,5.2,165,53,100.0,48.93,29.94,5.3,50.27,30.81,7,7,3,3.43,36.69,7,0,0,0,Healthy,0
NB03052,Female,36.44,5.2,143,48,88.5,45.95,33.69,5.35,48.21,33.8,8,10,3,4.29,36.58,7,1,0,4,At Risk,0
NB03053,Male,37.37,5.2,138,42,96.0,50.12,33.85,5.44,48.97,34.52,8,4,6,5.11,36.58,8,0,0,0,Healthy,0
NB03054,Female,36.28,5.2,165,51,100.0,47.89,32.24,5.22,46.12,32.23,8,7,5,3.91,36.54,9,0,0,0,Healthy,0
NB03055,Male,41.82,5.2,138,49,92.9,51.91,36.92,5.5,52.77,37.68,4,8,3,3.09,37.11,10,0,0,0,Healthy,0
NB03056,Male,36.12,5.2,161,27,94.3,47.7,31.04,5.32,49.69,31.67,11,10,4,5.52,37.1,7,0,0,0,Healthy,0
NB03057,Male,36.78,5.2,138,32,94.9,50.66,34.54,5.31,50.11,34.88,11,7,3,3.86,37.21,9,0,0,0,Healthy,0
NB03058,Female,38.45,5.2,141,37,93.6,47.62,36.05,5.31,49.78,36.18,6,8,0,3.55,37.3,9,0,0,0,Healthy,0
NB03059,Female,35.36,5.2,120,21,98.8,46.4,33.09,5.31,47.09,33.5,7,3,2,6.49,36.64,9,0,0,3,At Risk,0
NB03060,Male,37.13,5.2,118,42,100.0,47.31,32.63,5.31,45.02,33.89,6,9,3,1.32,36.09,9,0,0,0,Healthy,0
NB03061,Female,38.7,5.2,158,48,89.0,50.15,34.38,5.44,51.5,35.14,5,11,4,0.65,37.69,9,1,0,4,At Risk,0
NB03062,Female,37.27,5.2,171,54,91.7,47.57,35.64,4.73,47.52,36.14,6,10,3,6.58,35.78,9,0,0,2,Healthy,0
NB03063,Male,37.79,5.2,142,43,99.4,45.88,35.58,5.18,45.95,35.35,8,6,4,0.2,36.65,9,0,0,0,Healthy,0
NB03064,Female,36.84,5.2,137,35,97.1,46.44,35.98,4.9,46.37,35.7,9,7,2,6.41,36.16,8,0,0,0,Healthy,0
NB03065,Female,34.67,5.2,158,44,96.5,49.88,30.3,5.5,50.16,29.95,6,7,2,3.38,36.98,10,0,0,0,Healthy,0
NB03066,Female,38.71,5.2,146,41,97.4,50.73,32.99,4.95,50.08,32.35,7,12,0,0.96,36.37,10,0,0,1,Healthy,0
NB03067,Female,41.86,5.2,97,50,95.3,53.5,36.7,5.07,52.53,37.31,9,11,4,3.92,37.31,9,1,1,5,At Risk,0
NB03068,Female,38.04,5.2,158,42,96.7,49.07,34.44,5.1,49.88,34.62,7,5,2,1.49,36.9,8,0,0,0,Healthy,0
NB03069,Female,38.5,5.2,116,51,93.9,49.94,33.93,4.99,48.92,34.24,9,5,2,2.16,37.48,7,0,0,0,Healthy,0
NB03070,Male,39.52,5.2,140,39,94.2,50.11,34.28,5.17,49.24,33.41,6,10,3,3.99,36.85,9,0,0,0,Healthy,0
NB03071,Male,35.21,5.2,132,55,94.7,48.14,33.75,4.81,46.36,33.39,12,6,5,1.74,37.32,10,0,0,0,Healthy,0
NB03072,Female,41.75,5.2,128,44,93.6,53.17,36.29,5.5,54.31,36.31,7,8,4,1.71,36.31,10,0,0,1,Healthy,0
NB03073,Male,38.45,5.2,141,36,96.6,47.66,32.29,5.31,50.23,31.68,7,8,3,4.63,37.24,8,0,0,0,Healthy,0
NB03074,Male,41.59,5.2,156,39,96.0,53.34,34.66,5.08,52.2,34.06,6,11,1,2.11,36.74,9,0,0,0,Healthy,0
NB03075,Female,36.39,5.2,141,49,88.5,43.23,33.04,5.34,42.7,32.56,4,4,3,1.51,36.91,9,1,0,4,At Risk,0
NB03076,Male,42.0,5.2,165,29,94.3,54.03,40.0,5.29,54.22,40.4,9,8,3,0.2,37.22,10,0,0,0,Healthy,0
NB03077,Male,39.71,5.2,168,41,95.1,48.32,33.53,5.04,49.34,32.11,6,11,2,1.63,36.97,10,0,0,1,Healthy,0
NB03078,Male,39.22,5.2,167,53,100.0,50.5,34.18,5.37,50.63,34.18,8,13,4,1.71,36.44,8,0,0,0,Healthy,0
NB03079,Female,38.51,5.2,139,47,94.0,47.67,37.77,5.19,49.52,38.78,7,8,2,1.5,36.58,8,0,0,1,Healthy,0
NB03080,Male,37.45,5.2,131,30,95.3,49.11,32.69,5.46,48.57,33.43,10,5,1,5.77,36.32,7,0,0,0,Healthy,0
NB03081,Male,40.64,5.2,139,45,94.7,53.13,36.33,5.13,53.34,37.11,8,7,2,5.55,37.12,10,0,0,0,Healthy,0
NB03082,Male,38.31,5.2,160,29,99.6,52.88,36.83,4.96,53.12,36.72,5,6,2,3.46,36.64,8,0,0,0,Healthy,0
NB03083,Male,33.67,5.2,159,44,90.8,42.62,29.34,5.43,41.07,30.61,8,10,4,2.24,36.6,9,0,0,0,Healthy,0
NB03084,Female,35.54,5.2,93,56,92.3,49.34,31.62,5.18,49.41,31.37,13,8,5,2.0,36.89,9,1,1,5,At Risk,0
NB03085,Male,37.59,5.2,146,43,92.0,49.49,32.79,5.23,50.0,33.16,8,9,4,3.35,36.69,9,0,0,0,Healthy,0
NB03086,Male,38.68,5.2,97,31,95.0,49.31,32.0,5.28,48.0,32.42,7,7,2,3.27,37.33,8,1,1,5,At Risk,0
NB03087,Male,37.88,5.2,140,40,89.8,51.01,36.07,5.03,50.46,35.51,9,8,2,1.34,37.15,8,1,0,4,At Risk,0
NB03088,Male,40.68,5.2,130,44,100.0,51.54,34.8,5.17,53.56,33.72,7,7,2,4.93,37.13,9,0,0,0,Healthy,0
NB03089,Female,33.71,5.2,125,53,96.5,47.17,29.48,5.12,46.62,30.11,8,7,2,2.15,36.61,7,0,0,0,Healthy,0
NB03090,Female,38.32,5.2,155,53,97.0,47.9,33.35,5.15,48.23,32.9,8,3,4,3.45,37.12,8,0,0,0,Healthy,0
NB03091,Male,34.0,5.2,128,31,100.0,44.73,32.39,5.48,44.63,32.44,6,7,5,1.64,37.03,7,0,0,1,Healthy,0
NB03092,Female,39.67,5.2,140,39,93.8,52.99,35.14,5.07,52.57,35.48,10,9,5,0.92,36.25,8,0,0,0,Healthy,0
NB03093,Female,37.79,5.2,123,46,98.0,52.38,32.47,5.06,51.39,32.55,10,9,4,0.2,36.69,8,0,0,0,Healthy,0
NB03094,Female,38.92,5.2,141,36,97.0,50.36,35.06,5.5,50.92,35.57,6,8,4,3.53,36.72,7,0,0,0,Healthy,0
NB03095,Male,36.1,5.2,157,47,100.0,42.31,33.69,5.03,41.58,34.07,10,7,5,3.0,37.47,9,0,0,0,Healthy,0
NB03096,Male,40.81,5.2,124,29,97.4,51.74,35.73,5.24,51.52,36.16,10,6,3,1.47,36.61,8,0,0,0,Healthy,0
NB03097,Male,40.29,5.2,152,45,93.2,51.73,35.05,5.37,53.16,35.38,8,6,3,3.09,37.02,9,0,0,1,Healthy,0
NB03098,Female,39.28,5.2,141,52,96.5,50.29,36.22,5.37,49.6,35.45,11,10,3,2.84,37.39,7,0,0,0,Healthy,0
NB03099,Female,37.72,5.2,141,43,92.7,50.02,33.33,4.95,51.36,33.45,11,9,2,4.47,36.38,6,0,1,6,At Risk,0
NB03100,Male,39.28,5.2,134,44,93.4,49.79,37.11,5.09,49.54,37.49,7,7,4,0.85,36.93,8,0,0,0,Healthy,0
NB03101,Female,36.44,5.2,154,50,95.0,49.88,31.57,4.88,49.87,33.05,9,9,2,4.08,37.71,6,0,1,6,At Risk,0
NB03102,Female,39.88,5.2,152,38,94.3,48.96,33.95,5.4,49.62,34.29,9,11,3,1.75,36.09,10,0,0,0,Healthy,0
NB03103,Male,41.63,5.2,138,48,91.9,55.34,34.98,5.44,54.13,34.98,10,9,5,3.13,36.53,10,0,0,0,Healthy,0
NB03104,Male,40.36,5.2,144,42,87.1,54.82,35.09,5.43,55.74,35.59,9,9,5,0.2,36.92,8,1,0,4,At Risk,0
NB03105,Female,36.39,5.2,153,33,96.0,46.33,32.68,5.23,45.53,32.37,10,5,4,1.54,36.96,10,0,0,0,Healthy,0
NB03106,Male,38.8,5.2,150,51,96.3,48.49,32.37,5.18,48.87,33.32,9,9,1,2.58,36.87,6,0,1,7,At Risk,0
NB03107,Male,35.16,5.2,134,56,96.3,47.86,31.95,5.12,46.89,32.0,13,7,2,2.98,37.05,9,0,0,0,Healthy,0
NB03108,Female,39.26,5.2,161,54,100.0,48.36,35.53,4.93,48.93,35.49,8,7,4,2.95,37.37,10,0,0,0,Healthy,0
NB03109,Female,38.99,5.2,156,51,89.6,49.51,32.3,5.33,48.31,31.53,6,9,4,0.86,36.82,10,1,0,4,At Risk,0
NB03110,Female,33.89,5.2,178,47,100.0,48.1,30.14,5.04,47.74,29.96,10,6,3,4.72,36.77,9,0,0,0,Healthy,0
NB03111,Male,35.44,5.2,112,46,100.0,48.77,32.86,4.82,48.42,32.91,7,5,5,1.02,37.07,7,0,0,0,Healthy,0
NB03112,Male,37.38,5.2,153,41,100.0,53.0,31.73,5.49,53.71,32.87,7,10,3,4.11,37.7,9,0,0,0,Healthy,0
NB03113,Female,37.34,5.2,161,35,93.8,49.35,32.86,5.11,50.99,32.72,8,8,3,1.67,37.07,10,0,0,1,Healthy,0
NB03114,Female,35.34,5.2,158,21,96.6,45.98,33.57,5.28,45.72,33.62,9,5,4,4.61,37.27,8,0,0,2,Healthy,0
NB03115,Male,38.86,5.2,135,26,92.3,50.47,37.09,5.2,50.32,37.61,7,7,3,3.58,36.09,10,0,0,0,Healthy,0
NB03116,Female,38.55,5.2,115,42,92.6,49.8,34.85,5.46,49.27,34.45,10,8,3,4.82,36.72,6,0,1,6,At Risk,0
NB03117,Male,37.57,5.2,168,29,100.0,48.94,33.25,4.94,50.7,33.06,7,5,2,3.86,36.25,9,0,0,0,Healthy,0
NB03118,Male,36.34,5.2,131,46,97.4,48.06,31.88,5.38,47.97,32.76,10,6,2,2.93,36.81,8,0,0,0,Healthy,0
NB03119,Female,40.31,5.2,135,59,97.7,49.81,36.78,5.22,50.48,35.98,8,7,3,3.39,37.44,10,0,0,0,Healthy,0
NB03120,Female,41.64,5.2,177,15,91.1,53.44,38.05,5.32,54.02,37.73,9,2,7,2.17,36.22,7,0,0,3,At Risk,0
NB03121,Female,36.94,5.2,117,32,89.8,45.83,31.32,5.15,45.21,31.64,6,11,2,4.31,37.58,9,1,0,4,At Risk,0
NB03122,Male,36.65,5.2,155,64,98.7,46.95,34.22,5.16,47.7,34.56,5,11,2,4.48,36.8,10,0,0,0,Healthy,0
NB03123,Female,39.08,5.2,126,50,96.5,50.33,33.65,5.41,51.77,35.33,9,7,3,1.24,37.2,7,0,0,0,Healthy,0
NB03124,Male,37.21,5.2,126,41,94.0,44.37,31.96,5.08,44.13,32.16,12,8,6,1.32,37.26,10,0,0,0,Healthy,0
NB03125,Female,37.69,5.2,143,37,100.0,50.86,33.35,5.12,52.02,33.1,7,8,5,5.24,37.7,10,0,0,0,Healthy,0
NB03126,Female,39.63,5.2,152,48,97.1,46.96,36.43,5.18,47.44,36.27,12,5,2,5.67,37.06,10,0,0,0,Healthy,0
NB03127,Female,33.8,5.2,157,52,92.0,47.16,31.32,4.94,46.17,32.1,9,8,2,1.11,36.41,10,0,0,0,Healthy,0
NB03128,Female,40.9,5.2,159,29,88.2,49.62,36.25,5.18,51.37,35.94,7,5,3,1.67,37.26,10,1,0,4,At Risk,0
NB03129,Female,38.16,5.2,127,57,97.1,48.93,34.44,5.19,49.89,34.42,7,2,2,1.35,35.6,8,0,0,3,At Risk,0
NB03130,Male,37.09,5.2,119,46,93.4,49.82,33.87,5.37,48.75,34.52,9,7,6,1.49,36.39,10,0,0,0,Healthy,0
NB03131,Female,37.8,5.2,134,51,94.5,53.82,33.49,5.12,53.08,33.41,11,7,4,4.87,36.54,10,0,0,0,Healthy,0
NB03132,Female,37.92,5.2,146,52,94.2,49.76,34.69,4.85,51.25,35.15,9,11,1,5.36,35.85,7,0,0,2,Healthy,0
NB03133,Male,34.19,5.2,136,45,100.0,42.21,30.14,5.24,41.42,29.33,8,5,3,3.73,37.56,8,0,0,1,Healthy,0
NB03134,Female,41.29,5.2,75,46,97.9,54.47,37.08,5.13,53.33,36.58,9,6,4,5.86,37.4,7,1,1,5,At Risk,0
NB03135,Male,38.09,5.2,107,47,94.7,49.22,35.15,4.99,47.85,34.92,6,6,4,4.62,37.0,7,0,0,0,Healthy,0
NB03136,Male,38.97,5.2,136,38,94.6,50.62,35.53,5.29,50.15,34.77,7,6,3,2.49,37.24,9,0,0,0,Healthy,0
NB03137,Male,40.09,5.2,155,48,96.0,52.6,36.39,5.3,53.51,35.81,9,5,3,8.3,36.96,10,0,0,1,Healthy,0
NB03138,Female,35.75,5.2,124,39,99.6,43.13,32.92,5.35,43.58,32.64,8,5,4,3.12,37.19,6,0,1,6,At Risk,0
NB03139,Female,39.04,5.2,153,42,95.3,50.55,36.29,5.31,49.48,37.66,8,8,5,3.17,37.37,8,0,0,0,Healthy,0
NB03140,Female,37.41,5.2,113,58,93.0,48.25,29.98,5.38,48.16,30.32,8,5,4,6.02,36.15,9,0,0,0,Healthy,0
NB03141,Male,39.86,5.2,145,42,90.8,53.72,36.38,5.3,54.55,36.98,8,13,3,2.82,37.21,10,0,0,0,Healthy,0
NB03142,Female,33.32,5.2,145,46,94.7,46.84,33.49,5.5,46.18,33.99,6,7,1,2.79,37.31,10,0,0,0,Healthy,0
NB03143,Female,37.78,5.2,148,40,90.8,46.15,32.71,5.5,46.17,31.45,6,13,3,4.05,36.53,9,0,0,0,Healthy,0
NB03144,Male,36.67,5.2,122,38,96.2,50.93,31.77,5.28,52.86,31.95,9,6,1,4.16,36.7,10,0,0,0,Healthy,0
NB03145,Female,38.95,5.2,112,61,96.6,51.35,36.4,4.88,51.62,36.18,11,3,4,3.27,36.45,9,0,0,0,Healthy,0
NB03146,Male,39.03,5.2,153,27,99.2,47.44,33.13,5.5,49.25,32.28,9,8,4,2.62,36.94,7,0,0,0,Healthy,0
NB03147,Male,36.44,5.2,113,43,94.3,48.31,31.71,5.18,47.73,32.08,6,5,4,1.65,36.98,7,0,0,1,Healthy,0
NB03148,Male,36.43,5.2,126,30,98.6,50.26,32.96,5.36,50.04,31.96,10,5,5,2.83,36.89,6,0,1,6,At Risk,0
NB03149,Male,37.76,5.2,165,55,100.0,46.95,32.43,5.32,48.41,32.52,8,3,3,4.41,36.46,9,0,0,0,Healthy,0
NB03150,Male,36.03,5.2,143,41,95.3,50.58,33.73,5.21,50.84,33.65,10,6,5,3.18,37.42,7,0,0,0,Healthy,0
NB03151,Male,39.85,5.2,147,37,100.0,48.24,33.91,5.13,47.21,33.48,8,10,2,7.21,36.54,8,0,0,0,Healthy,0
NB03152,Female,37.19,5.2,151,24,100.0,47.29,33.77,5.16,49.52,34.45,10,7,3,2.26,37.05,7,0,0,2,Healthy,0
NB03153,Female,31.6,5.2,151,58,93.3,41.96,29.75,4.69,42.44,29.73,10,7,5,0.58,37.15,8,0,0,3,At Risk,0
NB03154,Male,37.18,5.2,140,29,100.0,51.61,35.72,5.0,53.69,35.95,6,6,4,2.56,36.03,9,0,0,0,Healthy,0
NB03155,Female,35.72,5.2,124,47,94.8,46.56,33.95,5.13,46.09,34.46,10,11,4,2.7,36.95,8,0,0,0,Healthy,0
NB03156,Female,34.41,5.2,188,51,99.9,44.04,30.49,5.24,44.07,31.08,8,6,5,5.07,37.36,10,0,0,1,Healthy,0
NB03157,Male,35.28,5.2,135,64,97.2,48.04,30.0,5.35,48.91,30.17,8,5,3,3.15,36.79,8,0,0,0,Healthy,0
NB03158,Male,38.24,5.2,146,36,96.1,51.14,35.23,5.12,52.74,34.79,9,6,4,3.87,37.2,10,0,0,0,Healthy,0
NB03159,Female,40.92,5.2,148,33,99.6,53.57,34.87,5.37,54.8,34.91,9,7,5,4.88,36.49,10,0,0,0,Healthy,0
NB03160,Male,38.69,5.2,130,38,95.5,49.68,33.78,5.18,47.47,34.33,7,6,6,6.5,37.27,10,0,0,0,Healthy,0
NB03161,Male,36.67,5.2,132,36,94.7,48.91,31.28,5.16,48.4,31.01,9,1,3,0.75,36.29,9,0,0,1,Healthy,0
NB03162,Male,39.0,5.2,167,23,94.8,49.2,35.52,5.24,49.55,35.9,5,6,2,4.64,36.79,7,0,0,3,At Risk,0
NB03163,Female,36.99,5.2,127,58,91.0,52.04,32.12,5.38,53.0,31.84,10,9,5,2.97,37.36,8,0,0,0,Healthy,0
NB03164,Male,36.47,5.2,147,38,98.7,50.51,32.68,5.18,50.36,33.27,9,6,1,3.12,37.33,10,0,0,0,Healthy,0
NB03165,Male,35.46,5.2,156,40,92.7,49.48,31.99,5.3,49.29,32.04,9,6,4,2.56,36.22,9,0,0,0,Healthy,0
NB03166,Female,34.15,5.2,136,48,95.7,47.72,31.38,5.38,48.14,30.84,7,9,2,0.78,36.7,9,0,0,0,Healthy,0
NB03167,Male,37.14,5.2,138,56,95.1,49.87,34.19,5.34,49.2,35.86,14,9,3,1.83,36.53,8,0,0,0,Healthy,0
NB03168,Female,38.35,5.2,157,30,97.1,47.42,33.68,5.1,46.97,33.86,10,6,3,2.1,37.33,10,0,0,0,Healthy,0
NB03169,Male,37.79,5.2,138,46,95.0,50.68,32.54,5.13,51.04,31.13,8,6,4,5.13,36.77,6,0,1,6,At Risk,0
NB03170,Male,37.08,5.2,103,30,94.1,49.0,30.37,5.35,49.17,29.91,9,3,6,6.59,36.87,9,0,0,0,Healthy,0
NB03171,Female,35.92,5.2,167,45,96.5,50.25,32.5,5.2,49.29,33.41,9,8,6,3.28,37.02,7,0,0,0,Healthy,0
NB03172,Female,39.34,5.2,122,45,96.2,52.42,34.5,5.07,52.88,35.1,9,6,2,4.88,36.25,9,0,0,0,Healthy,0
NB03173,Female,35.1,5.2,144,37,91.3,48.09,30.71,5.24,48.71,31.54,1,12,3,0.44,36.93,6,0,1,7,At Risk,0
NB03174,Male,39.71,5.2,116,44,94.6,47.77,35.09,5.39,49.35,34.98,9,9,2,3.79,36.35,10,0,0,0,Healthy,0
NB03175,Female,35.8,5.2,131,45,99.4,47.44,33.54,5.41,47.59,34.12,10,10,2,1.85,36.58,8,0,0,1,Healthy,0
NB03176,Female,36.34,5.2,132,41,100.0,46.99,34.31,5.43,48.33,34.25,7,5,3,3.15,36.6,8,0,0,0,Healthy,0
NB03177,Female,34.77,5.2,143,40,89.0,47.2,29.24,5.24,45.37,29.55,5,8,3,4.99,37.02,7,1,0,4,At Risk,0
NB03178,Female,36.9,5.2,124,28,97.9,47.78,32.49,5.31,47.92,31.81,7,7,1,3.99,36.44,8,0,0,0,Healthy,0
NB03179,Male,40.15,5.2,176,31,95.4,50.98,36.74,5.45,50.68,36.68,8,6,3,2.53,36.59,8,0,0,0,Healthy,0
NB03180,Female,39.13,5.2,140,36,92.9,51.54,36.99,5.1,51.24,35.55,12,6,3,4.23,36.95,9,0,0,0,Healthy,0
NB03181,Female,40.15,5.2,156,32,93.5,50.67,34.08,5.43,51.3,34.11,8,2,3,6.28,37.42,10,0,0,1,Healthy,0
NB03182,Female,39.15,5.2,140,36,91.7,50.88,36.67,5.37,49.25,36.25,7,10,2,3.98,37.0,10,0,0,0,Healthy,0
NB03183,Female,35.57,5.2,158,41,90.2,44.38,30.08,5.37,42.89,30.29,10,3,4,2.21,37.31,5,0,1,6,At Risk,0
NB03184,Female,37.27,5.2,102,43,96.3,47.28,35.01,4.89,48.07,34.45,7,7,4,0.97,35.84,9,0,0,2,Healthy,0
NB03185,Female,36.28,5.2,127,48,100.0,49.37,32.18,5.12,49.76,32.22,5,9,3,4.69,37.45,9,0,0,1,Healthy,0
NB03186,Male,40.93,5.2,131,44,96.2,49.77,38.19,5.11,49.24,40.17,7,10,2,1.97,36.41,6,0,1,6,At Risk,0
NB03187,Male,35.37,5.2,130,43,95.6,49.72,31.26,5.5,51.22,31.25,9,11,3,3.3,36.53,10,0,0,0,Healthy,0
NB03188,Male,39.97,5.2,149,47,92.8,53.32,34.71,5.05,54.54,34.45,6,9,2,5.15,37.67,10,0,0,0,Healthy,0
NB03189,Male,39.96,5.2,151,33,91.7,50.83,34.98,5.02,51.38,35.14,10,8,3,2.49,36.88,6,0,1,6,At Risk,0
NB03190,Female,42.0,5.2,139,34,95.1,58.0,34.29,4.99,56.81,32.58,12,11,3,5.16,36.46,6,0,1,6,At Risk,0
NB03191,Male,37.1,5.2,139,38,91.4,51.28,30.53,5.16,52.81,30.39,11,6,1,2.34,36.52,10,0,0,0,Healthy,0
NB03192,Male,39.57,5.2,184,35,98.9,49.11,35.66,5.31,47.42,35.72,7,5,2,1.66,36.18,10,0,0,1,Healthy,0
NB03193,Female,42.0,5.2,146,24,93.0,54.69,38.08,5.5,53.78,38.3,6,7,1,2.49,36.81,9,0,0,2,Healthy,0
NB03194,Female,36.64,5.2,100,48,92.0,48.51,33.76,5.15,49.52,34.5,4,5,2,3.92,36.65,10,1,1,5,At Risk,0
NB03195,Female,34.62,5.2,154,32,100.0,45.01,29.56,5.08,43.71,29.89,7,5,3,1.63,37.1,7,0,0,0,Healthy,0
NB03196,Male,33.86,5.2,150,60,99.5,43.74,31.63,5.5,45.32,31.04,4,8,3,3.17,37.57,6,0,1,6,At Risk,0
NB03197,Male,39.57,5.2,161,44,90.8,53.0,33.41,5.5,55.13,32.38,9,7,4,6.74,36.24,9,0,0,0,Healthy,0
NB03198,Female,33.86,5.2,151,27,91.9,44.68,31.51,4.88,45.51,32.21,11,5,4,5.11,37.07,10,0,0,0,Healthy,0
NB03199,Male,37.18,5.2,124,49,94.3,48.66,34.92,5.13,48.12,34.66,9,7,4,2.04,36.11,7,0,0,0,Healthy,0
NB03200,Male,38.96,5.2,156,42,94.4,48.62,35.02,5.27,47.53,35.3,7,8,0,6.37,37.0,6,0,1,6,At Risk,0
NB03201,Male,38.41,5.2,142,45,93.4,48.47,36.29,5.27,47.15,37.29,11,6,3,4.55,36.27,9,0,0,0,Healthy,0
NB03202,Female,38.94,5.2,159,37,99.7,50.19,34.23,5.5,50.69,34.5,7,8,2,4.84,36.19,10,0,0,0,Healthy,0
NB03203,Female,38.49,5.2,168,33,95.7,50.82,33.82,5.12,51.12,32.99,7,7,2,3.99,37.95,9,0,0,0,Healthy,0
NB03204,Female,40.81,5.2,138,27,94.9,46.96,35.87,5.0,47.36,36.17,8,9,4,2.98,37.77,10,0,0,1,Healthy,0
NB03205,Male,35.9,5.2,156,29,92.9,47.75,30.32,5.08,49.35,30.27,6,8,3,5.89,36.48,9,0,0,0,Healthy,0
NB03206,Male,36.51,5.2,159,28,91.3,46.77,32.15,5.45,47.75,31.41,8,2,3,4.37,37.66,9,0,0,1,Healthy,0
NB03207,Female,36.3,5.2,143,38,92.8,50.87,32.14,5.23,51.38,32.82,10,9,2,4.88,36.78,8,0,0,1,Healthy,0
NB03208,Female,39.83,5.2,175,41,91.9,57.13,34.65,5.5,57.43,34.96,8,9,5,2.54,36.18,7,0,0,0,Healthy,0
NB03209,Male,39.98,5.2,159,27,90.6,50.66,35.59,5.36,49.84,36.83,5,4,5,3.15,37.09,9,0,0,0,Healthy,0
NB03210,Male,38.99,5.2,129,51,98.8,47.05,32.27,5.09,47.75,32.39,8,6,1,2.12,37.23,8,0,0,0,Healthy,0
NB03211,Male,40.6,5.2,145,43,98.3,52.18,33.9,5.4,52.62,33.58,9,6,2,3.76,37.14,6,0,1,6,At Risk,0
NB03212,Female,35.41,5.2,155,66,93.7,46.86,33.68,5.47,48.14,34.0,7,5,2,3.8,36.04,10,0,0,1,Healthy,0
NB03213,Female,41.67,5.2,175,38,99.6,56.84,33.36,5.5,57.31,33.28,8,4,3,3.86,36.29,7,0,0,1,Healthy,0
NB03214,Male,41.35,5.2,151,64,97.1,55.95,37.07,4.95,58.54,37.95,10,9,3,3.23,37.22,8,0,0,0,Healthy,0
NB03215,Female,39.62,5.2,145,49,91.2,52.79,34.37,5.29,54.18,34.53,7,8,2,3.2,36.28,10,0,0,0,Healthy,0
NB03216,Male,41.92,5.2,163,22,89.9,51.95,36.78,5.01,50.31,36.49,9,9,5,4.93,37.26,7,1,0,6,At Risk,0
NB03217,Female,34.36,5.2,136,30,96.1,47.68,33.59,5.17,48.11,33.81,8,7,5,4.48,36.64,9,0,0,0,Healthy,0
NB03218,Male,36.85,5.2,122,45,96.7,49.09,32.8,5.18,50.56,33.09,5,10,2,5.85,36.06,9,0,0,1,Healthy,0
NB03219,Male,36.38,5.2,153,25,90.5,48.63,33.61,5.29,48.21,33.84,6,3,2,3.58,36.21,6,0,1,8,High Risk,0
NB03220,Male,39.59,5.2,133,33,93.2,47.91,35.0,5.33,47.47,34.93,8,8,5,0.84,37.0,6,0,1,6,At Risk,0
NB03221,Female,35.69,5.2,189,26,98.0,49.64,32.02,5.11,51.53,32.17,9,9,2,5.38,37.03,7,0,0,1,Healthy,0
NB03222,Male,39.67,5.2,145,63,100.0,51.32,34.62,5.47,50.53,34.38,11,5,2,2.03,37.5,9,0,0,0,Healthy,0
NB03223,Female,41.02,5.2,153,53,95.3,52.11,36.96,5.5,52.9,37.21,5,6,3,3.62,36.81,9,0,0,0,Healthy,0
NB03224,Male,39.53,5.2,129,39,95.2,49.78,33.77,5.27,49.87,33.32,5,4,4,5.12,36.71,6,0,1,6,At Risk,0
NB03225,Male,38.62,5.2,163,57,93.4,48.57,32.54,5.5,49.47,32.17,8,9,2,6.33,37.61,10,0,0,0,Healthy,0
NB03226,Male,35.83,5.2,140,55,100.0,48.28,32.39,5.21,47.9,33.67,9,5,3,2.47,36.42,10,0,0,1,Healthy,0
NB03227,Female,36.14,5.2,138,55,96.9,44.42,32.79,4.86,43.96,32.57,6,7,2,3.44,36.67,10,0,0,0,Healthy,0
NB03228,Male,40.75,5.2,138,36,92.1,53.65,32.99,5.05,54.96,33.33,9,6,5,0.2,37.01,9,0,0,0,Healthy,0
NB03229,Male,39.71,5.2,117,39,97.7,49.03,34.98,5.14,50.83,34.11,10,5,2,3.76,36.4,6,0,1,6,At Risk,0
NB03230,Female,37.91,5.2,135,31,92.5,45.41,31.9,5.41,45.43,31.79,10,6,1,2.21,37.0,10,0,0,1,Healthy,0
NB03231,Male,37.08,5.2,150,41,91.7,52.42,34.1,5.03,53.05,34.73,12,8,3,3.99,36.8,9,0,0,0,Healthy,0
NB03232,Male,33.54,5.2,112,34,93.4,43.87,27.97,5.22,44.92,28.31,7,7,2,1.36,37.31,9,0,0,0,Healthy,0
NB03233,Male,35.64,5.2,158,31,92.0,46.04,35.04,5.5,46.43,34.16,3,4,4,3.89,36.61,8,0,0,2,Healthy,0
NB03234,Male,42.0,5.2,135,53,91.8,55.47,36.09,5.28,56.36,35.81,7,8,4,4.23,36.51,9,0,0,0,Healthy,0
NB03235,Male,35.18,5.2,144,49,90.1,50.77,30.53,5.5,52.69,31.19,10,8,0,5.8,37.66,8,0,0,0,Healthy,0
NB03236,Male,38.42,5.2,100,33,92.6,46.91,33.67,4.99,45.79,33.08,10,10,5,0.2,37.18,10,1,1,5,At Risk,0
NB03237,Male,40.22,5.2,144,51,93.1,49.68,36.19,4.83,50.88,36.59,5,4,5,5.35,37.29,10,0,0,0,Healthy,0
NB03238,Male,35.24,5.2,121,45,90.3,45.35,33.2,4.91,47.69,33.45,11,10,5,0.63,37.18,8,0,0,1,Healthy,0
NB03239,Male,38.41,5.2,134,39,96.9,51.84,33.67,5.45,53.11,32.79,5,5,4,1.18,36.5,9,0,0,0,Healthy,0
NB03240,Female,40.06,5.2,112,58,88.8,54.74,33.09,5.18,53.7,33.61,7,3,3,0.89,36.37,9,1,0,4,At Risk,0
NB03241,Female,38.03,5.2,124,45,93.7,47.46,32.0,5.16,49.32,32.56,9,8,1,5.9,36.37,8,0,0,0,Healthy,0
NB03242,Female,42.0,5.2,137,60,97.3,56.03,37.03,5.5,56.21,37.08,7,9,4,2.33,36.54,8,0,0,0,Healthy,0
NB03243,Male,34.33,5.2,135,48,99.0,44.88,32.71,5.45,45.68,32.97,9,9,4,3.8,37.34,9,0,0,0,Healthy,0
NB03244,Male,40.33,5.2,156,49,93.0,52.37,37.11,5.32,53.61,36.77,7,5,5,1.81,36.79,9,0,0,0,Healthy,0
NB03245,Male,37.62,5.2,106,31,98.5,46.71,33.79,5.47,48.38,33.73,8,5,4,4.51,37.22,8,0,0,0,Healthy,0
NB03246,Male,39.7,5.2,139,36,93.7,50.88,36.44,5.2,50.27,36.66,5,6,6,5.01,37.17,9,0,0,0,Healthy,0
NB03247,Male,38.97,5.2,138,57,100.0,50.25,37.35,5.3,50.52,38.07,11,7,1,5.28,37.52,8,0,0,0,Healthy,0
NB03248,Male,36.39,5.2,132,54,89.9,47.52,34.46,4.99,48.01,34.83,8,9,7,4.0,37.16,8,1,0,4,At Risk,0
NB03249,Male,38.5,5.2,124,38,91.5,50.82,35.54,5.08,50.16,35.4,7,4,1,3.76,36.9,8,0,0,0,Healthy,0
NB03250,Female,33.91,5.2,160,28,95.6,43.91,29.73,5.18,44.89,29.64,9,8,2,2.31,36.22,7,0,0,0,Healthy,0
NB03251,Female,39.33,5.2,177,59,90.6,49.03,36.17,5.22,48.97,36.35,5,8,4,5.4,37.67,8,0,0,0,Healthy,0
NB03252,Female,38.66,5.2,109,53,92.5,51.07,34.95,5.43,51.35,34.91,8,6,3,3.76,37.28,10,0,0,0,Healthy,0
NB03253,Male,39.41,5.2,123,31,96.6,53.55,35.76,5.48,53.26,35.85,6,9,7,5.8,36.99,10,0,0,0,Healthy,0
NB03254,Male,40.33,5.2,122,31,95.7,51.65,37.32,5.5,52.43,35.83,6,10,3,1.18,36.9,9,0,0,0,Healthy,0
NB03255,Male,38.81,5.2,135,60,94.9,51.34,34.9,5.5,50.95,34.48,8,10,3,0.99,36.0,8,0,0,2,Healthy,0
NB03256,Male,38.33,5.2,163,37,94.9,51.41,33.87,5.46,51.57,35.01,9,7,4,3.94,36.99,7,0,0,0,Healthy,0
NB03257,Female,36.06,5.2,149,37,86.4,49.52,30.84,4.93,49.73,31.2,7,8,3,4.3,36.56,7,1,0,4,At Risk,0
NB03258,Female,36.43,5.2,137,35,95.5,46.28,32.26,5.5,45.95,32.67,7,6,4,2.11,36.06,4,0,1,6,At Risk,0
NB03259,Male,40.61,5.2,140,46,92.8,50.4,35.95,5.5,48.77,36.32,9,6,1,5.04,36.58,7,0,0,0,Healthy,0
NB03260,Female,41.16,5.2,134,28,93.7,51.06,36.43,5.26,51.95,36.74,7,6,5,1.36,36.91,10,0,0,0,Healthy,0
NB03261,Male,37.48,5.2,153,44,89.4,52.99,33.8,4.89,53.16,33.99,7,4,2,3.15,36.97,6,1,1,10,High Risk,1
NB03262,Male,38.1,5.2,155,28,97.4,50.71,35.31,5.27,50.56,36.12,9,4,1,4.63,36.27,8,0,0,1,Healthy,0
NB03263,Female,36.01,5.2,151,28,96.9,48.74,33.7,5.41,48.9,34.11,8,5,2,5.42,36.19,8,0,0,0,Healthy,0
NB03264,Female,40.58,5.2,100,28,90.9,52.65,35.51,5.28,53.69,34.58,8,8,6,3.06,36.66,9,0,0,0,Healthy,0
NB03265,Female,39.46,5.2,140,29,95.6,48.28,33.55,5.15,50.63,33.24,10,9,2,0.61,37.06,7,0,0,0,Healthy,0
NB03266,Male,42.0,5.2,137,49,100.0,57.08,37.18,5.21,55.56,36.92,7,3,2,3.5,36.44,8,0,0,0,Healthy,0
NB03267,Male,36.07,5.2,158,49,95.5,48.82,35.82,5.49,49.45,37.34,9,5,1,3.97,36.6,6,0,1,6,At Risk,0
NB03268,Female,37.17,5.2,144,40,88.0,50.3,33.7,5.32,50.03,33.87,4,3,2,4.34,36.88,8,1,0,5,At Risk,0
NB03269,Male,38.51,5.2,150,36,93.0,46.53,33.71,5.5,48.16,34.63,7,7,3,4.13,36.43,7,0,0,0,Healthy,0
NB03270,Male,39.42,5.2,131,56,95.4,52.44,35.6,5.45,51.32,35.57,8,7,2,3.58,35.9,8,0,0,3,At Risk,0
NB03271,Female,37.53,5.2,157,49,100.0,48.46,34.36,5.19,48.76,34.67,8,7,4,5.99,36.94,9,0,0,0,Healthy,0
NB03272,Male,36.08,5.2,162,30,90.8,45.23,33.33,5.4,45.27,33.47,7,11,3,5.84,36.01,9,0,0,0,Healthy,0
NB03273,Female,39.94,5.2,111,46,94.5,49.44,37.22,5.5,48.52,37.01,5,4,2,0.85,36.95,10,0,0,0,Healthy,0
NB03274,Female,39.59,5.2,117,45,91.3,48.5,35.49,5.26,48.05,35.04,7,3,5,3.38,36.7,10,0,0,0,Healthy,0
NB03275,Female,35.98,5.2,154,49,98.1,45.22,34.38,5.36,45.12,34.48,7,5,2,0.82,36.7,10,0,0,1,Healthy,0
NB03276,Male,40.98,5.2,137,69,93.7,52.4,36.23,4.93,52.76,35.86,8,6,4,0.2,36.3,8,0,0,1,Healthy,0
NB03277,Female,40.57,5.2,159,34,85.4,51.14,37.87,5.14,48.95,38.06,10,10,4,2.0,36.65,7,1,0,4,At Risk,0
NB03278,Male,38.3,5.2,144,48,93.6,50.53,35.82,5.2,50.45,35.66,6,8,2,3.05,36.4,7,0,0,0,Healthy,0
NB03279,Female,38.18,5.2,152,57,94.6,53.11,35.31,5.03,54.07,35.9,9,7,3,1.58,38.08,10,0,0,1,Healthy,0
NB03280,Female,39.22,5.2,127,59,96.4,50.44,35.84,5.26,51.96,35.45,7,10,3,0.2,36.44,9,0,0,0,Healthy,0
NB03281,Male,36.1,5.2,146,44,95.6,43.4,35.93,5.5,43.92,35.96,9,7,4,1.62,37.27,10,0,0,0,Healthy,0
NB03282,Female,38.07,5.2,146,29,97.3,49.18,35.46,5.29,49.92,35.39,10,6,2,5.72,36.55,9,0,0,0,Healthy,0
NB03283,Female,33.26,5.2,128,24,94.6,47.73,29.21,5.5,46.66,29.09,9,7,2,4.24,36.91,8,0,0,2,Healthy,0
NB03284,Male,39.93,5.2,158,50,95.3,51.16,35.52,5.37,51.02,36.1,9,4,5,3.19,36.8,10,0,0,0,Healthy,0
NB03285,Female,34.56,5.2,106,45,95.0,49.57,31.0,5.5,48.52,30.05,4,5,3,3.16,36.73,7,0,0,1,Healthy,0
NB03286,Male,41.31,5.2,144,43,93.5,53.48,39.21,5.22,53.5,38.18,7,11,5,3.27,36.71,7,0,0,0,Healthy,0
NB03287,Male,37.27,5.2,117,45,97.0,45.27,35.17,5.1,47.77,35.08,10,8,1,3.21,36.91,7,0,0,0,Healthy,0
NB03288,Male,37.53,5.2,122,52,98.0,49.4,36.52,5.39,51.06,37.78,12,9,6,4.3,37.42,10,0,0,1,Healthy,0
NB03289,Female,36.62,5.2,158,47,94.8,48.95,31.69,4.92,49.94,32.01,10,6,4,7.53,36.29,10,0,0,0,Healthy,0
NB03290,Male,37.37,5.2,120,46,93.3,51.19,35.01,5.35,51.71,35.98,9,7,4,0.2,36.0,8,0,0,1,Healthy,0
NB03291,Male,41.12,5.2,119,36,91.2,56.05,33.94,4.79,56.0,34.68,8,11,2,0.79,36.43,7,0,0,0,Healthy,0
NB03292,Male,32.53,5.2,150,52,96.2,46.49,27.58,5.06,47.34,26.84,7,5,5,3.94,36.86,6,0,1,6,At Risk,0
NB03293,Male,40.81,5.2,120,36,91.5,53.01,35.17,5.3,52.61,35.26,11,8,1,2.9,36.67,7,0,0,0,Healthy,0
NB03294,Female,38.74,5.2,158,52,95.6,51.62,36.59,4.98,53.99,36.16,9,10,3,3.46,37.49,7,0,0,0,Healthy,0
NB03295,Male,35.34,5.2,152,38,95.5,46.87,30.45,5.15,47.9,29.93,8,5,3,0.2,37.44,8,0,0,0,Healthy,0
NB03296,Male,35.63,5.2,126,48,98.7,44.55,32.12,4.97,45.71,31.2,9,5,4,1.02,36.6,10,0,0,0,Healthy,0
NB03297,Male,41.69,5.2,158,60,99.9,53.0,38.16,5.37,52.71,37.71,9,5,3,3.4,37.5,8,0,0,0,Healthy,0
NB03298,Female,35.92,5.2,105,49,84.4,48.46,33.61,5.46,48.2,34.0,9,7,5,2.21,36.99,7,1,1,7,At Risk,0
NB03299,Female,35.46,5.2,149,56,94.3,44.91,35.35,5.23,44.37,35.83,10,7,4,2.3,36.47,7,0,0,0,Healthy,0
NB03300,Female,40.5,5.2,118,38,87.6,54.51,35.56,5.5,53.46,35.87,6,5,5,1.36,36.75,9,1,0,4,At Risk,0
NB03301,Female,38.74,5.2,131,43,99.1,52.28,33.66,5.18,53.87,33.23,6,8,3,2.83,36.71,9,0,0,1,Healthy,0
NB03302,Female,35.94,5.2,132,38,94.9,45.0,30.71,4.96,45.88,30.55,10,6,2,1.07,36.47,10,0,0,0,Healthy,0
NB03303,Male,38.48,5.2,163,25,99.0,52.76,33.58,4.94,52.55,33.07,7,6,4,1.09,36.51,8,0,0,0,Healthy,0
NB03304,Female,35.74,5.2,131,53,95.9,46.95,30.56,5.2,46.55,31.47,8,10,2,4.13,37.0,8,0,0,0,Healthy,0
NB03305,Female,40.42,5.2,139,48,90.3,50.22,32.8,5.29,51.88,33.28,9,7,4,3.37,36.62,10,0,0,0,Healthy,0
NB03306,Female,40.34,5.2,132,47,91.6,53.86,38.38,5.5,54.58,37.54,8,8,5,4.37,36.67,10,0,0,0,Healthy,0
NB03307,Female,39.17,5.2,122,54,94.5,50.55,34.69,5.02,50.33,34.96,8,7,1,2.42,36.71,10,0,0,0,Healthy,0
NB03308,Female,38.8,5.2,121,31,97.0,54.11,38.24,5.1,55.48,37.7,7,5,5,4.38,36.72,9,0,0,0,Healthy,0
NB03309,Male,41.87,5.2,146,28,95.2,51.38,35.25,5.33,53.48,35.58,11,7,2,7.11,37.21,6,0,1,6,At Risk,0
NB03310,Female,38.0,5.2,140,54,95.6,46.14,33.16,5.25,45.76,33.71,9,5,1,1.81,36.43,9,0,0,0,Healthy,0
NB03311,Male,35.4,5.2,154,41,93.7,46.7,30.82,5.11,46.48,29.16,8,7,2,1.69,36.9,9,0,0,0,Healthy,0
NB03312,Male,38.99,5.2,136,44,99.0,52.07,33.53,5.22,52.05,34.97,13,10,6,4.19,36.12,7,0,0,0,Healthy,0
NB03313,Female,42.0,5.2,136,27,95.5,51.35,37.91,5.0,51.84,38.68,7,4,2,3.33,36.57,8,0,0,0,Healthy,0
NB03314,Female,35.77,5.2,154,57,95.2,44.93,33.09,5.14,45.1,32.72,9,5,0,3.51,36.21,10,0,0,0,Healthy,0
NB03315,Female,37.2,5.2,133,49,96.0,49.34,34.56,5.01,48.08,34.63,8,9,1,7.23,37.53,7,0,0,0,Healthy,0
NB03316,Female,38.92,5.2,114,36,93.5,47.5,36.45,5.44,46.78,37.0,9,6,4,4.09,36.86,9,0,0,0,Healthy,0
NB03317,Female,37.88,5.2,155,63,93.8,50.11,35.38,5.38,50.43,34.27,9,5,4,2.86,36.61,6,0,1,6,At Risk,0
NB03318,Male,35.84,5.2,128,28,96.7,46.97,30.77,5.22,48.68,31.12,14,3,2,2.14,36.02,8,0,0,0,Healthy,0
NB03319,Male,40.47,5.2,141,39,97.7,52.81,34.74,5.23,53.22,35.13,9,6,4,1.77,36.2,9,0,0,0,Healthy,0
NB03320,Female,42.0,5.2,129,52,98.1,50.43,36.78,5.27,51.56,37.42,9,7,4,1.95,37.18,10,0,0,0,Healthy,0
NB03321,Male,38.43,5.2,122,54,94.3,52.58,39.69,5.14,53.13,39.23,6,9,2,3.23,36.96,6,0,1,6,At Risk,0
NB03322,Male,36.01,5.2,106,27,95.4,47.44,33.57,4.89,47.48,33.84,7,10,5,1.69,36.15,7,0,0,0,Healthy,0
NB03323,Female,34.59,5.2,146,39,92.9,48.06,31.57,5.16,47.38,32.25,9,6,2,5.09,36.15,7,0,0,0,Healthy,0
NB03324,Male,38.57,5.2,79,49,97.8,52.03,35.21,5.33,52.61,34.74,7,8,3,1.59,37.63,7,1,1,5,At Risk,0
NB03325,Female,40.43,5.2,163,57,91.7,49.47,34.6,5.42,50.9,35.08,9,8,1,2.81,37.41,7,0,0,0,Healthy,0
NB03326,Female,39.05,5.2,159,56,95.8,52.31,34.93,5.24,51.24,34.45,8,7,3,5.56,36.93,8,0,0,0,Healthy,0
NB03327,Female,37.99,5.2,124,49,98.1,46.75,35.23,5.11,47.52,35.0,7,11,4,2.08,36.85,8,0,0,1,Healthy,0
NB03328,Female,36.7,5.2,169,43,95.4,45.69,32.85,5.34,45.34,31.91,5,0,2,3.82,36.72,8,0,0,1,Healthy,0
NB03329,Female,35.6,5.2,177,40,96.1,51.37,30.98,5.26,51.92,29.62,11,2,3,3.24,36.23,7,0,0,1,Healthy,0
NB03330,Female,39.84,5.2,135,47,94.0,53.48,34.97,5.02,52.94,35.57,7,6,0,0.79,37.19,10,0,0,0,Healthy,0
NB03331,Female,40.01,5.2,147,56,88.5,55.56,34.73,4.87,55.9,35.47,8,8,4,3.66,36.71,10,1,0,4,At Risk,0
NB03332,Male,34.6,5.2,142,40,92.6,45.8,29.38,5.12,45.05,29.73,10,12,2,3.08,37.13,8,0,0,0,Healthy,0
NB03333,Male,41.5,5.2,167,39,95.2,52.95,35.39,5.5,54.12,34.86,7,7,2,5.07,36.62,7,0,0,0,Healthy,0
NB03334,Female,39.26,5.2,115,53,92.6,51.79,32.59,5.34,52.05,33.17,11,8,2,4.63,36.96,8,0,0,0,Healthy,0
NB03335,Female,41.08,5.2,136,53,96.7,52.35,34.1,5.5,54.34,34.34,9,7,1,5.36,36.58,8,0,0,0,Healthy,0
NB03336,Male,35.05,5.2,157,37,89.9,45.45,30.02,5.22,45.96,30.43,10,9,3,3.16,36.83,9,1,0,4,At Risk,0
NB03337,Male,35.0,5.2,155,29,88.2,45.1,33.13,5.22,44.3,33.48,10,5,1,2.42,37.16,8,1,0,4,At Risk,0
NB03338,Female,37.67,5.2,139,25,97.4,49.73,35.8,4.69,48.34,35.51,10,7,2,1.23,36.56,9,0,0,2,Healthy,0
NB03339,Female,39.11,5.2,165,43,93.9,48.46,32.27,4.85,50.08,32.43,7,4,4,3.22,37.71,9,0,0,0,Healthy,0
NB03340,Female,41.95,5.2,144,31,96.2,50.97,38.94,5.32,50.57,38.82,6,6,2,6.97,36.54,10,0,0,0,Healthy,0
NB03341,Female,39.55,5.2,142,51,93.2,51.79,33.2,5.27,51.0,33.38,10,4,2,1.26,36.86,9,0,0,0,Healthy,0
NB03342,Male,37.47,5.2,153,25,97.0,48.93,34.55,4.78,50.47,35.1,5,6,6,4.19,37.42,10,0,0,2,Healthy,0
NB03343,Female,35.74,5.2,139,58,99.8,49.44,32.61,5.26,49.21,32.35,5,6,1,6.07,37.45,8,0,0,0,Healthy,0
NB03344,Female,40.71,5.2,141,39,100.0,51.19,36.65,5.43,52.3,37.19,8,8,3,4.33,37.01,6,0,1,6,At Risk,0
NB03345,Male,35.88,5.2,126,34,92.7,46.53,30.57,5.29,47.08,30.7,7,12,4,5.56,36.92,8,0,0,0,Healthy,0
NB03346,Female,41.58,5.2,193,37,93.5,53.67,33.59,5.12,51.96,33.6,6,10,4,5.42,36.83,8,0,0,1,Healthy,0
NB03347,Female,37.37,5.2,131,33,95.6,47.41,32.16,4.73,48.25,32.17,8,8,1,2.81,37.41,10,0,0,0,Healthy,0
NB03348,Male,41.5,5.2,153,57,100.0,51.43,36.89,5.31,50.66,37.44,8,2,4,3.43,37.23,8,0,0,1,Healthy,0
NB03349,Male,39.49,5.2,174,49,91.0,49.71,37.78,5.05,48.67,37.78,7,5,2,5.35,37.29,8,0,0,1,Healthy,0
NB03350,Female,37.7,5.2,116,43,91.0,48.91,32.04,5.33,46.89,32.08,8,7,5,3.23,37.54,8,0,0,0,Healthy,0
NB03351,Male,36.86,5.2,151,30,98.0,52.12,32.85,5.37,51.16,33.92,3,10,4,2.34,37.01,10,0,0,1,Healthy,0
NB03352,Female,37.25,5.2,140,41,92.7,46.17,32.15,5.41,46.01,32.75,10,6,3,4.27,36.62,9,0,0,0,Healthy,0
NB03353,Male,38.94,5.2,172,34,97.3,53.04,34.43,5.31,53.32,35.25,12,8,5,4.23,36.96,9,0,0,0,Healthy,0
NB03354,Male,38.17,5.2,124,16,93.0,51.23,31.02,5.16,51.58,32.11,8,4,3,2.87,36.83,7,0,0,2,Healthy,0
NB03355,Male,36.69,5.2,126,35,96.2,51.56,35.13,5.35,52.64,35.38,8,5,2,3.95,36.71,8,0,0,0,Healthy,0
NB03356,Male,37.64,5.2,139,48,93.2,55.55,33.58,5.03,54.04,35.1,7,6,1,0.87,36.62,6,0,1,6,At Risk,0
NB03357,Female,38.17,5.2,131,38,91.5,52.62,35.3,5.49,50.74,35.69,9,2,2,0.92,37.05,10,0,0,1,Healthy,0
NB03358,Male,33.32,5.2,132,41,95.5,47.24,30.17,5.09,49.92,29.48,10,9,5,2.97,37.09,7,0,0,0,Healthy,0
NB03359,Male,39.01,5.2,177,52,90.8,47.88,34.79,5.5,48.03,34.58,6,9,2,2.09,36.49,6,0,1,6,At Risk,0
NB03360,Female,35.84,5.2,142,51,96.6,45.29,33.98,5.18,46.02,33.12,7,9,3,2.79,36.94,8,0,0,0,Healthy,0
NB03361,Female,35.46,5.2,126,62,94.2,48.04,32.22,5.33,46.8,33.02,6,3,2,6.03,37.53,10,0,0,0,Healthy,0
NB03362,Male,34.29,5.2,133,20,90.2,42.86,31.45,5.26,43.74,31.68,11,7,3,1.72,36.46,9,0,0,2,Healthy,0
NB03363,Male,34.05,5.2,147,34,96.0,47.28,29.85,4.87,48.53,29.65,8,5,3,1.12,37.42,9,0,0,0,Healthy,0
NB03364,Female,35.02,5.2,146,51,96.0,42.65,30.91,5.34,40.94,31.12,7,5,2,2.15,36.41,8,0,0,0,Healthy,0
NB03365,Female,36.44,5.2,130,46,86.8,50.5,31.19,5.08,51.19,31.18,9,0,2,6.42,36.96,6,1,1,11,High Risk,1
NB03366,Female,42.0,5.2,111,43,94.8,52.56,35.49,5.21,53.23,35.07,7,9,4,3.47,36.0,9,0,0,2,Healthy,0
NB03367,Female,36.84,5.2,139,36,95.0,48.81,34.87,5.24,46.52,36.28,7,10,3,3.02,37.09,8,0,0,0,Healthy,0
NB03368,Male,38.39,5.2,139,44,95.3,48.46,36.79,5.02,48.84,36.98,5,1,4,3.78,36.7,9,0,0,1,Healthy,0
NB03369,Male,38.88,5.2,128,44,88.6,46.6,32.55,5.11,46.14,32.7,11,4,2,1.85,36.01,10,1,0,4,At Risk,0
NB03370,Male,38.29,5.2,163,23,96.2,52.33,34.59,5.48,52.99,34.64,9,8,4,0.61,36.59,8,0,0,2,Healthy,0
NB03371,Male,37.83,5.2,150,44,96.8,52.12,33.2,4.97,53.02,32.6,7,7,2,2.97,37.59,6,0,1,6,At Risk,0
NB03372,Female,35.37,5.2,142,37,91.7,46.53,34.05,5.35,47.2,33.11,13,7,0,3.96,37.06,8,0,0,0,Healthy,0
NB03373,Female,41.19,5.2,134,50,90.1,53.8,36.24,5.15,53.69,37.09,9,6,3,4.64,36.85,7,0,0,1,Healthy,0
NB03374,Male,41.98,5.2,171,45,91.6,52.4,36.57,5.43,52.16,36.39,7,8,4,4.2,37.04,7,0,0,0,Healthy,0
NB03375,Male,34.3,5.2,119,62,95.5,46.85,30.09,5.37,47.26,28.86,12,4,4,1.43,37.25,10,0,0,0,Healthy,0
NB03376,Male,35.75,5.2,131,42,90.7,49.09,29.93,5.09,49.03,29.14,8,9,2,1.43,37.49,9,0,0,0,Healthy,0
NB03377,Male,37.38,5.2,132,31,90.3,50.16,34.51,5.37,48.88,34.97,7,7,4,2.56,36.67,10,0,0,0,Healthy,0
NB03378,Female,35.88,5.2,145,17,100.0,50.37,32.84,5.12,50.77,33.36,8,7,3,1.97,37.07,6,0,1,9,High Risk,0
NB03379,Female,39.11,5.2,152,33,95.0,51.64,35.15,5.5,51.66,34.97,9,11,2,3.06,37.01,8,0,0,0,Healthy,0
NB03380,Male,36.4,5.2,116,46,93.9,48.21,31.78,5.25,48.23,32.56,7,7,3,0.2,36.85,10,0,0,0,Healthy,0
NB03381,Female,42.0,5.2,128,48,92.7,51.68,36.38,5.16,51.52,35.64,12,7,5,2.08,36.72,7,0,0,0,Healthy,0
NB03382,Male,40.62,5.2,148,36,93.5,51.0,36.82,5.15,51.0,37.88,8,6,2,5.04,37.52,6,0,1,6,At Risk,0
NB03383,Male,38.47,5.2,128,38,100.0,51.64,35.6,5.16,51.19,34.7,7,6,2,3.16,36.92,6,0,1,6,At Risk,0
NB03384,Male,40.26,5.2,133,43,97.9,48.63,33.61,5.17,49.69,34.04,6,11,3,3.41,36.25,6,0,1,6,At Risk,0
NB03385,Female,40.43,5.2,143,46,100.0,54.0,34.55,5.37,53.77,34.8,8,10,1,5.31,35.49,9,0,0,2,Healthy,0
NB03386,Female,36.76,5.2,122,52,96.4,47.92,30.85,5.13,48.2,31.44,4,7,3,3.07,37.23,7,0,0,0,Healthy,0
NB03387,Male,36.2,5.2,145,36,91.7,46.35,32.84,5.06,45.84,31.89,6,12,4,4.31,36.61,9,0,0,0,Healthy,0
NB03388,Female,38.17,5.2,151,35,95.9,47.56,35.25,5.44,46.66,35.18,9,6,3,4.15,36.73,9,0,0,0,Healthy,0
NB03389,Female,39.9,5.2,141,62,96.9,52.65,34.71,5.5,52.74,35.44,8,8,3,5.58,36.98,8,0,0,0,Healthy,0
NB03390,Female,38.31,5.2,166,60,97.1,49.85,33.02,5.07,50.72,32.47,9,8,3,0.82,37.91,9,0,0,0,Healthy,0
NB03391,Male,34.53,5.2,153,37,93.5,49.66,30.87,5.17,50.89,31.83,8,5,4,5.0,37.41,9,0,0,0,Healthy,0
NB03392,Female,36.23,5.2,139,53,100.0,45.48,36.02,5.48,46.4,34.93,7,8,5,0.85,36.7,10,0,0,0,Healthy,0
NB03393,Female,37.84,5.2,134,64,90.6,48.3,35.47,5.32,47.55,34.55,2,5,0,2.14,37.13,10,0,0,1,Healthy,0
NB03394,Female,37.83,5.2,172,55,96.2,49.27,34.78,5.5,49.52,34.36,8,10,1,2.61,36.53,7,0,0,0,Healthy,0
NB03395,Male,42.0,5.2,128,34,94.0,51.7,37.08,5.37,51.81,37.56,4,8,2,4.17,37.15,10,0,0,0,Healthy,0
NB03396,Male,34.95,5.2,135,43,92.3,46.87,31.65,5.33,47.8,32.59,6,7,5,4.34,36.43,8,0,0,0,Healthy,0
NB03397,Female,39.11,5.2,133,24,95.9,51.24,33.22,5.16,51.95,32.91,9,6,3,5.84,36.88,10,0,0,2,Healthy,0
NB03398,Male,41.28,5.2,147,32,99.4,53.52,34.5,5.03,53.09,34.73,9,8,2,4.76,36.9,8,0,0,0,Healthy,0
NB03399,Male,42.0,5.2,181,42,96.4,56.21,35.75,4.99,56.76,36.6,9,2,2,2.78,36.33,8,0,0,2,Healthy,0
NB03400,Male,37.11,5.2,144,44,96.0,46.19,31.75,5.22,46.96,32.21,7,9,2,5.19,36.54,7,0,0,0,Healthy,0
NB03401,Male,39.08,5.2,134,35,87.9,51.25,33.65,5.5,51.78,35.02,7,6,3,1.72,35.82,9,1,0,6,At Risk,0
NB03402,Male,39.25,5.2,143,15,98.2,49.43,34.52,5.02,49.6,34.24,8,5,3,3.21,36.63,9,0,0,2,Healthy,0
NB03403,Male,38.43,5.2,116,44,93.6,50.85,34.06,5.21,50.39,34.93,8,5,3,3.25,37.3,7,0,0,0,Healthy,0
NB03404,Female,37.78,5.2,137,49,96.9,50.27,32.72,4.9,50.06,32.36,8,8,3,3.46,37.7,7,0,0,0,Healthy,0
NB03405,Male,38.96,5.2,171,50,98.2,48.49,35.21,5.5,50.85,35.52,6,5,4,4.98,37.47,9,0,0,0,Healthy,0
NB03406,Male,32.43,5.2,152,40,95.7,42.78,29.62,5.07,41.8,29.77,7,6,1,7.29,36.63,9,0,0,0,Healthy,0
NB03407,Male,39.5,5.2,162,41,88.0,51.97,35.17,5.5,54.06,35.49,9,11,4,5.51,36.8,10,1,0,4,At Risk,0
NB03408,Female,38.28,5.2,158,44,100.0,49.9,32.88,5.32,51.97,32.31,9,5,4,2.88,36.77,7,0,0,0,Healthy,0
NB03409,Male,37.51,5.2,127,46,100.0,48.72,34.5,5.5,47.62,34.27,8,3,2,2.73,36.71,9,0,0,0,Healthy,0
NB03410,Female,42.0,5.2,174,41,97.8,54.52,35.8,4.88,54.09,35.33,8,6,3,2.24,37.24,10,0,0,0,Healthy,0
NB03411,Male,36.52,5.2,108,19,92.5,49.73,35.17,4.73,49.62,34.89,12,5,3,1.08,36.55,10,0,0,3,At Risk,0
NB03412,Female,37.11,5.2,146,56,99.3,47.74,32.84,5.15,47.33,32.89,11,10,5,7.29,37.45,9,0,0,0,Healthy,0
NB03413,Male,42.0,5.2,103,37,94.0,51.5,36.46,5.24,51.09,35.96,7,5,3,4.44,36.86,10,0,0,0,Healthy,0
NB03414,Male,36.17,5.2,109,30,94.8,45.43,33.41,5.36,46.33,33.07,12,4,6,2.26,36.28,8,0,0,0,Healthy,0
NB03415,Male,36.79,5.2,157,38,99.2,48.58,34.17,5.5,49.03,34.62,10,9,2,5.43,36.76,8,0,0,0,Healthy,0
NB03416,Female,37.68,5.2,128,43,97.3,46.46,34.95,5.17,47.21,35.25,11,6,2,4.32,37.02,6,0,1,6,At Risk,0
NB03417,Male,39.85,5.2,162,36,86.8,51.46,37.76,5.14,51.51,38.88,9,11,3,5.55,37.24,9,1,0,4,At Risk,0
NB03418,Female,38.46,5.2,101,37,95.7,52.45,35.11,5.18,52.42,35.3,7,6,2,3.33,37.14,6,0,1,6,At Risk,0
NB03419,Female,35.16,5.2,138,39,99.1,46.33,31.71,5.3,45.78,32.86,9,2,3,3.72,36.66,8,0,0,2,Healthy,0
NB03420,Male,36.83,5.2,118,46,90.2,47.47,32.19,4.98,48.15,31.38,7,4,2,1.1,36.57,7,0,0,0,Healthy,0
NB03421,Male,36.66,5.2,134,34,98.4,52.39,32.66,4.87,53.61,31.64,10,1,5,2.48,37.58,8,0,0,1,Healthy,0
NB03422,Male,37.83,5.2,168,45,89.2,52.47,35.91,5.3,51.52,35.79,5,0,3,0.2,36.81,7,1,0,5,At Risk,0
NB03423,Female,38.94,5.2,172,28,94.2,48.91,32.38,4.96,49.9,32.2,9,7,1,2.21,36.29,9,0,0,0,Healthy,0
NB03424,Female,38.92,5.2,149,62,96.9,50.71,33.22,5.46,51.18,32.85,9,9,2,3.75,36.54,10,0,0,0,Healthy,0
NB03425,Female,34.09,5.2,111,53,94.1,46.74,30.74,4.79,45.78,30.58,10,10,3,5.88,35.92,7,0,0,2,Healthy,0
NB03426,Female,40.34,5.2,118,39,99.1,52.11,34.19,5.07,50.87,34.73,10,7,2,3.89,36.07,8,0,0,0,Healthy,0
NB03427,Female,38.56,5.2,143,45,90.0,53.73,33.58,4.96,53.65,33.41,7,9,4,0.2,36.56,10,0,0,0,Healthy,0
NB03428,Male,41.05,5.2,125,30,97.9,52.52,38.64,5.1,52.2,39.16,7,6,3,4.72,36.44,8,0,0,0,Healthy,0
NB03429,Female,38.98,5.2,152,48,95.2,50.95,34.04,5.05,52.2,34.88,7,8,1,1.46,36.49,10,0,0,0,Healthy,0
NB03430,Female,40.42,5.2,170,50,92.0,53.16,36.11,5.46,52.97,36.67,7,2,3,2.07,37.15,8,0,0,1,Healthy,0
NB03431,Male,39.03,5.2,122,45,96.5,52.9,32.03,5.5,52.56,32.0,8,6,4,1.13,37.19,7,0,0,0,Healthy,0
NB03432,Male,40.96,5.2,124,51,94.8,54.14,34.22,4.98,53.9,34.06,10,10,4,3.86,36.28,6,0,1,7,At Risk,0
NB03433,Female,39.15,5.2,119,42,100.0,51.71,36.0,5.09,51.68,36.89,4,6,2,4.72,37.65,8,0,0,0,Healthy,0
NB03434,Male,37.78,5.2,135,41,97.0,46.29,36.15,5.2,46.77,37.25,5,6,3,4.97,36.85,10,0,0,0,Healthy,0
NB03435,Female,42.0,5.2,141,35,96.4,52.22,36.93,5.02,53.49,37.22,5,10,3,5.23,36.8,8,0,0,0,Healthy,0
NB03436,Male,39.96,5.2,140,48,92.6,53.0,34.71,5.34,51.97,35.29,8,8,3,2.5,36.44,7,0,0,0,Healthy,0
NB03437,Male,39.26,5.2,156,34,95.5,51.24,35.43,4.95,51.83,35.9,9,3,3,2.3,36.66,7,0,0,0,Healthy,0
NB03438,Male,35.19,5.2,147,46,93.0,48.73,27.94,5.35,47.59,27.65,9,10,4,5.92,37.71,10,0,0,0,Healthy,0
NB03439,Female,35.17,5.2,139,45,94.8,50.82,32.16,5.25,52.07,32.33,6,10,3,4.47,36.31,6,0,1,6,At Risk,0
NB03440,Male,38.64,5.2,141,55,99.4,47.83,32.68,5.38,46.47,33.0,10,5,2,4.12,36.92,9,0,0,1,Healthy,0
NB03441,Male,38.32,5.2,142,48,94.0,52.16,35.22,5.23,53.59,36.14,10,10,2,1.5,36.56,9,0,0,0,Healthy,0
NB03442,Male,36.65,5.2,139,24,89.9,47.72,29.57,5.38,48.87,29.57,10,8,4,1.81,35.99,9,1,0,9,High Risk,0
NB03443,Male,38.31,5.2,128,35,96.7,51.75,33.07,5.34,51.17,32.47,7,7,2,4.48,36.11,9,0,0,0,Healthy,0
NB03444,Male,41.49,5.2,118,35,97.8,52.66,36.19,5.19,52.33,36.2,8,3,4,4.07,37.07,7,0,0,0,Healthy,0
NB03445,Female,39.53,5.2,143,35,100.0,55.23,33.73,5.34,53.54,33.72,10,9,5,2.68,36.02,8,0,0,0,Healthy,0
NB03446,Female,35.49,5.2,131,52,98.0,47.6,31.48,5.5,46.04,31.13,8,9,5,2.48,36.24,8,0,0,0,Healthy,0
NB03447,Male,37.75,5.2,149,20,94.0,48.1,34.98,4.87,48.0,35.69,8,9,4,3.37,37.17,9,0,0,2,Healthy,0
NB03448,Female,36.23,5.2,141,56,95.9,48.85,32.52,4.82,49.24,33.28,9,9,3,0.87,37.12,9,0,0,0,Healthy,0
NB03449,Female,37.15,5.2,140,52,96.4,49.48,31.81,5.49,50.72,30.41,8,7,2,0.56,36.83,8,0,0,0,Healthy,0
NB03450,Female,37.09,5.2,158,44,96.5,51.06,34.57,5.41,50.98,35.44,7,6,0,5.41,36.27,10,0,0,0,Healthy,0
NB03451,Female,36.95,5.2,115,45,86.3,49.55,33.44,5.5,49.62,33.72,9,10,3,1.87,36.27,9,1,0,4,At Risk,0
NB03452,Male,35.24,5.2,172,43,93.0,52.06,32.31,5.21,51.01,32.47,9,2,1,2.98,36.2,10,0,0,1,Healthy,0
NB03453,Male,37.72,5.2,101,44,96.7,49.12,32.26,5.5,49.18,32.67,6,10,2,2.64,36.74,8,0,0,1,Healthy,0
NB03454,Female,36.77,5.2,166,53,98.8,48.29,29.12,5.5,48.59,28.17,8,7,1,1.25,37.09,9,0,0,0,Healthy,0
NB03455,Female,31.56,5.2,144,40,92.8,42.59,27.93,5.46,43.38,27.74,6,4,6,3.41,36.61,7,0,0,3,At Risk,0
NB03456,Female,42.0,5.2,131,48,93.5,53.37,35.09,5.35,53.52,35.6,8,5,3,3.93,37.2,6,0,1,6,At Risk,0
NB03457,Female,40.4,5.2,114,33,94.2,52.22,34.56,5.38,53.36,34.98,11,6,3,3.67,37.52,9,0,0,1,Healthy,0
NB03458,Female,37.17,5.2,129,47,94.5,49.42,31.96,5.26,49.64,31.85,9,11,3,6.09,36.98,8,0,0,0,Healthy,0
NB03459,Male,38.04,5.2,137,39,98.0,49.77,34.0,5.29,49.84,34.13,8,6,2,1.06,36.24,8,0,0,1,Healthy,0
NB03460,Male,35.42,5.2,144,46,92.4,46.06,33.32,5.32,47.06,33.5,12,9,3,2.91,36.84,9,0,0,0,Healthy,0
NB03461,Male,41.73,5.2,166,33,98.0,51.19,38.03,5.5,52.2,38.37,5,11,3,0.84,37.41,10,0,0,0,Healthy,0
NB03462,Female,42.0,5.2,141,46,100.0,52.45,37.86,5.08,52.33,39.26,7,8,3,2.52,36.52,8,0,0,0,Healthy,0
NB03463,Female,38.34,5.2,146,42,93.6,52.19,32.69,5.19,54.19,31.89,8,6,3,1.69,36.5,7,0,0,0,Healthy,0
NB03464,Female,40.25,5.2,146,58,93.5,54.34,35.46,5.23,54.8,35.06,6,7,4,5.73,37.31,9,0,0,0,Healthy,0
NB03465,Male,38.39,5.2,134,45,95.6,49.79,36.42,5.36,50.11,36.52,5,4,2,2.17,36.15,7,0,0,0,Healthy,0
NB03466,Female,35.06,5.2,137,47,92.9,45.07,29.36,5.28,44.96,29.74,10,6,4,1.81,36.89,8,0,0,0,Healthy,0
NB03467,Male,37.09,5.2,138,38,94.7,48.62,35.19,4.97,49.27,35.31,11,4,3,3.42,36.52,8,0,0,0,Healthy,0
NB03468,Male,38.29,5.2,151,45,89.9,54.04,32.51,5.24,55.12,32.03,7,4,5,2.56,36.61,9,1,0,4,At Risk,0
NB03469,Male,37.0,5.2,124,47,98.0,50.7,33.54,5.21,50.99,33.93,13,8,2,3.89,37.57,9,0,0,0,Healthy,0
NB03470,Female,37.52,5.2,131,38,100.0,50.27,34.08,5.23,50.69,34.38,3,5,4,3.06,36.58,9,0,0,1,Healthy,0
NB03471,Female,37.8,5.2,146,38,92.6,51.34,33.94,5.4,50.43,34.19,8,7,4,3.35,36.85,8,0,0,0,Healthy,0
NB03472,Male,37.82,5.2,121,34,89.2,52.52,37.02,5.47,51.88,36.78,6,4,4,4.29,37.26,7,1,0,5,At Risk,0
NB03473,Female,38.11,5.2,142,41,98.2,47.4,33.43,5.06,46.83,33.82,8,10,5,1.85,36.22,9,0,0,1,Healthy,0
NB03474,Male,35.67,5.2,130,35,93.5,46.72,29.71,5.5,47.16,30.52,8,7,1,4.04,37.18,9,0,0,0,Healthy,0
NB03475,Female,36.42,5.2,149,45,92.7,47.12,33.23,4.93,46.19,33.83,8,10,2,4.2,36.6,8,0,0,0,Healthy,0
NB03476,Female,35.17,5.2,165,34,94.6,48.23,31.57,5.09,46.42,30.99,5,7,3,3.03,36.22,9,0,0,0,Healthy,0
NB03477,Male,40.15,5.2,130,41,90.7,51.86,36.14,5.19,50.66,35.66,8,5,6,4.71,36.58,8,0,0,0,Healthy,0
NB03478,Male,33.37,5.2,154,33,96.7,46.94,31.88,5.37,47.68,32.43,8,5,3,4.15,36.83,7,0,0,0,Healthy,0
NB03479,Male,40.54,5.2,144,53,90.6,50.87,35.53,4.88,52.75,35.26,8,6,3,1.84,36.91,9,0,0,0,Healthy,0
NB03480,Male,41.05,5.2,133,42,90.9,55.09,36.59,5.5,56.24,35.94,5,8,1,0.2,36.46,7,0,0,0,Healthy,0
NB03481,Male,37.34,5.2,140,42,90.8,48.86,33.55,4.87,47.98,33.3,11,6,3,3.47,36.7,9,0,0,0,Healthy,0
NB03482,Male,32.27,5.2,163,48,95.6,45.83,32.48,5.5,45.18,32.17,7,8,3,4.11,36.17,9,0,0,0,Healthy,0
NB03483,Male,37.21,5.2,137,60,88.7,51.28,32.69,5.15,50.85,32.63,9,5,1,3.09,36.48,8,1,0,4,At Risk,0
NB03484,Male,37.86,5.2,164,43,100.0,51.7,32.67,5.25,50.36,32.66,9,6,4,4.23,36.19,9,0,0,0,Healthy,0
NB03485,Female,35.78,5.2,138,27,93.7,48.32,33.56,4.79,48.32,32.6,9,11,6,3.7,36.76,9,0,0,1,Healthy,0
NB03486,Male,36.87,5.2,115,54,87.6,50.22,31.61,5.38,50.87,31.85,6,6,4,1.59,36.42,10,1,0,4,At Risk,0
NB03487,Male,41.37,5.2,137,28,91.3,56.11,36.74,5.2,55.33,37.13,4,4,2,0.72,37.73,10,0,0,0,Healthy,0
NB03488,Female,39.46,5.2,113,37,97.1,51.94,34.57,5.46,50.95,34.76,11,9,3,1.7,36.97,7,0,0,0,Healthy,0
NB03489,Male,35.97,5.2,134,54,99.7,46.31,32.22,4.95,47.29,32.66,10,0,2,3.64,36.07,10,0,0,1,Healthy,0
NB03490,Female,34.49,5.2,134,39,95.6,47.6,35.0,5.5,46.9,35.41,11,11,5,4.86,36.46,10,0,0,0,Healthy,0
NB03491,Male,37.28,5.2,173,36,95.3,48.88,35.15,4.89,48.29,34.5,8,7,4,2.32,37.12,8,0,0,0,Healthy,0
NB03492,Male,37.53,5.2,169,45,89.6,44.48,35.0,5.28,42.29,35.09,10,7,5,1.06,36.91,10,1,0,4,At Risk,0
NB03493,Female,39.09,5.2,142,42,100.0,51.51,35.36,4.94,52.63,35.65,6,5,4,0.2,36.09,8,0,0,0,Healthy,0
NB03494,Male,36.82,5.2,162,35,96.9,48.77,31.94,5.5,50.29,32.22,9,9,3,5.61,36.45,8,0,0,0,Healthy,0
NB03495,Male,39.13,5.2,133,51,96.1,52.93,34.98,5.42,52.8,35.93,8,5,1,2.12,37.09,9,0,0,1,Healthy,0
NB03496,Female,42.0,5.2,114,54,95.1,51.7,37.47,5.5,51.83,37.82,9,8,4,5.78,36.97,9,0,0,0,Healthy,0
NB03497,Male,39.79,5.2,150,56,96.9,48.2,35.35,5.18,48.88,35.5,8,9,2,6.33,37.06,10,0,0,0,Healthy,0
NB03498,Female,37.89,5.2,147,48,92.2,49.84,33.87,5.17,50.7,34.49,10,10,2,4.41,36.67,10,0,0,0,Healthy,0
NB03499,Female,37.6,5.2,123,35,98.3,50.0,32.92,5.22,50.12,33.57,6,8,4,1.87,36.41,10,0,0,0,Healthy,0
NB03500,Female,37.22,5.2,124,29,97.8,49.08,33.66,5.2,48.69,33.8,7,6,4,1.47,36.23,8,0,0,0,Healthy,0
NB03501,Male,40.6,5.2,157,19,94.7,51.98,34.83,5.15,52.02,35.72,8,13,3,1.58,37.23,9,0,0,2,Healthy,0
NB03502,Male,36.62,5.2,110,52,94.0,46.22,33.89,5.19,46.03,34.1,10,5,2,4.31,37.67,9,0,0,0,Healthy,0
NB03503,Female,38.1,5.2,150,44,87.4,49.41,30.85,5.47,49.85,30.64,9,7,3,2.62,36.92,10,1,0,4,At Risk,0
NB03504,Male,38.11,5.2,134,38,88.9,49.0,35.92,5.42,48.12,36.58,11,3,6,6.31,37.22,10,1,0,4,At Risk,0
NB03505,Female,36.9,5.2,150,23,96.9,50.75,31.06,5.0,52.12,30.74,11,6,3,3.02,36.44,8,0,0,2,Healthy,0
NB03506,Female,34.98,5.2,158,30,98.2,47.64,30.09,5.37,49.81,31.06,9,6,3,4.86,36.79,8,0,0,0,Healthy,0
NB03507,Male,38.71,5.2,124,24,98.7,49.68,34.91,4.95,49.16,34.73,8,6,3,2.84,36.77,7,0,0,2,Healthy,0
NB03508,Female,37.87,5.2,119,56,90.3,52.93,34.52,5.5,52.34,34.02,6,6,2,5.96,36.97,9,0,0,0,Healthy,0
NB03509,Female,39.1,5.2,166,48,100.0,50.05,37.69,5.04,49.4,37.33,5,7,4,1.73,36.83,8,0,0,0,Healthy,0
NB03510,Female,36.83,5.2,139,29,98.5,49.66,33.42,5.39,49.38,33.99,5,10,4,3.61,38.05,7,0,0,1,Healthy,0
NB03511,Female,40.69,5.2,146,58,93.0,51.68,35.62,5.36,53.63,35.33,6,2,2,3.3,37.16,7,0,0,1,Healthy,0
NB03512,Female,36.07,5.2,156,35,95.6,51.13,32.74,5.17,50.75,32.38,9,12,1,6.08,37.38,8,0,0,0,Healthy,0
NB03513,Male,41.77,5.2,123,45,89.1,53.16,38.82,5.15,53.49,38.71,5,8,6,2.23,36.92,9,1,0,4,At Risk,0
NB03514,Female,34.16,5.2,156,46,92.8,46.37,34.75,5.18,46.1,33.25,11,8,5,4.42,35.84,9,0,0,2,Healthy,0
NB03515,Male,38.96,5.2,152,41,96.9,50.18,34.19,5.33,48.33,35.05,8,5,5,5.17,37.0,8,0,0,0,Healthy,0
NB03516,Female,39.05,5.2,166,39,95.2,50.93,35.35,5.4,50.58,34.58,6,9,5,1.34,37.29,8,0,0,0,Healthy,0
NB03517,Male,36.25,5.2,166,42,100.0,50.42,32.46,5.5,50.58,33.25,11,6,2,3.89,37.43,8,0,0,1,Healthy,0
NB03518,Male,38.93,5.2,141,39,89.8,52.13,34.31,5.5,53.85,35.12,11,10,2,0.2,36.77,10,1,0,5,At Risk,0
NB03519,Female,40.81,5.2,154,44,94.6,52.19,38.59,5.35,50.64,39.04,10,10,5,4.35,36.15,10,0,0,0,Healthy,0
NB03520,Female,33.12,5.2,141,45,91.0,48.61,29.0,5.28,49.76,29.11,8,6,2,2.83,36.67,9,0,0,1,Healthy,0
NB03521,Male,39.11,5.2,143,37,100.0,52.34,31.07,5.12,52.77,31.12,9,5,0,5.13,36.15,10,0,0,0,Healthy,0
NB03522,Male,32.51,5.2,120,53,95.9,43.79,30.44,5.36,43.89,31.51,4,5,4,4.68,37.38,10,0,0,0,Healthy,0
NB03523,Male,35.88,5.2,136,34,95.0,44.93,34.11,5.5,44.08,35.58,7,6,4,1.38,37.0,8,0,0,0,Healthy,0
NB03524,Male,41.58,5.2,108,46,94.5,52.0,36.64,5.46,53.42,35.57,7,9,6,6.16,36.57,8,0,0,0,Healthy,0
NB03525,Male,36.72,5.2,138,39,91.9,49.27,33.66,5.29,49.81,34.19,4,7,2,2.57,37.13,9,0,0,1,Healthy,0
NB03526,Female,35.42,5.2,164,33,99.2,48.47,33.12,5.11,48.62,33.05,8,3,2,1.06,37.46,10,0,0,0,Healthy,0
NB03527,Female,37.56,5.2,154,39,95.6,51.93,33.66,5.26,52.02,35.08,9,3,2,1.5,37.15,9,0,0,1,Healthy,0
NB03528,Male,42.0,5.2,142,35,95.9,51.01,37.43,5.38,52.14,37.7,6,7,2,4.13,37.7,9,0,0,0,Healthy,0
NB03529,Male,33.97,5.2,136,49,97.0,45.09,31.79,5.47,44.43,31.46,8,8,4,6.61,36.4,7,0,0,0,Healthy,0
NB03530,Male,35.69,5.2,130,41,92.0,45.16,29.24,5.28,46.79,28.83,7,5,3,2.51,37.24,6,0,1,6,At Risk,0
NB03531,Female,41.29,5.2,123,56,100.0,49.89,36.28,5.42,52.28,36.34,5,4,1,4.19,36.14,7,0,0,0,Healthy,0
NB03532,Female,42.0,5.2,155,32,100.0,51.94,34.24,5.44,51.83,33.06,9,9,0,4.57,37.65,7,0,0,0,Healthy,0
NB03533,Female,37.77,5.2,112,20,94.9,50.13,33.58,5.17,51.62,32.99,10,2,0,4.71,37.13,9,0,0,3,At Risk,0
NB03534,Female,35.27,5.2,112,46,93.9,48.69,31.15,5.11,48.3,30.38,10,10,6,1.72,36.63,9,0,0,1,Healthy,0
NB03535,Female,42.0,5.2,156,59,97.2,51.3,38.15,5.5,50.36,36.67,8,10,5,6.04,36.28,8,0,0,0,Healthy,0
NB03536,Female,41.51,5.2,144,47,98.9,51.14,36.62,5.37,50.75,37.11,6,10,2,4.52,36.56,9,0,0,0,Healthy,0
NB03537,Male,39.49,5.2,141,33,100.0,47.38,35.56,5.34,47.99,36.09,7,8,5,2.84,36.68,8,0,0,0,Healthy,0
NB03538,Male,36.21,5.2,144,32,97.3,48.42,32.26,5.12,48.37,32.91,10,9,5,1.3,36.9,10,0,0,0,Healthy,0
NB03539,Female,37.89,5.2,176,62,95.5,48.04,35.3,4.82,48.64,34.76,9,9,1,0.47,36.79,7,0,0,0,Healthy,0
NB03540,Male,37.65,5.2,141,38,95.5,52.61,31.16,5.33,53.06,31.54,6,8,0,2.92,36.51,8,0,0,0,Healthy,0
NB03541,Male,38.73,5.2,145,32,88.4,51.07,32.97,5.33,50.84,33.05,8,4,2,4.98,37.32,8,1,0,4,At Risk,0
NB03542,Female,41.19,5.2,177,54,93.5,52.13,37.96,5.37,51.1,37.44,8,7,3,0.95,36.04,10,0,0,0,Healthy,0
NB03543,Male,39.93,5.2,139,41,96.3,50.06,34.5,5.23,50.22,34.36,7,5,0,2.82,37.06,6,0,1,6,At Risk,0
NB03544,Female,35.63,5.2,171,22,87.1,44.48,28.92,5.12,43.29,28.22,8,9,1,2.02,36.88,9,1,0,6,At Risk,0
NB03545,Male,41.03,5.2,102,63,95.6,49.59,38.1,5.28,49.85,37.14,6,7,4,0.69,36.8,7,0,0,0,Healthy,0
NB03546,Female,38.69,5.2,119,48,92.2,48.98,35.9,5.48,49.5,35.49,10,4,4,3.32,37.08,9,0,0,0,Healthy,0
NB03547,Male,39.51,5.2,128,27,100.0,49.56,35.92,5.34,47.43,35.65,8,10,5,5.1,36.5,9,0,0,0,Healthy,0
NB03548,Female,41.23,5.2,151,56,94.0,50.51,36.2,4.96,51.97,36.8,10,12,1,3.34,36.45,10,0,0,0,Healthy,0
NB03549,Male,35.55,5.2,172,32,94.1,48.15,34.58,5.19,48.01,34.26,5,5,1,1.49,36.67,7,0,0,0,Healthy,0
NB03550,Female,37.92,5.2,129,31,94.5,50.56,35.63,5.1,51.26,36.34,8,5,4,5.31,36.56,8,0,0,0,Healthy,0
NB03551,Female,36.83,5.2,158,33,95.0,47.63,35.3,5.5,47.17,36.09,12,4,2,1.13,36.69,6,0,1,6,At Risk,0
NB03552,Female,34.55,5.2,180,61,97.8,50.37,32.43,5.19,50.15,32.63,7,3,3,4.01,37.12,9,0,0,1,Healthy,0
NB03553,Male,38.76,5.2,168,62,93.8,46.79,34.52,5.5,48.59,34.35,10,8,4,1.71,36.85,9,0,0,0,Healthy,0
NB03554,Female,42.0,5.2,133,37,95.1,53.32,36.0,5.27,52.16,35.5,8,8,4,3.51,36.81,10,0,0,0,Healthy,0
NB03555,Female,33.95,5.2,156,59,97.8,45.52,29.06,5.15,45.2,28.64,10,5,4,6.25,36.9,8,0,0,0,Healthy,0
NB03556,Female,37.93,5.2,146,19,95.0,48.43,34.5,5.04,48.68,35.01,7,8,1,0.84,36.65,10,0,0,2,Healthy,0
NB03557,Male,39.41,5.2,128,51,97.3,49.47,35.66,5.16,47.2,36.26,11,4,2,1.54,37.21,9,0,0,0,Healthy,0
NB03558,Female,38.27,5.2,148,56,93.4,49.83,33.46,5.23,49.1,33.36,9,9,4,2.63,37.05,8,0,0,0,Healthy,0
NB03559,Female,37.75,5.2,131,57,96.2,48.92,34.55,5.01,49.93,34.74,6,10,2,2.6,36.8,7,0,0,0,Healthy,0
NB03560,Female,35.14,5.2,142,43,99.6,46.24,31.3,5.36,45.16,30.5,10,8,7,2.03,36.29,8,0,0,0,Healthy,0
NB03561,Female,38.51,5.2,115,48,97.1,47.46,35.46,5.06,47.82,35.23,10,8,4,3.72,37.39,8,0,0,0,Healthy,0
NB03562,Male,36.34,5.2,108,35,88.5,44.87,31.31,4.94,45.4,31.64,11,6,3,4.24,37.1,5,1,1,11,High Risk,1
NB03563,Female,33.18,5.2,135,42,96.9,44.69,28.84,4.97,45.39,28.55,5,9,2,4.24,37.06,8,0,0,0,Healthy,0
NB03564,Male,40.63,5.2,146,40,91.0,51.16,35.28,5.13,50.3,34.64,8,12,3,4.72,37.56,9,0,0,0,Healthy,0
NB03565,Female,40.11,5.2,120,40,91.8,51.1,36.52,5.34,51.46,36.08,12,7,3,3.04,37.11,8,0,0,0,Healthy,0
NB03566,Male,38.11,5.2,149,53,96.7,49.49,32.14,5.5,48.51,31.37,9,5,3,5.52,36.78,8,0,0,0,Healthy,0
NB03567,Female,38.5,5.2,141,44,91.6,49.01,35.73,5.18,48.91,35.19,4,6,5,3.37,36.57,6,0,1,6,At Risk,0
NB03568,Female,40.36,5.2,152,59,91.1,51.3,32.99,5.3,52.37,33.57,9,7,3,0.35,36.55,8,0,0,0,Healthy,0
NB03569,Female,38.49,5.2,157,44,95.0,48.34,33.78,5.22,47.68,34.73,10,9,3,2.51,36.92,10,0,0,0,Healthy,0
NB03570,Male,39.99,5.2,164,64,92.9,54.44,33.07,4.8,55.17,34.19,11,10,5,2.63,37.24,7,0,0,0,Healthy,0
NB03571,Male,37.35,5.2,151,54,89.3,47.41,29.43,5.31,47.53,29.41,7,8,3,0.94,37.24,6,1,1,10,High Risk,1
NB03572,Female,40.89,5.2,135,41,96.9,51.46,36.37,5.23,52.41,36.4,5,8,3,4.51,36.18,10,0,0,0,Healthy,0
NB03573,Female,38.71,5.2,143,44,98.4,48.79,34.03,4.91,47.02,34.58,10,6,3,3.03,37.22,8,0,0,0,Healthy,0
NB03574,Male,38.43,5.2,182,34,98.2,48.5,32.0,5.5,49.88,31.35,8,8,2,0.2,36.67,9,0,0,1,Healthy,0
NB03575,Female,35.21,5.2,158,44,91.9,47.13,31.07,5.35,45.53,30.69,8,7,1,0.2,36.54,10,0,0,0,Healthy,0
NB03576,Female,38.63,5.2,141,32,96.4,49.96,34.9,4.9,48.93,34.59,6,7,2,0.2,36.96,9,0,0,0,Healthy,0
NB03577,Male,36.17,5.2,137,55,93.3,47.03,31.97,5.33,48.38,32.89,9,5,3,3.26,37.15,9,0,0,0,Healthy,0
NB03578,Female,36.6,5.2,129,39,90.6,47.77,32.52,5.5,47.89,32.32,7,6,5,4.27,36.25,7,0,0,0,Healthy,0
NB03579,Female,36.21,5.2,119,46,92.4,46.55,31.95,5.23,46.3,32.77,5,9,2,3.69,36.9,10,0,0,0,Healthy,0
NB03580,Female,35.65,5.2,171,19,85.1,48.29,31.28,5.37,49.43,30.96,7,4,5,3.47,36.07,7,1,0,6,At Risk,0
NB03581,Male,42.0,5.2,149,39,91.3,57.31,35.71,5.12,57.38,35.17,7,8,1,1.37,37.16,5,0,1,6,At Risk,0
NB03582,Female,40.93,5.2,117,38,89.9,50.49,34.91,5.14,49.69,36.03,5,9,3,0.41,36.3,9,1,0,4,At Risk,0
NB03583,Female,42.0,5.2,138,51,95.7,53.99,35.47,5.5,55.43,35.68,8,5,4,6.41,36.89,9,0,0,0,Healthy,0
NB03584,Male,35.31,5.2,163,47,96.0,47.27,30.39,5.36,47.73,30.07,6,4,2,3.26,36.64,9,0,0,0,Healthy,0
NB03585,Male,38.16,5.2,132,52,89.1,51.08,33.34,5.44,50.0,32.41,7,4,4,3.37,36.54,7,1,0,5,At Risk,0
NB03586,Female,35.15,5.2,125,46,97.9,48.43,30.85,5.18,47.86,30.6,9,7,1,4.6,35.9,8,0,0,3,At Risk,0
NB03587,Female,36.47,5.2,146,54,92.9,48.63,31.12,5.32,47.83,32.32,9,10,2,3.74,36.17,7,0,0,0,Healthy,0
NB03588,Female,35.98,5.2,152,46,91.3,47.7,33.54,5.21,46.72,33.42,5,9,2,3.47,36.77,10,0,0,0,Healthy,0
NB03589,Male,40.73,5.2,132,28,88.7,51.19,37.56,5.35,51.25,36.14,10,13,5,4.25,36.38,7,1,0,4,At Risk,0
NB03590,Male,37.13,5.2,129,41,92.2,47.29,33.19,5.21,47.41,33.04,11,9,4,4.48,36.66,7,0,0,0,Healthy,0
NB03591,Male,40.35,5.2,148,42,94.5,51.52,35.55,5.5,52.15,36.12,9,5,3,4.22,36.45,8,0,0,0,Healthy,0
NB03592,Male,39.33,5.2,120,15,98.5,48.23,33.69,5.18,48.99,33.62,11,4,4,1.02,36.67,7,0,0,2,Healthy,0
NB03593,Male,42.0,5.2,130,32,94.6,52.01,38.2,5.32,53.06,38.64,9,7,4,4.09,36.26,8,0,0,0,Healthy,0
NB03594,Male,34.75,5.2,138,62,93.9,48.88,34.13,4.87,50.1,34.47,8,4,3,3.89,36.59,6,0,1,6,At Risk,0
NB03595,Female,40.77,5.2,153,39,97.0,52.29,35.49,5.47,52.98,35.44,7,4,2,4.13,36.68,8,0,0,0,Healthy,0
NB03596,Male,40.52,5.2,132,41,95.5,53.66,34.78,5.0,54.21,34.43,9,5,2,1.9,36.81,5,0,1,6,At Risk,0
NB03597,Male,35.86,5.2,150,20,89.7,50.61,32.81,5.1,51.78,32.59,5,7,2,1.7,35.98,8,1,0,9,High Risk,0
NB03598,Female,40.22,5.2,161,29,93.5,51.24,35.54,4.98,51.85,35.36,9,5,3,0.95,36.82,7,0,0,0,Healthy,0
NB03599,Female,38.74,5.2,131,47,93.0,50.68,33.57,4.95,49.93,32.71,11,7,3,3.42,36.3,7,0,0,0,Healthy,0
NB03600,Female,37.5,5.2,198,37,94.5,48.55,34.16,5.42,47.35,34.54,9,6,2,2.43,36.19,8,0,0,1,Healthy,0
NB03601,Male,36.19,5.2,166,31,93.3,46.34,33.94,5.07,45.52,33.62,4,3,6,3.51,37.35,7,0,0,0,Healthy,0
NB03602,Female,36.42,5.2,145,55,92.2,46.27,31.51,4.94,46.79,32.28,7,10,4,3.62,37.13,10,0,0,0,Healthy,0
NB03603,Male,42.0,5.2,137,35,100.0,54.89,40.0,4.93,54.78,40.87,10,10,3,3.85,37.05,7,0,0,0,Healthy,0
NB03604,Male,38.0,5.2,130,29,94.8,50.02,31.5,5.45,50.45,31.35,7,11,3,3.41,36.7,9,0,0,0,Healthy,0
NB03605,Male,39.72,5.2,170,42,96.7,54.84,33.73,5.16,54.78,33.81,9,9,2,2.75,36.54,6,0,1,6,At Risk,0
NB03606,Male,36.26,5.2,144,34,94.6,49.98,32.93,5.22,49.26,32.71,5,7,7,2.42,37.47,8,0,0,0,Healthy,0
NB03607,Male,36.28,5.2,114,34,97.9,46.59,35.97,5.41,44.2,35.15,4,6,2,3.82,36.86,8,0,0,1,Healthy,0
NB03608,Male,40.38,5.2,109,41,94.7,53.42,34.62,5.35,52.4,34.37,8,10,3,2.93,36.4,9,0,0,0,Healthy,0
NB03609,Female,35.03,5.2,142,36,98.4,46.32,30.12,5.27,48.27,30.22,4,7,2,1.18,36.35,9,0,0,0,Healthy,0
NB03610,Male,37.09,5.2,142,25,85.0,51.21,33.98,5.48,52.37,34.42,10,8,3,6.84,36.94,8,1,1,7,At Risk,0
NB03611,Female,38.07,5.2,123,48,95.3,48.69,33.48,4.97,48.15,34.66,6,5,3,3.16,36.64,8,0,0,0,Healthy,0
NB03612,Male,38.25,5.2,113,51,95.9,47.72,34.97,5.17,47.38,34.7,9,8,4,1.06,37.26,10,0,0,0,Healthy,0
NB03613,Female,37.61,5.2,105,39,96.1,47.65,33.42,5.41,47.35,33.0,11,9,2,1.02,36.83,7,0,0,0,Healthy,0
NB03614,Female,38.87,5.2,126,48,91.2,48.89,33.12,5.5,50.18,33.76,8,8,3,1.06,36.26,8,0,0,0,Healthy,0
NB03615,Female,39.52,5.2,133,38,92.5,49.29,38.39,5.5,50.4,36.84,6,7,3,1.34,37.64,8,0,0,0,Healthy,0
NB03616,Female,39.62,5.2,152,23,91.3,49.91,30.5,4.99,51.07,30.0,7,6,5,4.77,36.34,10,0,0,2,Healthy,0
NB03617,Male,35.83,5.2,138,51,96.7,49.36,35.01,5.24,48.55,35.78,9,9,5,5.14,36.25,10,0,0,0,Healthy,0
NB03618,Female,37.37,5.2,159,41,98.2,52.63,34.76,5.33,54.62,34.29,6,8,5,3.0,36.76,8,0,0,0,Healthy,0
NB03619,Male,40.63,5.2,151,44,89.2,49.31,34.52,5.2,49.21,34.3,8,7,6,4.07,37.01,7,1,0,4,At Risk,0
NB03620,Female,39.97,5.2,149,41,95.7,53.9,37.99,5.37,54.94,38.08,8,9,3,4.0,36.4,8,0,0,0,Healthy,0
NB03621,Female,34.98,5.2,158,40,92.0,45.93,29.63,5.5,46.42,30.13,7,5,4,2.57,37.11,7,0,0,0,Healthy,0
NB03622,Male,38.77,5.2,115,43,100.0,50.99,35.85,5.05,49.48,35.93,4,3,3,5.66,36.58,9,0,0,0,Healthy,0
NB03623,Male,33.65,5.2,130,44,97.0,42.37,27.63,4.98,42.06,27.69,9,11,4,1.1,37.9,10,0,0,0,Healthy,0
NB03624,Male,38.1,5.2,183,55,93.8,50.74,32.15,5.36,50.9,32.04,9,3,6,3.98,36.95,9,0,0,1,Healthy,0
NB03625,Female,42.0,5.2,106,46,94.5,49.19,34.88,5.14,48.56,34.81,6,10,0,4.3,36.31,9,0,0,1,Healthy,0
NB03626,Male,35.91,5.2,135,54,99.5,48.35,31.21,5.37,47.07,30.81,9,9,5,1.96,36.48,10,0,0,0,Healthy,0
NB03627,Male,36.16,5.2,149,57,95.2,48.46,32.53,5.27,48.2,32.01,7,9,6,5.25,37.02,8,0,0,0,Healthy,0
NB03628,Female,39.68,5.2,106,26,88.7,51.49,33.74,5.19,53.0,34.59,5,8,5,1.47,36.43,10,1,0,4,At Risk,0
NB03629,Female,34.61,5.2,126,55,100.0,45.08,28.37,5.09,45.83,28.07,7,8,1,3.49,36.77,7,0,0,0,Healthy,0
NB03630,Male,36.61,5.2,176,49,97.8,49.45,33.52,5.25,49.09,33.49,4,6,1,2.92,37.69,10,0,0,0,Healthy,0
NB03631,Male,39.31,5.2,143,47,93.1,51.56,34.79,5.15,51.98,35.47,8,10,4,1.11,37.09,10,0,0,0,Healthy,0
NB03632,Male,36.6,5.2,130,52,97.1,47.92,33.44,5.45,46.76,32.29,9,6,1,4.75,37.07,10,0,0,0,Healthy,0
NB03633,Female,37.48,5.2,144,39,92.9,50.48,33.69,5.25,50.65,32.89,14,3,0,3.53,37.69,10,0,0,0,Healthy,0
NB03634,Female,39.64,5.2,130,48,92.8,50.88,36.38,4.98,49.14,36.46,11,6,4,4.8,36.46,9,0,0,0,Healthy,0
NB03635,Male,38.93,5.2,171,31,94.6,51.49,34.34,5.5,50.5,34.43,10,6,5,0.51,36.79,9,0,0,1,Healthy,0
NB03636,Female,38.59,5.2,122,28,97.1,49.88,35.73,5.2,50.87,34.89,4,9,5,2.65,36.66,6,0,1,6,At Risk,0
NB03637,Female,37.25,5.2,131,47,96.6,49.36,32.11,5.5,48.96,31.11,9,8,5,2.55,36.52,9,0,0,1,Healthy,0
NB03638,Female,38.81,5.2,113,41,98.3,51.48,33.29,5.18,51.22,32.49,9,3,2,3.88,36.69,9,0,0,0,Healthy,0
NB03639,Male,37.73,5.2,135,42,96.7,48.56,35.67,5.07,48.65,35.95,7,2,3,2.57,36.59,8,0,0,1,Healthy,0
NB03640,Female,39.01,5.2,137,34,100.0,48.04,36.54,5.17,49.77,37.1,5,8,2,0.6,36.5,10,0,0,0,Healthy,0
NB03641,Male,36.91,5.2,162,46,100.0,49.17,33.9,5.21,45.68,34.1,9,4,1,2.62,36.67,7,0,0,0,Healthy,0
NB03642,Female,37.6,5.2,122,38,96.1,51.62,32.19,5.18,50.87,31.19,4,8,3,4.57,36.51,9,0,0,0,Healthy,0
NB03643,Female,35.82,5.2,149,42,93.8,48.24,30.82,5.1,50.8,30.15,7,5,4,3.9,36.95,8,0,0,0,Healthy,0
NB03644,Female,37.92,5.2,142,37,94.4,50.17,35.74,5.14,51.5,35.71,9,4,1,4.62,36.37,10,0,0,0,Healthy,0
NB03645,Female,36.22,5.2,106,34,88.3,47.91,34.46,5.5,48.61,34.55,9,12,1,0.59,37.26,10,1,0,4,At Risk,0
NB03646,Female,35.55,5.2,127,40,95.1,48.87,31.99,5.18,49.31,31.74,9,6,3,1.79,37.13,10,0,0,0,Healthy,0
NB03647,Female,38.57,5.2,126,54,92.8,49.74,37.71,5.5,49.66,37.59,8,9,5,1.47,37.0,9,0,0,0,Healthy,0
NB03648,Female,38.47,5.2,170,37,92.5,49.11,34.82,5.44,47.91,35.09,7,1,2,2.1,36.59,8,0,0,1,Healthy,0
NB03649,Male,39.72,5.2,150,41,94.9,53.36,33.34,5.22,53.11,34.65,7,8,5,5.72,36.82,10,0,0,0,Healthy,0
NB03650,Female,37.05,5.2,143,39,87.7,47.69,32.72,5.36,47.73,33.44,3,4,3,2.16,36.74,8,1,0,5,At Risk,0
NB03651,Female,38.9,5.2,70,36,94.4,52.19,34.44,5.12,53.5,34.32,6,9,2,1.49,36.81,8,1,1,5,At Risk,0
NB03652,Female,39.21,5.2,106,54,95.7,52.9,34.78,5.44,53.42,34.77,10,5,3,2.27,36.2,8,0,0,1,Healthy,0
NB03653,Male,38.98,5.2,153,28,89.6,51.61,36.36,5.5,51.85,36.39,8,4,2,1.28,36.85,8,1,0,5,At Risk,0
NB03654,Female,36.18,5.2,154,41,99.7,45.47,31.09,5.35,44.98,30.85,10,4,3,0.39,36.95,10,0,0,0,Healthy,0
NB03655,Male,38.33,5.2,127,34,96.6,49.95,32.03,5.13,49.65,32.89,7,9,5,3.47,37.45,10,0,0,0,Healthy,0
NB03656,Female,38.8,5.2,140,48,99.5,49.92,35.26,5.35,48.34,36.11,12,3,1,4.2,36.35,7,0,0,0,Healthy,0
NB03657,Female,38.02,5.2,139,43,96.5,48.62,33.05,5.09,49.02,33.28,8,5,2,2.57,36.27,10,0,0,1,Healthy,0
NB03658,Female,33.41,5.2,143,54,96.3,45.75,34.22,4.95,44.68,35.23,11,10,2,4.9,37.24,9,0,0,0,Healthy,0
NB03659,Female,38.35,5.2,133,49,100.0,51.46,35.46,5.28,51.28,35.23,10,8,3,0.82,36.12,7,0,0,0,Healthy,0
NB03660,Male,42.0,5.2,155,43,99.6,52.28,35.81,4.9,53.48,36.22,9,10,2,1.76,37.46,7,0,0,0,Healthy,0
NB03661,Female,37.21,5.2,160,49,100.0,48.54,35.06,5.15,48.98,35.91,11,6,3,2.36,37.33,9,0,0,0,Healthy,0
NB03662,Male,36.4,5.2,123,50,94.6,47.68,33.77,5.3,48.18,34.24,11,11,3,5.02,37.06,6,0,1,6,At Risk,0
NB03663,Female,38.82,5.2,119,33,92.2,52.67,35.33,5.5,54.06,36.42,8,6,4,2.91,36.12,10,0,0,0,Healthy,0
NB03664,Female,38.69,5.2,126,50,90.9,49.7,34.1,5.1,50.56,34.51,8,9,5,5.13,36.73,9,0,0,0,Healthy,0
NB03665,Female,40.62,5.2,141,45,91.6,49.49,36.27,5.03,49.53,36.26,9,5,4,1.75,36.78,10,0,0,0,Healthy,0
NB03666,Female,35.23,5.2,146,47,97.4,43.96,28.71,5.39,42.14,28.14,11,4,6,0.2,36.93,7,0,0,0,Healthy,0
NB03667,Male,39.61,5.2,154,38,100.0,51.77,36.9,5.27,51.53,36.73,9,6,5,1.58,37.05,10,0,0,0,Healthy,0
NB03668,Male,39.3,5.2,157,33,100.0,49.25,29.56,5.24,49.34,30.17,11,8,7,3.83,36.46,10,0,0,0,Healthy,0
NB03669,Female,37.69,5.2,147,32,94.4,50.66,32.92,4.93,50.84,33.63,9,3,5,2.1,37.28,9,0,0,1,Healthy,0
NB03670,Male,38.75,5.2,144,15,97.7,47.61,31.93,5.45,46.17,30.82,7,8,1,2.35,37.03,10,0,0,2,Healthy,0
NB03671,Female,40.26,5.2,170,35,93.1,50.56,34.63,4.81,50.92,34.4,5,6,4,1.12,37.03,8,0,0,1,Healthy,0
NB03672,Female,39.92,5.2,140,66,93.3,48.67,35.03,5.27,49.58,35.41,9,9,5,2.74,36.7,9,0,0,1,Healthy,0
NB03673,Female,35.49,5.2,151,50,91.4,48.21,30.24,5.48,48.01,30.46,7,6,2,7.11,36.97,8,0,0,0,Healthy,0
NB03674,Male,39.8,5.2,146,45,91.6,52.52,30.9,5.25,53.14,30.54,9,8,2,0.28,35.84,9,0,0,2,Healthy,0
NB03675,Male,37.86,5.2,137,52,96.9,50.15,34.01,5.18,49.65,35.02,8,8,2,2.67,36.98,9,0,0,1,Healthy,0
NB03676,Male,38.16,5.2,137,39,100.0,47.57,37.04,5.02,47.98,37.68,7,7,3,3.09,37.55,10,0,0,0,Healthy,0
NB03677,Male,38.16,5.2,164,38,98.6,48.25,33.39,5.12,50.3,34.8,6,7,5,1.97,37.15,9,0,0,0,Healthy,0
NB03678,Male,37.67,5.2,138,39,100.0,49.77,35.01,5.5,49.53,34.9,7,10,5,0.2,37.1,10,0,0,0,Healthy,0
NB03679,Male,40.62,5.2,134,35,97.7,48.58,37.89,5.12,47.61,37.05,6,7,2,4.48,37.15,7,0,0,0,Healthy,0
NB03680,Male,37.82,5.2,127,35,94.9,48.95,30.82,5.32,49.86,31.01,6,4,2,2.13,37.34,10,0,0,0,Healthy,0
NB03681,Male,35.54,5.2,148,42,93.2,50.42,31.39,5.06,50.32,32.7,3,4,4,2.14,36.71,9,0,0,1,Healthy,0
NB03682,Male,37.13,5.2,131,43,97.0,48.46,31.28,5.17,47.85,31.49,3,9,2,4.21,37.24,9,0,0,1,Healthy,0
NB03683,Female,38.39,5.2,146,55,89.1,46.98,32.87,4.9,46.4,33.33,8,8,1,1.89,37.01,5,1,1,10,High Risk,1
NB03684,Male,40.7,5.2,143,52,92.9,50.82,38.25,5.22,51.23,38.64,12,10,3,2.88,36.83,10,0,0,0,Healthy,0
NB03685,Male,39.33,5.2,132,27,92.2,49.53,35.06,5.16,49.75,34.38,8,11,0,3.69,37.41,8,0,0,0,Healthy,0
NB03686,Male,36.13,5.2,115,39,99.4,52.2,33.67,5.5,53.65,33.2,8,8,5,5.56,36.49,7,0,0,0,Healthy,0
NB03687,Male,42.0,5.2,121,31,90.2,56.53,36.53,5.06,57.12,36.3,10,5,3,3.25,36.51,8,0,0,0,Healthy,0
NB03688,Female,38.58,5.2,124,16,98.3,51.59,32.39,5.14,52.72,32.33,8,8,2,4.04,35.74,8,0,0,4,At Risk,0
NB03689,Male,40.81,5.2,122,43,96.4,51.44,36.78,5.41,51.63,37.47,8,10,4,0.2,36.38,8,0,0,0,Healthy,0
NB03690,Male,37.67,5.2,148,48,96.4,51.7,35.45,5.22,52.36,35.08,5,4,3,5.18,36.6,7,0,0,0,Healthy,0
NB03691,Male,39.17,5.2,178,43,93.4,48.39,35.1,5.2,48.51,33.73,8,6,1,2.18,36.78,10,0,0,0,Healthy,0
NB03692,Female,39.85,5.2,131,46,89.9,53.42,35.83,5.2,55.4,35.41,7,0,2,5.2,37.0,8,1,0,6,At Risk,0
NB03693,Female,40.68,5.2,133,39,96.8,53.87,33.82,5.03,54.51,33.65,8,8,1,3.22,37.2,9,0,0,0,Healthy,0
NB03694,Female,40.33,5.2,129,32,98.1,51.39,36.49,5.14,50.11,37.39,7,11,3,3.02,36.2,7,0,0,0,Healthy,0
NB03695,Female,39.92,5.2,155,38,96.7,53.61,37.16,5.25,53.59,36.77,7,9,4,2.32,36.85,10,0,0,1,Healthy,0
NB03696,Female,37.31,5.2,148,56,94.5,48.08,33.92,5.0,48.48,32.03,8,3,5,2.91,36.36,8,0,0,0,Healthy,0
NB03697,Female,36.74,5.2,140,46,91.0,45.94,30.22,5.02,46.1,29.75,8,4,3,4.13,36.2,9,0,0,0,Healthy,0
NB03698,Female,38.73,5.2,118,27,92.8,52.21,36.77,5.47,53.22,36.87,6,7,2,2.89,36.95,8,0,0,0,Healthy,0
NB03699,Female,40.05,5.2,123,43,96.6,51.28,33.82,5.33,50.97,32.51,7,9,2,3.04,36.85,10,0,0,0,Healthy,0
NB03700,Female,37.51,5.2,143,55,92.2,50.36,34.04,5.29,50.57,34.49,8,11,2,3.32,37.02,10,0,0,0,Healthy,0
NB03701,Female,40.34,5.2,144,50,91.6,55.35,36.87,5.12,56.44,37.24,8,8,4,1.45,37.06,9,0,0,0,Healthy,0
NB03702,Female,41.2,5.2,140,55,89.9,51.03,37.66,5.27,49.81,37.77,10,4,4,3.02,36.58,10,1,0,4,At Risk,0
NB03703,Female,35.98,5.2,152,27,96.9,47.5,29.69,4.75,46.73,30.09,10,6,2,3.94,37.29,9,0,0,0,Healthy,0
NB03704,Female,36.16,5.2,118,43,96.8,51.08,32.69,4.99,53.19,32.51,10,6,5,1.1,36.39,10,0,0,0,Healthy,0
NB03705,Male,37.69,5.2,145,39,99.0,50.66,33.66,5.36,50.48,33.36,9,8,5,1.67,36.32,9,0,0,0,Healthy,0
NB03706,Female,38.68,5.2,144,48,87.5,48.81,36.43,5.1,49.85,36.16,14,9,4,3.46,36.98,9,1,0,4,At Risk,0
NB03707,Female,36.85,5.2,123,34,99.1,46.65,33.68,5.19,47.92,33.59,8,3,2,4.93,36.9,10,0,0,0,Healthy,0
NB03708,Male,40.97,5.2,129,33,98.9,51.22,38.05,5.3,50.12,39.36,6,8,0,0.2,36.44,10,0,0,0,Healthy,0
NB03709,Male,38.93,5.2,152,42,99.2,48.96,35.26,5.08,48.3,34.91,12,3,2,5.91,36.43,7,0,0,0,Healthy,0
NB03710,Male,38.09,5.2,120,33,95.4,50.15,33.75,5.11,50.36,34.31,8,7,3,6.83,36.97,10,0,0,0,Healthy,0
NB03711,Male,34.84,5.2,184,45,95.8,46.91,31.88,5.16,46.44,31.4,11,11,2,5.23,36.91,10,0,0,1,Healthy,0
NB03712,Male,35.11,5.2,150,22,95.8,47.55,34.06,5.26,48.16,34.15,8,7,3,1.97,36.33,8,0,0,2,Healthy,0
NB03713,Female,38.62,5.2,139,54,91.8,48.47,32.29,4.9,49.2,32.34,11,3,3,5.18,36.51,8,0,0,0,Healthy,0
NB03714,Female,33.31,5.2,135,15,92.0,45.24,31.87,5.29,45.64,29.94,13,9,3,3.13,36.39,10,0,0,2,Healthy,0
NB03715,Female,40.23,5.2,154,51,95.8,47.49,34.42,5.23,47.64,34.59,5,5,2,2.84,35.85,10,0,0,3,At Risk,0
NB03716,Female,37.65,5.2,133,36,94.1,49.58,32.29,5.25,50.35,31.97,6,10,5,2.61,37.41,8,0,0,0,Healthy,0
NB03717,Male,42.0,5.2,133,28,97.5,55.55,38.14,5.08,56.94,37.19,10,5,5,2.97,36.91,10,0,0,0,Healthy,0
NB03718,Male,42.0,5.2,166,44,93.8,50.35,35.28,5.22,51.85,35.51,10,4,4,2.72,37.32,9,0,0,0,Healthy,0
NB03719,Male,37.6,5.2,132,51,89.9,50.21,34.09,5.42,50.68,34.83,8,11,4,2.61,36.66,9,1,0,4,At Risk,0
NB03720,Female,37.77,5.2,142,54,90.0,48.17,32.9,5.37,47.49,33.01,8,7,5,5.2,36.36,10,0,0,0,Healthy,0
NB03721,Female,40.19,5.2,126,53,92.3,53.18,31.8,5.48,53.2,32.52,6,6,1,4.3,36.41,9,0,0,1,Healthy,0
NB03722,Male,41.75,5.2,145,33,97.5,53.29,37.14,5.05,54.17,38.52,10,7,0,3.8,36.41,10,0,0,0,Healthy,0
NB03723,Male,34.4,5.2,150,44,93.2,47.17,31.47,5.37,48.46,31.54,10,4,4,2.39,36.57,10,0,0,1,Healthy,0
NB03724,Female,34.07,5.2,170,24,96.0,46.19,28.18,5.11,47.46,28.42,9,8,6,3.74,36.1,9,0,0,2,Healthy,0
NB03725,Female,36.63,5.2,123,43,89.1,51.03,31.79,4.78,51.05,32.09,5,8,3,1.42,36.63,8,1,0,4,At Risk,0
NB03726,Female,39.28,5.2,114,45,95.6,51.45,31.99,5.42,51.87,32.59,8,2,3,5.5,36.54,10,0,0,1,Healthy,0
NB03727,Female,39.09,5.2,135,38,95.1,49.17,35.66,5.38,49.89,35.33,8,10,2,4.81,37.19,6,0,1,6,At Risk,0
NB03728,Male,40.35,5.2,129,24,99.2,51.92,37.53,5.5,53.58,38.26,8,5,3,4.35,37.04,8,0,0,3,At Risk,0
NB03729,Female,35.36,5.2,140,36,95.5,46.49,33.23,4.94,45.93,33.97,5,7,4,0.33,36.63,9,0,0,0,Healthy,0
NB03730,Female,32.9,5.2,149,61,97.7,45.34,31.72,5.26,46.0,32.02,7,6,5,2.65,37.01,7,0,0,0,Healthy,0
NB03731,Male,39.89,5.2,181,46,100.0,50.46,34.34,5.19,50.14,35.34,8,10,5,2.68,36.31,9,0,0,1,Healthy,0
NB03732,Male,36.18,5.2,132,37,95.1,46.61,33.34,5.46,47.97,34.08,8,7,3,3.19,36.23,9,0,0,1,Healthy,0
NB03733,Male,33.56,5.2,100,40,100.0,46.0,30.68,4.95,46.17,30.13,8,7,2,3.84,36.76,9,0,0,1,Healthy,0
NB03734,Male,38.32,5.2,136,46,95.4,50.0,34.3,5.18,50.44,34.42,7,7,3,0.66,36.85,8,0,0,0,Healthy,0
NB03735,Female,39.74,5.2,146,27,93.1,53.3,36.46,5.25,52.66,37.06,8,8,3,4.85,36.74,9,0,0,1,Healthy,0
NB03736,Female,37.73,5.2,123,27,94.6,48.53,35.38,5.38,48.3,36.11,6,9,5,4.57,37.41,6,0,1,6,At Risk,0
NB03737,Male,36.99,5.2,144,35,93.2,44.73,32.51,5.31,46.92,31.07,9,9,3,5.68,37.11,8,0,0,0,Healthy,0
NB03738,Male,37.65,5.2,142,37,93.4,48.56,31.44,5.22,49.37,31.48,9,7,4,2.11,37.27,10,0,0,0,Healthy,0
NB03739,Male,37.18,5.2,145,60,93.0,45.61,32.95,5.17,46.0,33.79,6,9,6,3.88,36.55,9,0,0,0,Healthy,0
NB03740,Male,35.03,5.2,154,43,93.9,47.76,31.4,5.21,49.33,32.12,10,8,3,5.28,36.95,9,0,0,0,Healthy,0
NB03741,Female,36.43,5.2,139,37,97.5,44.84,33.13,5.38,46.55,32.31,7,2,4,2.17,36.33,9,0,0,1,Healthy,0
NB03742,Male,39.15,5.2,150,43,89.0,48.66,35.85,5.06,48.82,35.4,8,3,3,2.47,36.47,9,1,0,4,At Risk,0
NB03743,Male,38.71,5.2,108,22,96.0,49.51,31.42,5.18,48.95,31.77,10,9,4,0.38,36.95,9,0,0,2,Healthy,0
NB03744,Female,38.37,5.2,123,33,95.4,53.02,33.05,5.18,53.07,33.08,8,7,4,1.66,36.4,9,0,0,0,Healthy,0
NB03745,Female,35.81,5.2,134,35,99.8,45.48,30.82,4.81,45.32,30.78,7,6,4,0.2,36.44,9,0,0,1,Healthy,0
NB03746,Female,37.6,5.2,122,32,93.7,49.27,35.4,4.84,49.57,35.52,8,5,1,2.04,36.99,7,0,0,0,Healthy,0
NB03747,Male,33.21,5.2,140,54,99.0,46.45,30.13,4.93,46.92,30.09,9,9,4,3.4,36.46,8,0,0,0,Healthy,0
NB03748,Male,38.39,5.2,134,49,92.0,52.92,33.31,5.19,55.64,33.21,9,6,5,0.96,37.23,8,0,0,0,Healthy,0
NB03749,Female,41.14,5.2,132,30,93.4,53.98,36.81,5.33,53.15,37.26,7,1,3,4.63,36.7,7,0,0,1,Healthy,0
NB03750,Female,34.76,5.2,156,29,96.5,48.87,30.64,5.11,47.76,31.22,7,2,1,2.63,36.72,10,0,0,2,Healthy,0
NB03751,Male,36.71,5.2,142,29,97.1,50.17,32.87,4.91,49.78,33.02,8,8,4,3.11,36.91,9,0,0,0,Healthy,0
NB03752,Male,38.72,5.2,120,40,94.1,47.83,37.03,5.42,45.0,37.91,10,5,7,5.04,36.74,7,0,0,0,Healthy,0
NB03753,Female,40.76,5.2,129,44,95.8,52.8,38.41,5.29,51.11,38.16,9,4,4,3.78,36.93,9,0,0,1,Healthy,0
NB03754,Male,37.01,5.2,154,46,94.4,50.41,32.5,5.19,49.28,32.65,8,7,0,2.57,36.39,7,0,0,0,Healthy,0
NB03755,Female,36.48,5.2,144,32,97.8,46.32,32.46,5.28,47.65,32.44,7,8,6,2.59,35.58,8,0,0,2,Healthy,0
NB03756,Male,33.67,5.2,162,40,94.5,44.54,29.84,5.02,43.39,29.06,5,10,2,1.47,36.16,9,0,0,0,Healthy,0
NB03757,Female,38.23,5.2,155,41,94.2,48.2,31.07,5.44,46.7,31.51,13,7,3,3.7,36.6,10,0,0,0,Healthy,0
NB03758,Male,42.0,5.2,133,54,98.5,54.75,38.15,5.29,54.1,38.94,7,9,5,0.2,37.02,10,0,0,0,Healthy,0
NB03759,Female,38.61,5.2,166,50,95.7,50.01,37.86,5.2,50.61,38.46,7,3,5,2.0,37.77,9,0,0,0,Healthy,0
NB03760,Male,37.95,5.2,167,28,97.3,48.91,33.1,5.16,48.6,33.36,11,10,4,1.51,36.53,7,0,0,0,Healthy,0
NB03761,Male,38.71,5.2,108,23,100.0,47.67,33.07,5.24,47.53,32.25,7,2,4,2.13,36.51,8,0,0,3,At Risk,0
NB03762,Female,37.98,5.2,141,41,88.1,49.44,33.37,5.33,49.07,33.89,9,8,4,2.22,36.95,10,1,0,4,At Risk,0
NB03763,Male,36.21,5.2,130,36,91.4,46.86,32.68,4.88,45.73,33.88,8,5,2,2.49,36.9,6,0,1,7,At Risk,0
NB03764,Male,39.81,5.2,135,32,91.8,51.72,33.36,5.07,50.99,33.4,7,6,2,0.87,36.92,6,0,1,6,At Risk,0
NB03765,Female,38.5,5.2,125,34,92.0,47.76,33.46,5.16,47.14,33.63,9,6,4,4.4,36.68,10,0,0,0,Healthy,0
NB03766,Female,38.04,5.2,123,48,100.0,49.99,35.35,5.16,50.82,36.21,9,6,4,0.84,35.91,8,0,0,2,Healthy,0
NB03767,Male,35.85,5.2,156,27,85.7,46.79,32.49,5.09,45.87,32.65,6,6,3,4.52,36.89,10,1,0,4,At Risk,0
NB03768,Female,40.87,5.2,119,60,96.7,49.68,37.71,5.39,50.9,37.71,8,11,3,0.75,36.78,7,0,0,0,Healthy,0
NB03769,Female,39.46,5.2,142,35,89.6,48.26,35.37,5.09,49.15,35.47,9,10,3,0.2,36.08,8,1,0,4,At Risk,0
NB03770,Male,36.78,5.2,116,48,95.1,46.15,31.32,5.02,44.79,31.89,9,9,2,7.43,37.06,10,0,0,1,Healthy,0
NB03771,Male,40.2,5.2,163,35,95.9,51.17,34.48,5.14,51.76,35.13,8,6,4,4.71,37.13,8,0,0,0,Healthy,0
NB03772,Male,36.91,5.2,141,27,98.2,48.86,33.41,5.5,49.11,32.23,6,8,4,2.32,37.05,7,0,0,0,Healthy,0
NB03773,Male,36.28,5.2,153,41,94.1,48.59,30.91,5.23,50.15,31.42,11,5,1,6.27,36.62,6,0,1,6,At Risk,0
NB03774,Male,36.33,5.2,144,29,94.4,48.71,30.75,5.13,48.09,30.95,9,8,2,2.65,36.9,8,0,0,0,Healthy,0
NB03775,Female,34.1,5.2,135,43,87.8,44.58,29.28,5.16,45.43,28.91,13,7,2,5.18,36.4,10,1,0,4,At Risk,0
NB03776,Female,39.04,5.2,141,42,100.0,52.65,35.3,4.88,53.65,36.26,8,8,3,3.27,36.18,9,0,0,0,Healthy,0
NB03777,Female,33.97,5.2,167,35,96.1,45.09,30.43,5.19,43.54,30.92,9,6,2,0.2,36.76,10,0,0,0,Healthy,0
NB03778,Male,35.3,5.2,124,44,96.5,48.07,33.68,5.28,49.58,33.0,9,9,3,3.45,36.12,9,0,0,1,Healthy,0
NB03779,Male,33.43,5.2,94,52,98.8,45.16,29.26,5.32,44.63,29.8,5,7,0,1.38,36.74,9,1,1,5,At Risk,0
NB03780,Female,37.81,5.2,126,41,94.8,50.18,29.98,5.2,50.85,30.78,9,7,2,3.11,36.78,7,0,0,0,Healthy,0
NB03781,Female,37.67,5.2,118,35,96.5,48.87,33.37,5.08,48.85,33.01,4,9,4,4.81,36.43,7,0,0,0,Healthy,0
NB03782,Female,37.28,5.2,157,46,97.5,49.74,35.77,5.41,49.75,36.0,6,11,3,1.87,37.67,9,0,0,0,Healthy,0
NB03783,Male,35.71,5.2,137,46,89.8,47.52,32.25,5.16,46.92,32.3,9,7,2,4.71,36.53,7,1,0,4,At Risk,0
NB03784,Male,35.42,5.2,155,39,96.9,48.91,29.94,5.03,48.51,30.05,8,7,3,4.15,36.9,10,0,0,1,Healthy,0
NB03785,Female,39.02,5.2,141,56,100.0,48.88,32.08,5.08,49.53,31.99,2,8,4,2.92,36.71,9,0,0,1,Healthy,0
NB03786,Female,36.79,5.2,140,39,100.0,44.97,34.75,5.16,46.59,34.58,8,6,2,0.2,37.22,10,0,0,1,Healthy,0
NB03787,Female,38.7,5.2,143,57,100.0,48.28,33.08,5.17,47.26,33.55,6,4,3,0.72,36.65,8,0,0,0,Healthy,0
NB03788,Female,36.05,5.2,167,35,100.0,49.99,34.75,5.12,49.65,34.92,9,5,5,5.21,36.23,7,0,0,0,Healthy,0
NB03789,Female,38.4,5.2,143,51,90.6,49.65,35.06,5.29,50.11,35.62,8,10,4,1.28,36.99,10,0,0,1,Healthy,0
NB03790,Male,40.87,5.2,160,40,93.2,52.36,34.65,5.21,52.77,35.4,10,6,3,2.1,36.12,9,0,0,0,Healthy,0
NB03791,Female,39.29,5.2,159,45,91.8,48.65,36.45,5.41,49.35,37.52,5,8,3,4.6,36.42,8,0,0,0,Healthy,0
NB03792,Male,37.09,5.2,137,22,100.0,48.91,31.78,5.25,50.28,31.42,4,3,3,3.27,36.57,10,0,0,3,At Risk,0
NB03793,Female,38.57,5.2,139,64,95.9,48.06,32.03,5.16,46.55,32.91,10,4,5,2.8,36.59,10,0,0,0,Healthy,0
NB03794,Male,37.47,5.2,133,45,90.1,47.37,32.13,5.13,47.0,32.51,11,10,1,4.65,36.64,6,0,1,7,At Risk,0
NB03795,Male,38.02,5.2,163,52,91.1,48.81,34.97,5.15,50.06,35.18,13,8,3,3.41,36.61,8,0,0,0,Healthy,0
NB03796,Female,37.28,5.2,123,28,95.4,49.85,35.01,5.01,49.87,35.3,9,7,2,4.07,36.86,8,0,0,0,Healthy,0
NB03797,Female,37.64,5.2,127,44,90.2,50.38,32.95,5.18,49.43,32.97,9,4,1,1.34,36.49,7,0,0,0,Healthy,0
NB03798,Female,38.47,5.2,135,40,100.0,51.18,31.32,5.33,50.11,30.47,9,7,3,5.12,37.0,9,0,0,1,Healthy,0
NB03799,Male,35.81,5.2,119,31,97.8,44.46,29.94,5.39,44.64,30.53,10,7,2,2.66,36.42,7,0,0,0,Healthy,0
NB03800,Female,35.77,5.2,129,55,96.1,47.58,30.63,5.27,47.36,31.08,8,7,5,3.82,36.23,8,0,0,0,Healthy,0
NB03801,Male,34.95,5.2,160,43,91.3,46.46,29.72,5.5,48.81,30.01,4,5,3,1.9,36.29,7,0,0,0,Healthy,0
NB03802,Male,34.48,5.2,152,41,90.4,43.37,31.73,5.29,43.41,30.95,7,9,1,3.92,36.61,8,0,0,0,Healthy,0
NB03803,Male,35.32,5.2,132,48,96.2,47.22,34.83,4.88,46.66,35.04,7,5,2,3.51,37.24,6,0,1,6,At Risk,0
NB03804,Male,38.35,5.2,154,33,95.5,49.41,35.24,5.31,50.86,35.61,7,6,5,3.0,36.79,6,0,1,6,At Risk,0
NB03805,Female,36.04,5.2,177,44,90.5,48.86,30.73,5.46,48.98,31.95,10,2,4,4.8,36.59,5,0,1,7,At Risk,0
NB03806,Male,39.13,5.2,146,43,94.8,50.78,33.55,5.18,51.75,33.88,12,7,4,4.19,36.78,9,0,0,0,Healthy,0
NB03807,Female,38.08,5.2,166,43,94.8,48.57,33.1,4.94,50.65,32.16,8,4,5,5.62,36.26,10,0,0,1,Healthy,0
NB03808,Male,33.67,5.2,155,52,97.6,47.55,31.35,4.87,49.23,31.76,6,7,4,2.35,36.03,9,0,0,0,Healthy,0
NB03809,Male,39.44,5.2,135,38,100.0,46.45,37.17,5.21,47.03,37.97,7,7,4,4.89,36.36,9,0,0,0,Healthy,0
NB03810,Female,39.78,5.2,144,37,87.7,51.08,34.35,5.03,52.0,34.25,6,7,5,4.7,36.33,8,1,0,4,At Risk,0
NB03811,Female,35.81,5.2,149,36,97.8,44.11,34.58,5.19,45.65,33.75,8,4,5,1.11,37.88,9,0,0,0,Healthy,0
NB03812,Male,38.92,5.2,127,35,92.6,48.61,37.6,5.15,47.85,38.83,5,3,4,1.79,37.66,9,0,0,0,Healthy,0
NB03813,Female,36.12,5.2,93,53,96.5,48.95,31.96,5.5,47.85,32.13,7,7,2,2.82,37.66,8,1,1,6,At Risk,0
NB03814,Female,38.21,5.2,125,41,95.5,47.24,33.39,5.4,49.46,33.16,10,3,2,4.82,36.25,7,0,0,0,Healthy,0
NB03815,Female,35.22,5.2,101,52,96.8,44.25,31.31,5.12,43.2,31.89,8,10,2,4.23,37.59,10,0,0,1,Healthy,0
NB03816,Female,34.06,5.2,126,45,90.6,50.81,31.13,5.15,53.28,30.67,9,8,3,4.82,36.48,7,0,0,1,Healthy,0
NB03817,Male,37.16,5.2,109,33,98.4,46.12,32.67,5.42,45.63,32.21,9,9,3,2.45,37.54,7,0,0,0,Healthy,0
NB03818,Female,37.73,5.2,156,27,95.1,52.66,34.94,5.25,51.95,34.81,6,9,3,2.48,37.0,9,0,0,0,Healthy,0
NB03819,Female,37.13,5.2,119,27,99.9,48.47,30.86,5.29,49.46,31.11,8,8,1,4.17,36.35,9,0,0,0,Healthy,0
NB03820,Female,35.4,5.2,150,33,100.0,46.21,31.17,5.47,44.8,30.91,10,7,3,2.7,37.54,9,0,0,0,Healthy,0
NB03821,Female,37.12,5.2,154,52,95.8,49.94,33.68,5.08,52.71,34.11,9,7,2,2.56,37.53,10,0,0,0,Healthy,0
NB03822,Male,38.59,5.2,153,55,98.5,52.81,35.52,5.42,54.93,36.03,9,10,2,2.17,36.32,9,0,0,0,Healthy,0
NB03823,Female,37.9,5.2,106,43,98.2,47.22,37.02,5.15,48.96,37.11,7,6,4,4.32,36.95,10,0,0,1,Healthy,0
NB03824,Male,38.4,5.2,160,51,99.7,48.94,32.15,4.78,47.62,32.13,6,7,4,4.24,35.93,7,0,0,2,Healthy,0
NB03825,Male,36.53,5.2,148,36,99.4,49.97,31.79,5.0,51.46,32.4,8,5,2,6.28,36.62,10,0,0,0,Healthy,0
NB03826,Female,40.58,5.2,154,36,90.9,52.5,32.2,5.04,53.89,32.66,9,5,4,2.05,36.63,7,0,0,0,Healthy,0
NB03827,Male,35.41,5.2,173,50,96.0,49.48,30.32,5.5,49.84,29.78,8,6,3,3.77,36.62,7,0,0,0,Healthy,0
NB03828,Male,39.07,5.2,154,44,90.1,51.6,31.9,5.2,52.64,32.73,8,7,2,4.3,37.53,8,0,0,0,Healthy,0
NB03829,Male,40.6,5.2,119,49,93.2,55.56,34.84,5.17,56.37,35.4,8,7,1,2.12,36.2,9,0,0,0,Healthy,0
NB03830,Female,39.06,5.2,152,43,93.3,50.91,34.2,5.5,49.9,33.98,9,7,4,3.71,36.7,10,0,0,0,Healthy,0
NB03831,Male,37.55,5.2,113,38,97.0,49.64,34.19,5.07,49.41,33.31,8,8,3,2.1,37.14,6,0,1,6,At Risk,0
NB03832,Female,36.84,5.2,139,40,94.2,49.2,32.54,5.15,49.1,32.81,6,7,0,5.18,36.21,9,0,0,0,Healthy,0
NB03833,Male,40.28,5.2,131,45,94.4,51.37,36.1,5.24,50.05,36.34,7,11,4,2.89,36.4,8,0,0,0,Healthy,0
NB03834,Male,34.87,5.2,140,44,98.5,48.48,31.78,5.22,49.43,32.04,10,7,3,4.73,37.3,8,0,0,0,Healthy,0
NB03835,Female,35.87,5.2,113,33,98.1,48.15,30.76,5.3,49.48,31.68,8,7,4,2.24,37.41,10,0,0,0,Healthy,0
NB03836,Male,37.13,5.2,115,41,96.0,50.39,30.66,5.34,51.04,30.74,6,9,3,1.53,36.61,9,0,0,0,Healthy,0
NB03837,Female,40.72,5.2,132,27,97.6,53.94,36.58,5.06,56.01,36.91,9,4,4,6.67,37.19,8,0,0,1,Healthy,0
NB03838,Female,38.84,5.2,136,39,97.3,51.21,36.85,4.86,51.76,37.29,6,6,3,4.42,37.5,9,0,0,0,Healthy,0
NB03839,Female,35.87,5.2,132,33,100.0,48.69,36.11,5.31,48.91,35.95,8,8,4,3.14,36.62,6,0,1,6,At Risk,0
NB03840,Female,37.32,5.2,166,15,94.3,46.96,34.73,4.86,46.61,35.29,10,8,3,1.68,37.16,7,0,0,2,Healthy,0
NB03841,Male,36.65,5.2,148,64,92.4,47.28,35.04,5.29,47.76,35.96,7,6,2,3.68,36.61,8,0,0,0,Healthy,0
NB03842,Male,36.44,5.2,147,34,95.7,49.88,33.4,5.38,47.39,33.25,6,8,4,6.8,36.19,8,0,0,0,Healthy,0
NB03843,Male,40.15,5.2,133,33,91.7,54.39,35.76,5.46,56.35,34.76,9,4,8,3.07,36.8,8,0,0,0,Healthy,0
NB03844,Female,34.98,5.2,115,58,93.7,43.0,31.85,5.2,43.6,31.48,8,10,4,2.06,36.69,9,0,0,1,Healthy,0
NB03845,Female,41.54,5.2,140,30,96.6,51.65,36.12,5.5,52.98,36.26,8,8,3,1.84,36.38,8,0,0,0,Healthy,0
NB03846,Male,39.82,5.2,173,27,93.2,51.29,35.99,4.95,52.63,35.14,10,7,4,0.77,36.65,9,0,0,0,Healthy,0
NB03847,Female,40.4,5.2,144,40,94.2,50.0,34.7,5.5,50.94,34.49,7,8,5,1.49,36.7,8,0,0,0,Healthy,0
NB03848,Male,36.98,5.2,160,37,94.0,47.04,32.87,5.08,46.22,32.99,9,5,5,1.5,36.93,8,0,0,0,Healthy,0
NB03849,Female,37.67,5.2,162,36,93.5,50.25,31.8,5.24,47.09,32.29,8,10,6,1.92,37.27,9,0,0,0,Healthy,0
NB03850,Female,34.85,5.2,150,33,91.2,49.93,32.31,5.26,52.31,33.0,5,11,5,4.6,37.27,8,0,0,0,Healthy,0
NB03851,Male,36.85,5.2,144,40,98.5,44.5,31.55,5.5,44.72,31.86,9,3,3,2.49,36.76,10,0,0,0,Healthy,0
NB03852,Female,39.09,5.2,122,58,99.8,50.24,34.61,5.01,50.1,34.61,9,9,4,3.08,36.55,9,0,0,0,Healthy,0
NB03853,Female,40.85,5.2,136,26,98.3,53.09,36.55,5.5,53.03,36.4,8,9,1,0.2,37.4,9,0,0,1,Healthy,0
NB03854,Female,35.56,5.2,134,50,98.3,48.97,32.97,4.8,48.71,33.04,10,8,4,1.62,36.76,10,0,0,0,Healthy,0
NB03855,Female,37.2,5.2,146,57,93.5,49.51,34.39,5.21,49.7,34.98,4,5,1,4.13,36.53,7,0,0,0,Healthy,0
NB03856,Male,37.67,5.2,115,36,95.6,52.82,33.25,5.34,52.95,33.67,7,6,6,1.71,36.88,10,0,0,0,Healthy,0
NB03857,Male,34.93,5.2,130,46,92.3,46.89,32.38,5.44,47.21,32.5,9,1,1,2.05,35.98,8,0,0,3,At Risk,0
NB03858,Male,39.3,5.2,147,41,94.5,53.39,33.98,4.94,53.35,34.87,7,4,1,1.26,36.59,8,0,0,0,Healthy,0
NB03859,Male,36.41,5.2,127,25,94.8,46.87,29.73,4.84,47.96,29.63,6,12,3,5.59,36.56,9,0,0,2,Healthy,0
NB03860,Female,37.57,5.2,124,54,90.2,49.33,34.29,5.49,50.26,35.05,9,3,3,6.85,36.44,9,0,0,0,Healthy,0
NB03861,Male,37.01,5.2,126,42,95.5,46.28,33.55,5.28,45.95,33.39,6,10,2,5.68,36.97,8,0,0,0,Healthy,0
NB03862,Female,36.26,5.2,135,37,93.1,49.84,34.1,4.85,50.23,33.54,9,8,3,2.53,37.28,8,0,0,0,Healthy,0
NB03863,Female,37.98,5.2,97,27,95.9,49.35,33.75,5.13,48.38,33.9,10,6,2,4.52,37.56,10,1,1,5,At Risk,0
NB03864,Male,37.53,5.2,127,47,94.2,49.89,31.06,5.08,50.71,30.08,8,7,2,2.63,36.58,8,0,0,0,Healthy,0
NB03865,Female,37.18,5.2,157,44,96.2,48.24,33.09,5.46,50.13,33.01,8,10,4,1.38,36.67,9,0,0,0,Healthy,0
NB03866,Female,36.4,5.2,146,48,97.4,49.33,34.01,5.16,50.41,34.59,7,4,6,3.01,36.49,5,0,1,6,At Risk,0
NB03867,Female,38.7,5.2,148,48,90.6,51.03,35.01,5.19,51.15,35.58,8,6,2,1.79,37.04,9,0,0,0,Healthy,0
NB03868,Female,41.64,5.2,107,34,93.9,50.88,36.13,5.18,50.12,37.03,7,9,3,1.95,35.96,9,0,0,3,At Risk,0
NB03869,Male,38.31,5.2,133,15,92.7,48.0,31.52,5.5,48.89,31.2,11,6,1,3.23,36.62,7,0,0,3,At Risk,0
NB03870,Male,40.19,5.2,138,41,99.1,51.52,33.79,5.41,51.12,33.25,11,11,5,4.62,36.93,10,0,0,0,Healthy,0
NB03871,Female,34.94,5.2,148,40,100.0,48.17,32.37,5.37,48.4,32.87,8,8,2,4.31,36.52,9,0,0,0,Healthy,0
NB03872,Female,38.35,5.2,160,44,95.1,53.64,31.55,5.27,54.6,31.2,10,5,6,3.78,36.61,10,0,0,0,Healthy,0
NB03873,Male,35.59,5.2,157,57,96.4,48.03,31.63,5.27,47.43,31.86,9,8,2,2.24,37.25,7,0,0,0,Healthy,0
NB03874,Female,34.75,5.2,129,42,89.8,48.69,31.58,5.05,49.0,31.07,6,6,4,3.36,36.77,9,1,0,4,At Risk,0
NB03875,Male,36.37,5.2,130,49,96.1,44.91,34.39,5.4,44.07,34.21,6,4,4,1.21,37.34,8,0,0,0,Healthy,0
NB03876,Male,40.62,5.2,165,46,94.1,55.99,36.56,5.15,55.86,36.36,7,10,3,2.16,37.54,8,0,0,0,Healthy,0
NB03877,Male,40.09,5.2,134,28,99.8,52.69,36.71,4.97,52.45,36.8,6,3,0,2.9,37.04,8,0,0,0,Healthy,0
NB03878,Male,38.53,5.2,121,29,94.2,49.98,34.63,5.2,51.41,34.66,9,10,1,1.99,36.67,9,0,0,1,Healthy,0
NB03879,Male,34.63,5.2,136,54,92.1,46.24,30.17,5.23,46.65,30.4,9,6,4,3.74,37.51,10,0,0,0,Healthy,0
NB03880,Female,37.57,5.2,164,33,90.3,47.0,32.58,5.5,46.54,32.81,7,11,4,4.09,35.66,10,0,0,2,Healthy,0
NB03881,Male,38.66,5.2,124,46,95.6,48.55,32.87,5.4,48.35,33.25,10,8,2,5.65,36.1,8,0,0,0,Healthy,0
NB03882,Male,38.39,5.2,132,32,93.1,53.77,34.96,5.03,55.0,34.85,11,8,6,3.72,37.15,7,0,0,0,Healthy,0
NB03883,Male,33.94,5.2,124,49,99.3,43.97,29.92,5.44,42.61,30.31,7,7,5,4.13,37.91,7,0,0,0,Healthy,0
NB03884,Male,36.04,5.2,157,44,97.2,45.82,31.84,4.71,45.22,32.56,9,6,3,2.82,37.11,9,0,0,0,Healthy,0
NB03885,Female,37.86,5.2,145,39,94.6,48.07,33.74,5.31,47.23,33.14,9,9,1,8.08,36.88,7,0,0,1,Healthy,0
NB03886,Male,39.18,5.2,157,49,97.2,48.27,37.09,5.09,48.64,36.59,8,6,3,6.67,36.59,8,0,0,1,Healthy,0
NB03887,Male,33.17,5.2,168,45,100.0,45.28,31.4,4.95,45.62,31.93,11,6,5,4.64,37.05,10,0,0,1,Healthy,0
NB03888,Female,37.64,5.2,113,35,90.9,51.46,32.39,4.99,51.52,32.96,9,6,2,0.2,37.32,7,0,0,0,Healthy,0
NB03889,Male,38.31,5.2,126,42,92.8,48.66,34.25,5.5,48.79,34.15,9,7,3,6.51,37.14,10,0,0,0,Healthy,0
NB03890,Male,39.87,5.2,132,49,100.0,48.54,37.59,5.32,47.4,38.05,7,9,2,1.09,36.83,9,0,0,0,Healthy,0
NB03891,Female,39.52,5.2,141,53,92.4,51.56,35.79,5.31,50.83,35.66,10,5,1,5.14,37.27,8,0,0,0,Healthy,0
NB03892,Female,39.28,5.2,149,41,97.3,50.64,32.3,5.42,51.43,32.39,7,4,1,1.81,36.94,9,0,0,0,Healthy,0
NB03893,Male,36.24,5.2,131,60,99.2,50.02,31.2,5.18,48.77,31.28,9,8,4,3.87,37.03,9,0,0,0,Healthy,0
NB03894,Female,33.8,5.2,128,35,94.9,44.91,29.37,5.5,44.85,29.55,5,7,2,1.88,37.24,10,0,0,0,Healthy,0
NB03895,Female,37.14,5.2,157,26,97.4,48.3,35.36,5.19,49.47,36.29,9,7,3,2.86,36.38,6,0,1,6,At Risk,0
NB03896,Male,40.2,5.2,150,28,94.0,51.28,37.23,4.6,51.7,38.81,9,9,4,3.15,36.79,9,0,0,0,Healthy,0
NB03897,Male,41.07,5.2,146,42,100.0,52.54,35.01,5.5,52.06,34.29,9,6,6,1.84,36.85,8,0,0,0,Healthy,0
NB03898,Male,39.56,5.2,101,42,93.5,50.22,33.92,4.64,51.15,33.68,3,8,2,3.14,36.26,10,0,0,1,Healthy,0
NB03899,Male,38.94,5.2,162,43,91.7,49.34,34.53,5.18,48.83,34.21,10,11,7,2.59,36.31,8,0,0,0,Healthy,0
NB03900,Female,38.84,5.2,143,35,98.1,46.65,34.5,5.38,46.91,35.42,10,7,0,3.34,36.52,10,0,0,0,Healthy,0
NB03901,Female,36.78,5.2,137,64,97.5,47.37,31.5,4.76,46.8,32.31,6,7,6,0.2,37.27,10,0,0,1,Healthy,0
NB03902,Female,37.71,5.2,125,57,95.5,50.77,33.23,5.2,49.49,33.86,10,4,4,3.12,36.71,6,0,1,6,At Risk,0
NB03903,Male,41.67,5.2,129,31,95.1,54.61,34.19,5.2,54.69,34.05,6,10,1,2.18,36.86,9,0,0,0,Healthy,0
NB03904,Male,35.93,5.2,124,41,93.3,46.79,34.26,5.41,48.21,34.48,7,5,3,1.74,36.94,10,0,0,0,Healthy,0
NB03905,Male,41.55,5.2,104,42,92.4,55.4,33.65,5.33,56.74,32.79,8,8,5,3.97,37.08,9,0,0,1,Healthy,0
NB03906,Female,37.29,5.2,125,49,92.9,48.9,30.65,4.96,49.84,31.19,10,10,3,2.52,37.03,10,0,0,0,Healthy,0
NB03907,Female,40.92,5.2,111,27,96.1,49.55,36.49,5.1,50.47,36.83,9,11,4,1.4,36.83,8,0,0,0,Healthy,0
NB03908,Female,34.91,5.2,139,25,94.3,43.51,29.78,5.02,44.47,29.6,8,1,0,5.61,36.74,10,0,0,3,At Risk,0
NB03909,Male,39.29,5.2,119,30,89.8,53.2,33.95,4.86,53.2,34.52,8,7,3,4.05,37.29,10,1,0,4,At Risk,0
NB03910,Female,36.38,5.2,153,57,93.5,47.4,32.76,5.1,46.35,32.74,9,11,2,3.1,36.58,9,0,0,0,Healthy,0
NB03911,Male,34.89,5.2,110,35,94.3,44.37,32.63,5.5,44.74,31.62,8,8,1,5.69,37.41,10,0,0,0,Healthy,0
NB03912,Male,38.48,5.2,162,50,96.8,45.51,33.8,5.32,46.66,34.67,10,6,2,2.1,36.54,8,0,0,0,Healthy,0
NB03913,Female,40.22,5.2,155,48,96.0,50.81,38.02,5.32,51.87,39.16,6,6,2,3.72,36.67,9,0,0,0,Healthy,0
NB03914,Male,36.14,5.2,121,40,100.0,48.74,32.5,4.99,49.17,31.78,12,6,3,5.06,37.12,8,0,0,0,Healthy,0
NB03915,Female,34.7,5.2,138,50,91.6,45.24,33.28,4.84,45.78,33.54,10,11,4,3.46,37.86,10,0,0,1,Healthy,0
NB03916,Female,37.8,5.2,125,30,96.9,47.31,34.08,5.34,46.11,35.07,4,2,2,7.49,35.93,8,0,0,3,At Risk,0
NB03917,Female,37.81,5.2,150,37,97.2,48.33,36.86,5.43,50.09,36.17,8,6,2,3.7,37.19,10,0,0,0,Healthy,0
NB03918,Male,39.21,5.2,172,20,96.0,53.17,36.23,5.26,53.26,35.06,6,8,2,3.76,37.01,7,0,0,2,Healthy,0
NB03919,Male,40.09,5.2,161,43,94.0,48.69,35.33,5.38,46.79,35.29,8,6,2,5.36,36.6,10,0,0,0,Healthy,0
NB03920,Female,37.87,5.2,128,34,92.6,48.2,34.65,5.16,48.26,34.81,3,11,5,4.09,36.96,9,0,0,1,Healthy,0
NB03921,Female,42.0,5.2,142,64,94.9,55.62,36.21,5.24,55.9,37.08,5,5,4,3.58,36.26,10,0,0,0,Healthy,0
NB03922,Male,38.49,5.2,167,43,88.7,51.03,33.74,5.09,51.77,35.21,8,8,3,3.38,36.44,6,1,1,10,High Risk,1
NB03923,Male,37.24,5.2,149,50,91.8,49.27,31.31,5.31,49.4,31.82,7,6,1,2.74,36.99,8,0,0,1,Healthy,0
NB03924,Male,34.45,5.2,158,49,91.6,45.11,30.11,5.19,44.74,29.16,10,5,4,0.2,36.35,10,0,0,0,Healthy,0
NB03925,Male,37.42,5.2,152,41,96.8,49.14,36.49,5.35,48.81,36.86,7,6,3,4.13,36.87,7,0,0,0,Healthy,0
NB03926,Female,37.26,5.2,141,52,97.2,47.86,31.48,5.39,48.06,31.49,9,9,1,3.14,36.5,9,0,0,0,Healthy,0
NB03927,Male,40.11,5.2,139,42,91.2,49.78,34.3,5.16,49.8,34.97,10,7,2,1.2,36.6,9,0,0,0,Healthy,0
NB03928,Male,39.02,5.2,118,47,90.4,48.36,34.37,5.33,50.55,33.34,5,5,4,2.04,37.28,8,0,0,0,Healthy,0
NB03929,Female,35.41,5.2,126,66,89.9,48.83,31.89,5.09,48.71,32.55,6,11,6,1.78,36.28,9,1,0,5,At Risk,0
NB03930,Female,38.38,5.2,124,44,98.4,49.82,34.64,5.5,49.25,35.69,7,8,3,5.46,36.78,7,0,0,0,Healthy,0
NB03931,Male,39.48,5.2,134,37,98.2,51.56,34.13,5.5,52.84,34.36,8,4,3,4.76,37.02,9,0,0,0,Healthy,0
NB03932,Male,41.36,5.2,142,35,97.3,52.93,36.82,5.29,53.13,37.62,9,4,2,5.81,36.92,8,0,0,0,Healthy,0
NB03933,Male,39.95,5.2,138,41,100.0,52.24,36.88,5.08,53.35,37.45,5,5,4,3.63,36.53,10,0,0,0,Healthy,0
NB03934,Male,39.67,5.2,144,43,100.0,50.6,36.87,5.28,50.71,35.68,6,12,4,4.69,36.96,10,0,0,0,Healthy,0
NB03935,Female,38.13,5.2,152,43,91.5,48.76,33.49,4.99,49.67,33.69,8,6,2,4.07,36.34,8,0,0,0,Healthy,0
NB03936,Female,38.85,5.2,133,26,93.6,48.74,35.32,5.31,50.2,35.62,5,7,2,1.09,36.58,9,0,0,0,Healthy,0
NB03937,Male,40.75,5.2,153,19,97.7,49.25,34.01,4.8,50.87,33.47,7,6,3,2.77,37.52,9,0,0,2,Healthy,0
NB03938,Female,35.07,5.2,160,32,85.3,44.72,30.66,5.01,45.68,30.95,6,4,3,3.31,37.09,7,1,0,4,At Risk,0
NB03939,Female,37.23,5.2,147,43,94.1,48.18,31.5,5.3,46.3,30.61,7,3,3,5.28,36.8,8,0,0,0,Healthy,0
NB03940,Female,36.3,5.2,130,43,98.4,44.86,32.54,5.5,43.55,32.66,11,4,6,2.04,37.0,7,0,0,0,Healthy,0
NB03941,Female,38.83,5.2,157,47,93.8,47.59,33.1,5.3,48.09,33.46,7,7,5,1.92,36.44,9,0,0,0,Healthy,0
NB03942,Female,40.71,5.2,149,46,97.6,54.12,33.41,5.17,52.86,34.98,6,6,3,2.37,36.93,7,0,0,1,Healthy,0
NB03943,Male,36.69,5.2,151,37,88.0,48.87,32.3,5.04,47.98,31.86,7,6,1,5.16,36.6,9,1,0,4,At Risk,0
NB03944,Female,32.74,5.2,168,32,96.0,43.96,27.53,5.13,45.06,28.07,7,9,2,3.18,36.54,9,0,0,1,Healthy,0
NB03945,Male,37.09,5.2,153,47,93.4,53.33,35.16,4.88,52.86,34.53,9,10,4,4.3,36.74,7,0,0,0,Healthy,0
NB03946,Female,40.01,5.2,168,44,94.2,48.11,34.37,5.15,47.74,35.16,9,4,3,5.19,36.53,10,0,0,1,Healthy,0
NB03947,Female,39.18,5.2,137,31,91.7,52.62,36.11,5.5,52.42,36.18,7,4,0,3.29,36.86,10,0,0,0,Healthy,0
NB03948,Male,38.94,5.2,132,48,100.0,50.22,33.72,5.26,51.64,34.16,8,4,2,3.08,36.99,7,0,0,0,Healthy,0
NB03949,Male,37.38,5.2,161,52,95.2,50.62,31.58,5.31,52.08,31.13,7,3,4,3.14,36.68,8,0,0,0,Healthy,0
NB03950,Female,35.19,5.2,122,50,95.5,47.29,33.59,4.86,49.82,34.02,8,8,2,2.42,35.52,8,0,0,2,Healthy,0
NB03951,Female,39.13,5.2,174,52,100.0,46.88,34.73,5.5,47.93,34.47,10,5,2,4.13,36.41,9,0,0,0,Healthy,0
NB03952,Male,36.16,5.2,163,34,91.8,48.14,35.35,5.5,49.92,35.37,10,4,3,3.34,36.31,8,0,0,0,Healthy,0
NB03953,Female,42.0,5.2,142,51,95.5,53.87,35.9,5.27,53.37,35.33,9,6,1,4.32,36.97,10,0,0,0,Healthy,0
NB03954,Female,39.26,5.2,162,40,92.6,46.35,34.01,5.35,45.14,33.9,7,6,2,3.79,36.47,8,0,0,0,Healthy,0
NB03955,Female,36.72,5.2,152,62,92.4,52.34,34.41,5.1,53.14,34.68,7,9,1,2.87,36.57,10,0,0,0,Healthy,0
NB03956,Male,36.65,5.2,117,51,96.1,49.01,34.38,5.17,49.02,34.47,5,8,0,1.54,37.18,8,0,0,0,Healthy,0
NB03957,Male,37.8,5.2,125,46,94.0,50.76,33.89,5.5,52.63,34.73,8,5,5,1.97,36.45,10,0,0,0,Healthy,0
NB03958,Male,37.47,5.2,145,59,100.0,46.79,38.43,5.14,46.61,38.19,7,7,5,3.49,36.89,10,0,0,0,Healthy,0
NB03959,Female,40.46,5.2,143,37,100.0,53.19,35.1,5.5,52.78,36.16,10,5,4,2.8,36.52,8,0,0,0,Healthy,0
NB03960,Male,38.41,5.2,164,48,94.4,52.15,32.18,5.5,52.05,32.08,5,6,4,1.98,36.59,9,0,0,0,Healthy,0
NB03961,Male,36.39,5.2,145,64,89.6,48.66,31.17,5.32,48.82,32.25,9,2,0,3.39,36.28,7,1,0,5,At Risk,0
NB03962,Female,42.0,5.2,117,50,94.0,53.18,36.19,5.21,53.41,36.49,5,3,4,5.62,36.57,10,0,0,0,Healthy,0
NB03963,Female,38.11,5.2,130,44,98.7,47.91,36.15,4.97,48.26,37.49,6,3,1,5.3,37.03,8,0,0,0,Healthy,0
NB03964,Female,39.69,5.2,153,39,91.9,50.69,34.7,5.34,52.24,34.9,6,6,0,2.53,36.37,8,0,0,0,Healthy,0
NB03965,Male,36.66,5.2,107,32,100.0,47.37,35.21,5.23,46.42,34.37,6,6,0,3.3,36.48,8,0,0,0,Healthy,0
NB03966,Male,38.8,5.2,115,39,97.0,51.46,35.01,5.21,52.55,34.97,10,8,1,1.73,37.79,10,0,0,0,Healthy,0
NB03967,Female,38.68,5.2,133,34,90.9,48.52,35.9,5.13,49.42,36.0,8,8,2,5.57,36.92,10,0,0,0,Healthy,0
NB03968,Male,33.84,5.2,157,40,92.7,46.99,31.47,5.29,47.51,32.55,10,8,4,6.48,36.95,7,0,0,1,Healthy,0
NB03969,Male,42.0,5.2,136,41,93.2,51.52,37.17,5.32,52.17,36.21,8,10,2,4.2,36.52,6,0,1,7,At Risk,0
NB03970,Female,40.84,5.2,148,52,92.2,51.63,36.92,5.22,51.38,36.47,6,4,3,2.96,37.27,8,0,0,0,Healthy,0
NB03971,Male,37.13,5.2,140,38,91.0,50.05,32.34,5.47,48.85,32.57,5,5,4,2.21,37.34,9,0,0,1,Healthy,0
NB03972,Female,35.58,5.2,137,36,93.0,46.01,31.27,5.23,46.59,31.56,7,10,0,1.91,36.53,7,0,0,0,Healthy,0
NB03973,Male,38.76,5.2,128,51,93.7,51.59,34.86,5.2,51.31,35.71,7,6,2,3.1,37.28,7,0,0,0,Healthy,0
NB03974,Female,38.19,5.2,155,49,99.5,50.88,36.85,5.01,51.66,35.77,9,7,3,1.97,37.4,7,0,0,0,Healthy,0
NB03975,Male,38.78,5.2,117,40,96.5,49.76,32.04,5.19,49.64,31.71,10,7,1,0.2,35.87,7,0,0,2,Healthy,0
NB03976,Female,38.42,5.2,136,48,96.7,52.3,31.05,5.22,53.36,31.66,11,3,4,1.84,37.19,9,0,0,0,Healthy,0
NB03977,Male,39.11,5.2,161,39,96.2,50.76,34.18,4.74,52.02,34.25,9,5,1,5.02,36.46,8,0,0,0,Healthy,0
NB03978,Female,41.18,5.2,126,40,92.2,54.67,37.58,5.33,55.79,38.1,6,5,4,4.1,37.4,10,0,0,0,Healthy,0
NB03979,Male,39.25,5.2,112,58,99.0,54.31,34.75,5.41,55.76,34.77,9,10,4,5.81,36.44,7,0,0,0,Healthy,0
NB03980,Male,35.69,5.2,102,41,93.5,47.04,30.43,5.5,47.23,31.15,9,4,3,4.86,37.07,8,0,0,1,Healthy,0
NB03981,Female,41.0,5.2,152,38,93.8,53.59,36.02,5.04,54.79,35.72,6,4,5,0.4,36.01,10,0,0,0,Healthy,0
NB03982,Male,41.61,5.2,153,42,96.3,51.57,33.73,5.21,51.4,33.68,8,7,3,4.26,37.3,9,0,0,0,Healthy,0
NB03983,Male,42.0,5.2,134,22,100.0,51.13,37.54,5.32,50.79,37.61,7,4,4,3.05,36.83,9,0,0,2,Healthy,0
NB03984,Female,35.53,5.2,117,40,93.0,46.98,31.61,5.22,47.27,31.27,6,7,4,4.84,37.38,8,0,0,0,Healthy,0
NB03985,Male,38.53,5.2,137,45,89.3,47.36,34.05,5.08,48.87,34.22,10,9,3,1.6,36.48,8,1,0,4,At Risk,0
NB03986,Male,33.42,5.2,161,62,96.0,43.6,31.23,4.94,43.6,31.07,8,7,3,3.2,36.9,5,0,1,6,At Risk,0
NB03987,Male,39.22,5.2,117,43,97.4,51.88,34.96,5.24,52.98,35.25,10,7,3,4.79,37.48,10,0,0,0,Healthy,0
NB03988,Female,36.79,5.2,159,46,93.5,47.49,32.14,5.48,46.69,32.4,8,7,4,3.86,36.79,10,0,0,0,Healthy,0
NB03989,Male,42.0,5.2,109,45,92.9,54.62,38.15,5.23,52.95,37.8,7,4,4,2.79,36.99,6,0,1,6,At Risk,0
NB03990,Female,36.3,5.2,120,65,90.6,48.67,33.8,5.22,48.38,34.23,4,6,2,1.86,37.11,8,0,0,0,Healthy,0
NB03991,Female,34.28,5.2,142,52,96.2,49.96,28.54,5.31,50.11,28.78,11,6,5,4.68,36.1,9,0,0,0,Healthy,0
NB03992,Male,36.96,5.2,157,27,100.0,49.72,32.73,5.38,50.91,32.48,10,8,5,5.83,36.57,9,0,0,0,Healthy,0
NB03993,Female,33.65,5.2,166,54,100.0,47.92,29.14,5.3,47.89,29.76,6,2,2,5.06,37.31,9,0,0,1,Healthy,0
NB03994,Female,39.65,5.2,158,33,96.1,51.89,33.05,4.98,53.71,33.22,3,11,4,3.28,35.88,9,0,0,3,At Risk,0
NB03995,Male,33.46,5.2,168,35,93.5,46.13,31.42,5.32,46.84,32.17,10,9,6,2.93,37.3,8,0,0,0,Healthy,0
NB03996,Female,38.06,5.2,143,29,96.3,51.99,33.21,5.1,51.95,34.17,9,8,3,0.72,36.54,8,0,0,0,Healthy,0
NB03997,Female,33.43,5.2,129,60,93.9,46.82,30.39,5.09,47.26,29.83,10,7,3,2.5,37.72,9,0,0,0,Healthy,0
NB03998,Male,37.3,5.2,161,54,92.8,49.39,32.3,5.01,48.53,33.41,4,3,0,1.49,37.0,8,0,0,0,Healthy,0
NB03999,Female,41.62,5.2,165,54,95.6,53.27,36.89,5.21,53.24,37.32,5,7,4,0.2,36.44,9,0,0,1,Healthy,0
NB04000,Male,38.79,5.2,157,52,99.5,51.39,35.37,5.12,51.41,35.66,8,8,1,0.98,37.24,9,0,0,0,Healthy,0
NB04001,Male,36.1,5.2,151,49,94.3,46.55,35.73,5.17,46.94,35.41,7,4,3,0.2,37.44,9,0,0,0,Healthy,0
NB04002,Male,37.93,5.2,165,39,94.3,48.11,33.48,5.03,48.02,33.78,7,9,3,5.02,37.07,10,0,0,0,Healthy,0
NB04003,Female,38.04,5.2,146,44,94.1,52.49,31.66,5.41,53.15,30.42,4,3,2,5.51,36.6,10,0,0,0,Healthy,0
NB04004,Male,39.04,5.2,140,37,97.8,54.26,33.77,5.15,52.86,33.21,7,12,5,3.8,37.45,9,0,0,0,Healthy,0
NB04005,Female,34.99,5.2,153,33,98.0,45.04,32.97,5.08,46.34,31.95,8,7,2,3.53,36.38,8,0,0,0,Healthy,0
NB04006,Male,39.3,5.2,149,36,91.2,49.44,33.55,4.89,49.61,33.57,9,7,4,3.68,37.28,8,0,0,0,Healthy,0
NB04007,Male,32.05,5.2,156,66,94.4,46.53,27.41,5.5,47.49,28.33,9,8,1,4.05,35.72,10,0,0,3,At Risk,0
NB04008,Female,36.61,5.2,138,38,98.9,49.42,31.7,4.92,50.66,31.96,7,4,2,2.54,36.85,8,0,0,0,Healthy,0
NB04009,Female,36.93,5.2,156,52,93.8,49.99,32.25,5.29,50.37,32.7,10,10,1,2.21,36.55,10,0,0,0,Healthy,0
NB04010,Male,39.39,5.2,155,63,99.9,52.65,33.15,5.36,53.71,33.11,7,9,0,4.58,36.18,9,0,0,0,Healthy,0
NB04011,Male,38.05,5.2,144,50,97.4,49.16,34.16,5.15,49.72,34.27,12,10,2,2.88,37.39,10,0,0,0,Healthy,0
NB04012,Male,34.91,5.2,126,34,100.0,47.48,31.52,5.31,47.99,30.54,9,7,5,1.48,35.83,9,0,0,2,Healthy,0
NB04013,Female,35.83,5.2,162,35,93.9,48.15,33.47,5.33,47.87,34.2,8,3,4,1.94,37.42,8,0,0,0,Healthy,0
NB04014,Female,38.44,5.2,118,43,97.5,48.28,33.44,5.4,49.68,33.84,8,4,3,6.6,36.11,10,0,0,0,Healthy,0
NB04015,Female,37.83,5.2,123,65,97.6,50.07,34.52,5.35,50.38,35.09,6,10,5,6.13,37.27,8,0,0,0,Healthy,0
NB04016,Male,36.73,5.2,143,56,98.8,50.93,32.17,5.17,52.52,32.48,10,7,6,6.31,36.45,7,0,0,0,Healthy,0
NB04017,Female,36.94,5.2,95,47,96.2,47.98,31.37,5.15,47.06,31.19,6,9,1,7.44,35.92,9,1,1,7,At Risk,0
NB04018,Male,39.53,5.2,168,40,98.9,51.28,34.06,5.5,50.89,34.47,10,11,0,2.41,36.6,7,0,0,0,Healthy,0
NB04019,Male,36.86,5.2,140,46,92.8,48.99,30.58,5.45,48.09,30.5,8,10,2,5.52,37.05,9,0,0,0,Healthy,0
NB04020,Male,37.81,5.2,168,44,94.8,48.86,36.35,5.09,50.14,36.4,6,9,6,2.65,36.4,9,0,0,0,Healthy,0
NB04021,Female,42.0,5.2,172,44,89.8,54.55,36.81,5.3,55.35,37.59,9,6,3,2.25,36.92,9,1,0,4,At Risk,0
NB04022,Male,34.87,5.2,137,33,94.1,45.42,30.41,5.31,44.08,31.12,7,12,3,5.33,37.11,10,0,0,1,Healthy,0
NB04023,Male,33.93,5.2,164,33,92.0,48.6,30.38,5.23,47.95,30.2,6,5,3,3.2,37.47,9,0,0,0,Healthy,0
NB04024,Female,39.72,5.2,121,45,96.2,52.4,31.33,5.5,51.47,31.66,8,9,4,0.71,36.83,8,0,0,0,Healthy,0
NB04025,Female,36.51,5.2,148,30,98.5,46.38,34.91,5.21,47.61,35.65,9,8,3,2.32,37.32,10,0,0,0,Healthy,0
NB04026,Male,37.3,5.2,131,36,97.0,52.37,35.31,5.21,53.77,34.53,7,8,3,0.2,37.18,10,0,0,0,Healthy,0
NB04027,Female,36.28,5.2,153,42,97.7,48.39,32.76,5.39,48.12,32.93,7,4,3,3.46,36.76,8,0,0,0,Healthy,0
NB04028,Female,37.43,5.2,156,45,95.3,47.64,33.88,5.04,45.77,34.05,7,12,3,4.39,37.32,10,0,0,1,Healthy,0
NB04029,Male,41.52,5.2,137,53,94.5,54.97,34.36,5.12,53.19,33.45,9,1,1,5.86,37.2,6,0,1,7,At Risk,0
NB04030,Female,39.76,5.2,150,29,90.9,52.18,33.24,5.5,53.69,32.77,9,1,2,5.28,36.73,8,0,0,1,Healthy,0
NB04031,Male,39.9,5.2,157,29,88.3,47.76,32.58,5.22,49.2,31.95,9,2,3,6.62,37.12,8,1,0,5,At Risk,0
NB04032,Female,34.88,5.2,143,55,89.7,45.74,31.38,5.07,47.5,31.4,7,10,2,2.91,36.92,9,1,0,4,At Risk,0
NB04033,Female,35.47,5.2,186,59,92.7,47.88,33.62,5.26,47.95,33.85,12,2,6,0.2,37.05,9,0,0,2,Healthy,0
NB04034,Female,31.75,5.2,138,32,98.2,39.66,28.85,5.26,37.8,28.1,3,5,3,6.16,37.65,8,0,0,5,At Risk,0
NB04035,Male,36.22,5.2,170,34,90.7,48.17,33.08,5.5,48.86,32.75,6,7,3,1.2,36.44,10,0,0,0,Healthy,0
NB04036,Male,40.1,5.2,161,47,92.1,51.81,36.74,5.45,51.52,36.73,9,8,2,5.68,36.91,10,0,0,0,Healthy,0
NB04037,Male,39.14,5.2,107,42,93.4,48.26,32.16,5.27,50.23,33.36,11,6,2,0.4,36.81,7,0,0,0,Healthy,0
NB04038,Female,37.51,5.2,167,43,99.5,49.7,36.23,5.5,50.59,35.99,9,11,3,3.7,37.15,7,0,0,0,Healthy,0
NB04039,Male,37.95,5.2,159,34,94.9,49.57,35.5,5.49,49.97,35.57,7,6,2,1.5,36.6,10,0,0,1,Healthy,0
NB04040,Female,36.48,5.2,142,49,95.5,45.85,33.51,5.3,45.66,33.8,10,9,1,4.08,36.55,8,0,0,1,Healthy,0
NB04041,Female,38.45,5.2,147,40,96.4,51.84,35.5,5.06,53.39,36.64,7,11,1,2.41,36.77,6,0,1,6,At Risk,0
NB04042,Male,39.68,5.2,149,39,99.9,52.79,36.44,5.5,52.28,36.63,6,6,6,3.8,37.01,8,0,0,0,Healthy,0
NB04043,Female,34.45,5.2,165,31,95.3,45.82,31.75,5.48,44.63,32.92,10,5,1,1.28,36.59,9,0,0,1,Healthy,0
NB04044,Male,38.66,5.2,133,50,88.8,49.8,36.4,4.99,50.08,35.6,11,4,4,1.66,35.61,9,1,0,6,At Risk,0
NB04045,Female,40.05,5.2,169,38,95.4,52.9,34.56,5.11,54.19,35.09,5,7,4,0.2,36.37,9,0,0,0,Healthy,0
NB04046,Female,37.09,5.2,120,42,100.0,48.38,33.85,4.96,50.22,33.47,11,9,4,5.81,37.44,8,0,0,0,Healthy,0
NB04047,Male,39.54,5.2,108,54,97.2,47.13,36.86,5.02,45.75,36.81,10,7,6,0.9,37.5,7,0,0,0,Healthy,0
NB04048,Male,42.0,5.2,151,32,95.8,54.17,32.56,5.48,55.65,32.4,10,7,4,3.89,36.58,8,0,0,0,Healthy,0
NB04049,Female,37.77,5.2,163,41,96.2,47.77,34.3,5.25,47.9,33.75,10,2,3,2.51,37.61,9,0,0,1,Healthy,0
NB04050,Male,38.87,5.2,137,26,88.6,49.6,35.49,5.1,50.61,36.25,9,7,2,0.2,36.65,10,1,0,4,At Risk,0
NB04051,Male,36.38,5.2,99,37,88.1,51.05,30.1,5.38,49.83,29.6,9,6,3,1.02,36.11,9,1,1,9,High Risk,0
NB04052,Male,38.4,5.2,113,55,98.1,49.69,34.5,5.4,49.51,34.21,8,7,4,2.37,36.66,10,0,0,1,Healthy,0
NB04053,Female,39.01,5.2,148,27,99.5,50.51,33.32,5.5,51.36,33.28,5,6,4,3.22,37.13,7,0,0,1,Healthy,0
NB04054,Male,38.43,5.2,140,44,92.8,51.01,34.7,5.35,51.21,34.39,6,11,0,2.74,36.55,9,0,0,0,Healthy,0
NB04055,Female,35.76,5.2,163,58,95.7,48.59,32.09,5.36,48.67,32.36,9,7,5,5.03,37.07,8,0,0,0,Healthy,0
NB04056,Male,38.45,5.2,141,47,97.2,48.17,32.7,5.07,48.03,31.66,8,7,3,3.1,36.92,10,0,0,0,Healthy,0
NB04057,Female,41.22,5.2,127,36,100.0,52.37,37.72,5.25,52.58,37.27,6,10,5,3.69,36.67,10,0,0,0,Healthy,0
NB04058,Female,38.99,5.2,146,31,94.7,50.56,33.86,5.22,50.78,33.51,7,8,4,2.32,37.15,10,0,0,0,Healthy,0
NB04059,Male,40.12,5.2,158,23,97.6,52.05,35.69,4.76,51.12,35.27,8,9,6,2.41,37.35,9,0,0,2,Healthy,0
NB04060,Female,37.48,5.2,164,58,100.0,49.71,35.41,5.3,49.35,36.33,7,9,3,2.62,36.88,10,0,0,0,Healthy,0
NB04061,Female,39.65,5.2,138,38,94.0,56.26,33.58,4.89,57.05,33.42,7,8,4,4.1,37.07,9,0,0,0,Healthy,0
NB04062,Male,38.61,5.2,141,24,95.2,47.8,34.24,5.37,47.87,34.05,10,6,3,2.93,36.14,7,0,0,2,Healthy,0
NB04063,Female,35.91,5.2,154,32,91.1,49.68,31.59,5.15,50.37,31.8,6,8,4,5.88,37.43,8,0,0,0,Healthy,0
NB04064,Male,38.7,5.2,127,31,91.3,52.6,33.88,5.16,52.63,34.59,8,8,1,1.0,36.56,9,0,0,0,Healthy,0
NB04065,Male,35.82,5.2,153,37,98.1,48.62,35.51,5.13,48.25,35.22,9,12,4,4.7,36.41,7,0,0,0,Healthy,0
NB04066,Female,36.61,5.2,136,66,99.2,47.05,33.51,5.11,48.27,33.76,8,7,0,1.95,37.2,8,0,0,2,Healthy,0
NB04067,Male,38.42,5.2,139,51,99.1,53.3,34.56,5.18,54.15,33.89,7,8,2,4.96,36.63,7,0,0,0,Healthy,0
NB04068,Female,38.65,5.2,140,47,91.4,45.8,35.04,5.42,45.9,35.34,11,6,3,2.57,36.49,10,0,0,0,Healthy,0
NB04069,Female,35.38,5.2,142,54,94.3,45.88,32.61,5.01,46.85,32.69,10,6,4,2.32,36.67,10,0,0,0,Healthy,0
NB04070,Male,40.32,5.2,174,60,96.7,54.03,32.68,5.23,54.85,32.15,12,6,4,3.75,36.25,9,0,0,0,Healthy,0
NB04071,Female,39.26,5.2,132,47,87.0,49.99,38.13,5.5,49.62,37.19,7,4,4,1.81,36.48,10,1,0,4,At Risk,0
NB04072,Female,36.45,5.2,132,56,96.6,51.4,30.52,5.1,51.76,31.33,8,8,1,1.61,37.26,10,0,0,0,Healthy,0
NB04073,Female,34.62,5.2,166,36,100.0,43.53,34.03,5.23,44.11,34.68,10,6,3,4.96,37.32,10,0,0,0,Healthy,0
NB04074,Male,37.68,5.2,148,33,99.0,47.09,34.5,5.4,47.78,34.92,12,9,4,1.9,36.83,9,0,0,0,Healthy,0
NB04075,Male,37.02,5.2,154,32,86.6,47.65,33.38,5.5,49.61,34.26,10,10,2,4.25,36.49,8,1,0,4,At Risk,0
NB04076,Female,38.25,5.2,121,45,96.4,50.66,33.52,5.5,51.5,33.94,7,7,2,0.2,36.99,9,0,0,0,Healthy,0
NB04077,Male,37.2,5.2,144,16,95.8,48.44,37.15,5.2,49.29,36.69,8,9,3,3.62,35.95,9,0,0,4,At Risk,0
NB04078,Male,33.58,5.2,155,55,96.0,44.64,31.62,5.31,43.76,31.83,8,1,0,3.75,37.33,7,0,0,1,Healthy,0
NB04079,Male,37.15,5.2,128,37,95.4,51.67,33.23,5.19,54.53,34.24,8,7,2,4.14,36.77,6,0,1,6,At Risk,0
NB04080,Female,37.33,5.2,151,50,93.9,52.02,32.53,5.45,50.93,32.3,7,6,4,2.39,36.33,10,0,0,0,Healthy,0
NB04081,Female,39.39,5.2,136,28,86.9,50.03,33.79,5.21,49.67,33.71,8,10,6,3.4,37.47,10,1,0,4,At Risk,0
NB04082,Male,36.46,5.2,128,53,96.1,44.8,32.8,5.5,44.49,33.13,2,6,4,3.86,36.82,8,0,0,1,Healthy,0
NB04083,Male,41.69,5.2,158,56,97.2,48.61,34.99,4.84,48.49,36.0,6,9,2,0.2,36.61,7,0,0,0,Healthy,0
NB04084,Female,33.79,5.2,160,43,93.1,46.29,31.88,5.35,45.62,32.38,9,9,0,2.85,37.72,8,0,0,0,Healthy,0
NB04085,Female,40.88,5.2,142,47,99.4,53.51,34.85,5.38,52.09,34.44,12,2,4,2.62,36.56,9,0,0,1,Healthy,0
NB04086,Male,37.51,5.2,148,32,89.3,49.28,34.96,4.73,50.66,35.13,8,8,4,4.69,37.14,8,1,0,4,At Risk,0
NB04087,Female,39.89,5.2,164,42,89.0,51.16,36.6,4.9,50.84,36.76,7,11,1,2.74,37.11,7,1,0,5,At Risk,0
NB04088,Male,38.18,5.2,133,52,95.3,48.15,33.84,5.49,46.23,34.33,6,9,2,2.65,36.42,9,0,0,0,Healthy,0
NB04089,Female,40.51,5.2,146,39,92.6,53.17,36.43,5.33,53.08,35.7,6,7,2,2.48,36.74,8,0,0,0,Healthy,0
NB04090,Female,37.15,5.2,133,57,98.4,52.19,34.15,5.39,52.83,33.44,8,4,8,0.48,36.69,10,0,0,0,Healthy,0
NB04091,Male,35.58,5.2,122,24,93.5,42.99,29.91,5.5,41.6,29.95,9,5,0,2.66,36.0,9,0,0,2,Healthy,0
NB04092,Male,41.13,5.2,133,39,99.8,52.26,38.59,5.16,53.08,38.67,7,9,5,2.83,35.92,10,0,0,2,Healthy,0
NB04093,Female,37.75,5.2,120,23,92.5,47.43,33.24,5.5,47.95,32.83,8,1,3,2.68,35.82,8,0,0,5,At Risk,0
NB04094,Female,38.49,5.2,148,45,95.5,47.06,35.18,5.5,46.39,35.33,9,8,5,2.68,36.6,10,0,0,0,Healthy,0
NB04095,Female,40.72,5.2,126,40,88.1,49.78,36.79,5.48,50.27,36.9,10,7,1,2.91,36.35,7,1,0,4,At Risk,0
NB04096,Male,35.73,5.2,115,40,94.8,48.32,28.48,5.32,50.14,29.68,8,7,4,4.06,36.38,8,0,0,0,Healthy,0
NB04097,Female,39.31,5.2,153,49,95.3,51.59,33.73,5.22,51.85,33.59,7,7,4,5.48,36.61,7,0,0,1,Healthy,0
NB04098,Female,36.7,5.2,152,39,99.2,51.35,34.15,5.27,51.05,33.55,5,5,3,2.91,36.8,7,0,0,0,Healthy,0
NB04099,Male,37.71,5.2,134,70,89.7,49.36,33.69,5.27,48.73,34.66,7,9,2,1.16,36.66,7,1,0,5,At Risk,0
NB04100,Female,38.16,5.2,153,50,94.0,46.23,34.94,5.24,48.24,34.71,10,7,3,3.34,36.48,7,0,0,0,Healthy,0
NB04101,Female,34.7,5.2,125,42,100.0,46.15,31.63,5.01,46.14,31.98,8,8,1,4.28,37.67,10,0,0,0,Healthy,0
NB04102,Female,36.29,5.2,133,35,100.0,45.29,34.44,5.32,45.25,35.22,9,4,3,4.93,36.71,8,0,0,0,Healthy,0
NB04103,Male,40.97,5.2,147,33,92.1,49.86,36.05,5.28,50.94,37.17,10,5,3,3.89,37.25,9,0,0,0,Healthy,0
NB04104,Female,39.95,5.2,159,46,92.6,52.52,37.3,5.5,53.29,37.49,11,8,4,1.42,36.24,8,0,0,0,Healthy,0
NB04105,Female,37.86,5.2,133,37,89.1,49.86,32.23,5.34,48.69,31.63,9,12,3,3.81,37.4,9,1,0,4,At Risk,0
NB04106,Male,38.53,5.2,129,52,87.6,51.26,33.98,5.08,51.66,34.33,9,8,3,2.5,36.55,9,1,0,5,At Risk,0
NB04107,Female,37.35,5.2,158,41,93.6,48.3,32.46,5.01,48.01,32.49,3,11,5,4.01,38.06,7,0,0,3,At Risk,0
NB04108,Female,40.98,5.2,151,41,92.7,53.87,36.47,5.23,55.25,35.94,9,12,1,3.15,36.21,9,0,0,0,Healthy,0
NB04109,Female,37.56,5.2,143,43,100.0,48.38,33.07,5.06,47.43,33.75,12,6,4,4.1,36.32,6,0,1,6,At Risk,0
NB04110,Female,38.51,5.2,161,40,96.2,52.29,33.81,5.26,53.29,34.43,5,10,3,2.06,36.72,8,0,0,0,Healthy,0
NB04111,Male,40.52,5.2,175,45,94.3,52.56,34.51,5.09,50.8,35.43,10,7,1,2.01,36.64,9,0,0,0,Healthy,0
NB04112,Female,36.29,5.2,147,63,97.3,47.65,31.91,5.49,48.5,32.14,10,5,3,1.09,36.27,10,0,0,0,Healthy,0
NB04113,Male,41.43,5.2,129,47,98.6,53.11,36.19,5.35,54.09,35.29,9,10,6,0.21,37.46,7,0,0,0,Healthy,0
NB04114,Male,34.63,5.2,149,46,99.2,46.53,28.41,5.43,45.83,29.64,5,7,3,2.61,37.42,10,0,0,0,Healthy,0
NB04115,Female,41.59,5.2,125,50,95.9,56.02,32.86,5.2,57.08,32.11,5,6,5,1.92,36.65,10,0,0,0,Healthy,0
NB04116,Male,37.18,5.2,162,41,94.9,49.35,33.31,5.27,49.43,32.88,8,10,4,5.4,37.25,8,0,0,0,Healthy,0
NB04117,Female,37.47,5.2,127,32,95.6,49.12,29.27,5.41,47.13,29.06,11,6,2,5.48,37.44,7,0,0,0,Healthy,0
NB04118,Female,33.84,5.2,137,15,94.8,45.38,30.6,5.3,45.88,31.06,5,6,3,0.2,36.8,8,0,0,2,Healthy,0
NB04119,Male,37.0,5.2,125,21,93.1,50.39,32.53,5.37,49.78,32.45,7,9,4,6.06,36.5,6,0,1,8,High Risk,0
NB04120,Male,35.71,5.2,143,49,98.7,48.96,33.01,5.09,50.09,33.49,9,9,3,5.51,37.38,7,0,0,0,Healthy,0
NB04121,Female,36.66,5.2,144,46,94.3,47.85,31.86,5.4,49.36,31.28,7,8,5,4.41,37.31,7,0,0,0,Healthy,0
NB04122,Female,37.7,5.2,153,41,91.4,47.02,35.94,5.11,46.8,35.9,8,9,3,6.62,36.24,9,0,0,0,Healthy,0
NB04123,Male,40.11,5.2,142,66,95.1,49.69,36.55,5.5,48.8,37.19,11,10,4,6.68,37.44,9,0,0,1,Healthy,0
NB04124,Male,38.46,5.2,141,42,97.5,49.64,31.85,5.27,49.82,32.62,9,5,3,5.89,36.34,10,0,0,0,Healthy,0
NB04125,Male,38.68,5.2,130,18,89.9,52.91,33.85,5.45,53.84,34.43,9,9,5,3.26,36.97,10,1,0,6,At Risk,0
NB04126,Male,35.59,5.2,135,50,94.1,46.93,34.4,5.14,46.52,34.78,6,9,2,3.21,36.43,8,0,0,0,Healthy,0
NB04127,Male,36.06,5.2,115,54,92.2,46.67,31.4,5.19,47.33,31.1,7,15,2,4.85,36.87,8,0,0,0,Healthy,0
NB04128,Male,41.96,5.2,165,49,100.0,49.64,36.49,5.18,50.74,36.11,8,11,4,2.04,36.85,10,0,0,0,Healthy,0
NB04129,Female,36.38,5.2,138,54,95.3,51.17,34.77,4.88,52.5,35.34,8,6,4,2.87,37.8,7,0,0,0,Healthy,0
NB04130,Male,41.64,5.2,170,24,100.0,54.02,35.54,4.7,54.6,35.69,9,8,4,0.48,36.07,9,0,0,2,Healthy,0
NB04131,Male,37.47,5.2,138,43,95.9,50.71,35.11,5.17,49.19,34.68,11,8,2,2.31,36.45,7,0,0,0,Healthy,0
NB04132,Male,38.01,5.2,106,34,96.2,51.53,32.44,4.85,51.43,33.07,8,13,2,3.57,36.59,9,0,0,0,Healthy,0
NB04133,Male,40.35,5.2,132,47,94.8,51.39,31.12,5.29,51.38,30.87,9,9,6,2.94,36.95,10,0,0,0,Healthy,0
NB04134,Female,40.8,5.2,140,57,94.2,52.29,37.6,5.2,52.58,38.54,2,6,4,3.94,36.66,6,0,1,7,At Risk,0
NB04135,Male,37.76,5.2,141,38,94.7,52.36,34.29,4.67,49.98,34.1,7,7,1,7.23,35.81,10,0,0,2,Healthy,0
NB04136,Male,37.15,5.2,152,49,92.7,49.19,33.96,5.12,48.59,33.67,9,6,1,3.66,37.13,7,0,0,0,Healthy,0
NB04137,Male,37.88,5.2,143,33,95.0,50.66,32.07,5.23,50.68,31.82,7,6,2,1.98,37.4,7,0,0,0,Healthy,0
NB04138,Male,38.74,5.2,134,42,89.3,52.01,32.8,5.5,52.65,32.72,6,11,5,1.59,36.99,9,1,0,4,At Risk,0
NB04139,Male,39.96,5.2,124,37,95.6,52.65,36.9,5.14,55.11,37.37,12,7,3,5.42,36.59,7,0,0,0,Healthy,0
NB04140,Female,38.01,5.2,133,60,90.8,49.35,34.17,4.9,50.21,34.19,9,11,2,1.8,36.89,10,0,0,0,Healthy,0
NB04141,Female,39.36,5.2,151,31,95.3,50.76,34.58,4.88,49.96,35.65,7,8,4,4.23,36.25,6,0,1,6,At Risk,0
NB04142,Male,41.6,5.2,155,43,96.1,54.4,36.65,5.13,53.77,36.7,10,5,5,4.48,37.28,7,0,0,1,Healthy,0
NB04143,Male,38.84,5.2,128,56,100.0,51.91,36.65,5.03,51.43,36.13,7,5,4,4.55,37.02,7,0,0,0,Healthy,0
NB04144,Female,38.69,5.2,158,23,96.1,52.55,35.37,5.19,52.36,35.6,5,6,4,1.56,36.56,10,0,0,2,Healthy,0
NB04145,Female,34.66,5.2,150,46,94.1,47.69,30.75,5.26,48.12,32.07,7,10,0,3.99,36.84,7,0,0,0,Healthy,0
NB04146,Female,32.21,5.2,124,43,92.8,45.58,27.64,5.34,44.84,27.74,6,8,2,3.39,37.26,10,0,0,1,Healthy,0
NB04147,Male,38.85,5.2,144,35,97.5,49.48,35.28,5.34,49.46,34.34,7,3,4,1.29,37.32,9,0,0,1,Healthy,0
NB04148,Male,37.79,5.2,147,54,94.7,48.25,32.27,5.11,48.25,31.85,6,6,1,1.5,36.77,8,0,0,0,Healthy,0
NB04149,Male,36.87,5.2,121,59,92.4,50.14,31.23,5.36,50.68,31.53,8,7,5,4.28,37.77,7,0,0,0,Healthy,0
NB04150,Female,38.54,5.2,116,49,95.5,48.93,36.15,4.92,48.73,35.12,9,7,2,6.69,37.42,8,0,0,0,Healthy,0
NB04151,Male,37.87,5.2,149,39,88.5,49.44,35.02,5.26,48.87,36.09,8,3,3,3.96,37.04,8,1,0,4,At Risk,0
NB04152,Male,40.48,5.2,132,28,95.3,54.59,36.12,5.27,54.09,35.97,8,5,5,2.44,36.62,7,0,0,0,Healthy,0
NB04153,Male,38.19,5.2,167,44,92.3,52.21,32.08,5.26,52.8,30.43,9,7,2,0.2,36.64,8,0,0,0,Healthy,0
NB04154,Male,36.36,5.2,171,40,93.9,48.72,35.33,5.02,48.2,36.91,8,4,3,4.72,36.89,10,0,0,0,Healthy,0
NB04155,Male,40.18,5.2,148,41,100.0,50.97,36.87,5.04,51.87,37.85,9,4,1,4.4,36.75,8,0,0,0,Healthy,0
NB04156,Female,37.52,5.2,157,37,93.3,48.92,33.01,5.36,49.49,32.76,8,6,4,4.44,37.57,9,0,0,1,Healthy,0
NB04157,Male,39.16,5.2,122,36,97.8,52.38,33.84,5.15,51.49,33.4,10,9,8,3.75,36.38,8,0,0,0,Healthy,0
NB04158,Female,36.95,5.2,116,42,98.7,48.58,33.18,5.35,50.02,33.23,8,7,1,4.41,37.03,8,0,0,0,Healthy,0
NB04159,Female,36.57,5.2,137,30,98.0,47.2,32.08,5.11,47.48,33.17,6,5,0,2.08,35.9,10,0,0,2,Healthy,0
NB04160,Male,38.19,5.2,117,52,96.3,52.2,37.25,5.5,51.73,37.36,10,7,4,6.68,36.97,8,0,0,0,Healthy,0
NB04161,Male,38.03,5.2,146,34,91.1,49.99,33.24,5.17,52.02,32.49,11,6,2,4.22,37.19,6,0,1,6,At Risk,0
NB04162,Male,39.06,5.2,126,43,92.7,49.4,32.94,5.47,49.58,33.81,6,8,3,6.71,37.45,8,0,0,1,Healthy,0
NB04163,Male,37.41,5.2,143,39,90.9,50.03,35.77,5.5,50.58,36.17,9,5,5,3.44,36.53,8,0,0,0,Healthy,0
NB04164,Female,33.96,5.2,137,49,93.8,47.91,30.12,5.45,48.12,29.38,6,5,2,0.78,36.48,9,0,0,0,Healthy,0
NB04165,Female,37.05,5.2,151,48,93.8,46.73,34.31,5.16,48.37,34.0,4,7,2,2.61,37.26,10,0,0,0,Healthy,0
NB04166,Female,39.75,5.2,146,47,91.8,50.77,36.04,5.21,52.75,36.03,10,9,0,3.61,37.34,9,0,0,1,Healthy,0
NB04167,Male,37.35,5.2,133,30,96.9,48.52,33.25,4.57,48.98,33.26,9,9,5,5.2,36.7,7,0,0,0,Healthy,0
NB04168,Female,37.46,5.2,115,40,93.3,50.02,31.96,4.76,50.29,32.62,8,9,3,3.8,35.92,8,0,0,2,Healthy,0
NB04169,Female,40.17,5.2,143,58,93.7,52.82,35.25,5.23,53.95,36.01,8,12,1,1.57,36.32,8,0,0,0,Healthy,0
NB04170,Male,36.43,5.2,109,39,89.5,47.09,30.95,5.11,46.8,31.27,10,8,2,0.83,36.76,10,1,0,4,At Risk,0
NB04171,Female,34.61,5.2,162,52,95.2,43.56,31.39,5.01,44.01,32.14,7,8,0,1.62,36.16,6,0,1,6,At Risk,0
NB04172,Male,37.65,5.2,150,42,94.7,51.35,34.71,5.24,50.89,35.09,11,7,0,5.12,37.13,8,0,0,0,Healthy,0
NB04173,Male,36.93,5.2,155,39,92.9,46.4,35.63,5.11,48.49,35.12,9,5,2,2.37,36.45,9,0,0,0,Healthy,0
NB04174,Female,35.87,5.2,123,44,96.3,48.23,30.68,5.04,49.52,30.81,6,7,3,2.48,36.77,10,0,0,0,Healthy,0
NB04175,Male,37.61,5.2,146,34,95.4,48.99,33.15,5.43,50.97,32.94,6,7,4,1.07,37.29,10,0,0,0,Healthy,0
NB04176,Male,39.08,5.2,128,51,97.1,50.9,33.77,4.97,50.61,34.56,6,7,4,4.71,36.97,10,0,0,0,Healthy,0
NB04177,Male,37.98,5.2,143,33,97.2,52.88,34.2,5.37,53.99,33.88,9,6,3,5.28,37.67,5,0,1,6,At Risk,0
NB04178,Female,38.68,5.2,122,48,97.5,56.28,31.99,5.28,56.91,32.3,9,11,4,3.15,37.43,10,0,0,0,Healthy,0
NB04179,Female,41.99,5.2,138,53,100.0,49.92,35.2,5.5,50.43,34.92,7,4,3,5.53,36.33,10,0,0,0,Healthy,0
NB04180,Male,37.25,5.2,115,46,95.5,50.89,30.73,5.14,52.74,29.86,8,5,1,4.59,37.07,9,0,0,0,Healthy,0
NB04181,Male,38.61,5.2,137,36,91.7,49.84,32.07,4.96,49.13,32.22,10,5,4,3.85,36.87,9,0,0,0,Healthy,0
NB04182,Female,36.88,5.2,110,44,93.5,50.69,32.03,5.1,50.28,32.3,10,10,0,4.23,37.33,9,0,0,0,Healthy,0
NB04183,Female,36.14,5.2,171,35,93.6,49.84,35.0,5.22,49.5,35.72,8,10,2,1.17,37.04,9,0,0,0,Healthy,0
NB04184,Male,36.71,5.2,143,40,91.8,51.26,33.42,5.43,50.02,33.95,9,7,1,4.5,36.58,9,0,0,0,Healthy,0
NB04185,Female,36.95,5.2,140,37,86.2,49.22,33.16,5.39,47.43,32.53,11,5,5,5.64,37.01,8,1,0,4,At Risk,0
NB04186,Female,38.79,5.2,152,34,95.8,48.53,36.37,5.19,48.56,36.46,9,7,3,3.2,36.63,10,0,0,1,Healthy,0
NB04187,Male,42.0,5.2,117,48,95.1,55.06,37.18,5.21,56.0,36.63,5,11,0,2.01,36.51,9,0,0,0,Healthy,0
NB04188,Female,36.42,5.2,126,52,100.0,48.42,33.41,5.37,48.4,33.02,8,2,4,2.37,36.75,8,0,0,1,Healthy,0
NB04189,Female,37.08,5.2,150,53,100.0,48.31,32.45,5.44,47.69,32.73,9,7,3,5.1,36.91,9,0,0,0,Healthy,0
NB04190,Female,37.86,5.2,143,44,97.4,48.52,32.75,5.3,49.94,33.16,10,6,2,3.2,37.39,8,0,0,0,Healthy,0
NB04191,Male,38.87,5.2,127,57,97.0,52.4,32.44,5.29,51.46,31.6,7,5,2,2.46,36.58,9,0,0,0,Healthy,0
NB04192,Male,38.58,5.2,152,35,92.1,53.33,33.3,5.28,51.68,33.6,10,8,4,3.78,35.94,9,0,0,2,Healthy,0
NB04193,Male,40.83,5.2,145,55,95.7,49.75,35.36,5.28,48.43,35.64,7,7,4,3.48,36.71,7,0,0,0,Healthy,0
NB04194,Female,32.66,5.2,149,51,94.6,46.04,30.58,5.28,47.8,30.0,7,5,2,3.04,36.92,9,0,0,0,Healthy,0
NB04195,Male,32.75,5.2,147,42,95.5,44.13,30.07,5.03,44.13,30.09,6,11,4,4.29,36.88,5,0,1,6,At Risk,0
NB04196,Female,36.91,5.2,128,44,92.3,45.68,32.49,4.91,47.16,31.95,6,4,2,0.83,36.69,10,0,0,0,Healthy,0
NB04197,Male,40.41,5.2,139,52,96.5,52.07,34.12,5.05,53.49,33.12,8,7,6,6.47,37.23,9,0,0,0,Healthy,0
NB04198,Female,34.56,5.2,107,49,90.2,44.83,31.99,5.14,43.1,32.71,8,7,6,2.39,36.94,8,0,0,0,Healthy,0
NB04199,Male,31.38,5.2,131,45,100.0,40.49,28.42,5.36,40.75,29.06,7,8,1,2.17,37.07,7,0,0,3,At Risk,0
NB04200,Female,39.26,5.2,136,37,100.0,49.17,35.21,5.18,50.14,35.2,8,6,5,4.96,35.97,8,0,0,2,Healthy,0
NB04201,Male,38.54,5.2,151,33,99.6,48.03,31.31,5.27,47.15,31.67,10,5,5,4.0,36.72,8,0,0,0,Healthy,0
NB04202,Female,35.6,5.2,149,43,90.5,46.15,32.63,5.24,45.06,32.05,12,10,4,4.55,36.74,9,0,0,0,Healthy,0
NB04203,Female,35.83,5.2,126,31,89.3,45.0,33.4,5.33,45.7,34.02,8,5,0,4.23,37.56,10,1,0,5,At Risk,0
NB04204,Male,35.87,5.2,126,49,96.0,46.89,33.24,5.14,45.89,33.44,11,2,5,0.2,36.75,9,0,0,2,Healthy,0
NB04205,Male,38.24,5.2,164,24,93.9,48.39,33.68,5.08,48.88,33.03,8,7,3,1.62,36.5,9,0,0,2,Healthy,0
NB04206,Male,36.62,5.2,135,45,100.0,49.11,34.21,4.9,50.06,34.5,7,10,4,3.33,36.48,10,0,0,0,Healthy,0
NB04207,Male,39.09,5.2,142,39,97.2,51.77,32.65,5.3,52.85,32.98,11,8,3,1.38,37.24,9,0,0,0,Healthy,0
NB04208,Female,31.72,5.2,154,38,94.9,44.47,29.27,4.63,45.48,29.07,7,5,2,3.21,36.54,8,0,0,3,At Risk,0
NB04209,Male,36.11,5.2,139,39,100.0,47.43,32.19,5.26,48.91,31.38,8,8,2,3.55,36.42,7,0,0,0,Healthy,0
NB04210,Male,35.52,5.2,137,15,95.6,46.85,33.62,5.41,46.04,33.43,7,7,3,3.07,37.21,7,0,0,2,Healthy,0
NB04211,Female,37.44,5.2,134,38,95.8,47.42,30.37,5.2,49.31,31.15,14,7,2,2.13,36.98,8,0,0,1,Healthy,0
NB04212,Male,36.82,5.2,131,33,98.6,46.91,31.38,5.3,46.6,31.9,7,5,5,1.74,36.69,7,0,0,1,Healthy,0
NB04213,Female,39.76,5.2,143,33,92.6,52.59,37.65,5.14,51.71,37.94,6,8,5,3.77,36.2,9,0,0,0,Healthy,0
NB04214,Male,33.91,5.2,107,73,98.6,42.4,27.29,5.23,43.67,26.98,11,8,3,0.9,37.05,9,0,0,1,Healthy,0
NB04215,Male,38.1,5.2,133,28,97.0,49.53,35.09,5.2,50.35,34.84,7,5,2,3.83,37.17,8,0,0,0,Healthy,0
NB04216,Male,39.23,5.2,150,46,91.8,50.06,33.61,5.37,48.55,33.16,5,10,4,4.04,36.37,10,0,0,0,Healthy,0
NB04217,Male,42.0,5.2,148,34,100.0,54.4,36.98,5.17,55.47,37.18,10,7,5,2.56,36.96,9,0,0,0,Healthy,0
NB04218,Male,36.94,5.2,165,33,93.4,45.8,35.18,4.99,46.28,35.41,6,10,0,3.8,36.75,10,0,0,1,Healthy,0
NB04219,Female,38.71,5.2,155,29,89.3,50.27,34.74,5.3,50.5,35.52,7,4,2,2.35,36.4,9,1,0,4,At Risk,0
NB04220,Male,34.03,5.2,147,53,92.3,46.71,33.17,5.2,46.44,32.38,9,10,2,3.81,36.6,8,0,0,0,Healthy,0
NB04221,Female,32.74,5.2,141,54,91.4,41.05,29.38,5.09,42.56,29.34,9,7,7,1.71,36.78,8,0,0,0,Healthy,0
NB04222,Female,39.86,5.2,132,36,95.7,49.12,34.56,5.36,50.91,34.26,7,7,4,2.63,36.21,10,0,0,0,Healthy,0
NB04223,Male,37.99,5.2,149,51,100.0,49.41,34.97,5.5,50.25,35.1,8,11,4,3.64,37.06,6,0,1,6,At Risk,0
NB04224,Female,40.59,5.2,146,32,95.9,52.96,34.96,5.32,51.91,35.46,6,7,3,2.97,36.48,10,0,0,1,Healthy,0
NB04225,Male,34.98,5.2,133,38,100.0,47.25,32.58,5.39,46.22,32.27,10,7,2,2.95,36.5,7,0,0,0,Healthy,0
NB04226,Male,39.14,5.2,124,49,98.7,51.75,36.38,5.26,51.12,36.91,9,8,2,5.33,37.03,9,0,0,0,Healthy,0
NB04227,Male,42.0,5.2,139,32,85.7,51.04,37.9,5.5,52.2,38.35,4,9,4,1.58,36.6,9,1,0,5,At Risk,0
NB04228,Female,38.92,5.2,161,35,98.1,47.25,32.08,5.36,47.13,31.99,3,6,5,1.39,36.7,8,0,0,1,Healthy,0
NB04229,Female,38.61,5.2,142,42,93.0,50.32,33.71,5.12,51.14,34.38,9,4,2,3.89,36.75,9,0,0,1,Healthy,0
NB04230,Male,38.02,5.2,141,42,96.8,47.16,34.24,5.35,46.76,34.63,8,5,2,0.89,36.45,5,0,1,6,At Risk,0
NB04231,Female,34.54,5.2,148,31,94.8,44.76,31.02,5.32,46.36,30.7,10,7,0,2.92,36.57,9,0,0,0,Healthy,0
NB04232,Male,40.98,5.2,149,64,100.0,54.15,36.01,5.15,53.19,35.65,5,6,2,3.31,36.79,9,0,0,0,Healthy,0
NB04233,Female,36.66,5.2,144,34,96.5,48.77,33.3,5.48,48.75,33.92,8,6,2,3.78,36.79,7,0,0,0,Healthy,0
NB04234,Female,39.11,5.2,139,52,97.0,49.46,33.79,4.98,49.43,33.56,9,8,2,1.83,37.04,8,0,0,0,Healthy,0
NB04235,Female,34.56,5.2,131,48,98.8,45.11,31.1,5.3,45.99,31.6,6,8,3,2.59,37.06,9,0,0,1,Healthy,0
NB04236,Male,35.41,5.2,158,34,89.8,48.51,30.21,5.14,49.07,29.65,6,3,2,4.09,37.35,9,1,0,4,At Risk,0
NB04237,Male,41.16,5.2,132,47,98.8,52.87,35.29,4.91,54.55,35.99,7,7,3,3.06,36.12,10,0,0,0,Healthy,0
NB04238,Male,37.24,5.2,168,34,94.2,46.48,30.98,5.25,47.98,30.12,12,11,4,3.4,37.21,7,0,0,0,Healthy,0
NB04239,Male,41.2,5.2,143,43,92.6,48.58,36.21,5.15,48.08,35.36,7,7,1,4.37,36.65,9,0,0,0,Healthy,0
NB04240,Male,37.83,5.2,141,50,97.9,53.21,33.39,5.11,53.45,33.21,9,5,3,4.41,37.1,8,0,0,0,Healthy,0
NB04241,Male,33.95,5.2,154,36,89.8,43.51,29.59,5.02,43.7,30.45,10,13,2,2.3,36.95,10,1,0,4,At Risk,0
NB04242,Male,39.96,5.2,128,46,98.3,52.42,37.85,5.5,52.08,38.59,7,8,1,3.12,36.54,8,0,0,0,Healthy,0
NB04243,Female,36.7,5.2,150,36,94.4,51.45,32.52,4.74,50.11,33.04,8,7,3,0.44,37.48,8,0,0,0,Healthy,0
NB04244,Male,39.54,5.2,142,44,94.6,51.28,35.31,4.8,51.46,35.73,4,9,2,4.33,37.14,9,0,0,0,Healthy,0
NB04245,Female,38.06,5.2,147,43,87.1,48.45,32.88,5.33,49.52,32.55,12,6,4,3.33,36.99,7,1,0,4,At Risk,0
NB04246,Male,34.61,5.2,128,38,98.2,43.69,30.8,5.32,44.09,30.02,8,6,3,6.8,37.79,10,0,0,0,Healthy,0
NB04247,Male,38.36,5.2,128,24,95.9,47.05,34.54,4.95,47.58,35.43,8,7,5,2.04,36.36,6,0,1,8,High Risk,0
NB04248,Male,42.0,5.2,107,50,93.4,53.95,36.1,5.11,55.59,36.89,5,10,2,0.23,36.81,7,0,0,1,Healthy,0
NB04249,Male,39.08,5.2,132,62,91.8,53.48,34.56,5.36,52.8,34.08,7,10,4,0.6,37.05,8,0,0,0,Healthy,0
NB04250,Male,37.87,5.2,131,43,97.7,48.7,34.92,5.17,48.1,35.14,13,6,3,3.04,36.32,6,0,1,6,At Risk,0
NB04251,Female,40.37,5.2,128,36,96.2,50.62,34.68,5.39,50.39,34.66,8,4,2,4.15,36.5,7,0,0,0,Healthy,0
NB04252,Female,38.46,5.2,138,44,95.0,51.41,32.13,5.22,52.69,31.61,7,6,4,3.2,37.25,10,0,0,0,Healthy,0
NB04253,Female,38.46,5.2,141,53,91.5,48.64,31.83,5.13,49.74,31.09,7,6,3,4.39,36.58,7,0,0,0,Healthy,0
NB04254,Female,35.6,5.2,149,55,96.1,47.99,34.28,4.94,48.45,34.54,2,5,1,4.12,37.19,7,0,0,1,Healthy,0
NB04255,Female,38.51,5.2,150,51,95.9,50.15,35.56,5.22,51.78,35.56,8,9,3,3.26,36.52,9,0,0,0,Healthy,0
NB04256,Male,40.28,5.2,152,46,99.6,50.83,36.38,5.1,50.1,36.21,9,11,4,2.82,37.71,9,0,0,0,Healthy,0
NB04257,Male,36.16,5.2,152,49,90.8,47.91,31.86,5.43,47.69,31.9,6,10,4,5.05,35.75,8,0,0,2,Healthy,0
NB04258,Male,41.13,5.2,145,43,92.5,55.95,33.99,5.42,56.51,34.05,9,7,5,1.48,37.25,9,0,0,0,Healthy,0
NB04259,Female,37.8,5.2,141,32,100.0,50.63,33.24,5.18,50.62,33.53,9,5,1,5.63,36.91,10,0,0,0,Healthy,0
NB04260,Male,36.05,5.2,157,38,95.7,50.03,32.29,5.22,51.07,33.12,1,10,3,3.69,36.11,7,0,0,1,Healthy,0
NB04261,Male,40.19,5.2,152,39,95.9,49.74,33.64,5.16,51.67,34.3,8,5,4,1.08,36.7,10,0,0,0,Healthy,0
NB04262,Female,37.37,5.2,113,45,98.4,51.22,31.15,5.12,51.33,31.73,9,3,1,3.14,35.93,10,0,0,2,Healthy,0
NB04263,Female,39.67,5.2,137,24,100.0,52.38,32.37,5.02,52.99,32.2,6,10,3,4.77,36.96,10,0,0,2,Healthy,0
NB04264,Male,37.36,5.2,108,47,90.9,46.02,34.34,5.24,47.15,34.02,9,5,5,3.98,36.53,8,0,0,0,Healthy,0
NB04265,Male,37.87,5.2,107,22,100.0,50.56,31.9,5.17,51.53,31.59,6,9,2,2.99,35.92,10,0,0,4,At Risk,0
NB04266,Female,39.09,5.2,131,46,94.8,49.55,35.02,5.5,51.52,35.65,8,6,3,5.31,36.87,10,0,0,0,Healthy,0
NB04267,Male,38.64,5.2,138,54,95.9,47.08,33.65,5.16,47.7,34.21,8,4,0,4.68,36.87,8,0,0,0,Healthy,0
NB04268,Male,33.61,5.2,132,51,95.2,45.91,31.61,5.5,46.16,30.69,10,5,1,4.36,37.75,10,0,0,0,Healthy,0
NB04269,Female,35.53,5.2,108,33,100.0,48.46,32.58,5.5,47.69,33.28,9,0,5,2.57,37.17,9,0,0,1,Healthy,0
NB04270,Male,40.04,5.2,154,48,98.4,51.74,34.88,5.09,52.29,35.14,7,4,2,2.7,35.73,8,0,0,2,Healthy,0
NB04271,Female,37.71,5.2,127,49,94.5,49.12,33.79,5.21,48.4,33.9,13,9,4,3.45,36.56,7,0,0,0,Healthy,0
NB04272,Female,36.85,5.2,149,59,91.1,47.9,32.83,4.92,47.14,33.59,11,6,5,3.39,37.3,9,0,0,0,Healthy,0
NB04273,Male,35.01,5.2,128,46,94.1,51.84,30.78,5.15,52.46,31.05,6,7,2,6.94,36.07,10,0,0,1,Healthy,0
NB04274,Female,35.62,5.2,131,52,90.3,45.1,33.61,5.3,44.97,33.17,7,9,2,0.82,36.45,7,0,0,0,Healthy,0
NB04275,Male,33.55,5.2,148,38,98.1,47.34,30.05,5.27,45.12,29.7,8,10,5,3.01,36.8,9,0,0,0,Healthy,0
NB04276,Female,37.78,5.2,134,33,92.6,49.43,33.51,5.07,51.95,33.75,5,10,3,1.94,36.56,10,0,0,0,Healthy,0
NB04277,Female,36.68,5.2,143,51,94.6,46.71,30.76,5.21,45.45,30.96,6,10,4,4.42,37.52,8,0,0,0,Healthy,0
NB04278,Female,35.87,5.2,145,51,99.1,47.59,32.72,5.33,47.53,33.19,9,4,2,3.76,36.88,8,0,0,0,Healthy,0
NB04279,Male,37.85,5.2,114,36,97.8,46.68,32.78,5.2,45.69,34.26,8,3,4,3.99,36.81,9,0,0,0,Healthy,0
NB04280,Male,38.8,5.2,149,30,96.3,49.13,33.65,5.5,49.07,34.5,6,2,5,0.2,36.39,6,0,1,7,At Risk,0
NB04281,Male,42.0,5.2,123,43,92.2,53.11,35.34,5.21,52.87,34.9,8,7,1,3.83,36.3,9,0,0,0,Healthy,0
NB04282,Female,34.67,5.2,120,42,96.7,43.5,31.29,4.91,43.03,31.42,6,10,4,1.66,36.85,7,0,0,0,Healthy,0
NB04283,Female,40.55,5.2,127,44,92.2,52.91,32.58,4.91,53.01,32.5,7,7,4,0.42,36.76,10,0,0,0,Healthy,0
NB04284,Female,40.14,5.2,155,51,96.7,49.6,36.32,5.15,48.74,36.58,14,8,1,5.14,36.25,9,0,0,0,Healthy,0
NB04285,Female,36.29,5.2,111,52,90.4,45.15,32.54,4.99,45.89,32.05,8,11,3,5.97,36.91,8,0,0,0,Healthy,0
NB04286,Female,38.45,5.2,152,42,99.2,47.84,33.41,4.91,48.48,32.65,10,8,2,3.75,36.83,9,0,0,1,Healthy,0
NB04287,Male,36.99,5.2,146,32,95.7,53.05,30.77,5.14,53.31,30.06,10,6,0,3.96,36.66,5,0,1,6,At Risk,0
NB04288,Female,38.41,5.2,141,35,95.0,46.01,34.74,5.39,46.75,33.35,8,2,3,1.44,37.34,9,0,0,1,Healthy,0
NB04289,Female,41.32,5.2,144,36,96.4,53.46,35.17,5.14,54.69,34.83,8,10,4,2.11,36.79,9,0,0,0,Healthy,0
NB04290,Male,39.33,5.2,135,41,94.6,49.3,36.69,5.3,48.09,38.06,9,6,3,2.07,36.69,8,0,0,0,Healthy,0
NB04291,Male,39.12,5.2,152,37,95.2,49.91,35.31,5.5,51.71,35.14,8,8,3,3.32,37.31,10,0,0,0,Healthy,0
NB04292,Female,37.05,5.2,132,40,99.5,49.96,35.44,5.31,51.83,35.72,8,2,4,0.9,36.73,9,0,0,1,Healthy,0
NB04293,Female,34.74,5.2,111,43,98.7,47.77,31.72,5.04,48.83,31.16,8,9,3,4.41,36.62,9,0,0,0,Healthy,0
NB04294,Female,37.54,5.2,139,36,97.5,47.83,35.1,5.23,47.7,34.71,7,7,4,4.17,36.27,10,0,0,0,Healthy,0
NB04295,Male,40.65,5.2,154,45,95.9,49.27,36.35,5.14,51.6,35.85,5,2,3,3.22,36.83,10,0,0,1,Healthy,0
NB04296,Female,34.64,5.2,149,60,93.9,47.82,30.77,5.33,49.14,30.5,6,4,2,3.44,37.22,8,0,0,0,Healthy,0
NB04297,Female,35.68,5.2,173,40,98.8,48.62,32.46,5.27,47.32,32.54,7,5,4,5.49,36.61,9,0,0,0,Healthy,0
NB04298,Female,38.28,5.2,135,35,91.8,49.28,32.74,5.17,49.1,33.5,8,5,3,4.67,36.2,10,0,0,0,Healthy,0
NB04299,Female,35.83,5.2,137,45,100.0,48.53,35.39,5.25,49.34,36.3,10,4,5,5.12,37.25,10,0,0,0,Healthy,0
NB04300,Male,36.26,5.2,136,34,97.5,47.14,32.43,5.17,46.07,32.93,9,6,4,4.76,37.27,9,0,0,0,Healthy,0
NB04301,Female,37.07,5.2,126,41,99.1,47.11,33.19,4.91,48.41,33.73,9,9,2,3.5,37.06,8,0,0,0,Healthy,0
NB04302,Male,35.0,5.2,131,35,96.6,46.9,32.28,4.84,46.91,32.15,5,8,5,4.6,36.84,9,0,0,0,Healthy,0
NB04303,Female,35.86,5.2,121,31,94.6,48.71,30.67,5.4,47.92,32.02,8,6,3,4.89,36.99,8,0,0,0,Healthy,0
NB04304,Female,39.55,5.2,99,33,98.3,51.61,36.87,5.44,51.64,36.51,6,9,1,3.96,36.1,8,1,1,5,At Risk,0
NB04305,Female,35.12,5.2,130,35,90.1,48.03,30.25,5.27,47.68,30.31,12,14,2,0.2,36.54,8,0,0,1,Healthy,0
NB04306,Female,34.48,5.2,140,32,92.9,44.92,29.46,5.42,43.39,29.32,6,7,3,0.91,37.1,8,0,0,0,Healthy,0
NB04307,Female,36.61,5.2,151,55,94.3,51.52,32.58,5.5,51.68,33.28,9,4,4,5.0,36.95,8,0,0,1,Healthy,0
NB04308,Female,39.61,5.2,130,46,90.2,50.36,33.01,5.14,50.15,32.84,13,7,0,0.2,37.21,10,0,0,0,Healthy,0
NB04309,Male,37.57,5.2,130,51,97.2,48.97,35.84,5.08,49.29,36.04,9,7,1,1.61,37.49,8,0,0,0,Healthy,0
NB04310,Female,36.98,5.2,159,28,99.4,46.04,32.74,5.38,45.16,33.4,2,3,2,0.97,36.24,10,0,0,1,Healthy,0
NB04311,Male,38.1,5.2,116,39,89.0,49.3,29.04,5.5,49.66,28.5,10,8,5,0.2,37.02,8,1,0,4,At Risk,0
NB04312,Male,34.16,5.2,137,46,93.5,47.21,31.41,5.1,49.82,31.87,8,6,4,3.82,36.68,10,0,0,0,Healthy,0
NB04313,Male,39.09,5.2,157,59,94.4,52.1,35.39,5.5,51.06,35.7,5,9,2,3.75,36.6,10,0,0,0,Healthy,0
NB04314,Male,38.84,5.2,127,34,96.1,53.48,33.76,5.15,53.75,33.37,8,7,2,2.27,37.91,8,0,0,0,Healthy,0
NB04315,Female,37.1,5.2,112,29,98.0,49.83,31.14,5.27,50.35,30.9,9,7,4,5.4,36.09,7,0,0,0,Healthy,0
NB04316,Female,40.21,5.2,171,44,94.0,52.15,35.19,5.16,52.41,35.22,5,10,3,0.2,36.72,7,0,0,0,Healthy,0
NB04317,Male,35.52,5.2,154,35,98.3,46.47,31.34,5.28,46.65,31.57,9,6,3,2.31,36.69,10,0,0,0,Healthy,0
NB04318,Male,40.48,5.2,155,59,95.3,50.51,34.07,5.02,50.79,35.04,9,4,2,2.08,36.82,9,0,0,0,Healthy,0
NB04319,Male,38.34,5.2,138,47,92.9,51.85,32.44,5.44,51.62,33.62,11,7,2,6.18,35.91,10,0,0,3,At Risk,0
NB04320,Female,37.26,5.2,152,39,95.8,50.84,33.52,4.9,52.72,33.17,8,3,3,3.3,36.36,10,0,0,0,Healthy,0
NB04321,Female,37.96,5.2,95,39,90.6,47.41,35.12,5.04,48.02,36.76,9,5,6,3.86,36.82,10,1,1,5,At Risk,0
NB04322,Female,37.76,5.2,132,41,94.1,50.83,34.33,5.49,50.41,34.15,5,10,6,2.97,36.17,8,0,0,0,Healthy,0
NB04323,Female,40.68,5.2,157,24,94.4,53.32,33.09,5.5,54.73,34.29,9,6,4,2.02,37.23,10,0,0,2,Healthy,0
NB04324,Male,35.63,5.2,115,42,92.9,45.24,33.07,5.12,44.72,34.03,9,8,3,4.32,37.06,9,0,0,0,Healthy,0
NB04325,Female,36.32,5.2,134,37,100.0,49.17,33.78,5.5,48.24,33.28,7,1,7,4.48,36.09,10,0,0,1,Healthy,0
NB04326,Female,40.28,5.2,146,48,99.6,49.55,37.49,5.49,49.33,36.74,9,9,6,6.27,36.7,7,0,0,0,Healthy,0
NB04327,Male,36.69,5.2,126,33,95.7,43.56,31.46,5.31,45.2,31.63,10,5,3,0.48,36.97,9,0,0,0,Healthy,0
NB04328,Male,39.98,5.2,140,49,96.5,51.06,35.1,5.13,50.15,35.74,7,5,1,1.15,36.18,10,0,0,0,Healthy,0
NB04329,Female,41.74,5.2,147,47,96.8,53.48,37.27,5.5,53.39,37.38,7,9,5,2.06,36.09,10,0,0,0,Healthy,0
NB04330,Female,37.12,5.2,145,44,97.2,48.57,32.39,5.19,48.19,32.52,12,7,4,5.69,36.37,6,0,1,6,At Risk,0
NB04331,Female,39.5,5.2,133,55,100.0,56.68,35.68,5.32,57.74,36.04,4,7,1,1.91,38.01,10,0,0,1,Healthy,0
NB04332,Male,35.46,5.2,125,23,98.2,48.07,31.99,4.8,47.2,31.15,10,7,4,5.37,37.29,8,0,0,2,Healthy,0
NB04333,Female,39.66,5.2,147,46,88.1,51.39,33.69,5.15,52.22,33.86,13,8,7,0.62,36.53,7,1,0,4,At Risk,0
NB04334,Female,38.44,5.2,146,42,97.9,50.85,32.97,5.11,49.72,32.58,5,7,4,3.77,36.2,7,0,0,0,Healthy,0
NB04335,Male,39.04,5.2,145,41,92.1,49.65,36.4,5.26,50.95,36.28,11,7,2,3.32,36.43,3,0,1,9,High Risk,0
NB04336,Male,36.58,5.2,142,32,93.1,50.18,31.31,5.17,50.94,30.64,10,4,4,1.17,37.49,7,0,0,0,Healthy,0
NB04337,Female,34.35,5.2,146,28,98.4,47.03,29.49,5.13,47.97,28.8,10,5,4,3.87,37.72,8,0,0,0,Healthy,0
NB04338,Female,39.11,5.2,156,51,88.5,51.23,35.09,5.23,51.61,35.39,9,5,2,2.48,36.43,10,1,0,4,At Risk,0
NB04339,Female,33.46,5.2,146,50,100.0,44.27,30.58,5.08,43.4,30.6,7,4,6,4.35,36.94,10,0,0,0,Healthy,0
NB04340,Female,37.3,5.2,142,60,97.9,45.84,31.34,4.9,46.84,32.43,6,8,3,4.39,36.68,9,0,0,0,Healthy,0
NB04341,Female,40.07,5.2,131,62,96.2,50.46,34.47,5.14,51.25,34.34,7,9,1,2.68,37.37,10,0,0,0,Healthy,0
NB04342,Male,38.42,5.2,165,27,97.9,50.55,32.87,5.18,49.98,33.42,10,8,3,3.3,36.31,10,0,0,0,Healthy,0
NB04343,Male,42.0,5.2,120,40,99.0,52.31,35.64,5.38,51.27,36.45,11,8,3,5.69,37.24,10,0,0,1,Healthy,0
NB04344,Male,40.26,5.2,136,45,95.8,52.21,39.17,5.19,52.48,39.37,11,9,4,1.88,36.2,10,0,0,0,Healthy,0
NB04345,Male,36.56,5.2,131,52,97.7,47.84,32.34,5.31,48.19,32.59,7,6,3,2.4,37.23,7,0,0,0,Healthy,0
NB04346,Female,38.06,5.2,107,56,91.6,50.52,32.52,5.09,51.45,33.36,6,6,2,3.92,36.42,9,0,0,0,Healthy,0
NB04347,Female,37.9,5.2,146,32,97.8,47.55,36.76,5.23,47.13,37.66,8,10,4,3.97,36.66,10,0,0,0,Healthy,0
NB04348,Male,34.52,5.2,136,37,97.1,46.85,32.7,4.88,47.44,33.16,12,4,3,0.2,36.51,5,0,1,6,At Risk,0
NB04349,Female,35.93,5.2,141,56,100.0,46.46,33.44,5.1,47.64,34.38,8,8,0,2.17,37.68,9,0,0,0,Healthy,0
NB04350,Female,36.77,5.2,137,25,95.6,45.41,31.69,4.69,43.53,31.91,7,8,0,2.31,37.25,8,0,0,0,Healthy,0
NB04351,Male,33.52,5.2,154,31,96.1,45.24,32.45,4.99,43.11,31.9,11,4,3,5.35,36.61,7,0,0,0,Healthy,0
NB04352,Male,38.1,5.2,156,46,91.8,52.77,35.1,4.98,53.14,35.39,5,10,3,3.41,36.43,9,0,0,0,Healthy,0
NB04353,Male,37.45,5.2,120,63,95.0,46.19,33.64,5.35,46.67,33.34,7,10,4,0.43,37.39,8,0,0,0,Healthy,0
NB04354,Male,34.32,5.2,172,25,97.1,46.53,28.65,5.3,46.1,29.5,6,9,0,5.09,35.27,7,0,0,2,Healthy,0
NB04355,Female,38.89,5.2,136,43,97.5,52.0,34.39,5.44,50.72,34.33,11,8,2,4.66,37.02,9,0,0,0,Healthy,0
NB04356,Female,39.57,5.2,151,48,100.0,55.62,37.5,4.97,57.64,38.14,9,6,3,1.52,36.37,8,0,0,0,Healthy,0
NB04357,Male,38.5,5.2,143,57,96.6,49.06,34.48,5.39,49.33,34.1,10,7,3,4.32,37.81,9,0,0,0,Healthy,0
NB04358,Female,37.29,5.2,142,46,94.7,47.69,32.74,5.11,48.01,32.21,6,11,5,2.87,38.03,10,0,0,1,Healthy,0
NB04359,Female,39.3,5.2,150,24,96.9,48.44,34.37,5.5,48.14,34.34,11,7,3,4.34,36.81,9,0,0,2,Healthy,0
NB04360,Female,39.5,5.2,164,29,93.0,53.23,34.61,5.19,53.28,33.92,2,7,1,6.27,36.64,10,0,0,1,Healthy,0
NB04361,Male,38.68,5.2,154,56,99.6,48.47,33.07,5.5,48.4,33.65,5,4,5,3.43,36.83,10,0,0,0,Healthy,0
NB04362,Male,36.19,5.2,136,46,92.6,47.23,32.47,5.5,48.8,33.3,8,6,5,0.4,36.52,8,0,0,0,Healthy,0
NB04363,Male,38.61,5.2,138,31,93.6,46.45,36.39,5.31,49.13,36.84,10,6,1,1.66,36.44,9,0,0,0,Healthy,0
NB04364,Male,40.63,5.2,130,47,91.2,53.73,37.64,5.5,53.15,38.57,7,8,4,2.55,36.91,7,0,0,0,Healthy,0
NB04365,Male,36.69,5.2,153,45,95.3,50.74,31.75,5.16,52.03,32.26,4,11,7,3.06,37.08,9,0,0,0,Healthy,0
NB04366,Female,42.0,5.2,151,17,97.3,54.89,38.51,5.49,56.7,38.36,6,9,5,1.84,36.86,9,0,0,2,Healthy,0
NB04367,Female,36.84,5.2,134,21,100.0,45.35,34.13,5.22,44.72,34.3,6,5,2,3.05,36.93,10,0,0,2,Healthy,0
NB04368,Male,38.07,5.2,164,45,94.8,50.88,34.8,5.34,50.52,34.98,14,6,6,0.99,36.52,10,0,0,0,Healthy,0
NB04369,Male,36.52,5.2,159,62,94.2,44.92,33.41,5.33,43.93,34.23,9,5,3,2.25,36.38,8,0,0,0,Healthy,0
NB04370,Female,38.49,5.2,173,45,85.7,50.16,32.75,5.19,49.77,32.9,6,9,4,2.79,36.38,8,1,0,4,At Risk,0
NB04371,Male,34.17,5.2,126,18,95.8,46.56,30.51,4.93,45.89,29.95,5,10,7,4.32,37.15,9,0,0,2,Healthy,0
NB04372,Male,36.8,5.2,138,26,95.1,49.14,34.21,4.96,49.12,33.51,6,8,4,0.2,36.84,7,0,0,0,Healthy,0
NB04373,Female,35.6,5.2,136,48,95.1,48.51,30.31,5.46,47.43,30.3,8,7,5,1.23,36.89,10,0,0,0,Healthy,0
NB04374,Female,38.3,5.2,187,49,100.0,49.85,32.45,5.27,50.65,32.58,7,4,3,2.68,36.95,9,0,0,1,Healthy,0
NB04375,Female,40.19,5.2,140,40,96.9,47.64,35.79,5.42,48.69,35.09,12,6,2,1.72,36.77,8,0,0,0,Healthy,0
NB04376,Female,39.42,5.2,163,37,93.5,51.95,33.61,5.13,51.72,34.38,7,8,1,3.44,36.85,9,0,0,1,Healthy,0
NB04377,Male,32.78,5.2,159,50,91.8,45.1,31.38,5.16,44.23,31.37,9,7,0,5.78,37.38,8,0,0,0,Healthy,0
NB04378,Female,42.0,5.2,138,53,90.9,51.39,35.47,5.16,51.8,36.11,7,6,3,1.07,37.15,8,0,0,0,Healthy,0
NB04379,Female,38.65,5.2,141,49,93.4,47.05,34.62,4.9,47.52,34.21,10,6,4,0.81,36.72,6,0,1,6,At Risk,0
NB04380,Male,36.29,5.2,149,32,96.3,51.14,33.1,5.16,50.63,33.75,7,8,1,3.06,36.59,7,0,0,0,Healthy,0
NB04381,Male,38.35,5.2,163,51,87.6,52.37,33.32,5.17,52.16,32.81,10,8,3,2.06,37.26,10,1,0,4,At Risk,0
NB04382,Male,38.39,5.2,137,38,94.5,51.36,33.71,5.23,51.1,33.48,9,3,4,3.02,36.95,9,0,0,1,Healthy,0
NB04383,Female,36.53,5.2,131,36,97.8,46.93,31.75,5.18,47.92,31.6,12,6,2,4.94,36.66,8,0,0,0,Healthy,0
NB04384,Male,38.44,5.2,157,36,91.4,44.96,34.08,5.5,45.35,34.01,8,8,3,4.35,36.22,9,0,0,0,Healthy,0
NB04385,Female,36.66,5.2,119,42,94.4,49.93,31.42,5.11,48.3,32.17,9,4,3,1.68,37.56,9,0,0,0,Healthy,0
NB04386,Female,37.11,5.2,145,48,91.5,49.53,32.84,5.4,52.12,33.17,5,5,0,2.48,36.29,10,0,0,0,Healthy,0
NB04387,Female,36.49,5.2,159,22,85.5,47.49,33.87,5.29,47.26,33.37,5,10,0,0.78,36.93,9,1,0,7,At Risk,0
NB04388,Male,34.85,5.2,148,35,92.2,49.01,29.89,5.24,49.97,29.34,9,13,5,0.2,37.62,8,0,0,0,Healthy,0
NB04389,Male,38.32,5.2,130,37,91.3,51.58,33.29,5.38,51.85,33.49,8,9,3,0.2,36.65,9,0,0,0,Healthy,0
NB04390,Female,39.29,5.2,122,52,97.7,51.11,35.48,5.16,50.81,35.44,10,6,3,0.2,36.78,7,0,0,0,Healthy,0
NB04391,Male,39.13,5.2,161,33,96.7,50.69,31.48,5.13,51.85,31.7,7,7,3,2.08,37.18,10,0,0,0,Healthy,0
NB04392,Male,39.8,5.2,137,39,91.4,51.33,37.85,5.16,53.33,36.96,9,11,1,3.45,36.26,9,0,0,0,Healthy,0
NB04393,Female,38.71,5.2,124,50,99.5,51.6,35.87,5.27,50.68,37.31,6,3,4,3.66,36.05,9,0,0,1,Healthy,0
NB04394,Female,36.83,5.2,160,42,97.5,46.83,30.67,4.86,46.25,29.75,9,9,4,2.95,36.64,8,0,0,0,Healthy,0
NB04395,Male,39.85,5.2,154,57,94.1,52.11,31.94,5.2,53.86,31.91,6,10,0,4.01,36.84,5,0,1,6,At Risk,0
NB04396,Female,35.01,5.2,121,40,96.2,45.07,31.75,5.37,47.34,31.41,8,8,4,0.2,36.83,8,0,0,0,Healthy,0
NB04397,Male,36.02,5.2,185,61,91.7,50.49,30.73,5.23,51.06,30.09,7,4,3,3.98,37.44,8,0,0,2,Healthy,0
NB04398,Male,35.88,5.2,130,63,86.4,48.76,33.76,5.25,50.3,34.23,11,8,3,3.92,36.37,8,1,0,4,At Risk,0
NB04399,Female,40.38,5.2,154,47,95.3,50.36,36.05,5.32,50.09,36.03,7,11,4,4.76,36.74,8,0,0,0,Healthy,0
NB04400,Male,40.07,5.2,176,46,90.2,51.63,35.44,5.25,50.16,34.85,7,8,4,3.09,37.48,9,0,0,1,Healthy,0
NB04401,Female,39.07,5.2,156,48,94.2,48.86,33.7,4.91,48.99,33.52,7,6,4,3.38,36.67,8,0,0,0,Healthy,0
NB04402,Female,40.36,5.2,145,50,96.4,54.73,37.85,5.5,56.36,38.35,10,11,2,4.19,37.69,9,0,0,0,Healthy,0
NB04403,Female,36.07,5.2,114,43,88.2,51.1,33.58,5.5,50.58,34.26,8,7,4,0.2,36.69,10,1,0,4,At Risk,0
NB04404,Female,38.77,5.2,177,54,95.7,51.68,35.24,5.5,53.5,36.29,8,5,3,3.53,36.49,8,0,0,0,Healthy,0
NB04405,Male,37.72,5.2,156,47,97.9,52.47,35.41,5.19,53.91,35.71,7,9,4,1.96,36.78,8,0,0,0,Healthy,0
NB04406,Male,39.86,5.2,115,56,87.7,51.58,33.58,5.05,51.95,33.37,8,6,2,2.45,36.92,6,1,1,10,High Risk,1
NB04407,Male,37.75,5.2,168,27,97.5,50.9,35.55,5.5,53.97,35.27,7,2,4,2.37,36.61,7,0,0,1,Healthy,0
NB04408,Female,37.15,5.2,141,44,100.0,51.29,32.81,5.26,51.33,33.22,6,6,3,3.42,36.98,9,0,0,0,Healthy,0
NB04409,Male,39.19,5.2,135,52,94.1,50.66,35.14,5.42,49.56,36.03,8,7,3,4.83,36.73,8,0,0,0,Healthy,0
NB04410,Female,39.93,5.2,130,31,97.6,51.48,34.91,5.03,51.35,33.83,7,10,6,4.28,37.37,8,0,0,0,Healthy,0
NB04411,Male,36.53,5.2,143,46,91.5,50.14,29.95,5.33,50.72,30.04,7,5,4,5.07,37.03,8,0,0,0,Healthy,0
NB04412,Female,37.87,5.2,155,48,98.2,50.77,35.14,5.31,50.31,34.48,4,10,2,2.62,36.8,5,0,1,6,At Risk,0
NB04413,Female,35.67,5.2,131,59,96.8,45.99,29.43,5.5,45.51,29.58,11,7,3,6.74,36.66,10,0,0,0,Healthy,0
NB04414,Female,32.5,5.2,142,39,95.8,40.28,28.5,5.39,40.96,29.64,8,3,2,5.77,37.16,9,0,0,0,Healthy,0
NB04415,Female,38.44,5.2,201,44,95.6,49.65,33.43,5.26,50.7,32.46,8,4,3,3.49,36.81,9,0,0,1,Healthy,0
NB04416,Female,39.34,5.2,149,36,96.4,46.61,31.81,5.5,47.11,30.91,6,9,4,2.36,36.6,8,0,0,0,Healthy,0
NB04417,Male,38.58,5.2,157,41,94.8,48.14,32.55,5.18,48.3,33.57,7,6,6,2.39,36.47,8,0,0,0,Healthy,0
NB04418,Male,33.71,5.2,123,58,91.6,43.99,31.16,5.5,43.62,31.46,6,6,3,0.37,37.11,10,0,0,0,Healthy,0
NB04419,Female,37.23,5.2,116,42,94.5,47.77,32.74,5.34,47.25,32.83,6,6,3,2.73,36.59,6,0,1,6,At Risk,0
NB04420,Male,33.12,5.2,166,35,94.8,46.85,29.99,5.38,46.79,30.63,8,9,3,2.75,36.67,7,0,0,1,Healthy,0
NB04421,Male,41.01,5.2,161,40,90.9,54.39,34.54,5.5,53.33,35.69,8,6,4,4.55,37.05,9,0,0,0,Healthy,0
NB04422,Male,35.61,5.2,171,37,94.6,48.47,32.2,4.8,48.07,32.46,9,7,2,0.2,37.28,10,0,0,0,Healthy,0
NB04423,Female,40.76,5.2,139,38,94.8,53.35,35.25,4.95,53.86,35.34,10,7,2,4.79,37.07,9,0,0,1,Healthy,0
NB04424,Male,40.08,5.2,163,37,93.2,52.79,32.8,5.46,51.83,31.76,10,3,3,6.38,37.18,8,0,0,0,Healthy,0
NB04425,Male,36.02,5.2,94,37,96.2,42.82,32.11,5.41,40.96,31.68,9,9,4,3.51,37.12,10,1,1,5,At Risk,0
NB04426,Male,35.51,5.2,150,30,97.1,47.38,30.19,5.26,47.12,29.18,8,6,6,1.78,36.8,6,0,1,6,At Risk,0
NB04427,Female,38.77,5.2,159,43,92.7,46.7,35.69,5.45,45.7,35.81,9,11,1,5.68,36.98,7,0,0,0,Healthy,0
NB04428,Male,36.14,5.2,128,32,95.5,48.95,31.91,5.01,48.62,32.86,8,8,3,2.93,37.62,9,0,0,0,Healthy,0
NB04429,Female,38.23,5.2,159,53,98.2,45.62,37.74,5.5,46.66,37.59,6,8,4,0.87,36.71,7,0,0,0,Healthy,0
NB04430,Male,36.94,5.2,137,39,91.5,48.28,34.51,5.5,49.32,34.88,12,7,5,2.9,36.31,9,0,0,0,Healthy,0
NB04431,Female,34.08,5.2,139,46,89.2,47.17,30.86,5.5,47.31,31.49,10,3,3,2.02,35.66,8,1,0,6,At Risk,0
NB04432,Female,33.09,5.2,135,46,91.7,42.95,31.23,4.92,43.73,31.57,9,7,1,4.79,37.67,9,0,0,1,Healthy,0
NB04433,Female,38.5,5.2,168,24,96.8,51.97,31.01,5.44,54.14,31.06,8,7,1,2.51,37.69,7,0,0,2,Healthy,0
NB04434,Female,36.76,5.2,132,39,93.4,49.5,34.38,5.23,49.45,33.66,9,6,3,1.99,36.35,9,0,0,0,Healthy,0
NB04435,Male,36.78,5.2,130,59,90.7,49.27,31.72,5.5,48.5,32.25,9,7,2,1.08,37.38,7,0,0,0,Healthy,0
NB04436,Male,39.53,5.2,125,34,99.4,52.37,35.01,5.28,53.24,35.82,8,5,5,2.02,37.26,9,0,0,0,Healthy,0
NB04437,Male,40.58,5.2,133,65,90.9,51.21,34.52,5.05,50.9,34.63,10,6,2,2.72,37.09,10,0,0,1,Healthy,0
NB04438,Male,37.4,5.2,144,47,94.4,49.36,32.45,5.35,48.48,32.35,8,7,2,4.27,37.03,7,0,0,0,Healthy,0
NB04439,Male,37.25,5.2,151,47,97.6,48.95,33.0,4.89,48.9,33.59,10,8,3,0.63,36.46,8,0,0,0,Healthy,0
NB04440,Female,39.1,5.2,126,44,97.3,50.57,34.69,5.44,51.16,34.99,8,7,4,0.2,36.86,7,0,0,1,Healthy,0
NB04441,Male,35.01,5.2,147,52,96.5,45.57,31.67,5.14,46.13,32.74,5,7,3,4.22,36.96,8,0,0,0,Healthy,0
NB04442,Male,38.49,5.2,151,53,92.7,47.56,34.14,5.19,46.37,33.97,9,10,2,1.99,36.83,6,0,1,6,At Risk,0
NB04443,Male,39.21,5.2,123,42,97.0,50.02,32.21,5.28,50.65,32.76,7,9,1,5.64,36.78,6,0,1,6,At Risk,0
NB04444,Male,39.5,5.2,141,38,95.1,50.16,38.35,5.17,48.9,38.7,6,5,1,1.86,37.39,9,0,0,0,Healthy,0
NB04445,Female,33.74,5.2,138,28,96.4,44.29,31.17,5.5,43.2,31.29,7,6,3,3.5,37.26,7,0,0,0,Healthy,0
NB04446,Male,36.33,5.2,141,50,99.8,49.8,33.28,5.17,51.34,33.03,5,2,1,2.23,37.19,9,0,0,1,Healthy,0
NB04447,Male,36.07,5.2,130,43,90.8,45.52,31.94,5.33,44.0,32.49,10,10,3,2.4,37.22,10,0,0,0,Healthy,0
NB04448,Male,38.22,5.2,138,34,96.3,49.45,32.64,5.34,47.25,33.7,9,6,2,0.97,36.9,8,0,0,0,Healthy,0
NB04449,Female,39.06,5.2,141,36,95.5,52.88,34.77,5.24,53.52,33.67,8,5,3,5.54,37.32,8,0,0,0,Healthy,0
NB04450,Female,41.29,5.2,174,41,98.3,54.38,36.54,5.07,53.98,36.74,6,6,4,3.39,36.26,8,0,0,0,Healthy,0
NB04451,Female,36.91,5.2,141,32,100.0,51.05,34.99,4.77,50.86,35.44,9,9,3,3.75,36.83,10,0,0,1,Healthy,0
NB04452,Male,36.91,5.2,164,42,100.0,47.43,36.15,5.45,49.12,35.74,12,7,4,5.56,37.12,10,0,0,1,Healthy,0
NB04453,Male,40.53,5.2,165,26,97.9,53.44,37.79,5.02,54.71,38.15,8,4,3,4.84,37.04,8,0,0,1,Healthy,0
NB04454,Female,38.65,5.2,116,37,92.9,48.06,31.61,5.5,49.2,31.92,7,3,2,3.38,36.97,8,0,0,0,Healthy,0
NB04455,Female,40.79,5.2,135,30,93.5,51.56,35.06,5.11,51.79,35.6,6,10,2,1.51,37.22,7,0,0,0,Healthy,0
NB04456,Male,38.64,5.2,165,44,97.5,49.81,34.75,5.48,50.52,34.64,7,5,5,0.2,37.45,9,0,0,0,Healthy,0
NB04457,Male,35.45,5.2,143,32,90.5,46.16,31.42,5.26,45.87,30.73,11,6,4,4.9,36.32,7,0,0,0,Healthy,0
NB04458,Female,35.07,5.2,138,36,94.2,46.24,31.68,5.5,45.83,31.8,7,8,2,4.18,36.94,10,0,0,0,Healthy,0
NB04459,Male,34.59,5.2,154,65,92.4,45.54,28.19,5.31,45.74,29.07,5,4,2,2.63,36.47,6,0,1,7,At Risk,0
NB04460,Male,39.46,5.2,159,51,90.9,48.95,36.19,5.33,49.75,36.82,9,5,5,6.3,37.28,8,0,0,0,Healthy,0
NB04461,Female,40.61,5.2,139,48,95.9,53.67,32.82,5.0,55.42,32.13,7,5,3,0.2,37.13,9,0,0,1,Healthy,0
NB04462,Female,42.0,5.2,135,55,97.8,52.84,34.24,5.38,54.11,34.24,6,10,3,3.85,36.36,10,0,0,0,Healthy,0
NB04463,Female,39.85,5.2,97,47,97.1,51.67,33.58,5.42,52.54,33.61,9,7,1,1.31,36.8,10,1,1,5,At Risk,0
NB04464,Female,40.56,5.2,141,28,95.4,52.23,35.44,5.26,52.31,35.9,7,7,2,4.01,36.12,10,0,0,0,Healthy,0
NB04465,Female,36.72,5.2,133,29,93.8,48.56,30.47,5.45,48.5,30.51,8,5,4,4.06,37.23,9,0,0,0,Healthy,0
NB04466,Male,35.46,5.2,122,15,93.2,47.5,30.43,5.31,47.92,30.43,8,13,3,4.55,36.56,9,0,0,2,Healthy,0
NB04467,Male,39.87,5.2,136,44,98.1,50.67,36.83,5.47,51.05,36.58,11,5,4,0.39,36.29,6,0,1,6,At Risk,0
NB04468,Male,38.92,5.2,132,31,93.2,53.26,34.27,5.25,52.39,35.83,9,4,3,4.7,36.64,9,0,0,0,Healthy,0
NB04469,Male,38.24,5.2,143,36,93.1,51.33,34.62,5.45,51.16,33.65,9,6,3,2.68,37.06,9,0,0,0,Healthy,0
NB04470,Female,38.85,5.2,135,39,96.4,50.4,32.54,5.28,50.63,32.66,6,6,3,2.73,36.93,10,0,0,0,Healthy,0
NB04471,Female,38.71,5.2,148,36,91.6,49.35,34.22,5.5,50.19,34.4,5,6,4,4.92,36.58,4,0,1,6,At Risk,0
NB04472,Male,40.82,5.2,143,42,95.3,51.9,35.57,5.16,52.04,36.06,13,9,5,5.74,36.75,9,0,0,0,Healthy,0
NB04473,Female,40.85,5.2,163,39,93.1,53.0,34.6,5.21,55.12,34.46,9,11,3,3.03,36.67,6,0,1,6,At Risk,0
NB04474,Male,39.2,5.2,130,38,92.6,53.68,34.56,5.1,53.27,34.4,6,11,2,1.95,36.38,10,0,0,0,Healthy,0
NB04475,Female,39.86,5.2,172,27,94.1,48.53,32.26,5.15,48.97,32.68,10,2,5,1.25,35.96,10,0,0,3,At Risk,0
NB04476,Male,39.13,5.2,159,44,97.6,51.94,35.25,5.13,52.01,35.13,8,7,4,1.7,36.8,8,0,0,0,Healthy,0
NB04477,Female,36.99,5.2,167,64,95.6,50.94,32.49,5.5,51.55,32.19,7,8,1,3.27,37.06,8,0,0,0,Healthy,0
NB04478,Female,39.66,5.2,145,45,96.0,48.12,34.58,5.5,48.33,35.34,7,7,5,1.99,36.79,7,0,0,0,Healthy,0
NB04479,Female,34.93,5.2,135,65,97.7,46.48,32.93,5.21,46.37,32.42,9,8,6,4.91,37.72,8,0,0,0,Healthy,0
NB04480,Female,40.32,5.2,130,36,97.2,49.56,36.07,5.5,50.31,35.74,11,10,6,4.06,36.53,7,0,0,0,Healthy,0
NB04481,Male,35.37,5.2,172,39,94.4,48.1,31.48,5.2,47.48,31.8,10,7,3,3.7,36.78,8,0,0,0,Healthy,0
NB04482,Male,38.63,5.2,160,42,96.9,49.45,32.57,5.32,48.33,33.11,12,5,2,3.04,37.02,8,0,0,0,Healthy,0
NB04483,Male,36.14,5.2,122,40,94.4,47.67,34.49,5.5,48.83,34.45,8,7,1,2.4,37.0,8,0,0,0,Healthy,0
NB04484,Male,39.22,5.2,158,54,96.5,49.87,32.64,5.18,50.1,33.02,8,0,4,1.95,36.68,9,0,0,1,Healthy,0
NB04485,Female,37.93,5.2,125,20,98.6,50.97,34.69,5.03,52.68,34.92,10,10,3,1.14,36.78,10,0,0,2,Healthy,0
NB04486,Male,34.49,5.2,146,37,96.8,46.9,28.95,5.32,47.11,28.87,9,6,2,0.85,36.76,10,0,0,0,Healthy,0
NB04487,Female,38.93,5.2,155,59,90.6,50.89,35.82,5.07,49.64,35.34,12,9,3,2.69,37.11,10,0,0,0,Healthy,0
NB04488,Male,36.73,5.2,166,37,93.3,48.78,34.43,5.24,49.4,35.12,13,7,2,2.29,36.49,8,0,0,0,Healthy,0
NB04489,Female,39.94,5.2,144,51,97.3,52.49,32.29,5.3,50.9,31.79,7,7,2,3.41,35.7,10,0,0,3,At Risk,0
NB04490,Male,38.0,5.2,138,48,87.5,49.08,34.48,5.37,47.67,36.19,4,9,3,2.25,36.65,7,1,0,4,At Risk,0
NB04491,Female,38.87,5.2,141,41,96.1,53.78,34.96,5.37,54.01,34.75,2,9,3,3.02,37.56,9,0,0,1,Healthy,0
NB04492,Female,35.89,5.2,159,45,95.9,45.23,33.38,5.29,45.64,34.44,9,5,4,2.82,37.16,8,0,0,0,Healthy,0
NB04493,Female,36.7,5.2,154,41,100.0,44.98,33.44,5.4,45.32,34.2,7,6,6,2.05,36.09,10,0,0,1,Healthy,0
NB04494,Female,36.99,5.2,140,21,96.5,45.07,31.65,5.5,44.51,31.58,9,7,1,6.47,37.1,7,0,0,2,Healthy,0
NB04495,Male,39.88,5.2,106,47,94.6,47.14,34.79,5.4,46.54,35.51,7,9,1,4.43,36.89,9,0,0,0,Healthy,0
NB04496,Male,41.69,5.2,96,36,99.1,54.27,38.88,5.44,57.16,39.57,11,6,3,2.24,36.63,9,1,1,5,At Risk,0
NB04497,Female,36.23,5.2,144,28,93.8,49.11,30.9,5.05,48.18,30.8,5,5,3,1.71,36.31,10,0,0,0,Healthy,0
NB04498,Female,40.37,5.2,119,46,95.1,54.15,35.94,5.28,53.54,35.01,7,13,3,2.05,36.43,7,0,0,0,Healthy,0
NB04499,Female,33.23,5.2,130,45,95.3,43.19,32.19,5.31,44.84,31.38,7,5,5,4.68,36.55,10,0,0,0,Healthy,0
NB04500,Male,35.37,5.2,136,52,97.1,48.73,30.47,5.5,48.12,30.93,9,7,2,4.14,37.63,9,0,0,0,Healthy,0
NB04501,Male,35.89,5.2,177,39,91.8,47.82,30.2,4.79,47.76,30.29,7,9,5,2.15,37.09,10,0,0,0,Healthy,0
NB04502,Female,35.02,5.2,142,51,97.9,47.26,29.82,5.41,47.5,30.03,7,7,5,2.43,36.48,9,0,0,0,Healthy,0
NB04503,Female,34.52,5.2,153,42,93.2,47.72,31.95,5.34,47.57,32.66,10,4,4,0.2,36.56,10,0,0,0,Healthy,0
NB04504,Female,38.91,5.2,149,45,100.0,48.91,32.52,5.38,50.25,32.4,10,11,2,5.1,36.78,8,0,0,0,Healthy,0
NB04505,Male,37.53,5.2,96,46,89.7,54.35,33.27,4.96,55.56,33.82,9,9,4,2.64,36.61,8,1,1,9,High Risk,0
NB04506,Male,38.83,5.2,133,29,92.3,53.01,36.44,5.27,53.99,36.17,6,11,5,4.25,36.81,8,0,0,0,Healthy,0
NB04507,Female,39.52,5.2,118,46,87.9,49.9,34.79,5.5,51.56,34.94,9,4,5,0.69,36.73,9,1,0,4,At Risk,0
NB04508,Female,38.58,5.2,171,43,100.0,47.94,33.04,5.0,48.03,33.25,10,6,4,3.86,36.84,8,0,0,0,Healthy,0
NB04509,Male,39.45,5.2,107,39,90.7,50.73,35.0,5.37,52.2,34.46,8,10,0,5.63,35.9,8,0,0,3,At Risk,0
NB04510,Female,37.85,5.2,132,43,97.7,49.83,33.59,5.11,50.5,33.69,6,3,4,3.14,37.16,9,0,0,0,Healthy,0
NB04511,Female,35.39,5.2,135,67,97.5,49.38,32.65,5.5,48.67,33.26,7,5,5,4.34,36.55,7,0,0,1,Healthy,0
NB04512,Male,40.33,5.2,122,23,91.8,49.36,37.86,5.4,50.05,38.26,9,12,5,6.76,37.21,8,0,0,3,At Risk,0
NB04513,Male,36.7,5.2,142,41,97.7,49.0,33.49,5.33,48.77,34.46,11,7,3,2.37,37.79,5,0,1,6,At Risk,0
NB04514,Male,35.94,5.2,139,50,91.3,44.69,35.41,5.08,43.38,35.23,6,7,3,4.09,36.15,9,0,0,0,Healthy,0
NB04515,Female,37.61,5.2,143,30,92.2,50.12,34.21,5.2,48.81,35.22,9,5,3,0.75,36.84,10,0,0,1,Healthy,0
NB04516,Female,35.99,5.2,149,46,89.5,47.58,31.24,5.16,46.81,31.47,10,10,4,4.38,36.61,9,1,0,4,At Risk,0
NB04517,Female,37.08,5.2,144,45,97.3,52.65,36.59,5.06,54.41,36.4,9,9,4,5.46,36.98,10,0,0,0,Healthy,0
NB04518,Female,38.76,5.2,147,26,88.1,47.19,34.14,5.2,44.67,34.34,10,7,2,4.29,35.85,8,1,0,7,At Risk,0
NB04519,Female,38.77,5.2,160,36,96.4,53.03,32.75,4.84,52.97,32.42,7,11,5,2.34,36.64,9,0,0,0,Healthy,0
NB04520,Female,36.02,5.2,110,60,94.6,44.41,35.9,5.38,45.16,36.19,8,3,2,5.31,36.43,8,0,0,1,Healthy,0
NB04521,Male,36.93,5.2,153,26,100.0,45.98,31.95,5.15,46.03,31.06,5,8,1,5.42,37.53,9,0,0,0,Healthy,0
NB04522,Female,40.36,5.2,121,38,95.1,48.37,34.3,5.09,48.23,35.14,7,5,2,4.45,37.64,9,0,0,0,Healthy,0
NB04523,Female,39.09,5.2,128,40,98.0,51.08,33.74,4.94,50.48,33.45,6,13,3,2.04,36.67,7,0,0,0,Healthy,0
NB04524,Female,42.0,5.2,142,42,96.8,50.85,36.85,5.31,52.53,36.97,6,7,3,2.36,36.28,8,0,0,0,Healthy,0
NB04525,Female,40.6,5.2,147,38,94.6,49.24,37.01,5.5,48.99,37.83,9,3,9,3.52,36.42,9,0,0,0,Healthy,0
NB04526,Female,40.52,5.2,150,43,98.9,52.27,31.59,5.17,51.24,31.31,5,6,3,6.15,36.82,10,0,0,0,Healthy,0
NB04527,Female,34.95,5.2,123,42,96.3,47.76,33.05,5.5,47.46,33.56,5,4,4,3.1,36.17,9,0,0,0,Healthy,0
NB04528,Female,39.68,5.2,169,49,98.1,51.19,34.14,5.35,51.66,34.94,10,9,5,3.43,37.03,8,0,0,0,Healthy,0
NB04529,Female,37.88,5.2,132,50,91.8,49.17,33.1,5.2,48.6,33.28,7,8,1,1.6,36.71,10,0,0,0,Healthy,0
NB04530,Female,36.79,5.2,127,46,96.8,52.17,35.52,5.5,52.78,35.86,6,5,4,2.82,36.96,9,0,0,0,Healthy,0
NB04531,Female,38.37,5.2,117,44,97.8,50.22,34.38,4.88,50.38,35.26,9,6,6,1.75,36.98,9,0,0,0,Healthy,0
NB04532,Male,40.08,5.2,115,26,91.2,53.08,35.93,5.26,53.65,35.33,8,5,1,4.66,37.42,10,0,0,0,Healthy,0
NB04533,Female,39.1,5.2,115,43,94.7,50.88,34.5,5.16,52.48,35.32,9,8,4,3.08,37.09,7,0,0,0,Healthy,0
NB04534,Male,36.07,5.2,146,53,88.9,45.66,33.59,5.29,44.08,32.71,8,5,3,4.03,36.93,8,1,0,4,At Risk,0
NB04535,Male,39.63,5.2,151,26,89.4,52.17,37.37,5.0,51.95,37.16,8,7,3,3.03,36.91,8,1,0,4,At Risk,0
NB04536,Female,36.6,5.2,124,29,94.8,47.03,29.11,5.39,46.34,30.39,6,8,4,2.32,35.91,8,0,0,2,Healthy,0
NB04537,Female,38.48,5.2,119,57,100.0,49.85,35.76,4.9,49.32,36.44,7,7,3,0.2,36.88,9,0,0,0,Healthy,0
NB04538,Female,37.33,5.2,136,27,100.0,49.61,35.65,5.36,49.93,35.76,9,6,2,4.6,37.08,9,0,0,0,Healthy,0
NB04539,Female,37.52,5.2,142,41,93.9,45.28,34.21,5.13,45.47,35.55,9,8,2,3.01,36.75,9,0,0,0,Healthy,0
NB04540,Female,39.69,5.2,145,36,91.7,47.9,33.96,5.32,46.4,33.4,9,2,5,3.58,37.55,9,0,0,1,Healthy,0
NB04541,Female,35.71,5.2,123,56,98.2,49.36,30.47,5.09,48.36,30.89,7,6,4,6.31,36.13,8,0,0,0,Healthy,0
NB04542,Male,42.0,5.2,137,45,88.0,51.87,40.0,5.06,53.18,40.04,9,5,0,2.56,36.47,9,1,0,4,At Risk,0
NB04543,Male,33.99,5.2,168,50,93.6,44.76,29.64,5.5,43.59,29.75,5,6,6,5.27,36.51,8,0,0,0,Healthy,0
NB04544,Male,36.69,5.2,118,43,92.4,48.75,35.16,5.5,49.64,35.71,9,9,5,1.1,36.8,7,0,0,0,Healthy,0
NB04545,Female,38.81,5.2,139,62,94.7,49.56,34.96,5.0,47.83,35.44,10,10,0,5.95,36.51,10,0,0,0,Healthy,0
NB04546,Male,39.29,5.2,149,35,99.8,51.59,37.77,5.26,50.16,37.93,2,9,4,3.19,36.24,8,0,0,1,Healthy,0
NB04547,Male,37.78,5.2,123,45,85.9,49.3,33.17,5.38,50.01,33.72,10,9,0,4.28,36.64,9,1,0,4,At Risk,0
NB04548,Female,37.87,5.2,151,55,96.1,49.88,31.3,5.22,51.58,32.23,11,5,3,3.6,37.26,6,0,1,6,At Risk,0
NB04549,Female,38.9,5.2,116,57,96.2,49.01,34.44,5.22,50.17,34.74,9,2,3,3.42,37.14,8,0,0,1,Healthy,0
NB04550,Female,37.49,5.2,151,39,94.8,49.53,31.21,5.37,49.21,31.81,4,8,4,4.41,36.49,9,0,0,0,Healthy,0
NB04551,Female,41.06,5.2,141,22,96.0,54.57,39.96,5.34,54.02,40.19,8,5,5,1.99,36.63,7,0,0,2,Healthy,0
NB04552,Female,39.85,5.2,114,38,96.8,50.13,36.04,5.14,50.75,35.85,6,5,3,2.57,36.45,9,0,0,0,Healthy,0
NB04553,Male,39.92,5.2,152,59,95.6,53.16,36.31,5.34,51.73,36.44,8,5,4,5.54,36.23,10,0,0,0,Healthy,0
NB04554,Male,35.87,5.2,124,34,87.9,47.58,33.48,5.18,48.23,33.99,9,4,3,1.5,36.99,10,1,0,4,At Risk,0
NB04555,Male,37.83,5.2,137,45,91.9,50.91,32.64,5.16,50.55,31.68,9,8,1,2.73,36.22,9,0,0,0,Healthy,0
NB04556,Male,37.34,5.2,151,39,100.0,49.26,33.14,5.08,51.09,33.42,8,9,2,3.1,37.1,6,0,1,6,At Risk,0
NB04557,Male,35.79,5.2,123,41,90.9,47.54,32.42,5.08,48.04,32.93,7,3,6,0.55,37.62,7,0,0,0,Healthy,0
NB04558,Female,38.79,5.2,130,55,95.3,51.01,37.27,5.28,51.04,37.43,11,10,2,6.11,36.97,7,0,0,0,Healthy,0
NB04559,Male,36.82,5.2,160,45,92.5,50.96,31.24,4.92,51.39,30.76,6,6,4,1.87,37.08,10,0,0,0,Healthy,0
NB04560,Male,39.44,5.2,103,62,97.1,51.37,33.72,4.92,51.21,34.24,5,9,1,1.1,37.07,10,0,0,0,Healthy,0
NB04561,Male,35.65,5.2,166,52,94.3,48.44,31.61,5.2,49.13,31.32,7,4,2,1.99,36.58,9,0,0,0,Healthy,0
NB04562,Male,41.78,5.2,114,43,97.3,52.27,35.44,5.23,51.58,36.56,7,11,3,2.89,36.97,8,0,0,0,Healthy,0
NB04563,Male,36.03,5.2,127,41,96.3,50.97,30.23,5.02,52.24,30.97,6,5,3,4.89,36.94,7,0,0,0,Healthy,0
NB04564,Male,38.48,5.2,145,45,93.6,51.31,30.08,5.5,51.15,30.33,9,6,2,2.61,36.52,7,0,0,0,Healthy,0
NB04565,Female,39.74,5.2,151,30,87.2,51.32,32.28,5.08,52.35,32.22,7,6,0,3.87,35.67,9,1,0,6,At Risk,0
NB04566,Female,36.74,5.2,145,31,92.0,48.22,34.57,5.1,49.19,33.8,9,6,5,4.37,36.33,10,0,0,0,Healthy,0
NB04567,Female,39.88,5.2,141,50,90.8,53.24,35.1,5.08,53.6,36.29,5,8,2,3.76,36.38,9,0,0,0,Healthy,0
NB04568,Male,35.3,5.2,132,51,90.8,45.95,33.16,5.42,46.85,32.9,6,2,3,2.36,37.03,9,0,0,1,Healthy,0
NB04569,Female,41.19,5.2,168,29,96.8,48.91,35.16,5.5,48.67,36.26,10,6,2,5.83,36.13,7,0,0,0,Healthy,0
NB04570,Female,38.03,5.2,154,51,100.0,49.77,33.67,5.04,50.62,32.45,7,9,2,2.39,37.64,8,0,0,0,Healthy,0
NB04571,Male,36.69,5.2,161,40,86.4,50.8,35.3,5.4,49.4,35.36,6,6,2,3.86,37.53,10,1,0,4,At Risk,0
NB04572,Female,37.34,5.2,132,34,89.7,52.19,35.67,5.28,51.33,35.43,11,3,4,2.91,37.27,6,1,1,10,High Risk,1
NB04573,Female,39.78,5.2,98,39,95.8,50.99,36.46,5.08,51.01,35.97,11,5,4,1.36,36.57,9,1,1,5,At Risk,0
NB04574,Female,36.71,5.2,158,51,94.1,48.53,33.2,5.28,46.84,33.5,6,10,5,2.22,35.86,9,0,0,2,Healthy,0
NB04575,Male,36.35,5.2,146,48,96.6,49.16,33.42,4.97,49.44,34.5,8,7,2,4.28,37.17,7,0,0,1,Healthy,0
NB04576,Female,37.51,5.2,143,45,94.8,48.63,34.01,5.18,50.95,33.88,8,7,2,7.38,36.46,10,0,0,0,Healthy,0
NB04577,Male,35.41,5.2,130,46,99.6,48.3,31.74,5.03,47.79,31.97,9,4,2,3.73,37.15,10,0,0,0,Healthy,0
NB04578,Male,42.0,5.2,134,31,97.0,53.03,35.99,5.16,53.27,35.64,5,9,5,3.83,37.07,8,0,0,0,Healthy,0
NB04579,Female,36.75,5.2,129,47,98.1,50.5,34.61,5.24,49.74,34.16,5,8,1,1.38,36.6,7,0,0,0,Healthy,0
NB04580,Female,39.83,5.2,141,37,98.6,52.69,33.14,5.5,53.97,31.94,9,6,6,7.3,36.25,8,0,0,1,Healthy,0
NB04581,Male,38.46,5.2,120,62,90.8,51.64,36.35,5.24,51.61,36.04,10,9,2,2.26,36.88,8,0,0,1,Healthy,0
NB04582,Female,35.83,5.2,154,38,97.1,47.24,31.87,5.03,47.43,31.83,7,4,3,4.95,36.09,8,0,0,0,Healthy,0
NB04583,Female,37.99,5.2,177,64,97.3,53.44,31.82,5.23,53.43,31.06,7,9,3,2.09,36.93,10,0,0,0,Healthy,0
NB04584,Female,39.72,5.2,129,40,93.8,52.12,34.19,4.82,52.06,35.42,8,6,5,3.2,37.01,7,0,0,0,Healthy,0
NB04585,Male,37.59,5.2,111,41,93.8,49.72,32.2,5.4,48.69,32.6,8,7,1,2.18,36.5,9,0,0,0,Healthy,0
NB04586,Male,40.62,5.2,138,39,93.9,50.44,34.77,5.07,50.82,35.31,8,4,4,1.75,36.12,10,0,0,1,Healthy,0
NB04587,Female,40.25,5.2,146,29,91.9,51.43,34.48,5.5,51.37,33.69,13,6,2,4.63,37.53,10,0,0,0,Healthy,0
NB04588,Male,40.02,5.2,148,55,90.2,51.65,34.26,5.41,50.36,34.63,6,4,1,5.41,36.56,8,0,0,0,Healthy,0
NB04589,Female,36.99,5.2,169,43,100.0,47.11,32.63,5.25,45.48,33.65,6,5,4,0.2,36.71,10,0,0,0,Healthy,0
NB04590,Female,35.62,5.2,155,48,98.8,46.88,32.04,5.17,46.91,32.09,7,4,4,5.33,37.29,10,0,0,0,Healthy,0
NB04591,Male,36.65,5.2,107,58,95.1,48.05,34.0,5.14,47.95,34.31,8,10,3,6.21,36.54,7,0,0,0,Healthy,0
NB04592,Male,38.43,5.2,118,41,89.9,50.1,33.73,5.16,48.98,33.68,7,7,6,0.26,36.46,7,1,0,4,At Risk,0
NB04593,Female,39.2,5.2,147,41,96.9,47.16,35.13,5.23,48.18,35.49,7,8,5,0.2,37.7,8,0,0,0,Healthy,0
NB04594,Female,33.22,5.2,132,43,93.7,45.03,30.47,5.15,44.71,30.57,6,7,2,3.52,36.47,7,0,0,1,Healthy,0
NB04595,Male,37.98,5.2,167,29,94.5,48.83,34.6,5.34,49.59,34.53,6,7,5,1.72,37.35,10,0,0,0,Healthy,0
NB04596,Female,38.35,5.2,123,24,100.0,49.87,34.11,5.5,49.23,34.46,5,6,2,4.98,36.87,8,0,0,2,Healthy,0
NB04597,Male,37.39,5.2,157,27,100.0,51.12,32.4,5.25,50.94,32.5,9,11,4,4.29,36.86,9,0,0,0,Healthy,0
NB04598,Female,40.84,5.2,128,54,86.7,56.26,34.41,5.45,55.86,34.71,7,4,1,4.72,36.57,10,1,0,4,At Risk,0
NB04599,Female,38.93,5.2,145,39,96.3,51.79,34.76,4.97,51.61,34.82,10,7,3,3.71,36.71,8,0,0,0,Healthy,0
NB04600,Female,40.88,5.2,125,50,95.6,49.73,37.73,5.3,50.15,38.48,9,8,2,2.79,37.6,9,0,0,1,Healthy,0
NB04601,Female,37.52,5.2,150,39,96.2,48.48,33.12,5.25,48.41,34.36,12,6,6,3.14,37.18,7,0,0,0,Healthy,0
NB04602,Female,40.06,5.2,159,26,93.0,52.65,34.19,4.95,53.47,34.45,8,9,1,1.54,36.19,9,0,0,0,Healthy,0
NB04603,Male,41.6,5.2,145,51,95.0,53.8,35.93,5.18,52.84,36.35,9,6,4,5.25,36.35,7,0,0,0,Healthy,0
NB04604,Female,40.89,5.2,174,33,91.2,54.17,34.98,5.4,53.65,34.84,6,2,0,4.16,36.97,9,0,0,1,Healthy,0
NB04605,Male,35.6,5.2,127,48,98.6,47.24,31.12,4.69,47.78,31.6,8,7,2,3.6,37.09,8,0,0,0,Healthy,0
NB04606,Female,37.44,5.2,142,51,98.5,48.37,31.24,5.19,49.47,30.41,9,6,5,2.15,37.15,10,0,0,0,Healthy,0
NB04607,Female,37.24,5.2,155,42,100.0,52.42,32.9,5.14,52.71,33.32,5,5,4,4.36,36.77,9,0,0,0,Healthy,0
NB04608,Female,39.08,5.2,123,47,92.3,50.69,34.91,5.28,51.63,34.45,9,10,1,4.08,36.42,10,0,0,0,Healthy,0
NB04609,Female,39.51,5.2,141,28,95.9,48.93,33.23,5.41,48.23,34.16,8,4,3,3.68,36.44,8,0,0,1,Healthy,0
NB04610,Female,36.15,5.2,152,71,100.0,50.89,31.19,5.37,50.6,31.79,8,9,3,1.76,35.76,8,0,0,4,At Risk,0
NB04611,Male,38.15,5.2,157,46,92.6,46.74,32.48,5.42,47.51,32.5,8,12,1,4.9,37.54,8,0,0,0,Healthy,0
NB04612,Female,33.56,5.2,161,50,91.5,38.61,28.61,5.47,38.45,29.08,8,13,3,1.91,35.62,8,0,0,2,Healthy,0
NB04613,Male,41.17,5.2,124,51,96.1,53.99,34.59,5.16,53.74,35.83,9,12,0,3.34,36.69,8,0,0,0,Healthy,0
NB04614,Female,36.87,5.2,145,41,99.1,50.41,32.71,4.74,50.22,32.76,10,6,2,0.76,36.0,9,0,0,0,Healthy,0
NB04615,Female,38.12,5.2,116,43,92.7,50.54,31.87,5.36,49.53,32.17,11,7,6,5.31,36.54,8,0,0,0,Healthy,0
NB04616,Female,37.32,5.2,127,53,100.0,46.38,33.12,5.03,45.53,33.52,7,5,2,4.24,37.06,8,0,0,0,Healthy,0
NB04617,Male,40.52,5.2,137,38,91.8,51.75,34.51,5.29,51.26,34.95,9,10,3,0.2,35.77,9,0,0,3,At Risk,0
NB04618,Male,31.76,5.2,161,46,97.3,43.43,28.04,4.95,45.05,27.95,6,11,4,0.71,36.96,6,0,1,9,High Risk,0
NB04619,Male,37.96,5.2,150,47,92.6,48.49,34.34,5.08,48.27,34.95,13,5,3,2.76,37.19,8,0,0,0,Healthy,0
NB04620,Female,37.77,5.2,141,35,93.4,52.21,32.68,5.35,52.06,32.79,10,10,0,3.83,36.61,7,0,0,0,Healthy,0
NB04621,Male,37.0,5.2,148,46,97.9,46.61,32.4,5.14,47.47,32.61,6,9,1,1.22,38.03,8,0,0,1,Healthy,0
NB04622,Female,41.8,5.2,149,25,94.3,53.65,38.41,4.9,53.84,38.17,11,10,3,3.15,35.79,8,0,0,2,Healthy,0
NB04623,Female,36.05,5.2,147,51,89.7,50.23,31.05,4.96,49.95,31.79,5,7,1,4.35,36.03,9,1,0,4,At Risk,0
NB04624,Female,39.7,5.2,130,58,92.2,51.89,37.34,5.46,52.0,36.91,6,4,5,5.53,36.66,8,0,0,0,Healthy,0
NB04625,Female,38.78,5.2,123,51,97.5,52.79,33.83,5.16,52.08,33.05,7,7,3,4.87,36.67,10,0,0,0,Healthy,0
NB04626,Female,40.78,5.2,136,57,96.4,53.23,34.04,5.16,52.23,32.89,8,10,3,2.53,36.85,10,0,0,0,Healthy,0
NB04627,Male,36.53,5.2,126,34,97.5,49.14,31.94,5.11,50.3,32.53,9,8,5,2.56,37.22,9,0,0,0,Healthy,0
NB04628,Male,36.39,5.2,151,40,92.9,48.88,32.77,4.93,49.4,32.58,6,7,4,1.04,36.23,5,0,1,6,At Risk,0
NB04629,Male,40.41,5.2,168,43,91.3,53.0,37.37,5.18,51.26,37.11,7,9,4,4.11,36.19,8,0,0,0,Healthy,0
NB04630,Female,38.94,5.2,150,43,92.1,49.67,35.65,5.48,50.67,35.77,8,5,0,2.44,36.49,8,0,0,0,Healthy,0
NB04631,Female,34.6,5.2,107,38,92.4,43.94,31.52,5.07,43.93,30.89,9,8,4,2.54,37.26,8,0,0,1,Healthy,0
NB04632,Female,36.81,5.2,129,33,94.8,50.44,34.86,4.85,50.38,35.18,7,7,3,5.2,37.16,10,0,0,0,Healthy,0
NB04633,Female,38.85,5.2,140,59,90.9,52.69,31.57,5.38,53.81,33.03,9,5,2,3.67,36.77,7,0,0,1,Healthy,0
NB04634,Female,39.84,5.2,114,34,98.7,51.76,35.46,5.25,50.98,36.0,9,7,1,2.27,36.57,8,0,0,0,Healthy,0
NB04635,Female,36.51,5.2,141,59,96.8,47.16,33.22,5.27,47.41,33.56,9,5,4,0.56,36.73,9,0,0,0,Healthy,0
NB04636,Male,31.59,5.2,148,47,92.0,40.71,29.8,5.31,42.35,30.44,3,3,1,3.56,36.96,10,0,0,4,At Risk,0
NB04637,Female,39.15,5.2,165,44,94.3,50.81,32.19,4.88,50.71,33.77,9,10,5,0.93,36.84,6,0,1,6,At Risk,0
NB04638,Male,35.32,5.2,173,47,91.9,44.49,30.4,5.21,44.26,30.26,4,5,3,1.1,36.17,10,0,0,0,Healthy,0
NB04639,Male,33.56,5.2,119,57,94.5,42.63,30.44,5.28,44.47,30.31,8,7,3,3.1,36.13,9,0,0,0,Healthy,0
NB04640,Male,31.77,5.2,138,16,92.1,43.95,31.11,5.22,43.61,30.88,8,10,2,4.04,36.68,7,0,0,5,At Risk,0
NB04641,Female,39.79,5.2,138,46,100.0,49.68,37.93,5.22,50.57,37.14,9,3,2,2.8,37.13,8,0,0,0,Healthy,0
NB04642,Female,38.28,5.2,127,43,89.4,50.55,33.0,5.46,49.46,33.19,4,11,2,3.49,36.32,9,1,0,4,At Risk,0
NB04643,Female,37.5,5.2,142,44,90.6,48.83,31.49,5.32,49.83,31.61,6,4,1,5.51,36.98,9,0,0,0,Healthy,0
NB04644,Male,41.06,5.2,139,51,94.2,51.14,37.16,5.36,50.78,37.45,7,6,3,3.01,36.0,8,0,0,2,Healthy,0
NB04645,Male,39.4,5.2,151,36,95.3,47.45,38.7,5.2,48.56,38.18,7,9,1,3.05,36.83,7,0,0,0,Healthy,0
NB04646,Male,41.56,5.2,164,30,95.4,51.09,37.95,4.72,50.74,36.91,9,6,3,3.82,36.45,9,0,0,0,Healthy,0
NB04647,Female,34.94,5.2,142,28,98.2,45.21,30.53,5.16,45.93,29.45,6,6,1,6.14,35.86,10,0,0,2,Healthy,0
NB04648,Male,37.92,5.2,131,33,96.5,47.08,38.04,5.23,45.36,38.33,8,10,3,5.21,36.55,8,0,0,0,Healthy,0
NB04649,Male,34.44,5.2,122,49,91.8,45.74,32.34,5.19,45.83,32.66,8,8,3,4.52,36.23,7,0,0,0,Healthy,0
NB04650,Male,37.5,5.2,177,47,98.7,46.85,32.26,5.21,47.13,33.41,11,8,2,1.19,36.68,8,0,0,0,Healthy,0
NB04651,Male,37.45,5.2,156,51,97.2,48.78,36.32,5.27,47.99,37.12,6,7,7,4.9,36.99,7,0,0,0,Healthy,0
NB04652,Female,39.38,5.2,147,37,99.9,51.32,33.46,5.42,51.56,32.76,10,7,1,2.91,37.01,9,0,0,0,Healthy,0
NB04653,Male,38.1,5.2,137,38,95.2,48.04,32.94,5.06,50.91,32.38,8,3,3,4.2,35.91,10,0,0,3,At Risk,0
NB04654,Female,39.37,5.2,169,59,98.8,51.69,35.85,5.19,50.87,36.26,7,7,1,6.02,37.06,10,0,0,0,Healthy,0
NB04655,Male,39.55,5.2,137,52,85.5,48.27,34.85,5.5,48.92,34.97,11,10,3,3.63,36.99,7,1,0,4,At Risk,0
NB04656,Male,42.0,5.2,109,50,93.3,50.98,36.66,4.91,50.58,37.34,7,4,1,2.73,36.61,8,0,0,0,Healthy,0
NB04657,Male,37.31,5.2,145,24,91.8,48.75,33.37,5.17,50.15,34.3,9,9,3,2.95,36.23,10,0,0,2,Healthy,0
NB04658,Male,35.93,5.2,118,62,97.5,49.11,34.02,4.79,49.58,34.35,8,7,3,4.04,36.62,10,0,0,0,Healthy,0
NB04659,Female,38.54,5.2,145,41,92.4,51.82,30.69,5.18,51.52,30.83,8,5,5,1.43,37.53,9,0,0,1,Healthy,0
NB04660,Female,36.23,5.2,164,44,98.4,51.24,32.99,5.25,51.56,32.48,9,2,5,3.66,37.07,9,0,0,1,Healthy,0
NB04661,Female,41.26,5.2,110,46,97.8,51.78,35.65,4.87,53.67,35.16,9,9,5,4.86,37.24,8,0,0,0,Healthy,0
NB04662,Female,37.38,5.2,124,44,92.9,48.78,32.24,5.27,48.51,32.72,6,9,3,0.2,36.35,10,0,0,0,Healthy,0
NB04663,Male,36.76,5.2,156,40,95.8,46.41,31.8,5.09,47.51,31.16,7,3,3,2.54,36.56,8,0,0,0,Healthy,0
NB04664,Male,36.96,5.2,131,43,94.2,46.16,29.12,5.45,45.29,28.99,1,6,3,3.86,36.22,7,0,0,1,Healthy,0
NB04665,Female,39.58,5.2,147,48,95.4,51.48,33.71,5.33,52.09,33.12,7,9,1,3.42,36.5,9,0,0,0,Healthy,0
NB04666,Male,37.65,5.2,148,50,97.6,47.74,35.49,5.12,47.84,35.0,11,11,4,2.21,37.41,10,0,0,1,Healthy,0
NB04667,Female,36.59,5.2,156,54,93.9,50.79,34.06,5.19,52.19,34.05,11,10,5,2.95,36.6,9,0,0,1,Healthy,0
NB04668,Female,41.66,5.2,128,31,89.2,49.97,36.08,5.5,50.12,36.01,8,6,4,3.83,36.49,10,1,0,4,At Risk,0
NB04669,Male,36.12,5.2,94,37,97.1,48.88,30.36,5.21,50.35,30.82,11,8,1,2.46,36.91,8,1,1,5,At Risk,0
NB04670,Female,38.08,5.2,147,51,98.8,47.66,35.09,4.96,47.06,35.94,10,7,3,4.61,36.54,8,0,0,0,Healthy,0
NB04671,Female,39.44,5.2,112,26,89.1,49.25,36.77,5.0,48.25,36.72,9,7,2,4.06,36.84,7,1,0,5,At Risk,0
NB04672,Male,34.41,5.2,157,44,94.9,47.45,32.84,5.19,46.68,32.21,5,10,3,5.64,36.54,10,0,0,0,Healthy,0
NB04673,Female,39.06,5.2,139,34,91.7,49.2,33.09,5.45,49.87,32.99,7,8,3,2.88,36.89,9,0,0,0,Healthy,0
NB04674,Male,35.68,5.2,135,48,98.9,46.48,30.88,5.13,45.6,31.55,6,12,5,3.55,36.63,9,0,0,1,Healthy,0
NB04675,Female,39.81,5.2,152,34,99.1,49.6,37.55,5.01,47.58,37.06,6,12,0,4.72,36.3,7,0,0,0,Healthy,0
NB04676,Female,35.88,5.2,109,38,92.2,51.26,30.5,5.23,51.12,29.96,9,6,1,3.27,37.27,10,0,0,1,Healthy,0
NB04677,Male,39.52,5.2,136,39,90.4,49.74,35.58,5.3,50.1,34.82,9,5,1,2.94,37.62,9,0,0,0,Healthy,0
NB04678,Female,40.43,5.2,148,44,95.9,51.89,32.84,5.33,51.64,33.78,4,5,1,4.5,37.02,7,0,0,0,Healthy,0
NB04679,Male,39.9,5.2,145,52,91.1,50.9,34.68,4.89,49.97,33.41,7,8,3,6.29,36.12,10,0,0,0,Healthy,0
NB04680,Male,38.55,5.2,131,52,98.0,50.54,35.06,5.29,51.91,34.51,6,4,4,5.27,36.7,8,0,0,0,Healthy,0
NB04681,Female,37.49,5.2,131,44,94.5,47.91,33.4,5.28,48.92,32.83,8,6,3,6.21,36.91,6,0,1,6,At Risk,0
NB04682,Male,36.73,5.2,168,31,100.0,48.06,33.7,5.14,48.6,33.57,7,5,2,4.35,36.04,7,0,0,0,Healthy,0
NB04683,Male,41.24,5.2,156,68,100.0,53.3,34.23,5.46,54.8,33.94,9,13,4,3.24,36.56,6,0,1,7,At Risk,0
NB04684,Female,36.46,5.2,128,41,100.0,46.49,31.49,5.32,45.79,31.67,10,6,5,2.62,36.17,8,0,0,0,Healthy,0
NB04685,Male,35.72,5.2,164,45,96.4,49.73,32.93,5.06,49.71,32.7,8,2,2,6.02,36.34,8,0,0,1,Healthy,0
NB04686,Female,39.46,5.2,154,44,91.7,53.29,35.87,5.32,54.66,35.37,10,7,5,4.39,36.95,8,0,0,0,Healthy,0
NB04687,Female,36.25,5.2,149,46,89.8,49.24,32.9,4.85,49.6,32.72,11,5,4,1.28,36.78,7,1,0,4,At Risk,0
NB04688,Female,35.91,5.2,149,34,97.1,47.86,33.76,5.13,49.76,33.12,8,8,4,3.99,36.31,7,0,0,0,Healthy,0
NB04689,Male,34.82,5.2,119,46,97.3,40.76,29.09,5.15,39.21,29.81,5,7,5,1.24,36.77,6,0,1,6,At Risk,0
NB04690,Male,36.94,5.2,167,60,95.9,49.49,32.36,5.36,47.87,33.27,6,7,3,0.2,36.64,10,0,0,0,Healthy,0
NB04691,Female,37.82,5.2,157,22,90.3,48.65,36.41,5.5,48.36,35.4,8,3,3,5.23,37.2,8,0,0,3,At Risk,0
NB04692,Female,38.53,5.2,144,42,92.2,49.59,36.1,5.17,50.37,36.48,12,6,3,5.32,35.87,9,0,0,2,Healthy,0
NB04693,Male,40.09,5.2,144,31,95.3,47.69,36.22,5.5,48.6,36.37,4,10,5,4.51,36.47,9,0,0,0,Healthy,0
NB04694,Female,39.16,5.2,138,52,92.9,51.63,34.38,5.5,51.59,34.53,9,6,1,5.73,37.48,9,0,0,1,Healthy,0
NB04695,Male,37.58,5.2,130,53,92.3,46.32,35.06,4.96,47.56,34.85,8,7,3,0.7,36.28,8,0,0,0,Healthy,0
NB04696,Male,37.56,5.2,150,41,91.6,49.44,34.14,5.5,50.06,33.81,9,8,4,2.11,36.31,10,0,0,0,Healthy,0
NB04697,Female,39.12,5.2,126,43,94.5,52.42,32.31,5.09,52.69,32.97,8,5,4,2.38,36.57,6,0,1,6,At Risk,0
NB04698,Female,40.8,5.2,143,33,94.3,51.18,37.25,5.23,52.71,37.93,8,4,0,1.4,37.37,7,0,0,0,Healthy,0
NB04699,Male,38.28,5.2,142,18,92.1,52.28,32.7,5.5,52.55,32.86,8,13,3,5.56,36.98,7,0,0,2,Healthy,0
NB04700,Male,36.97,5.2,147,39,95.0,47.18,34.22,5.33,46.65,33.36,6,9,2,1.14,36.32,9,0,0,0,Healthy,0
NB04701,Female,35.82,5.2,157,40,95.9,48.83,29.85,5.1,48.82,29.99,4,7,5,1.9,36.76,8,0,0,0,Healthy,0
NB04702,Female,34.82,5.2,147,42,96.2,44.13,33.97,5.32,43.31,33.83,12,10,3,2.37,36.64,8,0,0,0,Healthy,0
NB04703,Male,39.47,5.2,152,15,91.6,52.98,34.41,4.92,52.98,34.48,7,8,3,3.0,37.0,10,0,0,2,Healthy,0
NB04704,Male,39.27,5.2,105,25,93.9,52.5,33.03,5.44,51.88,33.2,6,9,2,4.33,36.78,10,0,0,2,Healthy,0
NB04705,Female,39.27,5.2,148,27,95.1,51.68,33.66,5.1,50.55,33.69,10,9,3,5.56,36.89,9,0,0,0,Healthy,0
NB04706,Male,37.72,5.2,141,43,95.4,48.56,33.1,4.74,48.28,33.79,7,9,5,3.67,36.66,10,0,0,0,Healthy,0
NB04707,Female,41.1,5.2,147,48,90.3,49.58,35.96,5.16,48.28,35.66,9,4,6,5.5,37.4,9,0,0,1,Healthy,0
NB04708,Male,36.93,5.2,130,30,93.8,47.86,35.03,5.13,48.81,35.72,9,7,4,5.58,36.78,8,0,0,0,Healthy,0
NB04709,Female,40.1,5.2,161,39,97.1,53.71,35.38,5.33,54.55,35.27,7,9,3,3.21,36.52,10,0,0,1,Healthy,0
NB04710,Male,37.91,5.2,145,36,92.9,49.78,30.48,5.0,51.0,31.07,9,7,2,0.97,37.28,9,0,0,0,Healthy,0
NB04711,Male,36.66,5.2,127,62,96.2,45.29,31.02,5.3,44.96,31.66,8,5,3,2.72,37.07,9,0,0,0,Healthy,0
NB04712,Male,39.3,5.2,130,38,95.1,48.52,38.85,5.09,49.18,39.2,10,6,3,5.39,36.39,6,0,1,6,At Risk,0
NB04713,Female,38.9,5.2,156,38,93.4,52.92,34.63,5.22,51.98,34.38,10,7,2,4.14,35.03,9,0,0,2,Healthy,0
NB04714,Female,38.79,5.2,138,34,99.4,51.28,35.78,5.44,50.91,34.78,9,3,2,2.99,37.04,7,0,0,1,Healthy,0
NB04715,Female,38.18,5.2,140,23,93.9,47.29,33.46,5.45,48.52,33.85,3,11,6,2.29,36.6,7,0,0,3,At Risk,0
NB04716,Male,37.92,5.2,136,48,94.3,45.99,32.23,5.49,47.37,32.08,9,4,5,2.95,36.82,8,0,0,0,Healthy,0
NB04717,Male,42.0,5.2,158,39,93.3,51.95,35.88,5.08,52.27,36.03,10,10,5,4.73,37.33,10,0,0,0,Healthy,0
NB04718,Male,40.61,5.2,149,38,100.0,48.24,35.82,5.29,49.12,36.5,8,11,3,3.36,36.37,9,0,0,0,Healthy,0
NB04719,Female,39.59,5.2,119,44,99.9,50.72,34.22,5.3,50.69,33.91,5,5,3,1.63,36.29,7,0,0,0,Healthy,0
NB04720,Male,38.25,5.2,122,26,99.0,54.72,36.85,5.48,55.93,37.03,8,9,5,3.82,36.17,9,0,0,0,Healthy,0
NB04721,Female,40.22,5.2,140,60,98.0,48.4,34.43,5.16,47.69,33.55,6,9,3,2.95,37.79,8,0,0,0,Healthy,0
NB04722,Female,39.14,5.2,128,24,91.9,50.25,33.02,4.93,50.57,33.34,8,7,1,1.05,37.34,9,0,0,3,At Risk,0
NB04723,Female,38.06,5.2,101,60,93.4,52.28,35.05,5.4,53.66,34.79,7,11,2,0.2,37.1,10,0,0,0,Healthy,0
NB04724,Male,37.33,5.2,127,42,92.3,50.5,34.73,5.5,50.19,33.45,9,9,4,0.2,35.93,10,0,0,2,Healthy,0
NB04725,Male,37.82,5.2,135,38,98.6,49.14,33.72,5.29,49.33,34.08,3,8,6,3.2,36.16,10,0,0,1,Healthy,0
NB04726,Male,31.03,5.2,133,49,100.0,43.03,28.01,5.01,43.66,29.69,11,11,6,4.3,37.12,8,0,0,3,At Risk,0
NB04727,Female,38.46,5.2,153,39,97.4,47.71,31.27,5.5,48.84,31.35,9,9,5,4.77,36.98,6,0,1,6,At Risk,0
NB04728,Female,36.93,5.2,100,51,100.0,48.1,34.88,5.25,47.56,34.34,6,7,4,3.96,36.68,9,1,1,5,At Risk,0
NB04729,Female,41.5,5.2,126,45,96.6,53.24,37.56,5.1,53.82,38.04,8,4,5,4.12,36.19,9,0,0,0,Healthy,0
NB04730,Female,38.04,5.2,154,49,96.1,51.85,33.17,5.45,53.03,33.04,10,7,3,4.78,37.27,10,0,0,0,Healthy,0
NB04731,Male,35.38,5.2,128,52,93.0,46.01,32.06,5.5,47.18,32.43,7,3,4,3.04,37.61,8,0,0,0,Healthy,0
NB04732,Female,37.89,5.2,118,40,97.1,49.12,33.38,4.91,49.28,32.89,8,10,8,3.61,37.0,10,0,0,0,Healthy,0
NB04733,Male,35.7,5.2,128,52,98.2,45.63,34.63,5.34,45.48,33.81,4,7,2,2.63,36.46,10,0,0,0,Healthy,0
NB04734,Male,39.04,5.2,148,47,98.7,50.99,32.97,5.49,51.18,33.27,4,6,2,4.37,37.49,9,0,0,1,Healthy,0
NB04735,Female,38.64,5.2,135,55,95.4,51.74,33.32,5.21,51.24,33.08,5,9,1,1.11,36.88,9,0,0,0,Healthy,0
NB04736,Male,40.11,5.2,127,38,95.7,52.76,34.2,5.26,53.49,33.89,7,7,4,3.54,37.53,7,0,0,0,Healthy,0
NB04737,Female,36.26,5.2,149,56,94.8,45.69,33.05,5.2,46.03,33.73,11,11,4,4.41,36.64,8,0,0,0,Healthy,0
NB04738,Female,38.07,5.2,147,34,93.0,49.96,33.94,5.5,47.72,33.76,8,5,2,5.53,37.73,6,0,1,6,At Risk,0
NB04739,Male,35.0,5.2,117,22,98.1,45.54,32.0,5.01,46.11,32.36,4,6,4,2.97,36.6,10,0,0,3,At Risk,0
NB04740,Female,39.54,5.2,142,28,88.4,53.01,33.56,5.18,52.72,33.32,8,9,4,4.41,36.5,4,1,1,10,High Risk,1
NB04741,Female,39.14,5.2,117,39,89.1,50.3,36.83,5.5,50.67,37.65,9,13,4,1.85,37.17,8,1,0,4,At Risk,0
NB04742,Female,39.09,5.2,161,45,93.1,47.54,33.88,5.11,49.26,35.03,6,8,2,3.11,36.77,10,0,0,0,Healthy,0
NB04743,Male,38.0,5.2,162,42,90.5,49.16,35.58,4.92,48.45,36.09,8,4,3,4.01,36.97,8,0,0,0,Healthy,0
NB04744,Male,38.91,5.2,135,50,98.8,51.34,39.15,5.23,51.14,38.67,10,1,4,4.63,36.34,8,0,0,1,Healthy,0
NB04745,Male,41.53,5.2,159,30,93.5,53.26,34.96,5.45,53.23,35.55,7,9,2,2.53,36.35,10,0,0,0,Healthy,0
NB04746,Female,37.37,5.2,126,59,98.1,48.01,33.87,5.22,46.91,33.97,7,5,2,4.66,36.63,7,0,0,0,Healthy,0
NB04747,Female,38.31,5.2,137,55,99.6,48.7,33.82,5.13,49.0,34.18,7,8,4,1.53,36.96,8,0,0,0,Healthy,0
NB04748,Male,35.61,5.2,129,51,95.2,45.47,35.17,5.33,46.11,35.07,9,4,2,3.39,36.45,9,0,0,0,Healthy,0
NB04749,Female,36.09,5.2,140,55,96.1,47.09,32.04,5.5,46.91,31.9,7,12,4,0.88,37.28,8,0,0,0,Healthy,0
NB04750,Male,38.22,5.2,141,26,99.3,48.08,34.32,5.18,48.83,34.57,8,3,0,2.12,36.75,5,0,1,6,At Risk,0
NB04751,Male,40.43,5.2,140,49,98.5,53.73,35.84,5.5,55.41,37.07,6,2,4,2.62,37.57,10,0,0,1,Healthy,0
NB04752,Female,37.44,5.2,138,49,87.8,47.29,33.25,5.31,46.8,33.53,7,9,3,6.18,36.33,6,1,1,10,High Risk,1
NB04753,Female,37.48,5.2,142,52,93.6,49.38,34.57,5.06,49.42,34.54,12,3,2,5.97,36.95,8,0,0,0,Healthy,0
NB04754,Female,37.1,5.2,163,50,96.8,48.9,33.31,5.5,48.81,33.0,6,9,5,1.57,37.01,9,0,0,0,Healthy,0
NB04755,Female,36.82,5.2,104,46,95.8,50.43,33.7,5.16,52.41,33.59,11,7,3,1.83,36.92,7,0,0,0,Healthy,0
NB04756,Male,38.65,5.2,175,46,91.5,52.36,34.57,4.92,53.14,35.61,6,2,2,1.66,36.78,9,0,0,2,Healthy,0
NB04757,Male,34.71,5.2,134,54,89.0,48.03,30.59,5.29,49.3,30.39,11,10,2,3.02,37.18,8,1,0,4,At Risk,0
NB04758,Male,40.82,5.2,139,36,97.1,52.84,35.37,5.14,52.85,35.22,8,6,2,1.87,36.24,10,0,0,1,Healthy,0
NB04759,Male,36.54,5.2,164,46,92.0,46.19,33.61,5.5,48.18,33.02,9,6,2,0.28,36.93,8,0,0,1,Healthy,0
NB04760,Male,39.59,5.2,151,36,94.5,48.89,35.74,5.31,50.1,36.28,6,8,2,0.4,36.36,7,0,0,0,Healthy,0
NB04761,Male,35.21,5.2,150,40,95.5,45.39,33.71,5.12,44.7,34.16,9,7,2,0.2,36.54,7,0,0,1,Healthy,0
NB04762,Male,39.47,5.2,162,15,94.4,52.43,37.62,5.4,51.44,38.53,9,6,3,2.49,36.92,7,0,0,2,Healthy,0
NB04763,Male,39.48,5.2,137,33,91.7,51.08,34.05,5.23,51.33,34.61,8,4,3,3.18,37.23,10,0,0,0,Healthy,0
NB04764,Female,38.85,5.2,157,38,94.7,52.1,34.59,5.3,52.82,34.62,5,6,2,3.19,36.18,6,0,1,6,At Risk,0
NB04765,Male,35.81,5.2,117,38,93.1,49.64,31.98,4.75,49.47,32.98,6,4,5,1.48,37.54,7,0,0,0,Healthy,0
NB04766,Male,38.55,5.2,148,39,100.0,48.64,32.52,5.0,48.11,33.41,5,6,2,2.05,37.25,9,0,0,0,Healthy,0
NB04767,Female,35.4,5.2,150,30,95.7,47.32,32.82,5.28,48.49,33.0,8,9,3,5.19,36.82,7,0,0,0,Healthy,0
NB04768,Male,37.44,5.2,161,39,100.0,49.07,34.58,4.97,49.64,34.92,6,4,5,5.48,36.32,7,0,0,1,Healthy,0
NB04769,Male,40.26,5.2,153,53,90.4,50.98,33.77,5.11,51.1,32.89,6,6,3,6.08,37.49,7,0,0,0,Healthy,0
NB04770,Male,39.75,5.2,144,39,93.9,50.11,34.47,5.42,49.58,34.74,6,7,1,2.38,37.01,9,0,0,0,Healthy,0
NB04771,Female,38.03,5.2,134,55,93.9,52.0,33.12,5.33,52.13,33.28,6,6,3,1.54,37.01,5,0,1,6,At Risk,0
NB04772,Male,35.86,5.2,134,54,92.3,47.77,30.04,5.46,47.22,30.1,13,5,4,2.51,36.5,8,0,0,0,Healthy,0
NB04773,Female,39.42,5.2,134,36,93.8,50.9,34.74,5.23,52.02,35.12,9,8,1,5.43,36.89,9,0,0,0,Healthy,0
NB04774,Female,38.04,5.2,117,48,93.3,48.03,32.11,5.09,48.98,31.66,8,9,2,3.47,36.52,8,0,0,0,Healthy,0
NB04775,Male,32.9,5.2,171,29,91.6,46.36,30.47,5.5,45.61,31.96,9,13,3,0.4,37.35,7,0,0,1,Healthy,0
NB04776,Female,39.72,5.2,158,31,100.0,49.14,35.41,5.24,48.42,35.96,4,9,3,5.01,37.36,10,0,0,0,Healthy,0
NB04777,Female,37.95,5.2,145,43,94.7,50.46,34.35,5.02,51.97,34.88,10,3,2,5.1,36.73,8,0,0,0,Healthy,0
NB04778,Male,40.65,5.2,155,47,98.2,52.95,36.31,5.5,53.95,36.84,9,9,1,3.37,36.54,8,0,0,0,Healthy,0
NB04779,Female,35.59,5.2,154,58,98.5,46.61,34.41,5.24,47.5,35.11,9,5,2,3.92,37.16,9,0,0,0,Healthy,0
NB04780,Female,31.01,5.2,122,40,100.0,43.95,27.69,5.43,45.29,27.87,9,7,3,5.04,37.09,8,0,0,3,At Risk,0
NB04781,Male,38.61,5.2,151,44,91.6,50.52,33.09,5.29,49.76,32.85,8,7,5,2.32,36.28,10,0,0,0,Healthy,0
NB04782,Male,38.64,5.2,163,43,99.4,50.1,35.23,5.43,50.08,34.4,8,6,0,6.93,36.67,7,0,0,0,Healthy,0
NB04783,Female,34.28,5.2,128,60,94.7,46.28,31.0,5.36,48.37,31.74,8,9,3,4.77,37.79,8,0,0,0,Healthy,0
NB04784,Male,35.85,5.2,112,55,100.0,47.79,33.98,5.17,49.51,34.42,3,5,5,3.33,36.8,7,0,0,1,Healthy,0
NB04785,Female,42.0,5.2,119,46,96.8,53.46,37.44,5.16,54.25,36.8,12,11,7,3.39,36.91,9,0,0,0,Healthy,0
NB04786,Female,37.33,5.2,138,50,91.0,49.12,36.21,5.37,49.52,35.53,5,5,0,2.46,37.05,7,0,0,0,Healthy,0
NB04787,Female,39.61,5.2,118,45,99.4,48.84,34.79,5.25,49.59,33.8,10,10,4,3.21,36.55,7,0,0,0,Healthy,0
NB04788,Male,36.57,5.2,137,53,99.1,48.01,30.57,5.23,48.13,30.5,10,8,2,5.09,37.14,6,0,1,6,At Risk,0
NB04789,Female,33.4,5.2,128,51,90.5,45.99,31.09,5.14,45.5,31.89,8,10,2,4.63,36.97,8,0,0,0,Healthy,0
NB04790,Male,37.63,5.2,140,39,97.6,49.46,33.43,5.18,48.85,32.65,3,7,4,1.93,37.31,10,0,0,2,Healthy,0
NB04791,Female,37.42,5.2,131,43,100.0,50.98,34.19,4.93,53.37,34.34,9,9,2,4.75,36.04,7,0,0,0,Healthy,0
NB04792,Female,37.12,5.2,139,44,96.7,50.05,34.18,5.33,49.66,33.37,11,9,6,4.64,36.96,8,0,0,0,Healthy,0
NB04793,Male,37.75,5.2,151,44,91.6,47.63,32.82,5.1,48.88,32.05,8,5,3,0.7,36.89,10,0,0,0,Healthy,0
NB04794,Male,38.58,5.2,123,37,98.5,49.79,32.69,5.25,47.83,32.38,7,5,4,4.81,36.16,8,0,0,0,Healthy,0
NB04795,Male,37.67,5.2,145,45,97.3,48.68,33.35,5.22,48.36,34.54,8,8,3,4.43,36.68,6,0,1,7,At Risk,0
NB04796,Female,35.22,5.2,125,37,94.2,47.09,28.28,5.27,47.18,27.9,9,8,6,5.64,36.98,9,0,0,0,Healthy,0
NB04797,Female,39.07,5.2,140,36,93.4,50.56,34.67,5.24,50.21,33.93,2,5,1,1.36,36.82,10,0,0,1,Healthy,0
NB04798,Male,33.71,5.2,139,41,97.3,46.96,30.19,5.32,46.39,29.96,9,8,3,1.88,36.79,7,0,0,0,Healthy,0
NB04799,Male,33.49,5.2,146,45,91.8,45.89,31.93,5.05,47.03,31.72,6,5,2,2.7,36.79,10,0,0,0,Healthy,0
NB04800,Female,39.63,5.2,143,54,95.7,53.52,31.96,5.22,54.07,31.91,9,9,1,3.21,36.59,7,0,0,0,Healthy,0
NB04801,Female,39.12,5.2,162,49,99.2,51.09,34.59,5.24,50.74,34.29,12,5,2,0.2,37.7,9,0,0,1,Healthy,0
NB04802,Female,37.87,5.2,140,53,100.0,47.83,36.08,5.06,47.39,35.84,7,5,3,4.52,36.95,8,0,0,0,Healthy,0
NB04803,Male,34.93,5.2,129,60,93.2,45.9,32.66,5.03,44.75,33.0,6,7,2,1.06,36.94,9,0,0,0,Healthy,0
NB04804,Male,36.44,5.2,157,36,89.4,49.41,34.18,5.12,48.5,34.26,8,6,3,1.86,36.2,8,1,0,4,At Risk,0
NB04805,Female,37.42,5.2,146,49,92.5,45.85,33.9,5.26,44.99,33.4,11,6,0,1.98,36.66,10,0,0,0,Healthy,0
NB04806,Female,34.49,5.2,156,50,97.9,43.75,28.85,5.01,43.5,29.3,9,9,5,1.54,36.56,7,0,0,0,Healthy,0
NB04807,Female,36.37,5.2,138,45,92.4,48.16,32.91,5.42,51.43,34.34,10,9,6,4.22,36.79,7,0,0,0,Healthy,0
NB04808,Female,39.44,5.2,116,51,98.8,52.79,35.42,5.11,52.45,35.76,9,5,3,0.2,36.66,10,0,0,0,Healthy,0
NB04809,Male,41.14,5.2,180,43,92.4,55.04,34.38,5.23,54.79,35.19,10,5,4,2.69,36.52,9,0,0,1,Healthy,0
NB04810,Female,37.08,5.2,129,49,93.0,48.34,32.96,5.36,47.98,32.74,7,11,3,3.34,36.7,8,0,0,0,Healthy,0
NB04811,Female,39.66,5.2,119,28,94.4,53.22,30.61,4.94,53.87,30.76,11,6,0,4.74,36.31,10,0,0,0,Healthy,0
NB04812,Male,33.79,5.2,153,42,98.3,45.95,30.35,5.5,44.88,29.78,9,10,2,4.91,37.07,8,0,0,0,Healthy,0
NB04813,Male,39.45,5.2,123,49,89.5,47.84,34.16,5.05,47.04,32.83,5,5,1,5.23,37.16,9,1,0,4,At Risk,0
NB04814,Male,36.23,5.2,133,52,96.0,47.99,34.67,5.5,49.29,34.33,8,5,2,2.68,37.02,7,0,0,0,Healthy,0
NB04815,Female,38.68,5.2,142,33,95.9,48.97,33.37,5.33,49.44,33.21,8,5,6,1.44,37.19,10,0,0,0,Healthy,0
NB04816,Male,37.45,5.2,137,41,91.5,50.95,33.02,4.87,51.32,32.43,8,6,2,2.69,37.15,9,0,0,1,Healthy,0
NB04817,Female,40.9,5.2,133,31,96.2,52.16,35.71,5.2,53.25,35.68,8,9,2,1.91,36.22,7,0,0,1,Healthy,0
NB04818,Male,36.08,5.2,169,38,94.4,45.31,31.57,5.07,45.55,30.93,9,5,3,1.94,37.47,10,0,0,0,Healthy,0
NB04819,Female,39.38,5.2,138,45,91.0,47.84,35.85,5.5,46.85,37.08,9,7,2,4.51,37.19,10,0,0,0,Healthy,0
NB04820,Male,37.39,5.2,124,52,94.7,49.0,30.38,5.27,49.7,29.72,7,4,4,4.54,35.94,9,0,0,2,Healthy,0
NB04821,Female,37.65,5.2,158,51,91.4,44.45,35.26,4.84,45.21,34.85,9,6,4,7.12,36.46,10,0,0,0,Healthy,0
NB04822,Female,37.6,5.2,127,44,92.8,48.2,33.5,5.48,46.88,33.22,10,4,4,3.8,36.25,9,0,0,0,Healthy,0
NB04823,Male,36.14,5.2,138,35,98.1,48.39,34.45,5.34,48.89,35.11,12,6,1,1.01,37.0,10,0,0,0,Healthy,0
NB04824,Male,37.97,5.2,124,41,93.9,47.46,29.66,5.31,48.31,30.17,12,5,2,2.8,36.56,9,0,0,0,Healthy,0
NB04825,Female,37.86,5.2,144,67,98.0,51.46,30.05,5.23,52.36,30.17,7,8,3,1.12,36.81,7,0,0,1,Healthy,0
NB04826,Male,38.53,5.2,141,28,94.5,52.46,33.73,4.95,53.5,33.44,7,6,2,2.73,37.58,9,0,0,0,Healthy,0
NB04827,Male,38.19,5.2,139,30,91.6,47.73,34.69,5.5,48.35,33.16,7,8,3,4.26,37.45,8,0,0,1,Healthy,0
NB04828,Female,39.76,5.2,143,44,96.7,50.58,34.2,5.18,51.78,33.77,6,11,4,3.61,36.37,10,0,0,0,Healthy,0
NB04829,Male,40.03,5.2,155,49,97.0,53.42,36.1,5.5,52.62,36.22,8,6,3,1.93,37.01,8,0,0,0,Healthy,0
NB04830,Female,35.69,5.2,153,51,90.7,47.52,33.65,5.23,49.26,33.51,14,6,2,0.43,37.62,8,0,0,1,Healthy,0
NB04831,Female,39.91,5.2,121,45,99.0,48.53,36.14,5.19,46.84,36.9,6,8,4,1.58,36.39,7,0,0,0,Healthy,0
NB04832,Male,35.39,5.2,128,27,100.0,46.96,32.13,4.88,48.02,32.51,7,10,4,2.08,37.24,5,0,1,6,At Risk,0
NB04833,Male,39.29,5.2,157,40,97.2,49.06,34.85,5.09,48.3,34.53,5,7,4,4.4,36.72,10,0,0,0,Healthy,0
NB04834,Female,39.36,5.2,126,24,95.3,53.04,33.83,5.49,54.49,34.34,10,0,4,2.15,36.38,7,0,0,3,At Risk,0
NB04835,Male,33.8,5.2,149,46,100.0,47.03,30.77,5.37,47.95,29.98,8,4,3,4.77,37.48,9,0,0,0,Healthy,0
NB04836,Female,38.2,5.2,155,47,96.9,49.16,32.41,5.33,48.81,32.67,6,1,6,1.91,36.61,8,0,0,1,Healthy,0
NB04837,Male,36.97,5.2,110,41,95.7,48.96,31.9,5.35,48.89,32.59,6,8,3,4.62,36.73,9,0,0,1,Healthy,0
NB04838,Female,36.33,5.2,133,30,100.0,45.48,33.4,5.23,45.24,33.85,7,5,1,3.62,36.64,10,0,0,0,Healthy,0
NB04839,Male,40.97,5.2,155,34,100.0,50.77,35.19,5.14,51.7,34.93,9,5,1,3.74,37.27,10,0,0,0,Healthy,0
NB04840,Male,36.56,5.2,137,26,90.0,51.41,31.69,5.07,50.2,32.27,9,4,6,4.59,37.24,8,1,0,4,At Risk,0
NB04841,Male,36.23,5.2,133,41,93.2,48.11,33.23,5.14,48.08,32.28,6,8,4,2.14,36.47,8,0,0,0,Healthy,0
NB04842,Male,38.17,5.2,155,74,97.0,51.61,34.49,5.26,52.29,33.89,7,7,2,4.14,36.85,9,0,0,1,Healthy,0
NB04843,Female,39.51,5.2,160,41,99.3,51.42,34.53,5.08,49.72,34.06,10,4,4,6.39,36.97,7,0,0,0,Healthy,0
NB04844,Male,37.69,5.2,128,38,90.9,51.95,33.36,5.23,50.85,32.36,4,7,2,1.29,37.24,9,0,0,0,Healthy,0
NB04845,Male,40.57,5.2,172,44,98.2,47.91,36.22,5.25,49.32,36.95,6,4,1,3.39,36.53,9,0,0,0,Healthy,0
NB04846,Male,39.17,5.2,108,30,93.6,50.27,36.07,5.19,48.58,37.06,8,9,4,1.29,37.42,8,0,0,0,Healthy,0
NB04847,Male,33.21,5.2,113,31,97.5,48.58,30.75,4.9,47.81,30.72,8,8,4,1.37,37.17,10,0,0,1,Healthy,0
NB04848,Male,36.84,5.2,132,36,93.0,50.46,31.2,5.02,52.31,32.03,9,8,4,3.43,36.37,9,0,0,0,Healthy,0
NB04849,Male,36.76,5.2,134,51,86.8,51.14,32.6,5.2,51.71,32.09,10,7,2,4.32,37.02,10,1,0,5,At Risk,0
NB04850,Female,39.05,5.2,135,45,88.8,50.54,33.93,4.8,52.02,33.76,9,6,2,5.54,37.02,5,1,1,11,High Risk,1
NB04851,Male,32.23,5.2,130,40,91.1,43.33,28.18,5.44,42.74,28.05,4,9,3,4.68,36.48,9,0,0,0,Healthy,0
NB04852,Male,42.0,5.2,127,49,92.9,51.15,37.35,5.49,49.94,36.77,10,6,2,3.62,36.99,10,0,0,0,Healthy,0
NB04853,Male,39.17,5.2,136,59,95.0,48.46,35.48,5.4,48.76,35.87,9,8,3,3.88,36.8,8,0,0,0,Healthy,0
NB04854,Female,38.33,5.2,129,49,93.2,51.51,35.12,5.29,52.15,35.16,8,8,7,3.28,36.11,10,0,0,1,Healthy,0
NB04855,Female,40.6,5.2,152,32,94.8,52.97,34.13,4.98,51.51,33.94,10,7,5,3.39,35.36,6,0,1,9,High Risk,0
NB04856,Male,42.0,5.2,141,23,93.3,53.07,36.84,5.29,53.27,36.99,11,5,4,0.22,37.72,8,0,0,2,Healthy,0
NB04857,Male,39.92,5.2,136,25,95.0,52.34,35.13,5.5,51.71,35.76,7,0,4,2.63,36.74,10,0,0,3,At Risk,0
NB04858,Male,40.09,5.2,139,51,98.3,51.76,35.72,5.0,52.03,35.58,4,12,3,6.12,36.85,9,0,0,0,Healthy,0
NB04859,Male,38.29,5.2,160,34,94.9,51.78,34.2,5.5,52.99,35.64,7,8,4,2.91,36.34,7,0,0,0,Healthy,0
NB04860,Female,37.69,5.2,131,50,96.9,51.23,33.56,5.39,51.15,34.08,6,6,1,4.06,36.53,7,0,0,0,Healthy,0
NB04861,Female,36.95,5.2,117,37,97.5,46.53,32.87,5.02,47.9,33.15,8,7,4,1.43,37.78,9,0,0,0,Healthy,0
NB04862,Male,36.18,5.2,122,46,94.4,48.51,34.19,5.03,48.48,34.33,9,4,3,3.42,37.89,9,0,0,1,Healthy,0
NB04863,Male,36.49,5.2,136,49,88.7,44.9,31.45,5.13,46.01,32.67,7,3,3,1.02,35.97,8,1,0,6,At Risk,0
NB04864,Male,35.03,5.2,149,34,95.9,47.19,31.46,5.22,48.26,31.75,6,8,4,3.2,36.83,9,0,0,0,Healthy,0
NB04865,Male,37.83,5.2,156,50,92.6,50.66,35.31,5.15,51.5,35.33,1,9,1,4.68,37.64,6,0,1,8,High Risk,0
NB04866,Male,34.29,5.2,170,35,98.0,43.64,29.99,4.67,44.06,29.55,9,5,1,4.42,36.89,9,0,0,0,Healthy,0
NB04867,Female,38.42,5.2,153,35,99.8,49.15,32.95,4.97,51.1,33.25,10,9,2,1.03,37.11,6,0,1,6,At Risk,0
NB04868,Female,37.92,5.2,124,50,94.1,49.55,34.84,5.23,49.96,35.29,6,9,3,1.96,36.72,10,0,0,0,Healthy,0
NB04869,Female,38.32,5.2,136,48,95.6,50.36,31.89,5.27,51.29,33.02,6,7,2,2.82,37.03,9,0,0,0,Healthy,0
NB04870,Female,36.85,5.2,101,47,97.3,48.01,33.99,5.41,46.74,33.96,8,3,7,1.67,37.45,9,0,0,0,Healthy,0
NB04871,Female,42.0,5.2,134,31,92.2,50.86,35.87,5.1,51.79,36.11,5,5,5,1.52,37.03,9,0,0,0,Healthy,0
NB04872,Female,40.99,5.2,129,38,95.0,52.19,36.51,5.26,53.4,36.44,10,6,1,1.33,36.25,7,0,0,0,Healthy,0
NB04873,Male,35.26,5.2,98,49,89.6,43.83,30.05,5.23,43.64,30.5,6,5,3,3.15,36.52,7,1,1,9,High Risk,0
NB04874,Male,38.51,5.2,178,65,98.7,49.6,35.94,5.06,51.05,36.42,10,9,3,3.7,37.15,10,0,0,0,Healthy,0
NB04875,Male,36.66,5.2,133,60,100.0,47.51,31.04,5.35,46.73,30.82,8,11,4,1.39,36.77,8,0,0,0,Healthy,0
NB04876,Female,35.77,5.2,102,37,95.3,47.32,33.33,5.33,46.57,33.46,4,9,2,2.65,36.55,8,0,0,0,Healthy,0
NB04877,Female,35.05,5.2,135,35,92.4,45.83,29.97,5.5,46.43,30.13,6,11,3,0.4,36.31,8,0,0,1,Healthy,0
NB04878,Male,38.95,5.2,170,59,95.9,47.44,37.18,5.44,47.98,37.47,4,5,1,4.21,36.35,9,0,0,0,Healthy,0
NB04879,Male,36.5,5.2,174,48,90.5,47.52,32.64,4.92,47.18,33.37,8,9,2,3.26,36.48,8,0,0,0,Healthy,0
NB04880,Male,40.13,5.2,141,37,93.5,53.38,38.22,5.42,52.35,39.23,6,9,2,1.87,37.01,8,0,0,0,Healthy,0
NB04881,Male,40.19,5.2,142,43,93.5,54.09,34.1,4.94,55.47,33.34,7,7,3,3.49,36.57,9,0,0,0,Healthy,0
NB04882,Female,41.02,5.2,162,30,93.2,57.2,35.25,5.5,55.82,35.92,11,10,5,4.03,36.88,7,0,0,1,Healthy,0
NB04883,Male,36.12,5.2,137,52,95.8,51.3,34.3,5.17,51.94,33.84,10,4,4,2.33,36.87,9,0,0,0,Healthy,0
NB04884,Female,39.05,5.2,148,56,96.5,48.15,32.39,5.29,47.5,32.84,7,3,2,0.82,37.15,10,0,0,0,Healthy,0
NB04885,Male,39.39,5.2,155,57,95.0,50.04,33.73,5.49,50.51,34.01,8,2,3,2.07,36.43,9,0,0,1,Healthy,0
NB04886,Male,36.96,5.2,121,53,98.2,48.62,33.81,5.32,48.69,33.54,6,6,2,3.35,37.53,7,0,0,0,Healthy,0
NB04887,Male,36.3,5.2,168,39,96.4,47.9,31.08,5.39,49.75,32.1,9,9,4,1.92,36.01,8,0,0,1,Healthy,0
NB04888,Female,41.54,5.2,124,51,93.3,52.93,37.06,5.1,54.52,36.89,12,5,1,4.39,36.65,9,0,0,0,Healthy,0
NB04889,Male,38.5,5.2,129,57,94.6,54.87,34.41,5.04,54.89,35.1,6,5,4,5.34,36.61,7,0,0,0,Healthy,0
NB04890,Female,39.4,5.2,142,51,94.7,48.7,32.51,5.24,50.06,32.63,9,6,5,3.57,36.44,10,0,0,1,Healthy,0
NB04891,Female,36.19,5.2,157,51,93.7,46.55,33.99,5.36,44.89,33.1,6,3,2,5.43,35.81,8,0,0,3,At Risk,0
NB04892,Male,35.32,5.2,152,44,96.8,50.47,30.03,5.21,50.54,30.06,10,7,3,2.44,37.35,10,0,0,0,Healthy,0
NB04893,Female,36.75,5.2,139,33,87.5,47.24,34.08,5.5,47.17,34.59,9,13,4,4.52,37.17,9,1,0,4,At Risk,0
NB04894,Male,37.73,5.2,145,61,95.1,50.14,33.8,5.34,48.3,33.72,9,4,1,4.25,37.02,8,0,0,0,Healthy,0
NB04895,Female,35.66,5.2,159,42,96.1,49.56,31.48,5.17,49.31,31.02,5,8,3,4.87,36.47,8,0,0,0,Healthy,0
NB04896,Male,37.98,5.2,140,54,97.1,50.55,32.13,5.2,51.91,32.59,4,8,3,5.43,36.57,9,0,0,0,Healthy,0
NB04897,Female,34.29,5.2,125,67,98.9,46.64,31.69,5.12,47.02,31.63,9,6,1,0.72,36.65,7,0,0,1,Healthy,0
NB04898,Male,35.54,5.2,129,51,94.5,49.26,30.77,5.32,49.99,30.82,5,8,2,3.11,36.69,10,0,0,0,Healthy,0
NB04899,Female,39.48,5.2,156,54,97.9,49.14,36.65,5.15,48.25,35.96,8,8,3,1.11,37.16,7,0,0,0,Healthy,0
NB04900,Female,39.33,5.2,125,33,97.1,49.8,36.6,5.27,49.1,37.57,7,6,1,1.94,36.58,7,0,0,0,Healthy,0
NB04901,Female,37.14,5.2,112,35,95.9,49.9,35.66,5.5,49.97,36.71,10,7,6,3.03,36.41,8,0,0,0,Healthy,0
NB04902,Female,35.76,5.2,135,55,90.1,43.45,32.65,5.32,44.0,32.49,10,10,2,6.19,36.87,10,0,0,1,Healthy,0
NB04903,Female,35.74,5.2,139,37,98.8,50.4,31.61,5.22,51.21,31.29,7,9,4,5.5,36.82,10,0,0,0,Healthy,0
NB04904,Female,37.18,5.2,155,29,95.3,49.47,32.78,5.19,49.7,34.32,9,5,3,1.81,37.03,10,0,0,1,Healthy,0
NB04905,Male,39.42,5.2,114,25,94.1,51.18,34.24,5.49,50.82,34.5,9,8,2,4.14,37.42,10,0,0,0,Healthy,0
NB04906,Male,40.04,5.2,146,40,91.0,48.18,35.6,5.31,47.86,35.21,10,5,4,7.08,36.62,8,0,0,1,Healthy,0
NB04907,Male,36.91,5.2,161,40,86.4,46.04,33.69,5.38,45.56,33.95,4,6,5,1.16,37.22,6,1,1,10,High Risk,1
NB04908,Male,35.46,5.2,125,52,100.0,46.52,33.87,5.11,45.98,33.99,6,13,5,5.55,36.86,10,0,0,0,Healthy,0
NB04909,Female,38.59,5.2,141,32,96.1,51.75,34.24,4.96,51.08,35.05,10,11,5,2.04,37.26,10,0,0,0,Healthy,0
NB04910,Female,36.19,5.2,101,56,91.1,43.82,30.43,5.49,44.55,31.91,5,10,6,3.7,37.35,8,0,0,1,Healthy,0
NB04911,Male,36.86,5.2,156,30,90.6,50.15,32.39,5.44,50.4,32.47,5,5,0,4.08,36.46,10,0,0,0,Healthy,0
NB04912,Male,40.92,5.2,154,30,94.0,51.5,38.17,5.02,52.23,38.7,8,7,5,4.59,37.69,8,0,0,0,Healthy,0
NB04913,Male,39.82,5.2,140,43,97.8,50.79,32.74,5.4,50.7,32.57,7,6,2,4.21,36.88,8,0,0,0,Healthy,0
NB04914,Male,38.35,5.2,116,43,97.2,50.42,35.15,5.5,50.53,34.5,9,10,4,1.42,36.28,8,0,0,0,Healthy,0
NB04915,Male,35.2,5.2,152,48,97.4,47.62,31.26,5.15,45.98,31.39,10,7,3,3.15,36.29,7,0,0,1,Healthy,0
NB04916,Female,38.47,5.2,136,30,91.9,48.59,32.8,5.22,49.55,31.78,4,7,3,1.84,37.46,7,0,0,1,Healthy,0
NB04917,Female,40.34,5.2,90,46,94.4,52.95,36.03,5.5,53.54,37.66,8,11,4,3.46,37.39,7,1,1,5,At Risk,0
NB04918,Male,37.17,5.2,154,25,95.4,44.22,35.56,5.48,44.54,36.29,8,6,3,3.95,37.29,9,0,0,0,Healthy,0
NB04919,Male,40.97,5.2,161,20,94.8,51.37,36.39,5.08,52.49,36.68,6,2,2,5.18,36.56,7,0,0,3,At Risk,0
NB04920,Male,40.84,5.2,164,60,96.9,52.47,35.4,5.1,54.37,34.43,3,8,5,0.88,36.63,10,0,0,2,Healthy,0
NB04921,Male,41.66,5.2,117,52,100.0,52.2,34.42,5.18,51.62,34.58,6,9,3,3.0,36.09,9,0,0,0,Healthy,0
NB04922,Male,38.67,5.2,105,42,95.7,46.55,34.12,5.28,48.17,33.37,5,9,3,6.16,36.67,8,0,0,0,Healthy,0
NB04923,Male,39.29,5.2,133,22,93.0,52.28,32.71,5.34,53.74,33.27,8,8,5,0.9,36.88,7,0,0,2,Healthy,0
NB04924,Female,41.11,5.2,149,37,89.9,49.9,35.51,4.98,49.69,36.34,7,10,3,3.0,37.48,7,1,0,4,At Risk,0
NB04925,Male,38.98,5.2,123,46,95.6,50.35,34.39,5.11,49.46,34.52,6,9,2,1.75,36.68,9,0,0,1,Healthy,0
NB04926,Male,36.9,5.2,111,37,92.7,48.91,29.49,4.86,49.39,28.61,9,8,1,5.14,36.65,9,0,0,1,Healthy,0
NB04927,Female,37.01,5.2,153,58,96.5,48.75,35.19,5.38,50.08,34.37,12,6,4,3.89,36.93,5,0,1,6,At Risk,0
NB04928,Female,38.52,5.2,134,48,96.3,52.41,32.31,5.24,51.35,31.42,7,1,2,1.03,37.18,6,0,1,7,At Risk,0
NB04929,Male,35.16,5.2,151,33,100.0,46.94,31.53,5.19,45.89,31.15,9,6,6,2.46,37.5,9,0,0,0,Healthy,0
NB04930,Male,37.68,5.2,140,26,95.7,50.17,34.38,5.14,50.96,33.76,10,13,5,0.6,36.49,8,0,0,1,Healthy,0
NB04931,Male,40.41,5.2,137,51,96.6,51.66,37.45,5.2,52.0,37.18,5,6,4,5.75,36.72,9,0,0,0,Healthy,0
NB04932,Male,33.18,5.2,139,50,92.7,46.49,29.24,5.31,47.54,30.22,5,8,0,5.59,36.86,8,0,0,0,Healthy,0
NB04933,Female,41.38,5.2,134,50,90.0,55.43,32.4,4.99,55.92,32.13,7,5,2,3.94,36.68,9,1,0,4,At Risk,0
NB04934,Female,40.47,5.2,132,59,98.8,52.1,37.15,5.08,52.67,36.84,9,9,3,0.22,36.52,9,0,0,0,Healthy,0
NB04935,Female,36.99,5.2,120,47,99.2,50.25,31.22,5.03,50.61,31.39,6,7,1,4.82,36.68,9,0,0,0,Healthy,0
NB04936,Female,39.2,5.2,149,43,93.8,53.59,35.18,4.72,53.83,35.66,4,9,4,1.23,36.25,10,0,0,0,Healthy,0
NB04937,Female,38.01,5.2,162,50,88.2,52.32,34.44,5.5,53.18,35.2,11,8,2,1.46,36.53,9,1,0,4,At Risk,0
NB04938,Male,40.71,5.2,131,54,99.8,51.26,30.82,5.37,50.11,32.03,9,6,6,2.95,36.25,6,0,1,6,At Risk,0
NB04939,Female,40.16,5.2,174,49,99.2,53.62,32.89,5.07,53.77,32.57,7,8,2,4.35,36.81,10,0,0,1,Healthy,0
NB04940,Male,34.92,5.2,147,42,94.6,47.33,30.95,5.28,47.09,30.94,6,9,6,2.3,36.62,10,0,0,0,Healthy,0
NB04941,Female,39.29,5.2,145,52,98.7,53.0,30.83,5.0,52.7,29.72,5,2,1,1.62,36.55,8,0,0,1,Healthy,0
NB04942,Male,37.55,5.2,152,43,94.9,50.33,31.48,5.33,51.16,30.86,6,7,2,3.23,36.81,7,0,0,0,Healthy,0
NB04943,Female,38.18,5.2,158,37,95.8,50.32,34.11,5.5,51.33,34.05,11,10,5,3.82,35.69,8,0,0,2,Healthy,0
NB04944,Male,36.4,5.2,132,43,89.3,49.03,32.55,5.42,50.01,32.2,7,7,4,0.2,36.66,8,1,0,4,At Risk,0
NB04945,Male,41.85,5.2,150,39,99.3,53.57,36.95,4.83,54.58,36.54,8,14,3,1.89,36.89,8,0,0,0,Healthy,0
NB04946,Female,40.29,5.2,159,41,88.9,52.25,36.08,4.92,52.73,35.59,14,5,3,5.89,37.24,9,1,0,4,At Risk,0
NB04947,Male,36.37,5.2,133,34,100.0,47.82,30.14,4.93,46.59,30.75,12,9,2,3.94,37.07,10,0,0,0,Healthy,0
NB04948,Female,35.06,5.2,140,52,100.0,46.45,29.82,5.15,46.41,29.05,8,7,2,6.06,37.37,6,0,1,6,At Risk,0
NB04949,Female,37.15,5.2,126,44,86.1,52.36,34.35,5.22,53.0,35.34,12,3,5,4.26,36.15,8,1,0,5,At Risk,0
NB04950,Male,38.96,5.2,131,49,100.0,51.42,36.76,5.5,51.76,36.19,9,9,5,4.62,37.27,9,0,0,0,Healthy,0
NB04951,Female,38.53,5.2,134,47,94.2,48.93,32.72,4.96,50.02,33.74,12,8,5,6.66,36.93,7,0,0,0,Healthy,0
NB04952,Female,40.76,5.2,124,33,96.5,51.53,36.12,5.23,52.03,35.39,8,7,4,2.54,36.56,9,0,0,1,Healthy,0
NB04953,Male,39.74,5.2,139,55,90.1,53.28,36.23,4.7,53.57,35.56,9,10,4,2.4,36.85,8,0,0,0,Healthy,0
NB04954,Female,40.13,5.2,146,40,93.9,50.05,35.65,5.02,49.45,35.87,9,3,4,4.4,38.21,10,0,0,1,Healthy,0
NB04955,Female,38.72,5.2,148,38,90.9,47.28,33.93,4.96,47.15,34.01,6,6,0,2.52,36.87,10,0,0,1,Healthy,0
NB04956,Female,34.94,5.2,125,44,92.2,44.03,30.7,4.8,45.26,31.28,10,6,1,0.62,36.84,7,0,0,0,Healthy,0
NB04957,Female,37.57,5.2,129,44,99.3,45.75,36.48,5.38,45.65,36.0,6,7,2,4.48,37.19,6,0,1,6,At Risk,0
NB04958,Male,40.33,5.2,155,68,98.5,49.1,35.58,5.1,50.1,35.45,7,10,2,2.33,36.7,10,0,0,1,Healthy,0
NB04959,Female,37.89,5.2,129,48,97.9,47.14,34.3,5.27,45.58,34.38,10,8,7,4.17,36.44,9,0,0,0,Healthy,0
NB04960,Female,39.11,5.2,155,37,93.1,53.37,35.06,4.95,52.74,35.48,9,11,7,5.29,37.43,10,0,0,0,Healthy,0
NB04961,Female,37.3,5.2,127,61,92.6,48.88,32.09,5.47,47.46,32.46,8,3,3,1.8,36.15,10,0,0,1,Healthy,0
NB04962,Female,35.73,5.2,147,26,89.2,46.83,32.29,5.04,44.76,32.86,9,4,1,4.8,36.82,7,1,0,4,At Risk,0
NB04963,Female,37.73,5.2,154,37,97.4,46.47,33.13,5.45,44.84,33.99,8,2,0,4.66,36.77,9,0,0,1,Healthy,0
NB04964,Female,38.68,5.2,92,36,100.0,49.93,33.77,5.44,49.96,33.79,10,10,4,6.34,36.43,9,1,1,5,At Risk,0
NB04965,Male,36.56,5.2,156,42,100.0,44.83,33.27,5.28,46.48,34.25,13,1,4,3.25,36.21,7,0,0,2,Healthy,0
NB04966,Female,37.48,5.2,163,45,95.1,48.39,32.06,5.3,46.99,32.07,11,4,4,2.31,36.74,7,0,0,0,Healthy,0
NB04967,Female,35.93,5.2,134,46,96.7,51.87,30.55,5.03,52.09,30.72,7,7,4,3.57,36.96,9,0,0,0,Healthy,0
NB04968,Male,40.46,5.2,146,46,95.9,53.14,36.28,4.91,53.12,36.59,9,1,1,5.38,37.27,7,0,0,1,Healthy,0
NB04969,Male,37.35,5.2,125,48,98.2,48.6,32.55,5.27,48.85,32.68,6,7,3,5.57,36.45,8,0,0,1,Healthy,0
NB04970,Male,41.2,5.2,147,41,100.0,53.87,35.52,5.27,53.85,36.06,10,10,5,1.49,36.45,9,0,0,0,Healthy,0
NB04971,Male,41.36,5.2,184,55,93.0,51.58,33.26,5.15,51.11,33.57,8,6,0,2.58,37.49,9,0,0,1,Healthy,0
NB04972,Female,37.82,5.2,100,26,93.1,47.84,35.12,5.07,45.8,34.33,10,8,1,3.36,36.59,10,0,0,0,Healthy,0
NB04973,Female,35.78,5.2,131,16,94.0,51.01,33.03,5.06,51.78,32.13,9,11,2,2.16,36.65,9,0,0,2,Healthy,0
NB04974,Female,33.41,5.2,154,49,94.9,43.19,31.65,4.93,44.41,31.95,3,8,5,2.48,37.35,9,0,0,2,Healthy,0
NB04975,Female,34.76,5.2,163,39,97.5,45.98,32.11,5.42,46.15,31.69,8,10,1,2.76,36.06,8,0,0,0,Healthy,0
NB04976,Male,34.98,5.2,115,59,94.8,47.49,29.41,5.09,47.74,29.79,9,6,5,5.68,36.26,9,0,0,0,Healthy,0
NB04977,Female,41.03,5.2,129,52,92.0,50.46,36.27,5.04,49.3,35.38,9,6,4,2.16,37.43,9,0,0,0,Healthy,0
NB04978,Male,38.25,5.2,130,48,92.1,51.13,33.06,5.36,50.83,33.11,6,8,2,5.76,36.53,8,0,0,0,Healthy,0
NB04979,Female,38.86,5.2,128,37,90.9,49.76,32.96,5.12,50.49,32.62,5,8,3,3.12,36.56,6,0,1,6,At Risk,0
NB04980,Male,33.12,5.2,138,49,94.6,46.53,31.13,5.11,45.72,31.52,8,9,4,2.73,36.6,10,0,0,0,Healthy,0
NB04981,Female,35.36,5.2,114,38,98.6,48.4,34.44,5.46,48.49,33.84,8,10,3,3.54,36.66,10,0,0,0,Healthy,0
NB04982,Male,39.95,5.2,135,43,96.5,50.87,37.41,5.0,53.22,37.83,7,10,4,1.63,36.59,7,0,0,0,Healthy,0
NB04983,Male,38.63,5.2,123,39,97.0,53.59,35.17,5.01,54.0,35.91,7,11,4,2.51,36.86,10,0,0,0,Healthy,0
NB04984,Male,37.68,5.2,139,45,91.2,47.98,33.53,4.85,47.05,33.9,10,12,0,3.91,37.36,10,0,0,0,Healthy,0
NB04985,Female,39.24,5.2,127,39,90.9,53.42,34.35,5.22,56.4,34.63,6,6,4,0.62,36.44,9,0,0,0,Healthy,0
NB04986,Female,41.6,5.2,137,52,95.6,55.19,34.96,5.11,55.76,35.64,7,7,2,1.52,36.53,7,0,0,0,Healthy,0
NB04987,Male,37.51,5.2,121,47,99.4,52.7,33.05,5.5,52.08,33.65,3,8,3,5.26,36.81,6,0,1,7,At Risk,0
NB04988,Male,38.15,5.2,157,37,98.0,50.09,35.27,5.11,50.18,34.25,10,10,4,1.65,37.51,10,0,0,0,Healthy,0
NB04989,Female,38.42,5.2,134,38,92.6,48.4,36.83,5.36,46.9,37.58,8,7,2,3.28,36.67,7,0,0,0,Healthy,0
NB04990,Male,42.0,5.2,140,29,100.0,57.35,35.38,5.06,56.73,36.4,11,5,2,1.54,36.4,8,0,0,0,Healthy,0
NB04991,Female,33.38,5.2,137,22,87.9,44.77,27.57,5.39,45.85,28.02,6,8,3,6.4,35.89,10,1,0,8,High Risk,0
NB04992,Male,39.5,5.2,140,51,95.1,49.33,34.06,5.5,48.29,33.33,5,13,3,5.81,36.46,7,0,0,0,Healthy,0
NB04993,Male,37.75,5.2,140,38,95.4,48.99,34.98,5.13,47.78,34.34,6,4,4,2.27,36.41,9,0,0,0,Healthy,0
NB04994,Male,39.25,5.2,154,30,94.3,48.76,37.78,5.2,49.9,36.54,10,7,5,4.74,36.26,9,0,0,1,Healthy,0
NB04995,Male,36.55,5.2,135,46,96.8,49.35,34.75,5.19,51.75,35.48,10,8,4,2.32,36.83,10,0,0,0,Healthy,0
NB04996,Male,37.89,5.2,127,35,94.3,48.29,35.65,5.28,49.04,36.53,8,5,4,5.28,36.68,9,0,0,0,Healthy,0
NB04997,Female,39.57,5.2,141,41,89.8,50.43,33.62,5.43,52.4,33.99,8,10,2,3.5,37.44,8,1,0,4,At Risk,0
NB04998,Male,42.0,5.2,129,29,94.7,55.14,35.37,5.11,54.19,35.94,11,5,4,1.72,36.9,5,0,1,6,At Risk,0
NB04999,Female,39.78,5.2,139,48,95.6,52.45,33.06,5.44,53.11,32.97,9,8,6,4.78,37.25,5,0,1,6,At Risk,0
NB05000,Female,36.13,5.2,121,43,98.2,47.95,31.5,5.27,49.28,31.91,8,5,2,4.17,36.72,7,0,0,0,Healthy,0
NB05001,Female,37.07,5.2,159,47,100.0,49.1,34.52,5.5,48.79,34.6,7,8,1,2.5,36.4,10,0,0,0,Healthy,0
NB05002,Male,37.0,5.2,126,38,92.0,48.73,35.54,5.3,47.98,35.8,9,7,4,1.38,37.08,9,0,0,0,Healthy,0
NB05003,Male,34.05,5.2,162,44,100.0,45.18,31.55,4.95,45.28,31.79,6,6,7,2.92,36.29,9,0,0,1,Healthy,0
NB05004,Male,37.27,5.2,139,27,93.5,48.94,32.91,5.37,49.49,33.41,6,10,1,3.21,37.32,10,0,0,0,Healthy,0
NB05005,Female,39.61,5.2,155,65,93.2,52.03,33.33,5.23,52.01,32.88,8,9,2,1.87,36.46,9,0,0,0,Healthy,0
NB05006,Female,35.2,5.2,126,46,93.6,46.82,31.67,5.17,47.23,31.03,11,6,1,1.39,37.13,10,0,0,0,Healthy,0
NB05007,Male,40.31,5.2,105,59,88.2,52.52,35.72,5.33,51.46,36.68,6,12,3,2.8,36.97,10,1,0,5,At Risk,0
NB05008,Male,39.07,5.2,110,39,93.5,48.89,32.36,5.07,49.39,33.1,10,7,7,0.2,36.36,8,0,0,1,Healthy,0
NB05009,Female,36.38,5.2,185,32,99.6,46.94,34.05,5.19,47.9,34.53,9,10,4,3.54,37.34,9,0,0,1,Healthy,0
NB05010,Female,37.69,5.2,129,37,96.7,47.85,32.95,5.13,48.33,33.09,6,5,2,2.67,37.66,10,0,0,0,Healthy,0
NB05011,Female,41.52,5.2,160,42,95.8,51.63,37.55,5.37,51.05,37.05,9,6,3,0.54,36.46,9,0,0,1,Healthy,0
NB05012,Male,39.61,5.2,117,41,96.2,53.63,34.91,5.17,52.21,35.29,7,5,3,1.83,36.51,9,0,0,0,Healthy,0
NB05013,Female,38.02,5.2,143,61,99.4,51.07,34.26,5.26,51.36,33.81,7,8,6,3.12,36.83,8,0,0,0,Healthy,0
NB05014,Female,37.48,5.2,146,33,91.9,46.98,32.38,5.26,46.6,33.1,10,5,0,2.09,37.19,7,0,0,0,Healthy,0
NB05015,Male,38.17,5.2,191,36,98.2,50.63,33.4,5.33,52.45,32.75,8,7,3,2.87,37.35,7,0,0,1,Healthy,0
NB05016,Male,36.87,5.2,134,49,95.2,47.81,33.97,5.13,49.42,34.08,8,4,2,4.36,36.64,10,0,0,0,Healthy,0
NB05017,Female,33.37,5.2,127,26,92.3,44.07,30.36,5.47,42.4,30.85,8,7,3,2.49,36.86,8,0,0,0,Healthy,0
NB05018,Female,42.0,5.2,146,42,96.6,50.23,34.94,5.44,50.16,35.29,11,9,4,5.21,36.64,8,0,0,0,Healthy,0
NB05019,Female,38.34,5.2,123,43,95.3,51.85,34.21,5.5,51.29,34.88,7,4,3,2.75,36.61,9,0,0,1,Healthy,0
NB05020,Female,38.88,5.2,147,46,92.2,47.66,34.99,5.05,46.67,34.53,10,12,3,4.13,36.56,8,0,0,1,Healthy,0
NB05021,Female,37.87,5.2,139,45,91.3,49.38,35.77,5.27,49.41,36.23,10,6,5,4.61,36.19,6,0,1,6,At Risk,0
NB05022,Female,36.38,5.2,126,62,93.5,46.25,34.4,4.91,45.66,34.31,5,8,3,2.14,37.19,9,0,0,0,Healthy,0
NB05023,Male,37.59,5.2,149,33,93.2,50.78,33.42,5.01,50.07,33.6,10,2,3,5.99,36.85,9,0,0,1,Healthy,0
NB05024,Male,34.48,5.2,142,36,99.3,45.76,30.52,5.38,44.95,29.5,10,8,3,3.38,37.49,9,0,0,0,Healthy,0
NB05025,Male,42.0,5.2,154,48,94.3,52.93,36.26,5.21,54.46,36.99,9,7,5,0.96,37.17,9,0,0,0,Healthy,0
NB05026,Male,35.28,5.2,170,44,93.7,46.95,31.11,5.04,46.96,30.61,7,10,2,1.65,36.62,9,0,0,0,Healthy,0
NB05027,Female,35.73,5.2,131,46,99.0,48.16,32.97,5.39,48.3,33.26,6,8,3,1.81,36.29,9,0,0,0,Healthy,0
NB05028,Female,37.03,5.2,133,28,99.7,48.75,34.68,5.3,50.22,35.59,8,6,0,2.64,37.64,10,0,0,0,Healthy,0
NB05029,Male,40.83,5.2,116,64,92.1,52.06,37.64,4.75,51.95,39.07,4,10,3,2.51,36.04,8,0,0,0,Healthy,0
NB05030,Female,38.03,5.2,149,47,90.6,48.59,33.2,5.45,49.11,33.77,9,7,5,0.5,36.65,9,0,0,0,Healthy,0
NB05031,Female,35.28,5.2,128,26,96.8,44.0,31.13,5.24,43.48,31.56,5,8,5,3.27,36.65,10,0,0,0,Healthy,0
NB05032,Female,40.76,5.2,146,48,94.3,49.85,35.1,5.12,49.55,35.72,9,7,4,5.35,36.51,8,0,0,0,Healthy,0
NB05033,Female,39.61,5.2,161,31,93.1,52.48,32.03,4.96,52.81,31.83,7,8,4,4.17,36.42,9,0,0,1,Healthy,0
NB05034,Female,39.18,5.2,128,51,98.6,50.05,32.82,5.32,50.45,32.93,9,7,4,4.76,36.25,7,0,0,0,Healthy,0
NB05035,Male,39.57,5.2,131,29,94.1,49.69,34.85,5.13,50.63,35.47,7,9,5,1.42,36.47,7,0,0,0,Healthy,0
NB05036,Male,42.0,5.2,158,52,100.0,50.39,37.17,5.2,51.66,37.14,8,3,6,1.79,36.78,8,0,0,1,Healthy,0
NB05037,Male,42.0,5.2,153,30,95.2,49.76,37.34,5.24,49.91,36.31,7,8,3,1.52,36.94,7,0,0,0,Healthy,0
NB05038,Female,36.49,5.2,151,32,95.6,46.83,31.57,5.33,48.11,32.42,9,5,1,4.06,36.56,10,0,0,0,Healthy,0
NB05039,Male,41.57,5.2,133,43,100.0,54.59,35.56,5.29,53.97,36.09,10,8,2,0.2,36.56,9,0,0,0,Healthy,0
NB05040,Female,38.84,5.2,114,36,96.1,49.24,33.99,5.5,50.15,33.39,10,1,1,5.66,36.33,7,0,0,2,Healthy,0
NB05041,Female,39.1,5.2,127,36,92.5,51.39,34.0,4.87,50.85,33.4,7,5,4,0.33,36.88,7,0,0,0,Healthy,0
NB05042,Female,34.28,5.2,122,27,91.4,45.04,32.23,5.12,44.54,32.52,3,7,7,0.2,36.82,9,0,0,1,Healthy,0
NB05043,Female,37.63,5.2,150,39,93.4,50.54,31.58,5.45,51.77,33.84,7,6,4,0.89,36.97,10,0,0,0,Healthy,0
NB05044,Female,36.21,5.2,145,51,95.8,47.29,30.82,5.5,45.25,30.96,9,3,2,2.38,36.56,7,0,0,0,Healthy,0
NB05045,Female,39.82,5.2,129,61,98.2,48.78,34.63,5.46,49.64,34.39,10,7,4,0.2,36.39,9,0,0,0,Healthy,0
NB05046,Female,40.36,5.2,132,50,89.7,51.18,33.4,5.33,51.58,32.42,12,6,3,0.2,36.79,10,1,0,4,At Risk,0
NB05047,Female,33.44,5.2,149,49,95.0,49.16,27.75,5.41,49.53,28.07,7,5,5,4.53,37.03,10,0,0,0,Healthy,0
NB05048,Male,37.95,5.2,134,25,99.5,53.14,31.53,5.4,54.95,32.03,11,9,3,2.06,36.4,10,0,0,1,Healthy,0
NB05049,Male,40.47,5.2,130,42,95.9,52.79,35.16,5.11,51.92,35.05,7,0,4,0.59,36.52,10,0,0,1,Healthy,0
NB05050,Female,37.59,5.2,176,35,99.7,48.96,34.46,5.35,47.98,34.46,9,5,1,2.63,36.25,7,0,0,0,Healthy,0
NB05051,Female,39.6,5.2,130,27,89.7,51.65,35.9,5.04,52.96,35.82,9,10,3,1.54,36.27,9,1,0,4,At Risk,0
NB05052,Male,38.77,5.2,152,29,94.2,50.93,36.72,5.26,50.92,36.22,11,5,0,3.95,36.55,8,0,0,0,Healthy,0
NB05053,Female,38.75,5.2,147,49,95.4,50.2,34.48,5.13,51.61,34.0,5,5,3,3.78,36.42,9,0,0,0,Healthy,0
NB05054,Female,37.4,5.2,113,36,96.9,49.94,33.74,5.33,50.8,32.19,5,9,2,4.5,37.16,8,0,0,0,Healthy,0
NB05055,Male,35.32,5.2,128,27,92.0,47.61,31.55,5.12,48.14,31.0,8,7,6,4.61,36.81,10,0,0,0,Healthy,0
NB05056,Female,35.53,5.2,155,36,96.5,46.75,31.77,5.25,46.74,32.11,6,8,4,1.28,37.37,9,0,0,1,Healthy,0
NB05057,Female,39.56,5.2,138,45,96.7,48.61,38.01,5.03,48.56,37.55,8,8,3,1.25,37.37,8,0,0,0,Healthy,0
NB05058,Female,38.04,5.2,114,35,94.7,48.72,34.22,5.16,50.9,34.57,10,10,3,2.4,36.81,10,0,0,0,Healthy,0
NB05059,Female,37.7,5.2,147,30,96.6,50.92,34.11,5.46,50.51,33.18,11,7,5,1.82,35.9,9,0,0,2,Healthy,0
NB05060,Female,37.07,5.2,130,33,96.1,48.7,31.43,4.86,49.94,31.75,6,8,0,1.78,36.98,9,0,0,0,Healthy,0
NB05061,Male,37.33,5.2,148,51,92.7,49.6,33.95,5.24,48.87,33.68,6,10,3,1.79,37.31,8,0,0,0,Healthy,0
NB05062,Female,40.3,5.2,188,21,94.4,51.11,36.4,5.5,50.41,36.11,9,10,1,2.01,37.08,8,0,0,3,At Risk,0
NB05063,Female,37.26,5.2,147,39,90.6,46.82,34.95,5.41,47.2,35.83,10,8,5,3.21,36.96,10,0,0,1,Healthy,0
NB05064,Male,35.05,5.2,151,41,89.8,46.47,32.68,5.25,46.51,31.38,7,4,2,4.6,36.69,7,1,0,4,At Risk,0
NB05065,Female,39.64,5.2,135,34,95.9,49.03,34.76,5.38,50.19,35.19,6,11,3,4.89,36.27,10,0,0,0,Healthy,0
NB05066,Female,37.55,5.2,120,32,88.4,47.02,33.23,5.08,46.94,33.8,10,5,4,1.63,37.08,8,1,0,4,At Risk,0
NB05067,Male,38.07,5.2,158,52,94.2,52.07,33.74,5.38,51.75,33.65,10,10,5,5.02,36.71,9,0,0,0,Healthy,0
NB05068,Female,41.54,5.2,129,52,96.4,51.94,36.44,5.48,50.87,35.69,8,5,4,5.68,36.94,9,0,0,0,Healthy,0
NB05069,Male,37.95,5.2,136,43,95.1,48.08,35.67,5.28,50.61,35.81,9,12,6,0.56,36.54,8,0,0,0,Healthy,0
NB05070,Male,38.64,5.2,172,37,100.0,53.41,35.85,5.43,52.13,35.68,6,8,2,4.58,37.7,8,0,0,0,Healthy,0
NB05071,Male,35.41,5.2,134,43,96.5,48.9,33.11,5.03,52.21,33.83,7,10,3,3.0,36.91,7,0,0,0,Healthy,0
NB05072,Female,37.52,5.2,162,46,94.1,48.42,36.51,5.0,49.29,37.13,8,6,3,0.58,36.63,9,0,0,1,Healthy,0
NB05073,Female,39.34,5.2,147,41,97.1,51.66,30.75,5.39,52.31,30.85,7,7,0,3.7,36.29,10,0,0,0,Healthy,0
NB05074,Female,34.58,5.2,130,46,90.4,46.05,30.71,5.5,44.74,30.17,5,10,2,5.11,36.17,6,0,1,6,At Risk,0
NB05075,Male,38.44,5.2,146,38,98.5,48.61,34.09,5.25,49.36,34.12,7,11,3,3.54,37.08,10,0,0,0,Healthy,0
NB05076,Female,38.22,5.2,127,15,93.2,50.75,32.95,5.41,49.4,33.13,9,6,0,2.47,36.54,8,0,0,2,Healthy,0
NB05077,Male,38.09,5.2,156,40,98.9,49.03,32.47,4.64,49.07,32.49,7,8,1,3.15,36.6,9,0,0,0,Healthy,0
NB05078,Male,40.28,5.2,162,49,96.4,51.8,32.82,5.35,53.1,32.78,10,5,3,6.11,36.56,8,0,0,0,Healthy,0
NB05079,Male,38.74,5.2,141,42,97.2,52.3,33.85,5.13,51.06,33.58,7,9,2,3.08,36.31,9,0,0,0,Healthy,0
NB05080,Female,41.25,5.2,164,45,93.1,54.35,37.42,5.5,55.2,36.76,6,8,3,3.35,36.67,7,0,0,0,Healthy,0
NB05081,Female,35.81,5.2,143,39,91.0,46.53,33.43,5.38,46.37,33.39,8,7,6,2.13,36.83,10,0,0,0,Healthy,0
NB05082,Female,38.3,5.2,156,40,90.9,50.84,32.88,5.25,51.61,33.06,10,2,2,5.57,36.35,6,0,1,7,At Risk,0
NB05083,Female,38.19,5.2,193,44,89.0,47.51,34.26,5.12,46.37,34.41,6,9,3,0.55,36.95,9,1,0,5,At Risk,0
NB05084,Female,35.65,5.2,185,61,93.7,48.38,34.19,5.49,49.91,34.26,4,5,2,4.62,36.25,7,0,0,1,Healthy,0
NB05085,Female,40.1,5.2,137,50,92.9,51.79,32.99,5.49,52.68,31.95,9,4,6,0.68,36.6,9,0,0,0,Healthy,0
NB05086,Male,42.0,5.2,145,49,98.5,53.96,36.36,5.07,53.32,35.99,10,7,2,3.74,36.96,6,0,1,6,At Risk,0
NB05087,Male,37.96,5.2,121,44,91.4,48.97,34.2,5.46,48.39,35.02,5,8,4,2.44,36.79,9,0,0,0,Healthy,0
NB05088,Male,39.11,5.2,154,29,100.0,54.77,34.59,5.43,56.24,35.11,10,5,2,1.05,36.06,8,0,0,0,Healthy,0
NB05089,Male,38.19,5.2,147,54,91.5,47.96,35.21,5.29,47.74,35.21,7,7,3,5.8,35.55,8,0,0,2,Healthy,0
NB05090,Male,36.43,5.2,126,51,91.8,50.13,30.45,5.4,49.49,30.6,7,5,4,3.01,37.06,9,0,0,0,Healthy,0
NB05091,Male,33.99,5.2,161,46,89.8,43.93,29.49,5.34,44.65,28.92,7,8,2,0.26,37.11,9,1,0,4,At Risk,0
NB05092,Male,36.45,5.2,135,42,95.0,49.21,33.74,5.02,50.06,33.19,7,7,3,2.87,37.0,10,0,0,0,Healthy,0
NB05093,Male,34.94,5.2,131,47,93.9,48.0,29.1,5.3,47.64,28.79,7,5,3,0.2,36.7,7,0,0,0,Healthy,0
NB05094,Male,41.75,5.2,147,40,94.6,53.08,37.64,5.2,54.72,37.55,8,6,2,1.9,36.69,10,0,0,0,Healthy,0
NB05095,Male,37.75,5.2,132,49,96.4,48.38,34.3,5.01,48.58,34.07,7,12,3,4.77,36.75,9,0,0,0,Healthy,0
NB05096,Male,37.24,5.2,139,34,98.4,49.2,34.38,5.07,50.31,34.56,11,6,6,2.39,37.06,10,0,0,0,Healthy,0
NB05097,Male,39.96,5.2,171,23,90.9,51.89,34.47,4.9,53.0,34.6,8,10,4,1.15,36.74,7,0,0,2,Healthy,0
NB05098,Male,35.53,5.2,129,30,95.1,50.96,32.84,4.88,49.84,33.06,9,10,2,2.18,36.97,8,0,0,0,Healthy,0
NB05099,Female,36.31,5.2,152,43,98.0,46.34,30.86,5.11,47.69,29.8,12,9,4,4.18,37.39,7,0,0,0,Healthy,0
NB05100,Male,38.15,5.2,129,39,91.2,48.62,33.28,5.45,49.85,34.92,10,8,4,4.63,36.36,9,0,0,0,Healthy,0
NB05101,Male,40.26,5.2,122,41,100.0,52.21,35.44,4.97,52.74,35.71,14,5,2,2.95,36.72,10,0,0,0,Healthy,0
NB05102,Male,39.1,5.2,139,29,100.0,50.08,33.22,4.99,47.87,33.11,8,6,3,2.06,36.41,10,0,0,0,Healthy,0
NB05103,Female,38.55,5.2,188,45,94.7,49.89,34.51,5.5,50.33,34.37,10,8,3,3.57,36.62,9,0,0,1,Healthy,0
NB05104,Male,38.17,5.2,154,32,91.1,51.9,32.2,5.04,51.19,32.3,9,2,2,1.4,36.75,8,0,0,1,Healthy,0
NB05105,Male,38.88,5.2,148,47,91.6,44.75,34.82,5.24,43.59,34.64,8,9,5,3.95,36.4,10,0,0,0,Healthy,0
NB05106,Male,38.44,5.2,131,28,95.8,48.8,36.72,5.33,48.85,36.36,9,10,1,1.31,36.07,7,0,0,0,Healthy,0
NB05107,Female,35.73,5.2,133,34,97.2,44.08,30.33,5.19,42.1,30.38,8,10,0,1.39,36.21,7,0,0,0,Healthy,0
NB05108,Male,38.1,5.2,113,32,88.6,47.3,33.84,5.22,47.4,34.45,10,7,5,3.65,37.0,10,1,0,4,At Risk,0
NB05109,Female,35.64,5.2,172,48,91.7,52.28,29.72,5.07,53.58,29.76,7,5,2,4.54,36.5,6,0,1,6,At Risk,0
NB05110,Male,38.18,5.2,145,37,95.5,50.96,32.68,5.1,51.71,32.88,6,9,5,2.32,36.7,10,0,0,0,Healthy,0
NB05111,Male,36.94,5.2,143,46,90.1,50.55,34.11,5.29,51.92,34.8,9,5,2,5.58,36.82,9,0,0,0,Healthy,0
NB05112,Male,42.0,5.2,144,53,94.0,53.04,35.95,4.99,52.92,36.54,10,9,2,4.83,37.21,10,0,0,0,Healthy,0
NB05113,Female,37.91,5.2,178,60,96.5,51.04,34.85,5.5,51.69,35.97,9,7,4,2.69,36.67,7,0,0,1,Healthy,0
NB05114,Female,34.91,5.2,145,44,94.4,43.29,32.17,4.87,42.4,31.36,5,5,4,2.28,36.91,8,0,0,1,Healthy,0
NB05115,Male,37.7,5.2,137,31,92.4,51.41,33.5,5.27,49.67,33.05,10,10,3,3.45,36.29,9,0,0,0,Healthy,0
NB05116,Male,39.14,5.2,172,55,95.3,48.99,33.06,5.02,48.08,32.64,8,9,5,1.53,36.73,6,0,1,6,At Risk,0
NB05117,Male,41.68,5.2,138,57,96.8,51.85,37.41,5.32,51.31,36.45,10,8,3,6.45,36.36,8,0,0,0,Healthy,0
NB05118,Female,36.7,5.2,110,41,91.8,49.44,33.35,5.04,48.86,32.98,5,8,4,3.86,36.74,7,0,0,0,Healthy,0
NB05119,Female,34.52,5.2,113,55,96.2,47.1,29.07,5.35,48.53,29.57,10,7,3,5.65,36.86,7,0,0,0,Healthy,0
NB05120,Male,39.8,5.2,137,45,96.1,51.39,33.61,5.39,51.44,34.53,8,7,4,1.75,36.69,9,0,0,0,Healthy,0
NB05121,Female,34.96,5.2,145,25,96.8,44.14,27.52,5.41,46.48,27.85,12,8,3,5.89,36.61,7,0,0,0,Healthy,0
NB05122,Male,37.04,5.2,155,36,95.9,48.94,31.08,5.13,50.66,32.31,9,4,1,3.14,36.92,9,0,0,0,Healthy,0
NB05123,Female,37.43,5.2,123,37,95.5,51.01,32.93,5.5,50.2,32.54,9,6,3,5.01,36.62,10,0,0,0,Healthy,0
NB05124,Female,37.85,5.2,136,38,94.5,48.4,32.11,5.24,49.62,32.68,7,7,2,5.02,36.61,9,0,0,0,Healthy,0
NB05125,Male,39.52,5.2,125,33,94.0,53.59,33.61,5.22,54.84,34.11,7,6,5,5.57,36.33,8,0,0,0,Healthy,0
NB05126,Female,36.5,5.2,160,32,97.5,46.5,34.83,5.34,46.34,35.05,8,9,1,4.6,37.03,7,0,0,1,Healthy,0
NB05127,Female,37.4,5.2,163,55,94.7,49.07,34.92,4.9,49.29,34.96,8,11,4,2.95,36.78,6,0,1,6,At Risk,0
NB05128,Female,37.97,5.2,175,25,96.9,52.64,32.74,5.18,52.18,32.67,8,6,1,4.15,36.58,9,0,0,2,Healthy,0
NB05129,Female,38.33,5.2,146,35,96.8,48.53,35.22,5.3,51.12,35.82,9,8,1,2.5,36.33,9,0,0,1,Healthy,0
NB05130,Male,38.22,5.2,174,48,91.7,51.9,35.77,5.11,53.72,36.16,10,7,4,2.8,37.85,10,0,0,0,Healthy,0
NB05131,Male,38.96,5.2,128,36,93.9,54.41,35.4,5.22,54.32,35.7,9,8,3,3.67,35.44,9,0,0,3,At Risk,0
NB05132,Female,39.86,5.2,144,46,94.8,51.61,35.55,5.5,53.38,35.97,8,8,2,0.26,36.46,9,0,0,0,Healthy,0
NB05133,Female,38.86,5.2,121,38,95.3,49.32,36.05,5.07,49.08,36.11,7,9,2,5.01,36.58,9,0,0,0,Healthy,0
NB05134,Male,39.0,5.2,150,46,96.5,48.95,35.65,5.39,50.1,36.23,2,9,3,2.15,37.21,8,0,0,2,Healthy,0
NB05135,Female,34.52,5.2,145,32,95.6,49.08,29.54,5.1,49.53,29.23,9,11,4,0.84,36.66,6,0,1,6,At Risk,0
NB05136,Female,38.11,5.2,96,23,95.1,52.25,33.59,5.25,52.36,33.76,7,8,1,2.62,36.88,8,1,1,7,At Risk,0
NB05137,Male,39.05,5.2,160,38,93.5,53.45,33.71,5.34,52.63,33.79,7,4,4,4.8,36.6,9,0,0,0,Healthy,0
NB05138,Male,39.6,5.2,155,24,98.7,50.98,36.65,5.39,50.6,36.63,7,12,4,3.12,37.63,7,0,0,2,Healthy,0
NB05139,Female,36.48,5.2,130,41,96.2,50.3,31.86,5.3,51.11,32.01,9,13,5,0.36,36.98,10,0,0,0,Healthy,0
NB05140,Female,36.55,5.2,145,31,94.6,48.2,31.66,5.38,48.47,31.41,10,11,3,6.23,36.51,8,0,0,0,Healthy,0
NB05141,Female,36.74,5.2,113,31,93.6,46.7,34.46,5.19,46.56,36.1,7,7,2,2.64,37.12,6,0,1,6,At Risk,0
NB05142,Female,39.18,5.2,126,57,96.0,52.91,35.02,5.14,54.57,35.82,5,8,5,0.67,36.69,7,0,0,1,Healthy,0
NB05143,Female,40.27,5.2,170,45,95.1,54.91,38.56,5.44,55.24,39.36,9,8,5,1.51,37.62,10,0,0,0,Healthy,0
NB05144,Male,37.1,5.2,119,27,89.7,46.75,31.88,4.86,46.95,32.36,6,11,1,0.2,37.41,9,1,0,4,At Risk,0
NB05145,Male,40.0,5.2,140,42,91.5,49.32,34.42,5.15,48.98,35.1,7,10,5,4.61,36.93,7,0,0,0,Healthy,0
NB05146,Male,38.27,5.2,115,41,99.6,49.92,35.67,5.18,50.42,36.34,6,7,2,1.17,36.69,10,0,0,0,Healthy,0
NB05147,Male,37.73,5.2,146,21,96.3,51.27,31.69,5.27,52.06,31.63,8,9,5,1.41,36.51,9,0,0,2,Healthy,0
NB05148,Female,37.53,5.2,150,45,92.8,46.91,35.45,5.41,47.26,35.39,9,8,3,7.62,37.2,10,0,0,0,Healthy,0
NB05149,Male,39.64,5.2,153,52,93.7,51.53,33.14,5.27,52.32,32.77,9,8,3,2.5,37.45,10,0,0,1,Healthy,0
NB05150,Female,38.72,5.2,148,38,92.0,49.06,35.22,5.19,48.6,35.74,8,8,2,2.26,36.67,7,0,0,0,Healthy,0
NB05151,Female,42.0,5.2,166,39,93.2,54.6,33.84,5.4,53.72,32.92,11,8,4,3.88,37.0,8,0,0,0,Healthy,0
NB05152,Male,36.13,5.2,130,36,98.6,46.32,32.56,5.29,46.26,32.89,6,6,4,0.2,37.03,10,0,0,0,Healthy,0
NB05153,Female,39.14,5.2,121,46,94.4,52.17,32.54,5.26,52.8,32.45,6,5,3,5.31,37.2,10,0,0,0,Healthy,0
NB05154,Male,36.84,5.2,129,40,97.9,48.24,35.87,5.5,49.47,34.99,6,7,1,2.7,36.45,7,0,0,0,Healthy,0
NB05155,Female,36.09,5.2,116,40,100.0,46.0,30.85,5.42,48.44,31.12,13,9,0,4.16,37.0,10,0,0,0,Healthy,0
NB05156,Male,37.98,5.2,141,34,93.6,49.71,32.54,5.5,50.55,32.48,6,9,4,3.13,37.81,10,0,0,0,Healthy,0
NB05157,Female,38.3,5.2,137,62,90.5,46.0,34.81,4.84,44.17,35.16,10,10,1,4.54,36.84,10,0,0,0,Healthy,0
NB05158,Female,42.0,5.2,149,39,96.5,52.08,35.7,5.49,53.45,35.49,7,6,1,2.21,37.0,7,0,0,0,Healthy,0
NB05159,Male,37.59,5.2,111,49,92.1,49.91,34.57,5.5,50.53,33.8,10,6,2,3.62,36.97,7,0,0,0,Healthy,0
NB05160,Male,35.51,5.2,140,45,95.0,43.82,30.99,5.09,43.33,31.0,4,8,4,6.61,37.05,8,0,0,0,Healthy,0
NB05161,Male,38.6,5.2,162,16,95.6,45.0,33.04,5.21,46.02,32.62,7,9,6,0.2,36.28,9,0,0,2,Healthy,0
NB05162,Male,33.44,5.2,150,38,100.0,40.81,30.56,5.25,41.44,29.55,9,7,3,7.83,37.72,7,0,0,0,Healthy,0
NB05163,Male,37.8,5.2,106,30,96.1,52.07,31.83,5.14,51.79,32.44,9,6,2,4.91,36.84,10,0,0,1,Healthy,0
NB05164,Male,38.04,5.2,140,52,93.4,49.48,34.42,5.16,49.8,34.15,11,8,4,2.62,37.05,10,0,0,0,Healthy,0
NB05165,Female,39.75,5.2,127,29,97.2,50.11,36.34,5.5,49.41,36.36,5,3,1,0.71,36.84,8,0,0,0,Healthy,0
NB05166,Male,40.14,5.2,140,47,97.9,53.42,36.13,5.23,53.42,34.9,9,3,1,0.2,37.22,8,0,0,0,Healthy,0
NB05167,Female,36.89,5.2,133,52,99.2,47.79,33.99,5.35,46.69,33.83,9,7,3,1.1,36.57,10,0,0,0,Healthy,0
NB05168,Male,37.67,5.2,171,45,91.8,49.84,30.68,5.3,50.46,31.2,8,9,5,3.93,36.21,8,0,0,0,Healthy,0
NB05169,Male,36.31,5.2,142,42,99.5,48.13,31.93,5.25,48.71,30.8,8,4,4,2.47,36.75,7,0,0,1,Healthy,0
NB05170,Male,35.52,5.2,146,38,100.0,46.42,31.72,5.01,47.76,31.74,7,7,7,3.81,37.02,10,0,0,0,Healthy,0
NB05171,Male,38.68,5.2,139,41,99.4,50.8,36.46,5.42,52.01,36.13,6,5,2,4.39,36.64,10,0,0,0,Healthy,0
NB05172,Female,35.2,5.2,149,29,100.0,48.62,30.97,5.22,48.17,31.51,9,5,3,3.8,36.5,10,0,0,0,Healthy,0
NB05173,Female,37.09,5.2,136,44,93.5,48.41,29.71,4.92,49.0,29.52,10,6,0,0.57,36.96,9,0,0,0,Healthy,0
NB05174,Female,35.81,5.2,154,53,100.0,46.71,30.76,5.26,47.33,31.14,8,10,3,3.45,36.38,9,0,0,1,Healthy,0
NB05175,Female,39.21,5.2,133,33,93.3,50.0,33.65,5.29,49.4,34.13,8,9,3,3.38,37.24,8,0,0,0,Healthy,0
NB05176,Male,41.96,5.2,165,42,94.9,48.57,33.34,5.46,49.68,33.24,8,2,5,0.69,36.66,8,0,0,1,Healthy,0
NB05177,Female,35.14,5.2,149,41,93.4,47.59,33.25,4.96,47.47,33.64,12,2,3,0.2,37.02,8,0,0,1,Healthy,0
NB05178,Female,33.92,5.2,137,45,93.0,43.51,28.59,5.21,43.07,28.54,5,9,4,3.43,36.28,7,0,0,0,Healthy,0
NB05179,Male,37.73,5.2,155,37,95.0,50.61,34.28,5.09,50.64,34.58,9,12,2,3.38,37.41,7,0,0,0,Healthy,0
NB05180,Male,38.03,5.2,149,27,91.0,49.45,32.19,5.06,47.96,31.72,7,6,5,2.68,37.01,8,0,0,0,Healthy,0
NB05181,Female,38.48,5.2,155,31,92.6,50.24,36.4,5.28,48.67,35.93,7,6,4,1.98,37.08,9,0,0,0,Healthy,0
NB05182,Female,37.02,5.2,142,19,91.6,50.12,32.7,5.14,50.9,32.1,10,9,4,0.2,36.22,10,0,0,2,Healthy,0
NB05183,Female,37.56,5.2,136,50,100.0,47.35,32.77,5.33,46.89,33.03,9,8,3,3.29,36.46,6,0,1,6,At Risk,0
NB05184,Female,38.81,5.2,142,46,100.0,51.07,35.16,5.05,50.04,35.98,8,9,2,3.69,36.89,9,0,0,0,Healthy,0
NB05185,Male,40.29,5.2,131,42,100.0,52.2,33.89,5.2,50.77,34.57,10,7,4,2.96,36.31,6,0,1,6,At Risk,0
NB05186,Male,33.7,5.2,158,35,94.8,45.36,31.65,5.29,44.29,31.61,7,9,2,5.13,36.52,9,0,0,0,Healthy,0
NB05187,Male,37.19,5.2,166,40,95.1,47.01,32.51,5.31,46.44,32.51,11,7,3,1.66,37.14,6,0,1,6,At Risk,0
NB05188,Female,38.47,5.2,150,42,97.7,51.21,33.24,5.27,49.42,33.83,9,7,4,3.19,36.53,6,0,1,6,At Risk,0
NB05189,Female,35.98,5.2,166,37,90.5,49.19,32.25,5.22,50.05,33.15,10,4,6,3.99,36.97,9,0,0,0,Healthy,0
NB05190,Female,41.81,5.2,160,37,91.6,53.25,34.83,5.11,53.87,33.64,7,10,3,4.52,36.43,9,0,0,0,Healthy,0
NB05191,Female,36.6,5.2,135,55,89.4,46.2,32.54,5.5,45.6,32.33,7,9,3,1.91,37.07,6,1,1,10,High Risk,1
NB05192,Female,37.91,5.2,155,29,97.9,48.46,34.25,5.27,49.97,34.44,9,6,5,2.93,36.3,10,0,0,0,Healthy,0
NB05193,Male,39.22,5.2,117,52,92.0,50.58,31.19,5.0,50.07,31.27,5,6,2,4.21,37.07,8,0,0,0,Healthy,0
NB05194,Female,36.7,5.2,143,26,98.5,49.81,34.53,4.84,49.97,34.58,11,7,4,2.64,37.77,9,0,0,0,Healthy,0
NB05195,Female,33.94,5.2,119,58,93.4,42.78,32.18,5.47,44.31,33.42,7,6,6,5.7,36.56,10,0,0,0,Healthy,0
NB05196,Male,37.06,5.2,138,18,95.0,47.62,30.36,4.97,47.48,29.96,10,4,4,0.97,36.5,10,0,0,2,Healthy,0
NB05197,Male,40.26,5.2,114,47,94.4,50.83,32.37,5.27,51.83,32.1,9,8,5,3.46,37.31,8,0,0,0,Healthy,0
NB05198,Male,37.26,5.2,160,35,95.7,48.77,34.54,4.99,49.66,34.07,11,3,3,3.51,36.83,7,0,0,0,Healthy,0
NB05199,Male,36.14,5.2,133,40,93.3,45.32,33.64,5.26,45.03,32.79,6,9,2,1.01,36.27,10,0,0,0,Healthy,0
NB05200,Female,40.04,5.2,156,41,98.6,51.0,36.16,5.29,50.92,35.86,9,10,3,3.22,36.95,10,0,0,0,Healthy,0
NB05201,Male,37.27,5.2,139,48,94.4,48.32,31.15,5.39,47.16,30.68,9,7,3,2.72,36.9,10,0,0,0,Healthy,0
NB05202,Female,36.88,5.2,107,22,96.3,46.51,35.76,5.21,43.92,35.68,6,7,3,2.58,36.52,9,0,0,2,Healthy,0
NB05203,Male,38.33,5.2,131,42,95.4,49.66,32.9,5.21,49.09,33.52,7,3,2,1.08,36.5,10,0,0,0,Healthy,0
NB05204,Male,39.7,5.2,130,44,91.5,50.04,35.35,5.02,50.48,35.04,8,6,2,2.19,37.19,8,0,0,0,Healthy,0
NB05205,Female,42.0,5.2,140,35,99.7,54.19,36.98,5.18,53.17,37.58,7,3,2,4.81,36.36,9,0,0,0,Healthy,0
NB05206,Female,39.82,5.2,167,41,92.7,49.47,37.46,5.24,50.28,38.12,4,8,4,3.73,36.18,10,0,0,0,Healthy,0
NB05207,Male,40.55,5.2,170,35,97.8,52.08,35.77,5.24,51.83,35.82,5,5,4,0.2,36.45,9,0,0,1,Healthy,0
NB05208,Male,36.89,5.2,136,48,97.6,46.98,33.64,5.2,48.17,34.04,12,6,2,3.18,37.19,10,0,0,0,Healthy,0
NB05209,Female,35.74,5.2,117,46,89.8,46.37,32.1,5.02,45.5,32.7,10,4,1,4.29,36.68,6,1,1,10,High Risk,1
NB05210,Female,38.14,5.2,127,44,94.4,50.32,32.1,4.97,50.46,31.99,9,8,4,1.27,36.55,8,0,0,0,Healthy,0
NB05211,Female,38.24,5.2,149,49,97.0,50.28,30.49,5.5,49.27,30.46,8,7,2,0.84,36.77,10,0,0,1,Healthy,0
NB05212,Female,35.63,5.2,138,54,94.0,46.63,32.19,5.35,44.92,32.51,7,2,3,3.46,37.02,8,0,0,1,Healthy,0
NB05213,Male,37.61,5.2,112,32,94.6,48.71,31.41,5.5,48.65,31.79,9,1,1,3.59,37.49,10,0,0,1,Healthy,0
NB05214,Male,38.88,5.2,131,64,95.8,47.48,34.94,5.31,46.48,35.01,6,6,4,0.7,36.96,8,0,0,0,Healthy,0
NB05215,Male,38.79,5.2,164,46,93.7,53.12,34.58,5.36,53.26,35.13,10,8,6,4.26,37.68,10,0,0,0,Healthy,0
NB05216,Male,39.11,5.2,145,37,96.3,51.97,34.76,5.05,52.59,34.75,9,7,2,3.17,37.13,8,0,0,0,Healthy,0
NB05217,Female,38.64,5.2,141,65,95.1,51.48,32.67,5.5,50.22,33.1,8,8,0,1.5,36.67,7,0,0,0,Healthy,0
NB05218,Female,36.88,5.2,133,38,94.3,45.41,34.57,4.86,46.44,34.9,7,11,0,2.84,37.2,8,0,0,0,Healthy,0
NB05219,Female,36.87,5.2,132,30,91.6,47.39,33.72,5.36,46.39,33.44,7,6,5,4.2,37.09,10,0,0,0,Healthy,0
NB05220,Female,35.36,5.2,150,37,96.4,46.56,30.18,5.25,46.04,31.1,9,10,1,1.04,37.32,8,0,0,0,Healthy,0
NB05221,Male,41.93,5.2,143,36,86.6,49.27,39.65,5.5,48.81,40.31,6,6,6,1.46,37.13,5,1,1,10,High Risk,1
NB05222,Male,38.03,5.2,154,53,95.9,51.41,33.5,5.2,51.82,32.98,13,6,1,7.22,36.85,8,0,0,1,Healthy,0
NB05223,Male,37.51,5.2,150,41,95.1,52.06,31.45,5.24,52.83,31.95,7,6,3,4.23,36.58,9,0,0,0,Healthy,0
NB05224,Female,35.96,5.2,140,43,92.2,51.88,31.23,4.84,52.61,31.14,6,4,4,3.18,36.86,9,0,0,0,Healthy,0
NB05225,Female,42.0,5.2,147,43,90.1,51.11,34.34,4.85,50.61,34.9,10,9,3,0.2,36.13,10,0,0,0,Healthy,0
NB05226,Male,35.64,5.2,129,54,96.5,47.71,34.19,5.3,48.44,34.94,7,9,3,1.56,36.73,8,0,0,0,Healthy,0
NB05227,Male,37.06,5.2,139,39,94.1,51.4,34.76,5.46,52.45,35.19,7,2,2,4.18,36.27,8,0,0,1,Healthy,0
NB05228,Female,38.91,5.2,164,40,95.5,49.92,35.55,5.29,49.52,36.36,8,5,4,0.2,37.01,8,0,0,0,Healthy,0
NB05229,Female,39.32,5.2,140,35,88.6,49.65,35.55,5.2,48.29,35.99,7,10,4,4.97,37.18,8,1,0,4,At Risk,0
NB05230,Male,40.11,5.2,136,38,96.7,47.76,37.15,5.29,47.62,37.0,7,6,3,0.61,36.94,8,0,0,0,Healthy,0
NB05231,Female,41.98,5.2,144,47,98.3,55.44,36.22,5.27,56.79,35.06,8,7,3,4.66,36.73,7,0,0,0,Healthy,0
NB05232,Male,39.11,5.2,119,49,94.5,50.56,35.21,5.36,52.5,34.62,11,6,3,5.93,36.67,10,0,0,0,Healthy,0
NB05233,Female,35.68,5.2,144,59,91.9,46.05,30.96,5.04,44.12,30.7,8,4,0,4.73,37.34,10,0,0,0,Healthy,0
NB05234,Male,37.43,5.2,171,41,96.5,49.66,33.17,5.28,50.12,33.57,8,7,4,2.26,37.24,6,0,1,6,At Risk,0
NB05235,Female,38.68,5.2,125,39,94.0,50.52,34.95,5.03,51.08,34.28,10,3,4,3.88,36.32,8,0,0,0,Healthy,0
NB05236,Male,42.0,5.2,145,46,98.0,53.54,31.98,5.45,55.2,31.25,4,6,2,4.49,36.91,10,0,0,1,Healthy,0
NB05237,Female,34.92,5.2,140,37,95.1,46.4,30.72,5.01,46.77,30.55,9,9,4,2.79,36.95,9,0,0,0,Healthy,0
NB05238,Male,40.65,5.2,139,36,87.5,55.23,35.9,5.19,55.61,35.8,9,7,2,2.26,36.71,8,1,0,4,At Risk,0
NB05239,Male,38.4,5.2,139,45,86.8,49.69,33.96,5.35,49.53,34.11,8,5,4,4.86,36.19,10,1,0,4,At Risk,0
NB05240,Female,39.84,5.2,153,38,92.5,54.5,34.41,4.97,53.74,35.26,7,5,1,3.25,35.88,8,0,0,2,Healthy,0
NB05241,Female,37.78,5.2,120,39,96.6,50.53,34.53,5.07,50.16,34.31,8,8,2,1.53,36.88,9,0,0,0,Healthy,0
NB05242,Male,36.15,5.2,152,48,93.3,48.63,31.44,5.5,49.23,31.44,7,10,4,1.33,36.04,9,0,0,0,Healthy,0
NB05243,Male,39.65,5.2,141,45,96.7,50.86,33.12,5.42,49.89,33.73,9,9,2,3.67,36.56,7,0,0,0,Healthy,0
NB05244,Male,39.44,5.2,108,62,92.7,52.84,36.58,5.3,54.25,36.12,8,7,0,2.27,37.11,8,0,0,0,Healthy,0
NB05245,Female,40.14,5.2,147,51,100.0,51.75,36.86,5.36,52.22,37.64,10,7,4,4.34,36.99,9,0,0,0,Healthy,0
NB05246,Female,37.97,5.2,142,34,94.3,47.71,32.88,4.89,46.35,32.37,7,6,2,3.42,36.53,10,0,0,0,Healthy,0
NB05247,Male,36.68,5.2,124,38,95.9,46.48,32.77,5.36,46.95,32.6,8,2,3,1.6,37.2,10,0,0,1,Healthy,0
NB05248,Female,34.57,5.2,143,28,91.6,47.36,32.67,5.5,46.99,32.32,10,5,4,1.95,37.04,8,0,0,0,Healthy,0
NB05249,Female,39.8,5.2,116,32,93.5,49.41,35.13,5.13,51.27,36.15,9,5,3,0.98,36.58,9,0,0,0,Healthy,0
NB05250,Female,38.93,5.2,128,55,96.7,50.31,35.25,5.5,48.94,35.4,8,5,4,4.17,37.48,10,0,0,0,Healthy,0
NB05251,Male,35.88,5.2,141,39,94.8,49.8,33.03,5.14,49.88,33.0,7,9,2,3.52,37.02,9,0,0,0,Healthy,0
NB05252,Female,36.82,5.2,110,28,85.3,49.14,32.49,5.25,48.5,31.86,8,7,6,4.14,36.45,7,1,0,5,At Risk,0
NB05253,Male,36.97,5.2,119,23,96.7,47.23,33.86,4.96,48.13,34.64,14,5,4,6.74,35.88,9,0,0,4,At Risk,0
NB05254,Male,34.74,5.2,122,27,97.1,49.48,30.07,5.32,50.63,30.65,10,9,5,2.98,36.9,10,0,0,0,Healthy,0
NB05255,Male,36.2,5.2,141,34,97.6,49.08,33.13,5.26,47.91,32.81,9,11,2,3.14,36.57,8,0,0,0,Healthy,0
NB05256,Female,35.51,5.2,148,42,98.8,49.39,31.94,5.19,49.76,32.05,8,9,3,3.78,36.81,7,0,0,0,Healthy,0
NB05257,Female,37.09,5.2,124,38,95.6,44.25,32.62,5.06,46.16,32.95,11,14,2,1.06,36.69,7,0,0,0,Healthy,0
NB05258,Female,36.37,5.2,123,49,100.0,48.8,30.79,5.28,49.87,31.08,4,7,2,1.15,35.81,9,0,0,2,Healthy,0
NB05259,Female,34.42,5.2,142,33,95.8,48.06,31.49,5.1,49.83,31.29,10,11,2,2.67,36.67,6,0,1,6,At Risk,0
NB05260,Male,42.0,5.2,142,54,86.9,56.6,36.66,5.45,57.16,37.66,8,9,5,0.42,36.3,7,1,0,4,At Risk,0
NB05261,Female,40.76,5.2,127,41,95.8,49.15,34.47,5.28,47.98,34.43,9,11,2,3.79,36.57,6,0,1,6,At Risk,0
NB05262,Male,36.29,5.2,173,47,98.9,50.47,30.21,5.13,49.05,30.18,11,6,4,3.42,36.54,7,0,0,0,Healthy,0
NB05263,Male,38.6,5.2,143,37,90.2,53.43,31.75,5.43,53.06,32.43,11,6,1,1.48,36.83,8,0,0,0,Healthy,0
NB05264,Male,38.92,5.2,137,52,94.1,46.39,34.06,5.14,45.89,34.59,8,9,2,0.88,36.93,6,0,1,6,At Risk,0
NB05265,Female,40.62,5.2,133,29,99.2,52.92,36.09,5.42,54.83,36.73,8,5,5,0.6,37.01,8,0,0,0,Healthy,0
NB05266,Male,36.2,5.2,158,30,93.0,49.21,35.31,5.25,51.41,36.54,6,3,4,4.72,35.72,7,0,0,2,Healthy,0
NB05267,Male,40.4,5.2,150,32,94.2,51.11,35.41,4.85,51.99,35.11,8,2,3,0.84,37.44,8,0,0,1,Healthy,0
NB05268,Male,36.79,5.2,109,54,97.7,47.53,30.52,5.35,48.36,30.7,11,7,2,2.46,36.07,7,0,0,0,Healthy,0
NB05269,Male,35.06,5.2,127,40,90.5,48.29,31.43,5.22,47.6,31.05,7,10,2,1.91,36.79,10,0,0,1,Healthy,0
NB05270,Female,39.59,5.2,132,33,95.0,49.8,36.79,5.34,50.51,36.57,4,8,4,3.52,36.43,9,0,0,0,Healthy,0
NB05271,Female,40.84,5.2,140,40,91.6,51.72,34.76,5.27,50.5,34.38,6,5,1,4.73,36.93,7,0,0,0,Healthy,0
NB05272,Female,42.0,5.2,151,44,94.1,54.82,38.28,5.27,53.91,38.33,7,6,5,2.17,35.98,10,0,0,3,At Risk,0
NB05273,Female,35.36,5.2,121,31,95.8,50.73,32.22,5.24,52.44,32.8,7,7,5,6.32,37.5,7,0,0,0,Healthy,0
NB05274,Male,39.54,5.2,139,44,98.7,52.06,35.85,5.5,52.56,35.73,9,3,3,3.23,36.64,9,0,0,0,Healthy,0
NB05275,Female,37.1,5.2,171,41,96.1,49.06,35.96,5.34,49.97,36.14,9,8,3,2.86,37.03,10,0,0,1,Healthy,0
NB05276,Female,39.72,5.2,141,37,93.0,50.12,32.25,4.88,47.86,31.81,10,7,4,1.95,36.44,9,0,0,0,Healthy,0
NB05277,Male,34.76,5.2,128,29,99.2,44.67,32.88,4.93,44.41,32.53,7,8,3,3.09,37.55,7,0,0,0,Healthy,0
NB05278,Female,35.22,5.2,116,51,97.2,49.32,31.71,5.32,49.0,30.99,9,6,4,4.77,36.18,8,0,0,0,Healthy,0
NB05279,Male,36.29,5.2,131,37,88.2,47.76,31.18,5.12,49.04,31.07,6,6,2,6.42,35.62,8,1,0,6,At Risk,0
NB05280,Female,38.17,5.2,121,15,97.9,52.06,33.77,5.44,53.21,33.77,7,3,5,3.54,37.41,8,0,0,2,Healthy,0
NB05281,Female,36.59,5.2,133,46,95.2,47.67,35.35,5.29,48.76,35.42,8,9,5,1.37,36.27,8,0,0,0,Healthy,0
NB05282,Male,39.45,5.2,150,46,94.9,49.61,36.82,5.31,49.93,36.46,8,7,4,2.91,36.77,8,0,0,0,Healthy,0
NB05283,Male,40.26,5.2,141,51,99.2,52.47,32.38,5.05,54.09,32.67,10,9,1,0.2,37.5,9,0,0,0,Healthy,0
NB05284,Male,39.32,5.2,131,46,94.3,50.63,33.57,5.34,50.04,33.54,9,4,1,4.75,36.62,9,0,0,0,Healthy,0
NB05285,Male,41.56,5.2,108,43,98.1,50.39,37.71,5.26,50.31,37.3,8,9,3,3.77,36.92,10,0,0,0,Healthy,0
NB05286,Male,38.91,5.2,155,37,99.5,54.06,34.41,5.04,56.01,34.57,12,8,4,3.79,37.17,7,0,0,0,Healthy,0
NB05287,Female,35.32,5.2,134,37,95.2,45.94,31.9,5.04,46.24,32.04,6,6,2,1.36,36.81,7,0,0,0,Healthy,0
NB05288,Male,41.0,5.2,142,49,96.6,54.15,33.55,5.5,55.64,33.56,10,10,2,0.2,37.39,10,0,0,1,Healthy,0
NB05289,Male,36.67,5.2,124,40,97.4,50.09,31.75,5.34,49.83,32.51,8,4,6,2.05,37.12,8,0,0,0,Healthy,0
NB05290,Female,40.0,5.2,133,28,96.6,48.88,33.16,5.15,49.21,33.49,9,9,3,1.75,36.4,9,0,0,0,Healthy,0
NB05291,Female,41.46,5.2,130,39,98.1,50.71,33.74,5.12,51.97,35.42,6,8,2,2.37,37.13,9,0,0,0,Healthy,0
NB05292,Male,39.0,5.2,116,41,91.3,49.9,32.62,5.23,51.43,32.45,6,7,0,4.65,36.78,8,0,0,0,Healthy,0
NB05293,Male,34.71,5.2,124,22,92.8,44.91,30.1,5.29,45.02,30.24,7,9,5,3.96,36.79,8,0,0,2,Healthy,0
NB05294,Male,35.98,5.2,140,49,90.6,51.23,31.24,4.96,50.06,30.65,8,9,5,7.11,36.95,8,0,0,0,Healthy,0
NB05295,Female,40.91,5.2,145,42,100.0,51.82,34.57,5.21,51.11,34.37,6,8,1,1.25,37.21,6,0,1,6,At Risk,0
NB05296,Female,37.63,5.2,128,28,89.1,51.04,35.07,4.82,50.86,34.03,7,10,1,3.66,36.37,8,1,0,4,At Risk,0
NB05297,Female,38.18,5.2,118,39,99.6,50.78,32.56,5.23,51.46,32.95,9,2,6,3.36,37.39,10,0,0,1,Healthy,0
NB05298,Male,39.67,5.2,134,41,96.7,51.63,37.11,5.5,51.06,37.77,7,6,5,5.02,37.36,8,0,0,0,Healthy,0
NB05299,Female,39.53,5.2,154,51,91.9,51.06,34.15,4.97,51.72,34.08,11,6,1,5.92,36.52,9,0,0,0,Healthy,0
NB05300,Female,38.61,5.2,123,51,90.6,52.63,34.89,5.2,53.12,33.99,7,5,3,0.2,37.59,8,0,0,0,Healthy,0
NB05301,Female,37.54,5.2,140,53,94.9,47.54,34.19,5.19,47.28,35.57,8,9,3,4.14,36.72,10,0,0,0,Healthy,0
NB05302,Male,37.31,5.2,128,46,94.2,52.43,31.97,5.01,50.75,31.81,7,7,1,5.98,37.06,10,0,0,0,Healthy,0
NB05303,Male,39.89,5.2,160,35,96.4,48.72,34.63,5.14,49.43,34.44,5,6,5,2.16,36.59,9,0,0,0,Healthy,0
NB05304,Male,39.22,5.2,131,33,87.3,52.26,33.9,4.97,50.77,34.46,8,7,5,3.67,37.17,9,1,0,4,At Risk,0
NB05305,Female,37.43,5.2,152,35,94.3,46.28,33.96,5.04,47.33,33.47,6,10,1,3.5,36.6,8,0,0,1,Healthy,0
NB05306,Female,40.38,5.2,158,41,91.9,51.11,35.27,5.26,53.47,34.94,10,12,4,0.2,36.87,6,0,1,6,At Risk,0
NB05307,Female,37.72,5.2,168,42,99.5,49.53,32.48,5.31,49.75,32.99,8,10,2,4.53,35.62,6,0,1,8,High Risk,0
NB05308,Female,36.13,5.2,116,52,96.4,46.94,32.67,5.16,46.63,33.54,8,5,3,5.66,36.59,8,0,0,0,Healthy,0
NB05309,Female,36.33,5.2,115,39,93.2,47.73,33.14,5.5,49.45,33.08,7,5,2,5.49,36.55,7,0,0,0,Healthy,0
NB05310,Male,35.85,5.2,161,22,100.0,44.89,35.07,5.38,44.82,34.31,10,7,3,3.26,35.95,10,0,0,4,At Risk,0
NB05311,Female,37.4,5.2,158,30,93.5,47.09,33.48,5.5,47.55,34.14,8,8,5,4.31,37.15,7,0,0,1,Healthy,0
NB05312,Male,40.71,5.2,129,32,94.6,53.04,35.71,5.21,53.91,34.41,6,9,4,6.48,36.63,9,0,0,0,Healthy,0
NB05313,Female,36.23,5.2,82,32,95.9,48.07,33.2,5.02,47.46,33.6,10,8,5,2.82,35.98,8,1,1,8,High Risk,0
NB05314,Female,38.41,5.2,141,15,98.2,48.59,32.67,5.19,50.31,31.96,9,7,4,1.27,37.07,6,0,1,8,High Risk,0
NB05315,Male,36.56,5.2,113,58,95.0,50.95,30.2,5.5,52.28,30.08,6,9,3,3.49,37.29,8,0,0,0,Healthy,0
NB05316,Male,37.43,5.2,125,20,100.0,46.64,32.93,5.03,49.09,33.21,7,6,5,2.08,36.74,9,0,0,2,Healthy,0
NB05317,Female,34.68,5.2,143,36,93.6,45.89,33.08,5.4,46.67,32.6,12,9,5,4.18,36.12,9,0,0,0,Healthy,0
NB05318,Female,37.51,5.2,146,49,91.6,48.15,35.31,5.02,48.02,35.14,9,7,0,6.84,35.95,8,0,0,2,Healthy,0
NB05319,Male,37.57,5.2,168,48,100.0,50.45,30.68,5.16,49.43,30.52,14,9,5,4.92,36.25,9,0,0,0,Healthy,0
NB05320,Male,39.19,5.2,133,27,93.9,50.77,35.63,5.13,51.1,35.66,11,2,3,4.04,36.43,7,0,0,1,Healthy,0
NB05321,Female,38.49,5.2,122,54,97.1,49.83,30.87,5.05,50.13,31.07,13,6,3,4.44,37.57,8,0,0,0,Healthy,0
NB05322,Female,35.36,5.2,157,53,97.7,43.54,32.64,5.39,45.0,32.74,7,7,2,1.69,36.71,10,0,0,0,Healthy,0
NB05323,Female,40.39,5.2,147,40,100.0,53.48,36.07,5.5,53.49,36.18,13,10,2,3.6,36.23,7,0,0,0,Healthy,0
NB05324,Male,38.46,5.2,133,42,94.0,49.58,31.54,5.41,49.06,32.28,6,10,5,1.53,36.52,10,0,0,0,Healthy,0
NB05325,Male,38.44,5.2,141,33,96.8,50.22,35.61,5.24,48.63,36.57,8,6,1,1.75,37.28,7,0,0,0,Healthy,0
NB05326,Male,37.98,5.2,133,45,92.3,48.08,36.4,4.93,48.19,36.78,7,9,4,3.38,37.05,7,0,0,0,Healthy,0
NB05327,Male,36.86,5.2,152,44,93.3,46.76,32.91,5.26,46.25,33.18,8,9,2,0.24,36.82,9,0,0,0,Healthy,0
NB05328,Male,38.48,5.2,170,37,92.3,53.03,34.35,5.36,52.83,33.53,9,8,4,0.2,36.72,10,0,0,1,Healthy,0
NB05329,Female,39.05,5.2,127,48,98.0,47.0,36.75,5.21,46.99,35.42,8,6,1,7.05,36.8,7,0,0,0,Healthy,0
NB05330,Female,34.16,5.2,148,45,98.2,44.03,29.42,5.5,44.33,29.31,9,9,2,3.31,36.87,6,0,1,6,At Risk,0
NB05331,Female,36.81,5.2,112,74,96.3,51.49,31.32,5.19,50.78,32.34,7,9,2,3.98,36.71,10,0,0,1,Healthy,0
NB05332,Male,37.44,5.2,121,33,92.3,50.38,32.15,5.11,49.89,32.1,9,8,4,4.74,36.85,7,0,0,0,Healthy,0
NB05333,Male,38.56,5.2,150,55,92.7,49.46,34.25,5.43,51.11,34.78,9,5,2,3.6,36.66,7,0,0,0,Healthy,0
NB05334,Female,40.63,5.2,139,33,92.5,54.46,35.69,5.4,54.4,35.67,7,9,4,4.43,36.41,9,0,0,0,Healthy,0
NB05335,Male,36.3,5.2,120,47,96.2,48.97,31.78,5.5,49.88,31.98,8,10,5,3.74,36.68,8,0,0,1,Healthy,0
NB05336,Female,36.9,5.2,140,16,89.5,49.08,32.58,5.33,48.89,32.3,6,8,3,5.05,36.95,9,1,0,6,At Risk,0
NB05337,Male,36.87,5.2,156,37,93.6,49.04,32.2,5.07,48.98,32.75,8,9,3,4.4,36.47,7,0,0,0,Healthy,0
NB05338,Male,36.24,5.2,114,47,90.3,48.94,31.83,4.71,50.17,31.94,9,11,4,4.43,36.99,8,0,0,0,Healthy,0
NB05339,Male,37.24,5.2,171,44,96.8,49.92,32.11,4.89,49.59,31.74,10,9,2,4.31,37.17,7,0,0,1,Healthy,0
NB05340,Female,39.7,5.2,150,22,91.5,55.52,33.85,5.11,56.59,33.0,6,5,2,1.09,36.95,7,0,0,2,Healthy,0
NB05341,Male,35.68,5.2,151,38,100.0,47.12,29.18,5.5,47.92,29.73,6,7,1,2.68,36.55,8,0,0,1,Healthy,0
NB05342,Female,38.94,5.2,140,57,98.7,50.12,34.12,5.47,49.93,34.45,9,6,5,2.45,36.84,10,0,0,0,Healthy,0
NB05343,Female,34.26,5.2,171,52,94.7,43.76,28.25,5.15,42.81,28.47,9,7,4,4.67,36.87,9,0,0,0,Healthy,0
NB05344,Male,36.77,5.2,157,52,96.4,48.38,34.06,5.39,49.36,33.64,10,11,1,5.0,36.89,8,0,0,0,Healthy,0
NB05345,Male,37.28,5.2,133,66,96.6,52.67,32.45,4.95,52.25,33.01,13,6,2,4.21,37.47,8,0,0,1,Healthy,0
NB05346,Female,41.68,5.2,154,25,91.6,54.89,36.2,5.48,54.79,35.87,6,4,3,1.28,36.28,6,0,1,8,High Risk,0
NB05347,Female,37.4,5.2,127,38,99.3,47.97,32.82,5.17,47.63,33.46,7,7,3,2.93,36.89,10,0,0,0,Healthy,0
NB05348,Female,33.16,5.2,135,42,94.7,45.3,30.04,5.36,43.78,29.58,8,5,4,1.65,36.62,10,0,0,0,Healthy,0
NB05349,Male,33.6,5.2,166,35,92.3,43.05,32.62,5.34,43.27,31.97,8,7,2,4.45,36.24,10,0,0,0,Healthy,0
NB05350,Male,38.07,5.2,147,43,96.9,47.73,31.83,5.32,45.83,31.91,9,7,5,5.34,36.23,9,0,0,0,Healthy,0
NB05351,Male,39.35,5.2,152,55,91.1,51.11,32.31,4.99,51.94,32.81,11,9,1,2.03,37.19,10,0,0,0,Healthy,0
NB05352,Female,38.83,5.2,161,43,97.3,49.35,34.56,5.11,50.2,35.13,13,5,5,3.74,36.17,9,0,0,0,Healthy,0
NB05353,Female,38.37,5.2,150,20,96.2,47.84,33.31,5.44,47.93,33.53,6,10,3,4.45,36.93,9,0,0,2,Healthy,0
NB05354,Female,40.56,5.2,125,49,92.7,52.88,36.13,5.33,51.85,36.92,9,4,1,2.94,36.86,8,0,0,0,Healthy,0
NB05355,Male,36.81,5.2,170,42,98.3,48.37,34.04,5.01,49.11,34.31,11,4,3,3.85,36.41,9,0,0,0,Healthy,0
NB05356,Male,39.97,5.2,149,20,97.5,48.24,33.52,5.31,44.73,33.67,7,6,2,4.65,37.18,10,0,0,2,Healthy,0
NB05357,Female,34.41,5.2,151,36,93.9,42.22,32.19,5.02,42.41,30.89,9,9,4,2.35,36.27,10,0,0,1,Healthy,0
NB05358,Female,36.01,5.2,141,25,96.9,46.67,30.87,4.98,48.16,30.35,7,2,5,3.38,36.55,7,0,0,4,At Risk,0
NB05359,Female,34.02,5.2,160,39,90.3,42.85,31.13,5.11,43.35,31.86,5,8,0,3.05,36.31,7,0,0,0,Healthy,0
NB05360,Male,37.4,5.2,174,37,96.7,45.32,31.52,5.21,44.88,31.06,7,7,4,6.05,37.14,9,0,0,0,Healthy,0
NB05361,Female,37.9,5.2,133,27,89.9,51.77,33.93,4.99,50.77,33.86,8,6,3,1.06,37.33,8,1,0,4,At Risk,0
NB05362,Male,38.25,5.2,159,45,95.4,49.63,33.94,5.41,52.3,33.8,11,5,2,1.6,36.91,9,0,0,0,Healthy,0
NB05363,Male,38.14,5.2,141,31,97.4,49.19,32.24,5.09,48.98,31.72,9,6,5,4.25,37.94,8,0,0,0,Healthy,0
NB05364,Male,35.96,5.2,104,55,96.2,47.39,30.33,5.22,47.38,30.06,9,10,3,1.29,37.0,8,0,0,0,Healthy,0
NB05365,Female,37.58,5.2,115,44,100.0,46.95,34.63,5.32,46.63,34.7,8,12,3,2.77,37.08,10,0,0,0,Healthy,0
NB05366,Female,34.71,5.2,148,39,92.2,47.46,30.81,5.5,46.7,30.21,9,6,4,2.36,37.25,8,0,0,0,Healthy,0
NB05367,Female,41.0,5.2,158,55,96.4,52.04,37.42,5.35,49.74,37.3,9,7,4,6.31,36.5,9,0,0,0,Healthy,0
NB05368,Female,37.33,5.2,151,45,87.5,47.48,32.52,5.17,47.09,32.19,5,7,7,4.2,36.98,6,1,1,10,High Risk,1
NB05369,Male,36.92,5.2,154,45,93.2,47.42,35.0,5.03,47.52,35.16,9,8,5,1.49,36.36,10,0,0,1,Healthy,0
NB05370,Male,41.5,5.2,187,41,93.9,50.29,34.82,4.98,49.45,35.46,8,11,0,4.96,36.21,6,0,1,7,At Risk,0
NB05371,Male,35.27,5.2,150,39,100.0,46.33,34.1,5.03,43.93,35.02,10,6,5,4.89,37.29,8,0,0,1,Healthy,0
NB05372,Female,35.52,5.2,135,46,94.9,46.89,32.33,5.2,47.34,32.48,6,8,3,2.1,36.42,10,0,0,0,Healthy,0
NB05373,Male,35.59,5.2,138,57,98.2,46.56,32.71,5.47,46.73,32.2,11,7,2,2.88,36.88,7,0,0,0,Healthy,0
NB05374,Male,37.85,5.2,169,15,91.8,49.58,32.19,5.2,51.26,33.14,6,4,1,5.59,37.53,8,0,0,2,Healthy,0
NB05375,Female,38.95,5.2,117,61,93.8,50.3,35.56,5.12,50.36,35.89,10,10,5,3.38,35.99,10,0,0,3,At Risk,0
NB05376,Male,39.63,5.2,162,32,92.1,51.53,36.08,5.25,49.79,35.85,7,9,1,0.2,37.09,8,0,0,0,Healthy,0
NB05377,Female,42.0,5.2,140,44,91.5,55.09,36.11,5.5,56.56,36.01,9,10,3,0.2,36.79,10,0,0,0,Healthy,0
NB05378,Female,33.05,5.2,125,25,91.8,46.33,27.13,5.08,47.84,26.83,11,4,5,0.2,36.77,7,0,0,2,Healthy,0
NB05379,Female,39.34,5.2,114,57,92.9,52.71,33.07,5.32,51.53,33.6,9,8,3,2.72,36.83,9,0,0,0,Healthy,0
NB05380,Male,36.77,5.2,167,28,100.0,46.8,31.27,5.16,47.52,31.96,7,9,2,3.33,36.81,10,0,0,0,Healthy,0
NB05381,Female,36.71,5.2,125,53,94.8,47.42,33.57,5.27,49.05,33.87,7,8,3,4.29,37.04,10,0,0,0,Healthy,0
NB05382,Female,36.64,5.2,141,40,90.3,49.68,32.15,5.36,51.52,32.9,7,9,2,3.97,36.33,10,0,0,0,Healthy,0
NB05383,Male,36.0,5.2,122,40,93.2,49.14,31.73,5.5,50.68,31.79,6,10,2,1.65,37.03,10,0,0,0,Healthy,0
NB05384,Female,41.71,5.2,175,29,98.6,51.58,35.54,5.22,52.08,37.05,8,4,5,3.28,36.29,9,0,0,0,Healthy,0
NB05385,Male,39.85,5.2,142,54,92.5,52.49,37.3,5.46,52.63,37.32,11,9,1,3.24,37.75,7,0,0,0,Healthy,0
NB05386,Male,38.05,5.2,116,41,100.0,47.76,33.9,5.31,47.36,32.84,10,7,3,2.51,36.75,7,0,0,0,Healthy,0
NB05387,Male,40.97,5.2,132,49,98.6,53.24,36.18,4.97,52.79,36.83,11,3,4,6.33,36.88,8,0,0,0,Healthy,0
NB05388,Male,34.67,5.2,165,21,94.3,46.55,30.54,5.19,45.47,30.4,10,1,1,1.25,37.6,9,0,0,3,At Risk,0
NB05389,Female,35.07,5.2,122,33,92.7,44.2,31.71,5.5,44.86,32.45,4,5,3,3.69,36.45,8,0,0,0,Healthy,0
NB05390,Male,33.21,5.2,133,45,91.7,44.42,28.98,5.21,44.44,29.26,7,10,3,1.48,36.79,10,0,0,0,Healthy,0
NB05391,Male,36.46,5.2,161,26,95.7,52.58,33.24,5.17,52.36,32.93,9,7,4,0.7,36.17,9,0,0,0,Healthy,0
NB05392,Male,38.36,5.2,146,46,96.5,50.33,32.33,5.17,50.38,32.37,7,7,1,0.99,36.36,9,0,0,0,Healthy,0
NB05393,Male,38.23,5.2,118,35,99.7,54.4,35.07,5.14,55.71,34.3,7,8,5,3.59,36.16,9,0,0,0,Healthy,0
NB05394,Female,38.33,5.2,144,34,96.2,47.01,32.93,4.95,47.91,32.57,8,7,4,0.65,37.16,7,0,0,0,Healthy,0
NB05395,Female,34.9,5.2,137,47,93.8,48.31,33.05,4.77,46.52,33.35,8,5,1,1.04,37.06,7,0,0,0,Healthy,0
NB05396,Female,39.77,5.2,141,44,99.8,46.12,37.9,5.08,48.76,38.45,9,10,2,4.69,36.6,8,0,0,0,Healthy,0
NB05397,Female,38.53,5.2,157,31,97.9,50.07,34.17,5.16,51.4,34.75,6,3,4,3.65,36.57,8,0,0,0,Healthy,0
NB05398,Female,39.61,5.2,144,53,92.6,52.31,36.9,5.34,52.02,36.62,3,10,5,5.01,37.24,8,0,0,1,Healthy,0
NB05399,Female,33.84,5.2,138,47,94.7,47.53,32.01,5.16,47.73,32.75,6,3,2,2.57,36.8,9,0,0,0,Healthy,0
NB05400,Female,38.69,5.2,137,22,97.3,48.62,32.13,5.26,48.71,32.25,11,6,2,3.57,36.41,9,0,0,2,Healthy,0
NB05401,Male,35.39,5.2,159,39,96.1,49.33,32.14,4.99,48.49,32.59,8,4,4,3.16,37.28,8,0,0,0,Healthy,0
NB05402,Male,37.13,5.2,127,46,91.5,47.75,33.94,4.89,47.57,34.68,7,5,2,2.85,36.74,10,0,0,0,Healthy,0
NB05403,Female,39.18,5.2,101,41,95.6,50.33,35.52,5.3,49.52,35.77,11,4,2,4.2,37.1,7,0,0,1,Healthy,0
NB05404,Male,38.2,5.2,136,15,92.6,48.91,34.21,5.36,50.03,33.75,5,9,4,1.16,36.83,9,0,0,2,Healthy,0
NB05405,Male,36.13,5.2,147,43,95.2,45.64,32.74,5.43,44.18,33.55,10,7,3,2.31,37.73,10,0,0,0,Healthy,0
NB05406,Male,38.01,5.2,133,50,90.5,52.75,33.82,5.47,52.3,34.18,9,8,7,5.73,36.71,7,0,0,0,Healthy,0
NB05407,Male,34.63,5.2,131,41,91.9,46.66,31.64,5.49,45.87,31.99,10,4,1,2.14,35.9,7,0,0,2,Healthy,0
NB05408,Female,40.53,5.2,133,43,100.0,54.05,33.74,5.37,56.03,33.12,9,6,1,6.3,36.7,10,0,0,0,Healthy,0
NB05409,Female,37.55,5.2,140,52,93.5,51.28,33.13,5.12,52.28,33.95,10,9,2,2.88,36.92,10,0,0,0,Healthy,0
NB05410,Male,40.46,5.2,117,26,98.9,49.88,33.34,5.29,50.58,33.7,9,8,5,4.95,37.01,7,0,0,0,Healthy,0
NB05411,Male,36.84,5.2,152,49,94.6,50.99,32.24,5.17,52.29,31.53,9,4,4,2.64,37.16,9,0,0,0,Healthy,0
NB05412,Male,36.85,5.2,92,45,90.8,49.57,32.11,5.18,49.81,32.08,9,6,4,0.62,36.54,10,1,1,6,At Risk,0
NB05413,Female,36.32,5.2,150,26,91.2,46.01,31.64,5.31,46.05,31.69,6,8,4,4.42,37.5,8,0,0,0,Healthy,0
NB05414,Female,39.93,5.2,146,49,92.2,52.23,33.57,5.48,52.31,33.7,6,12,2,2.78,37.23,10,0,0,0,Healthy,0
NB05415,Female,36.44,5.2,149,60,100.0,46.15,33.11,5.38,45.88,33.09,13,10,4,5.92,36.86,10,0,0,0,Healthy,0
NB05416,Female,39.42,5.2,105,45,94.2,54.09,34.32,5.23,54.98,34.42,7,12,4,4.27,36.49,10,0,0,1,Healthy,0
NB05417,Male,37.16,5.2,145,48,95.6,50.47,32.58,5.25,51.63,33.25,6,8,5,2.5,37.67,8,0,0,0,Healthy,0
NB05418,Male,33.65,5.2,130,31,97.4,45.55,28.65,5.3,46.43,28.7,7,6,3,4.67,37.13,5,0,1,6,At Risk,0
NB05419,Male,36.75,5.2,169,36,96.8,51.0,32.47,5.47,50.76,32.24,7,9,2,0.4,36.58,6,0,1,6,At Risk,0
NB05420,Female,35.41,5.2,147,32,98.0,44.1,33.7,5.5,43.74,33.89,6,12,2,3.46,37.43,9,0,0,0,Healthy,0
NB05421,Male,38.07,5.2,119,46,93.2,48.17,35.59,5.26,50.61,36.35,9,5,4,4.83,36.9,9,0,0,0,Healthy,0
NB05422,Male,35.38,5.2,110,37,90.9,46.74,32.53,5.19,46.57,33.07,8,3,1,2.44,37.48,10,0,0,0,Healthy,0
NB05423,Female,40.04,5.2,129,36,91.7,55.9,34.78,5.26,57.51,33.49,6,2,3,2.34,36.42,8,0,0,1,Healthy,0
NB05424,Female,37.8,5.2,155,49,89.6,47.28,34.5,5.44,47.09,33.82,7,11,5,0.2,36.71,7,1,0,4,At Risk,0
NB05425,Male,37.61,5.2,161,59,93.2,45.83,32.53,5.33,45.67,31.55,6,9,3,5.65,37.42,10,0,0,0,Healthy,0
NB05426,Female,39.44,5.2,143,41,82.0,48.01,34.36,5.13,48.64,34.72,7,8,6,3.23,36.5,10,1,1,6,At Risk,0
NB05427,Male,40.12,5.2,141,26,97.5,53.32,34.17,5.23,55.05,34.93,10,6,5,3.81,36.69,8,0,0,0,Healthy,0
NB05428,Male,37.96,5.2,134,42,97.0,48.37,35.13,5.23,48.96,35.2,8,9,4,4.14,35.57,6,0,1,8,High Risk,0
NB05429,Female,36.3,5.2,140,44,91.6,47.75,33.78,5.1,47.36,33.96,9,8,3,4.05,36.99,9,0,0,0,Healthy,0
NB05430,Female,34.1,5.2,162,50,90.2,47.61,31.02,5.1,50.22,30.53,9,7,5,4.37,37.32,10,0,0,0,Healthy,0
NB05431,Female,36.49,5.2,134,39,100.0,47.93,35.34,4.99,48.36,36.1,8,5,3,5.08,36.39,10,0,0,0,Healthy,0
NB05432,Male,36.64,5.2,152,51,98.4,48.79,33.47,5.2,48.75,33.11,8,6,1,4.08,37.0,8,0,0,0,Healthy,0
NB05433,Female,38.24,5.2,130,49,94.1,50.88,34.5,5.46,51.7,35.26,9,9,4,1.4,36.56,10,0,0,0,Healthy,0
NB05434,Male,37.24,5.2,158,39,92.6,48.06,33.64,5.43,47.22,33.38,6,7,3,1.84,36.12,8,0,0,1,Healthy,0
NB05435,Female,39.51,5.2,150,50,95.1,50.63,32.97,5.22,51.64,34.04,10,11,4,2.36,36.65,10,0,0,1,Healthy,0
NB05436,Female,36.65,5.2,157,51,90.0,48.87,31.51,5.5,48.03,30.77,11,9,4,1.93,36.54,10,1,0,4,At Risk,0
NB05437,Male,37.87,5.2,174,31,96.0,51.22,33.63,5.22,52.08,33.1,7,5,4,4.39,36.86,6,0,1,6,At Risk,0
NB05438,Female,40.6,5.2,94,52,90.8,50.36,35.55,5.16,52.15,36.36,9,6,3,2.57,36.66,8,1,1,5,At Risk,0
NB05439,Female,38.75,5.2,154,41,86.6,44.24,35.21,4.83,43.55,36.0,8,9,2,4.47,37.4,7,1,0,4,At Risk,0
NB05440,Male,37.87,5.2,148,40,92.2,50.84,32.71,5.27,51.16,32.64,7,10,3,1.72,36.55,9,0,0,0,Healthy,0
NB05441,Male,36.68,5.2,148,41,91.4,50.26,32.98,5.05,50.82,32.26,12,8,1,6.11,36.74,9,0,0,0,Healthy,0
NB05442,Male,36.61,5.2,144,54,100.0,48.75,32.96,5.5,49.9,31.56,7,5,1,2.09,36.91,9,0,0,0,Healthy,0
NB05443,Female,36.13,5.2,144,54,100.0,48.45,32.68,4.98,49.17,33.62,7,6,1,2.63,36.78,9,0,0,0,Healthy,0
NB05444,Male,36.81,5.2,146,47,91.1,47.4,32.99,5.49,47.69,33.34,8,5,2,5.2,36.56,9,0,0,0,Healthy,0
NB05445,Female,39.66,5.2,156,45,94.6,52.1,32.86,5.27,53.65,33.05,7,11,6,3.53,36.82,9,0,0,0,Healthy,0
NB05446,Female,37.51,5.2,155,41,92.7,50.87,30.07,5.0,51.29,29.75,5,7,5,2.58,37.04,10,0,0,0,Healthy,0
NB05447,Female,35.03,5.2,140,69,100.0,47.04,30.31,4.9,46.58,30.18,7,6,3,3.08,37.2,8,0,0,1,Healthy,0
NB05448,Female,41.89,5.2,137,35,88.6,58.0,35.73,5.3,57.1,36.35,10,5,4,3.43,35.85,9,1,0,6,At Risk,0
NB05449,Male,38.7,5.2,140,38,96.6,47.11,32.53,5.05,48.49,31.95,8,2,2,2.38,37.03,7,0,0,1,Healthy,0
NB05450,Female,34.9,5.2,133,45,99.5,47.14,31.55,4.84,48.8,32.16,8,6,4,1.86,36.5,8,0,0,0,Healthy,0
NB05451,Female,37.03,5.2,172,33,93.1,46.38,34.75,5.5,46.75,35.24,10,7,4,3.5,37.32,10,0,0,0,Healthy,0
NB05452,Male,38.24,5.2,117,52,95.1,51.58,35.06,5.4,50.31,36.11,9,5,1,0.27,37.22,7,0,0,0,Healthy,0
NB05453,Female,41.75,5.2,153,27,98.7,49.81,37.12,5.0,49.46,37.55,6,9,4,0.2,37.22,10,0,0,0,Healthy,0
NB05454,Male,35.56,5.2,153,35,91.1,44.74,33.57,4.87,46.28,34.2,9,4,4,1.47,36.54,10,0,0,0,Healthy,0
NB05455,Female,40.15,5.2,130,38,97.2,50.27,33.92,5.47,51.02,33.16,8,7,1,4.05,36.17,9,0,0,0,Healthy,0
NB05456,Male,41.08,5.2,145,32,89.6,52.9,35.27,4.96,51.6,35.23,8,8,6,3.01,37.37,9,1,0,4,At Risk,0
NB05457,Female,36.62,5.2,163,52,89.4,47.16,33.75,5.25,47.87,33.79,9,6,4,6.5,37.33,7,1,0,4,At Risk,0
NB05458,Female,37.39,5.2,134,29,98.0,47.88,32.66,5.32,48.03,32.99,5,4,2,6.11,35.9,10,0,0,2,Healthy,0
NB05459,Male,35.72,5.2,164,32,91.6,47.19,31.57,5.13,48.27,31.74,7,7,3,1.56,37.42,8,0,0,0,Healthy,0
NB05460,Male,37.55,5.2,160,35,95.6,48.71,36.28,5.03,48.47,36.98,7,4,2,0.88,36.96,9,0,0,0,Healthy,0
NB05461,Male,37.92,5.2,127,50,90.9,52.5,33.89,4.85,54.03,34.07,11,7,2,1.16,36.86,9,0,0,0,Healthy,0
NB05462,Female,39.45,5.2,120,57,96.0,52.28,37.46,5.32,52.23,37.04,7,8,2,5.42,36.43,6,0,1,6,At Risk,0
NB05463,Female,40.4,5.2,143,47,89.2,51.11,32.74,5.5,48.35,32.23,9,7,6,5.9,37.26,8,1,0,4,At Risk,0
NB05464,Female,36.35,5.2,118,29,99.5,52.31,31.7,5.0,51.89,32.71,7,5,1,5.06,36.59,7,0,0,0,Healthy,0
NB05465,Female,33.67,5.2,88,36,97.8,46.69,31.38,5.03,47.14,31.65,7,6,3,3.29,36.59,9,1,1,5,At Risk,0
NB05466,Female,37.95,5.2,131,58,92.9,47.62,33.91,5.39,47.96,34.08,9,11,2,2.93,35.84,10,0,0,2,Healthy,0
NB05467,Female,38.65,5.2,179,42,88.5,50.69,31.17,4.74,50.41,31.42,6,11,3,3.25,36.47,9,1,0,4,At Risk,0
NB05468,Male,38.55,5.2,132,28,94.3,51.16,33.84,5.07,49.81,34.06,5,6,4,3.11,36.35,9,0,0,0,Healthy,0
NB05469,Male,37.28,5.2,147,64,93.7,47.58,37.01,5.27,48.93,36.92,7,5,3,2.26,35.87,9,0,0,2,Healthy,0
NB05470,Female,38.27,5.2,153,36,93.1,47.74,34.36,5.06,49.57,34.83,9,7,3,3.91,37.5,7,0,0,0,Healthy,0
NB05471,Male,41.33,5.2,139,41,98.7,52.77,37.04,5.33,52.03,37.75,8,4,3,1.44,36.74,10,0,0,0,Healthy,0
NB05472,Male,38.84,5.2,134,35,99.2,49.64,33.42,5.31,50.71,34.03,11,5,3,3.71,36.16,8,0,0,0,Healthy,0
NB05473,Male,37.18,5.2,162,32,96.5,51.82,33.59,5.25,52.64,33.66,10,9,4,3.13,36.37,5,0,1,6,At Risk,0
NB05474,Female,36.9,5.2,141,55,100.0,50.09,33.01,5.08,49.04,32.48,9,10,4,5.14,36.54,10,0,0,0,Healthy,0
NB05475,Female,37.63,5.2,138,44,85.2,47.98,35.22,5.15,48.56,34.54,8,10,4,4.92,36.53,8,1,0,4,At Risk,0
NB05476,Male,41.6,5.2,154,45,93.9,53.69,37.95,5.25,56.74,38.63,9,3,3,1.96,37.16,8,0,0,0,Healthy,0
NB05477,Male,37.6,5.2,121,29,93.8,51.77,34.13,5.27,50.65,33.94,7,8,2,2.23,36.68,10,0,0,0,Healthy,0
NB05478,Male,37.96,5.2,117,39,97.9,46.77,33.88,5.5,48.32,34.07,9,8,5,5.2,36.84,9,0,0,0,Healthy,0
NB05479,Male,36.94,5.2,111,36,93.9,46.6,30.54,5.38,46.76,30.11,5,6,0,3.66,36.68,7,0,0,0,Healthy,0
NB05480,Male,40.42,5.2,150,34,96.9,51.75,32.92,5.15,51.67,33.14,8,10,3,4.45,37.32,7,0,0,0,Healthy,0
NB05481,Male,42.0,5.2,137,47,93.3,53.27,36.72,5.34,54.74,37.49,9,12,6,2.85,37.42,9,0,0,0,Healthy,0
NB05482,Female,38.99,5.2,155,39,92.6,50.39,35.81,5.36,49.96,36.69,9,6,3,0.4,36.74,10,0,0,0,Healthy,0
NB05483,Female,38.18,5.2,141,49,97.8,49.14,35.93,5.1,49.43,35.19,11,11,4,4.63,36.37,8,0,0,0,Healthy,0
NB05484,Male,38.08,5.2,115,49,95.0,49.02,32.52,5.35,49.09,33.05,6,4,1,3.02,36.75,9,0,0,0,Healthy,0
NB05485,Female,32.75,5.2,134,38,96.1,45.65,27.86,5.18,44.87,27.43,12,6,5,4.83,35.4,10,0,0,2,Healthy,0
NB05486,Female,39.64,5.2,156,47,90.7,53.34,36.35,5.29,54.78,37.5,14,7,6,3.74,36.94,8,0,0,0,Healthy,0
NB05487,Male,38.3,5.2,135,37,97.4,48.9,32.78,5.43,49.58,34.05,10,11,4,5.91,36.19,8,0,0,0,Healthy,0
NB05488,Male,38.94,5.2,161,34,91.2,55.32,32.09,5.44,57.8,32.42,12,4,3,5.89,36.7,9,0,0,0,Healthy,0
NB05489,Female,36.43,5.2,132,31,100.0,52.11,31.96,5.06,52.47,32.12,9,11,2,1.51,37.01,8,0,0,0,Healthy,0
NB05490,Male,37.15,5.2,153,43,94.1,51.5,32.44,5.01,51.59,32.43,6,3,3,2.01,36.54,8,0,0,0,Healthy,0
NB05491,Male,37.1,5.2,108,35,93.6,50.03,35.15,5.5,49.9,36.14,5,9,3,3.85,36.6,10,0,0,0,Healthy,0
NB05492,Female,40.25,5.2,136,56,98.1,55.64,36.67,5.5,55.55,36.87,4,7,2,3.96,36.92,10,0,0,0,Healthy,0
NB05493,Female,37.17,5.2,133,58,94.8,48.27,32.11,5.38,49.99,32.39,9,10,3,1.12,36.55,8,0,0,0,Healthy,0
NB05494,Male,42.0,5.2,115,47,97.5,51.53,38.7,5.17,51.17,38.66,10,7,4,4.44,37.22,8,0,0,0,Healthy,0
NB05495,Male,38.95,5.2,160,44,94.0,49.4,34.65,5.17,50.06,34.78,10,8,4,4.42,37.15,8,0,0,0,Healthy,0
NB05496,Female,35.19,5.2,128,42,97.5,45.07,33.43,5.03,44.92,33.84,9,5,3,2.04,37.06,8,0,0,0,Healthy,0
NB05497,Female,37.72,5.2,127,66,94.7,49.59,35.59,5.27,48.49,35.95,8,11,3,5.97,36.52,8,0,0,1,Healthy,0
NB05498,Female,36.57,5.2,163,62,98.0,48.91,32.4,5.21,49.43,33.04,5,6,2,1.74,37.06,6,0,1,6,At Risk,0
NB05499,Female,33.17,5.2,143,40,99.0,45.66,31.28,5.21,44.31,31.52,5,11,5,5.29,36.47,6,0,1,6,At Risk,0
NB05500,Female,41.52,5.2,154,40,89.5,52.74,35.65,5.0,53.19,35.67,7,7,3,1.83,36.76,10,1,0,4,At Risk,0
NB05501,Male,39.55,5.2,109,45,96.3,51.26,36.28,5.42,51.0,36.57,5,9,4,5.76,35.61,10,0,0,2,Healthy,0
NB05502,Female,39.17,5.2,126,30,100.0,54.13,34.76,5.32,53.94,34.99,3,3,1,0.2,37.32,7,0,0,1,Healthy,0
NB05503,Male,38.36,5.2,178,24,97.2,51.17,35.5,5.32,51.24,35.17,8,6,2,5.32,37.58,9,0,0,2,Healthy,0
NB05504,Female,34.96,5.2,155,29,100.0,48.71,33.96,4.87,48.93,32.79,8,6,1,6.12,36.9,9,0,0,0,Healthy,0
NB05505,Male,36.94,5.2,121,39,91.8,49.02,33.88,4.93,49.02,33.39,7,7,3,4.36,36.09,8,0,0,0,Healthy,0
NB05506,Male,39.85,5.2,144,33,95.9,48.04,34.96,5.01,48.76,34.31,8,3,2,1.31,36.7,8,0,0,0,Healthy,0
NB05507,Female,35.69,5.2,122,57,96.7,43.89,32.07,5.38,44.1,32.7,5,8,4,3.7,36.83,9,0,0,0,Healthy,0
NB05508,Female,32.43,5.2,165,27,93.2,48.75,25.47,5.13,51.76,25.0,9,9,5,1.13,36.81,10,0,0,0,Healthy,0
NB05509,Male,37.5,5.2,99,29,90.7,48.09,32.38,5.02,47.19,33.34,10,10,4,3.33,37.94,9,1,1,5,At Risk,0
NB05510,Female,37.69,5.2,145,24,100.0,48.09,34.98,5.36,47.16,34.63,7,9,2,3.34,36.69,9,0,0,2,Healthy,0
NB05511,Male,38.3,5.2,145,36,98.9,50.36,35.46,5.17,50.17,35.93,4,5,3,4.04,36.54,9,0,0,0,Healthy,0
NB05512,Male,39.6,5.2,120,38,97.0,52.14,33.82,5.3,51.48,35.07,7,10,2,2.72,36.87,10,0,0,0,Healthy,0
NB05513,Male,39.4,5.2,135,41,95.2,52.22,35.03,5.03,53.62,35.49,9,6,1,0.53,36.74,10,0,0,0,Healthy,0
NB05514,Male,38.57,5.2,147,42,95.5,53.66,33.91,5.22,55.61,35.17,6,10,1,3.86,36.46,8,0,0,1,Healthy,0
NB05515,Male,40.63,5.2,108,36,97.2,54.97,36.68,5.5,54.77,36.21,13,6,3,2.29,36.01,9,0,0,0,Healthy,0
NB05516,Male,34.66,5.2,117,31,100.0,44.97,34.77,5.48,45.69,35.59,9,12,2,0.59,37.13,8,0,0,0,Healthy,0
NB05517,Female,39.11,5.2,137,46,92.5,52.54,35.64,5.07,53.15,35.32,9,7,2,3.11,36.41,8,0,0,0,Healthy,0
NB05518,Female,39.38,5.2,125,33,95.4,50.07,33.76,5.17,49.82,34.45,9,7,3,4.51,36.35,7,0,0,0,Healthy,0
NB05519,Female,35.27,5.2,132,50,93.7,46.87,31.77,5.39,47.69,31.84,6,6,5,4.1,36.44,10,0,0,0,Healthy,0
NB05520,Female,34.69,5.2,140,27,91.3,44.44,33.59,5.25,45.47,33.83,8,6,5,2.73,36.14,10,0,0,1,Healthy,0
NB05521,Male,36.36,5.2,124,35,92.9,44.74,30.54,5.3,43.27,30.63,4,6,5,3.43,37.1,10,0,0,0,Healthy,0
NB05522,Female,36.54,5.2,140,62,95.8,48.23,31.86,5.5,47.25,31.77,4,7,2,4.8,37.04,9,0,0,0,Healthy,0
NB05523,Male,39.66,5.2,145,64,94.0,49.18,36.03,5.27,49.09,36.2,7,8,2,0.6,36.89,9,0,0,0,Healthy,0
NB05524,Male,36.65,5.2,154,28,95.1,50.24,34.8,5.11,50.12,35.16,8,4,5,3.89,37.12,7,0,0,0,Healthy,0
NB05525,Male,36.12,5.2,118,54,97.5,47.34,33.39,5.48,47.62,32.59,10,14,1,1.78,36.99,8,0,0,1,Healthy,0
NB05526,Male,36.65,5.2,129,58,99.0,49.01,31.95,5.07,48.29,31.88,6,9,2,3.4,37.06,9,0,0,0,Healthy,0
NB05527,Male,40.46,5.2,151,53,100.0,54.55,36.33,5.23,53.71,36.82,8,7,4,6.78,37.62,10,0,0,0,Healthy,0
NB05528,Female,38.03,5.2,113,41,97.7,46.66,34.44,5.11,46.49,34.64,7,4,2,6.32,37.24,8,0,0,0,Healthy,0
NB05529,Male,37.61,5.2,142,23,92.8,47.8,34.05,4.99,46.83,34.73,5,4,4,2.92,36.88,10,0,0,2,Healthy,0
NB05530,Female,37.76,5.2,141,43,98.9,49.74,33.48,5.21,51.14,32.7,7,10,2,4.89,36.38,7,0,0,0,Healthy,0
NB05531,Male,40.84,5.2,93,46,93.9,52.78,35.87,5.24,54.02,36.16,6,8,2,1.38,36.08,9,1,1,5,At Risk,0
NB05532,Female,36.35,5.2,131,44,92.6,50.32,31.29,5.18,51.13,31.84,7,3,1,3.8,36.01,9,0,0,0,Healthy,0
NB05533,Female,40.89,5.2,146,47,97.2,53.94,39.55,5.43,55.16,39.48,7,6,3,2.57,37.23,10,0,0,0,Healthy,0
NB05534,Male,38.46,5.2,136,34,99.9,50.21,34.36,5.08,49.98,34.23,12,4,0,4.31,36.55,10,0,0,0,Healthy,0
NB05535,Female,37.65,5.2,131,37,92.9,49.89,34.38,5.3,49.65,35.28,9,10,1,1.61,36.84,8,0,0,0,Healthy,0
NB05536,Male,42.0,5.2,143,18,96.1,53.86,36.27,4.99,54.46,34.62,10,10,4,3.5,36.37,8,0,0,2,Healthy,0
NB05537,Female,35.68,5.2,158,51,96.6,44.57,33.44,5.5,45.55,33.25,9,7,4,4.79,37.79,7,0,0,0,Healthy,0
NB05538,Female,37.22,5.2,150,33,91.7,48.59,31.31,5.1,49.15,31.07,8,7,3,0.2,35.99,10,0,0,2,Healthy,0
NB05539,Female,35.29,5.2,126,40,90.0,47.66,29.28,4.91,48.15,29.76,10,10,2,5.88,36.86,8,1,0,4,At Risk,0
NB05540,Male,40.1,5.2,114,45,90.1,52.4,35.22,5.18,52.95,35.93,7,11,2,2.43,36.64,8,0,0,0,Healthy,0
NB05541,Female,41.72,5.2,149,36,99.5,51.1,39.48,5.28,52.27,40.22,5,6,2,0.2,36.81,8,0,0,0,Healthy,0
NB05542,Male,41.67,5.2,119,31,93.4,50.37,38.18,5.41,51.66,37.91,8,8,4,4.21,36.66,7,0,0,0,Healthy,0
NB05543,Male,40.69,5.2,130,45,92.8,51.55,34.47,5.44,51.52,34.73,8,7,0,1.26,36.4,8,0,0,0,Healthy,0
NB05544,Male,37.57,5.2,144,24,96.1,53.14,34.27,5.35,53.97,34.06,13,5,4,0.69,36.3,10,0,0,2,Healthy,0
NB05545,Female,37.2,5.2,161,50,99.6,47.24,32.28,5.4,45.32,33.01,10,6,5,0.84,37.72,8,0,0,0,Healthy,0
NB05546,Female,34.32,5.2,163,49,90.9,48.64,31.87,5.45,47.18,32.13,7,5,2,3.63,36.67,10,0,0,0,Healthy,0
NB05547,Male,42.0,5.2,141,37,88.4,56.37,37.36,5.28,56.22,37.42,8,7,4,3.32,36.95,8,1,0,4,At Risk,0
NB05548,Male,39.03,5.2,131,37,100.0,50.62,35.91,5.08,50.18,36.13,7,7,3,3.43,36.08,10,0,0,0,Healthy,0
NB05549,Female,36.92,5.2,118,32,96.8,47.27,30.69,5.25,49.22,31.35,6,8,5,2.82,35.85,7,0,0,2,Healthy,0
NB05550,Male,40.92,5.2,175,38,91.2,53.26,33.95,5.09,53.16,34.24,9,10,6,2.15,36.5,10,0,0,0,Healthy,0
NB05551,Female,35.86,5.2,135,40,93.5,48.06,32.19,5.44,48.64,32.11,3,7,5,4.32,37.19,10,0,0,1,Healthy,0
NB05552,Female,38.89,5.2,152,39,91.5,48.69,32.88,5.47,49.1,32.86,8,10,0,3.54,36.81,8,0,0,1,Healthy,0
NB05553,Male,37.62,5.2,144,56,97.2,47.94,31.87,5.48,46.74,32.41,6,6,0,0.2,36.56,6,0,1,6,At Risk,0
NB05554,Male,39.41,5.2,131,25,98.6,51.77,35.19,5.0,52.26,34.68,4,7,3,2.45,36.99,9,0,0,2,Healthy,0
NB05555,Female,37.86,5.2,130,33,97.3,51.34,32.33,5.44,51.57,33.0,4,8,1,0.61,36.55,9,0,0,0,Healthy,0
NB05556,Female,34.81,5.2,115,49,95.6,46.08,34.95,5.12,47.85,33.89,9,9,3,3.94,37.42,7,0,0,0,Healthy,0
NB05557,Female,38.17,5.2,160,63,96.3,49.61,33.12,5.3,49.26,33.26,11,7,3,4.25,37.44,10,0,0,0,Healthy,0
NB05558,Male,40.31,5.2,138,33,92.4,53.01,35.01,5.4,53.84,34.71,5,7,5,0.48,36.54,9,0,0,0,Healthy,0
NB05559,Female,37.94,5.2,166,52,93.4,49.2,34.2,4.94,49.98,36.01,10,9,4,2.34,36.45,9,0,0,0,Healthy,0
NB05560,Male,39.71,5.2,132,30,95.0,50.54,32.73,5.4,49.89,31.44,7,5,2,2.21,36.77,9,0,0,0,Healthy,0
NB05561,Female,35.7,5.2,135,38,94.0,46.02,32.95,4.92,43.87,32.86,7,9,4,3.4,36.99,7,0,0,0,Healthy,0
NB05562,Female,37.94,5.2,120,42,95.0,48.0,34.27,5.19,48.24,33.96,9,9,4,5.53,36.68,9,0,0,0,Healthy,0
NB05563,Female,36.63,5.2,134,35,89.3,53.7,32.31,5.43,55.15,32.92,7,9,3,2.28,37.27,8,1,0,4,At Risk,0
NB05564,Female,39.64,5.2,118,38,98.1,50.69,35.36,5.5,51.2,36.21,9,9,2,5.7,36.92,10,0,0,0,Healthy,0
NB05565,Male,38.07,5.2,147,28,91.2,52.39,34.49,5.39,53.51,34.53,10,8,4,3.02,37.29,7,0,0,0,Healthy,0
NB05566,Male,39.52,5.2,142,49,87.6,54.33,37.02,5.12,53.9,35.52,8,14,3,1.49,36.29,9,1,0,4,At Risk,0
NB05567,Female,40.39,5.2,167,33,92.5,51.39,39.23,5.11,52.36,40.47,8,8,4,2.88,36.53,7,0,0,0,Healthy,0
NB05568,Female,39.52,5.2,114,35,94.2,51.71,33.27,5.2,50.11,33.97,10,5,3,4.54,37.04,8,0,0,0,Healthy,0
NB05569,Male,38.6,5.2,162,34,100.0,50.35,32.27,5.24,51.12,33.46,7,7,3,0.83,36.82,9,0,0,0,Healthy,0
NB05570,Female,35.8,5.2,122,35,93.3,44.4,32.42,5.41,42.94,32.43,10,6,5,4.21,36.72,8,0,0,0,Healthy,0
NB05571,Male,37.99,5.2,146,43,95.7,46.49,30.68,5.22,47.29,30.98,11,6,4,1.47,36.57,10,0,0,0,Healthy,0
NB05572,Female,36.83,5.2,119,43,96.1,48.64,33.95,5.14,48.28,33.73,10,6,4,4.84,36.84,8,0,0,0,Healthy,0
NB05573,Female,37.24,5.2,144,67,89.7,48.07,33.44,5.16,49.12,32.25,9,9,5,4.18,37.44,9,1,0,6,At Risk,0
NB05574,Female,37.18,5.2,95,40,94.6,52.64,33.77,5.46,52.8,33.63,10,3,3,2.2,35.9,8,1,1,8,High Risk,0
NB05575,Female,35.84,5.2,128,41,94.1,47.19,31.84,5.24,48.48,31.4,7,3,6,4.23,36.73,8,0,0,0,Healthy,0
NB05576,Male,33.69,5.2,142,55,95.3,49.63,31.17,5.5,50.26,31.21,10,4,5,4.51,36.75,10,0,0,0,Healthy,0
NB05577,Male,36.53,5.2,172,44,96.5,47.32,33.48,5.42,47.61,32.63,8,7,0,2.75,36.31,10,0,0,0,Healthy,0
NB05578,Male,38.43,5.2,102,41,98.0,53.81,34.4,5.13,55.19,34.88,7,3,2,2.25,36.73,9,0,0,0,Healthy,0
NB05579,Female,35.03,5.2,140,41,92.0,47.94,29.71,5.14,48.59,30.01,7,6,2,3.51,36.06,7,0,0,0,Healthy,0
NB05580,Male,38.03,5.2,131,44,96.7,50.76,34.08,5.21,52.7,32.91,11,10,3,1.82,36.54,8,0,0,0,Healthy,0
NB05581,Female,42.0,5.2,106,52,92.5,52.18,39.38,5.2,52.34,38.02,10,8,5,4.24,36.68,8,0,0,0,Healthy,0
NB05582,Male,40.25,5.2,120,55,91.8,52.78,35.74,5.46,52.77,35.33,11,4,2,4.75,36.8,9,0,0,0,Healthy,0
NB05583,Female,41.62,5.2,132,52,100.0,56.24,36.54,5.12,55.54,37.13,9,8,3,3.33,37.64,10,0,0,0,Healthy,0
NB05584,Female,38.86,5.2,148,47,88.7,50.08,36.74,5.25,49.73,38.12,4,10,5,2.13,36.43,10,1,0,5,At Risk,0
NB05585,Female,40.57,5.2,142,44,93.2,51.23,34.48,5.3,51.19,33.96,2,7,2,3.48,36.2,8,0,0,1,Healthy,0
NB05586,Male,36.41,5.2,116,62,95.8,47.67,34.02,5.37,47.18,33.78,9,6,2,1.01,37.25,9,0,0,0,Healthy,0
NB05587,Female,36.58,5.2,107,37,92.9,51.56,32.01,5.32,52.4,31.35,8,7,3,3.42,34.79,10,0,0,2,Healthy,0
NB05588,Male,31.97,5.2,148,49,95.5,45.89,31.21,5.31,44.83,31.18,5,3,0,5.71,36.52,9,0,0,3,At Risk,0
NB05589,Female,40.61,5.2,136,54,90.3,54.84,36.82,5.13,54.18,36.8,8,4,1,3.92,36.65,9,0,0,0,Healthy,0
NB05590,Male,41.39,5.2,169,52,88.5,53.28,35.55,5.15,51.34,36.24,7,5,2,1.08,36.38,10,1,0,4,At Risk,0
NB05591,Female,36.78,5.2,134,34,91.9,48.58,32.55,5.28,48.09,31.76,11,5,0,4.37,36.76,8,0,0,0,Healthy,0
NB05592,Female,37.44,5.2,161,70,95.5,49.95,34.88,5.19,51.36,35.57,8,6,3,1.61,36.51,9,0,0,1,Healthy,0
NB05593,Male,36.34,5.2,150,59,94.4,50.25,29.86,5.04,49.93,30.41,7,4,3,2.09,36.02,10,0,0,0,Healthy,0
NB05594,Male,38.84,5.2,155,53,97.2,49.86,33.73,5.14,49.22,33.48,5,9,2,1.82,37.08,7,0,0,0,Healthy,0
NB05595,Female,40.47,5.2,148,32,90.0,54.56,36.46,5.26,54.02,36.1,8,8,3,2.34,37.1,6,0,1,6,At Risk,0
NB05596,Male,34.17,5.2,148,52,93.0,46.88,30.65,5.47,47.43,30.61,10,6,1,2.47,36.36,9,0,0,0,Healthy,0
NB05597,Male,38.9,5.2,99,19,94.7,45.6,34.63,5.04,47.08,34.28,8,7,6,1.97,36.56,10,1,1,7,At Risk,0
NB05598,Female,37.39,5.2,136,40,91.6,50.82,30.31,5.01,51.89,30.2,10,6,3,2.37,37.64,9,0,0,0,Healthy,0
NB05599,Female,38.25,5.2,128,43,95.5,47.28,32.69,5.38,46.16,31.69,8,3,4,4.07,37.0,8,0,0,0,Healthy,0
NB05600,Male,39.01,5.2,163,38,94.0,52.23,35.53,5.15,53.82,35.43,10,6,5,3.53,36.8,8,0,0,0,Healthy,0
NB05601,Female,37.59,5.2,122,58,96.7,51.03,32.38,5.06,52.25,32.24,8,4,2,2.88,37.53,8,0,0,0,Healthy,0
NB05602,Female,37.77,5.2,135,43,96.0,50.05,31.69,5.23,50.73,31.88,5,6,3,3.17,36.07,10,0,0,0,Healthy,0
NB05603,Female,37.53,5.2,154,32,88.5,50.26,35.06,5.05,49.33,35.92,10,7,4,6.51,35.89,9,1,0,6,At Risk,0
NB05604,Male,40.13,5.2,145,50,100.0,53.72,36.07,5.5,53.02,36.06,10,4,2,1.6,36.88,10,0,0,0,Healthy,0
NB05605,Male,38.92,5.2,143,46,87.4,49.44,32.81,5.08,48.87,32.32,10,8,6,3.48,37.18,10,1,0,4,At Risk,0
NB05606,Male,38.49,5.2,160,24,89.6,51.62,34.35,5.27,51.29,33.41,14,9,2,2.5,36.03,10,1,0,6,At Risk,0
NB05607,Female,35.2,5.2,145,55,94.7,49.41,30.26,5.33,49.8,30.7,8,12,5,2.47,36.22,6,0,1,6,At Risk,0
NB05608,Female,37.17,5.2,130,43,96.0,52.37,32.99,5.42,49.84,33.23,8,9,5,1.12,37.16,10,0,0,0,Healthy,0
NB05609,Male,39.98,5.2,117,52,94.0,49.17,35.45,5.01,48.08,35.49,8,10,4,2.29,36.28,8,0,0,0,Healthy,0
NB05610,Male,38.08,5.2,149,46,93.1,50.49,32.65,5.32,50.46,32.84,7,7,4,3.49,36.68,7,0,0,0,Healthy,0
NB05611,Male,39.45,5.2,126,39,94.7,48.98,35.93,4.9,50.17,36.53,9,4,4,1.76,36.89,8,0,0,0,Healthy,0
NB05612,Male,41.89,5.2,136,46,96.8,51.09,37.87,5.29,50.98,38.15,7,4,3,0.31,37.23,8,0,0,0,Healthy,0
NB05613,Female,40.28,5.2,159,41,91.0,52.37,35.79,5.22,52.76,36.08,11,6,2,4.26,36.66,10,0,0,0,Healthy,0
NB05614,Female,38.2,5.2,136,45,91.1,49.94,34.56,5.38,51.24,35.52,8,7,1,1.22,37.02,7,0,0,0,Healthy,0
NB05615,Male,36.88,5.2,132,48,92.0,50.88,30.83,5.28,50.28,30.97,9,9,2,6.42,36.24,7,0,0,0,Healthy,0
NB05616,Female,32.38,5.2,135,43,99.6,43.85,31.91,5.21,43.04,31.6,9,6,4,5.09,37.06,8,0,0,0,Healthy,0
NB05617,Female,37.63,5.2,135,47,96.3,49.0,33.4,5.22,48.09,34.29,9,7,2,4.71,36.39,10,0,0,1,Healthy,0
NB05618,Female,37.28,5.2,122,38,97.0,49.38,31.9,4.94,49.3,31.65,6,7,0,3.46,36.18,7,0,0,0,Healthy,0
NB05619,Female,38.86,5.2,170,36,100.0,48.65,34.62,5.07,48.2,33.99,11,4,2,2.75,37.73,6,0,1,7,At Risk,0
NB05620,Male,37.66,5.2,130,50,97.8,47.85,34.68,5.5,49.71,35.03,9,8,4,4.89,37.62,8,0,0,0,Healthy,0
NB05621,Female,37.3,5.2,154,57,95.5,51.2,34.08,5.27,51.64,34.56,9,5,1,4.18,36.87,8,0,0,0,Healthy,0
NB05622,Male,34.09,5.2,122,37,100.0,44.98,29.43,5.37,45.85,29.06,9,5,3,2.8,37.5,9,0,0,1,Healthy,0
NB05623,Female,35.93,5.2,150,45,91.6,50.1,33.49,5.11,49.45,34.09,3,7,2,0.69,36.65,9,0,0,2,Healthy,0
NB05624,Female,39.05,5.2,143,28,94.1,51.76,34.44,5.4,51.91,34.54,8,5,3,2.3,36.74,9,0,0,0,Healthy,0
NB05625,Male,41.77,5.2,140,60,99.0,49.9,37.19,5.17,49.8,37.01,8,9,4,5.88,36.72,10,0,0,0,Healthy,0
NB05626,Female,37.79,5.2,143,53,87.3,50.47,32.45,4.94,50.86,32.57,9,9,5,6.14,36.39,9,1,0,4,At Risk,0
NB05627,Male,38.72,5.2,147,36,92.2,51.29,35.87,5.21,51.88,35.6,10,6,6,3.37,35.75,9,0,0,2,Healthy,0
NB05628,Female,40.1,5.2,136,38,97.8,52.33,35.54,5.49,52.18,35.63,10,8,4,2.42,36.66,7,0,0,0,Healthy,0
NB05629,Female,36.22,5.2,137,54,95.4,47.71,34.33,4.82,47.7,35.44,10,11,4,2.92,37.39,8,0,0,0,Healthy,0
NB05630,Male,38.81,5.2,150,44,96.8,48.45,32.06,5.38,49.77,31.96,6,5,1,3.79,36.92,7,0,0,1,Healthy,0
NB05631,Female,36.37,5.2,119,48,88.3,50.83,30.56,5.26,50.11,30.44,8,7,2,2.54,37.17,7,1,0,5,At Risk,0
NB05632,Female,39.9,5.2,117,32,92.1,51.11,34.77,5.5,52.03,34.36,5,4,6,1.39,36.98,9,0,0,1,Healthy,0
NB05633,Female,38.33,5.2,143,48,97.3,48.13,36.23,5.5,48.62,36.07,8,8,3,3.38,36.42,7,0,0,1,Healthy,0
NB05634,Male,38.66,5.2,104,41,91.8,51.11,37.2,4.88,52.05,36.55,6,2,3,2.79,36.91,10,0,0,1,Healthy,0
NB05635,Male,36.28,5.2,110,45,97.9,46.56,31.26,5.5,46.45,31.09,7,7,1,4.38,36.65,10,0,0,0,Healthy,0
NB05636,Female,39.56,5.2,172,38,96.0,49.1,34.97,5.15,50.33,34.64,10,9,4,1.06,36.32,7,0,0,0,Healthy,0
NB05637,Female,42.0,5.2,168,40,90.9,52.45,36.83,5.19,52.01,36.78,12,6,3,3.61,37.21,10,0,0,0,Healthy,0
NB05638,Female,35.78,5.2,130,43,96.2,46.27,33.33,5.11,46.97,32.8,6,7,2,5.29,36.21,9,0,0,0,Healthy,0
NB05639,Male,37.25,5.2,158,36,97.6,47.1,34.6,5.09,47.8,36.19,9,4,2,2.21,36.5,9,0,0,0,Healthy,0
NB05640,Male,38.51,5.2,159,65,96.3,51.67,32.49,5.49,52.03,32.1,8,7,3,1.94,37.8,7,0,0,0,Healthy,0
NB05641,Male,39.73,5.2,148,31,96.9,50.93,35.11,4.76,52.16,34.97,7,9,4,3.14,37.12,6,0,1,6,At Risk,0
NB05642,Male,36.77,5.2,139,47,88.9,51.0,29.93,5.1,52.3,30.18,9,10,2,3.05,36.91,8,1,0,4,At Risk,0
NB05643,Female,31.77,5.2,151,45,100.0,42.28,30.65,5.37,43.17,30.99,9,6,5,3.17,35.82,10,0,0,5,At Risk,0
NB05644,Female,40.99,5.2,154,50,100.0,48.84,35.39,4.82,50.81,35.93,8,5,4,2.57,36.75,8,0,0,0,Healthy,0
NB05645,Male,39.67,5.2,152,17,100.0,51.4,33.16,5.18,51.2,33.11,5,3,3,2.5,36.28,7,0,0,3,At Risk,0
NB05646,Male,34.17,5.2,112,25,95.4,49.86,31.61,4.99,49.79,31.2,8,10,2,5.44,36.76,8,0,0,0,Healthy,0
NB05647,Female,36.66,5.2,177,37,93.6,49.46,32.31,5.28,49.94,33.3,9,6,4,1.45,36.71,10,0,0,0,Healthy,0
NB05648,Male,41.45,5.2,183,51,93.7,58.0,38.11,5.24,58.02,37.68,5,6,5,4.5,36.41,9,0,0,1,Healthy,0
NB05649,Female,41.19,5.2,106,39,97.7,53.13,34.69,5.42,52.97,34.66,7,1,4,4.89,37.33,8,0,0,2,Healthy,0
NB05650,Male,40.07,5.2,149,39,98.7,51.93,38.58,4.77,50.66,38.71,6,6,3,1.74,37.23,9,0,0,0,Healthy,0
NB05651,Male,37.61,5.2,177,42,92.7,44.94,34.81,5.32,45.92,35.28,8,14,2,1.85,36.29,8,0,0,0,Healthy,0
NB05652,Male,38.18,5.2,158,34,94.9,50.62,35.86,5.08,50.71,36.22,10,12,2,3.07,37.51,10,0,0,0,Healthy,0
NB05653,Female,37.71,5.2,158,47,99.4,49.68,32.06,5.5,49.82,31.81,8,7,2,3.37,36.28,9,0,0,1,Healthy,0
NB05654,Female,40.48,5.2,114,44,94.6,51.02,38.22,5.14,50.2,38.44,11,10,1,2.06,37.55,8,0,0,0,Healthy,0
NB05655,Male,36.07,5.2,154,47,95.4,47.59,30.63,5.07,47.4,29.8,9,5,4,2.34,36.71,10,0,0,0,Healthy,0
NB05656,Female,36.23,5.2,144,57,99.8,47.87,32.24,5.12,48.31,33.66,8,11,3,2.1,36.62,5,0,1,6,At Risk,0
NB05657,Female,40.22,5.2,154,40,99.3,51.24,37.31,5.34,50.24,36.93,8,8,3,3.75,37.47,9,0,0,0,Healthy,0
NB05658,Male,37.9,5.2,121,43,97.8,53.69,34.49,5.37,53.72,35.13,4,9,5,4.23,36.73,8,0,0,0,Healthy,0
NB05659,Female,41.03,5.2,121,32,91.3,51.59,34.06,5.22,51.35,33.58,8,6,0,3.13,37.29,7,0,0,0,Healthy,0
NB05660,Female,36.52,5.2,137,29,91.3,48.61,34.47,5.03,48.71,34.95,9,8,3,2.04,36.21,7,0,0,0,Healthy,0
NB05661,Male,37.88,5.2,133,42,92.4,48.68,34.23,4.99,48.7,33.72,12,15,2,3.75,36.81,7,0,0,0,Healthy,0
NB05662,Male,35.97,5.2,137,43,93.2,49.34,31.76,5.37,48.19,32.39,6,10,4,6.07,37.01,8,0,0,0,Healthy,0
NB05663,Male,38.02,5.2,131,49,95.8,49.97,31.5,5.33,51.02,32.74,11,6,1,2.27,37.34,7,0,0,0,Healthy,0
NB05664,Female,34.75,5.2,136,48,94.7,46.11,32.18,5.31,43.85,32.32,9,2,3,2.81,37.12,8,0,0,1,Healthy,0
NB05665,Female,36.93,5.2,128,45,94.4,44.78,32.8,5.5,45.2,33.24,7,5,3,2.33,36.82,9,0,0,0,Healthy,0
NB05666,Female,34.84,5.2,139,59,94.1,47.24,31.82,5.07,48.48,32.51,7,7,2,5.03,37.01,7,0,0,0,Healthy,0
NB05667,Male,39.53,5.2,114,39,91.9,50.35,32.49,5.5,50.47,32.24,11,6,3,3.13,36.47,7,0,0,0,Healthy,0
NB05668,Female,39.58,5.2,149,40,93.4,50.9,34.28,5.3,49.72,34.94,9,7,3,0.2,37.07,8,0,0,0,Healthy,0
NB05669,Female,34.19,5.2,145,45,100.0,43.81,31.86,5.13,44.8,31.68,10,7,2,2.12,37.01,9,0,0,0,Healthy,0
NB05670,Female,40.93,5.2,117,30,97.4,55.11,38.67,5.22,53.69,40.07,7,10,2,2.3,36.45,7,0,0,0,Healthy,0
NB05671,Female,42.0,5.2,164,49,95.1,54.91,36.29,4.99,54.78,35.67,6,2,1,3.74,36.86,7,0,0,1,Healthy,0
NB05672,Male,38.1,5.2,125,43,89.7,52.55,36.04,5.03,53.89,36.23,2,7,3,3.27,37.15,9,1,0,5,At Risk,0
NB05673,Male,36.59,5.2,161,43,91.5,50.62,33.99,5.21,50.71,33.48,6,8,3,1.77,37.9,8,0,0,0,Healthy,0
NB05674,Female,42.0,5.2,146,47,94.9,54.38,36.95,5.39,54.61,37.77,7,1,1,3.0,37.33,7,0,0,1,Healthy,0
NB05675,Female,35.1,5.2,158,46,99.8,44.7,30.25,5.09,46.14,31.85,10,4,4,2.93,36.9,7,0,0,0,Healthy,0
NB05676,Female,38.04,5.2,143,46,95.8,53.33,32.38,5.5,52.01,32.65,6,10,1,4.28,36.93,7,0,0,0,Healthy,0
NB05677,Female,38.4,5.2,150,38,95.8,48.1,35.0,5.22,48.35,36.26,5,7,2,3.48,36.73,7,0,0,0,Healthy,0
NB05678,Male,40.96,5.2,158,58,98.9,51.73,35.08,5.11,51.93,35.68,7,8,4,1.71,36.85,10,0,0,0,Healthy,0
NB05679,Male,38.79,5.2,174,27,91.6,51.73,33.43,4.97,51.16,34.54,7,5,5,1.03,37.15,7,0,0,0,Healthy,0
NB05680,Male,36.9,5.2,159,35,99.9,50.13,32.76,5.13,49.7,33.35,8,4,5,2.94,37.14,8,0,0,0,Healthy,0
NB05681,Female,35.91,5.2,148,36,93.7,48.86,32.09,5.5,50.06,33.25,13,7,4,0.66,36.76,10,0,0,0,Healthy,0
NB05682,Female,37.25,5.2,116,35,99.1,48.12,34.62,5.5,46.46,35.69,9,11,0,4.08,36.31,7,0,0,0,Healthy,0
NB05683,Female,35.78,5.2,97,25,100.0,46.39,31.49,5.35,46.41,31.3,8,6,3,4.05,36.7,10,1,1,8,High Risk,0
NB05684,Male,38.11,5.2,138,58,91.8,54.76,35.08,5.24,54.26,34.9,9,7,1,5.86,36.42,8,0,0,0,Healthy,0
NB05685,Male,36.76,5.2,127,48,95.0,48.4,33.59,4.94,48.8,33.57,12,8,3,4.0,36.25,10,0,0,0,Healthy,0
NB05686,Male,34.71,5.2,128,36,97.8,46.32,28.99,4.72,45.99,28.72,4,9,0,3.39,37.07,8,0,0,0,Healthy,0
NB05687,Male,40.76,5.2,139,49,94.0,50.66,36.17,5.27,51.03,36.61,10,9,2,1.92,36.96,10,0,0,1,Healthy,0
NB05688,Male,36.91,5.2,152,40,94.1,49.1,29.03,5.15,49.25,30.01,10,9,2,2.26,36.39,10,0,0,0,Healthy,0
NB05689,Male,35.21,5.2,129,39,93.6,47.49,30.5,5.12,47.72,30.92,5,4,3,3.1,36.65,9,0,0,0,Healthy,0
NB05690,Female,37.63,5.2,156,32,88.5,49.23,34.24,5.31,49.33,34.15,7,7,3,1.88,36.94,8,1,0,4,At Risk,0
NB05691,Male,38.15,5.2,141,42,98.7,50.5,33.89,4.96,50.79,34.14,6,7,0,0.2,36.92,7,0,0,0,Healthy,0
NB05692,Female,34.16,5.2,141,36,91.5,49.67,28.46,5.5,50.08,27.38,5,6,2,4.47,37.0,9,0,0,0,Healthy,0
NB05693,Female,38.73,5.2,174,32,87.0,49.07,32.63,5.5,49.33,32.05,7,6,4,2.54,36.46,9,1,0,4,At Risk,0
NB05694,Male,35.7,5.2,143,52,98.7,47.61,28.27,5.37,47.62,28.19,5,10,1,3.04,36.96,7,0,0,0,Healthy,0
NB05695,Female,41.76,5.2,139,34,96.7,51.69,34.42,5.17,52.9,34.83,9,4,5,3.24,36.78,10,0,0,0,Healthy,0
NB05696,Female,39.15,5.2,149,56,90.4,51.23,35.48,5.11,50.5,35.43,11,2,6,5.41,37.15,8,0,0,1,Healthy,0
NB05697,Female,37.12,5.2,172,35,98.8,47.67,32.35,5.17,50.04,32.57,6,5,2,0.2,37.28,6,0,1,6,At Risk,0
NB05698,Female,36.36,5.2,139,27,97.3,47.07,32.91,5.29,46.4,32.87,6,4,3,2.25,38.16,8,0,0,1,Healthy,0
NB05699,Female,37.77,5.2,148,47,95.0,46.47,33.66,5.43,46.19,33.52,10,9,6,4.35,37.39,8,0,0,1,Healthy,0
NB05700,Female,39.35,5.2,138,38,93.8,51.01,34.79,5.32,49.38,34.21,6,7,4,4.35,36.86,9,0,0,1,Healthy,0
NB05701,Female,37.94,5.2,138,26,94.6,50.41,35.3,5.48,50.31,35.66,5,9,4,1.53,36.78,5,0,1,6,At Risk,0
NB05702,Female,37.52,5.2,131,45,95.7,52.89,33.16,5.34,53.97,32.99,7,5,1,4.13,36.38,6,0,1,6,At Risk,0
NB05703,Female,38.13,5.2,130,29,92.2,50.65,35.26,5.44,49.89,35.44,9,5,4,0.26,36.39,10,0,0,1,Healthy,0
NB05704,Female,36.67,5.2,171,22,98.9,47.5,29.15,5.22,49.07,28.88,8,10,2,4.53,36.92,8,0,0,2,Healthy,0
NB05705,Female,37.24,5.2,130,49,96.9,46.2,34.94,5.0,46.23,35.39,10,7,4,2.21,36.94,8,0,0,0,Healthy,0
NB05706,Female,33.41,5.2,112,57,94.5,43.03,28.65,5.49,41.82,28.82,6,7,2,5.72,38.0,9,0,0,1,Healthy,0
NB05707,Male,40.14,5.2,142,38,100.0,48.94,33.69,5.5,48.3,33.95,10,6,3,4.91,36.47,7,0,0,0,Healthy,0
NB05708,Female,38.66,5.2,158,54,93.9,53.95,33.2,5.29,54.62,32.85,8,5,2,4.69,36.43,8,0,0,0,Healthy,0
NB05709,Female,36.3,5.2,162,50,100.0,48.64,34.23,5.12,48.31,33.84,4,6,1,4.48,36.91,8,0,0,0,Healthy,0
NB05710,Male,42.0,5.2,118,49,96.0,52.03,35.27,5.32,53.84,35.55,11,8,3,1.32,36.57,7,0,0,0,Healthy,0
NB05711,Male,38.19,5.2,160,40,97.7,47.85,32.95,5.16,47.36,32.2,8,11,2,2.9,36.98,8,0,0,0,Healthy,0
NB05712,Male,35.72,5.2,177,36,93.7,45.84,30.76,5.24,45.92,31.38,11,8,3,4.09,36.59,6,0,1,6,At Risk,0
NB05713,Male,39.88,5.2,128,45,88.5,50.08,35.5,5.25,49.64,35.54,10,3,4,2.13,36.67,10,1,0,4,At Risk,0
NB05714,Female,38.88,5.2,137,48,96.7,53.02,35.53,5.08,54.14,35.04,10,7,1,2.92,36.99,7,0,0,0,Healthy,0
NB05715,Male,38.87,5.2,118,29,90.8,50.32,36.96,5.09,49.03,36.16,13,8,3,0.2,36.54,7,0,0,0,Healthy,0
NB05716,Male,37.06,5.2,173,39,92.9,45.86,36.74,5.22,44.0,37.45,6,11,6,3.05,36.64,10,0,0,0,Healthy,0
NB05717,Female,38.99,5.2,113,40,95.3,55.11,35.47,5.19,54.77,34.22,12,9,1,1.82,37.04,9,0,0,0,Healthy,0
NB05718,Male,37.42,5.2,133,39,92.8,46.8,33.95,5.34,46.79,34.33,8,6,0,2.74,36.82,8,0,0,0,Healthy,0
NB05719,Male,39.22,5.2,154,35,94.9,49.52,32.83,5.28,48.02,33.01,10,7,6,5.22,36.51,8,0,0,0,Healthy,0
NB05720,Female,33.81,5.2,128,29,95.7,48.45,33.73,5.35,49.08,34.21,8,6,4,5.79,36.58,9,0,0,0,Healthy,0
NB05721,Female,37.05,5.2,122,39,89.8,49.57,33.45,5.2,50.48,32.9,10,7,4,0.2,37.27,7,1,0,4,At Risk,0
NB05722,Male,41.79,5.2,139,39,96.0,52.07,36.02,5.07,51.92,35.72,8,14,4,1.32,36.94,10,0,0,0,Healthy,0
NB05723,Female,36.31,5.2,183,37,92.8,45.62,33.2,5.02,45.14,33.49,11,8,1,4.58,36.64,7,0,0,1,Healthy,0
NB05724,Female,36.67,5.2,135,48,91.3,46.47,31.92,5.43,48.13,32.05,10,1,2,2.2,37.19,8,0,0,1,Healthy,0
NB05725,Female,37.01,5.2,136,28,88.0,46.9,29.6,5.13,45.99,30.23,6,7,3,3.14,37.0,6,1,1,10,High Risk,1
NB05726,Male,35.33,5.2,120,45,89.6,47.21,32.79,5.1,47.94,32.86,9,10,0,2.64,37.41,10,1,0,4,At Risk,0
NB05727,Female,33.14,5.2,147,24,95.1,45.61,32.41,5.49,45.33,33.35,9,9,5,4.17,37.2,7,0,0,2,Healthy,0
NB05728,Female,37.49,5.2,156,41,95.1,48.85,34.28,5.15,49.23,34.46,9,8,3,0.63,37.32,7,0,0,0,Healthy,0
NB05729,Male,38.3,5.2,129,19,96.8,49.79,34.0,4.79,50.78,35.07,6,8,4,5.47,36.65,10,0,0,2,Healthy,0
NB05730,Male,37.88,5.2,150,33,100.0,47.39,33.74,5.27,47.91,34.87,7,7,2,2.09,36.4,8,0,0,0,Healthy,0
NB05731,Male,37.68,5.2,129,42,99.7,49.9,33.84,5.12,48.29,34.99,9,7,0,2.01,37.15,6,0,1,7,At Risk,0
NB05732,Male,38.09,5.2,106,28,98.5,52.25,34.08,5.09,53.36,33.74,8,6,6,1.5,37.15,9,0,0,1,Healthy,0
NB05733,Female,40.25,5.2,148,28,99.2,51.3,35.28,5.2,49.58,36.11,12,7,3,5.24,36.75,9,0,0,0,Healthy,0
NB05734,Female,37.58,5.2,177,52,95.6,48.86,33.54,4.82,49.72,33.63,8,6,5,0.61,36.33,8,0,0,0,Healthy,0
NB05735,Female,36.74,5.2,118,26,95.6,48.63,35.25,4.86,49.28,35.34,6,8,4,4.61,36.94,7,0,0,0,Healthy,0
NB05736,Female,37.38,5.2,143,41,100.0,51.28,34.08,5.14,51.2,34.67,8,11,4,3.53,36.97,8,0,0,0,Healthy,0
NB05737,Female,39.27,5.2,164,57,95.8,48.96,34.85,5.34,49.62,34.74,5,3,5,3.06,36.19,9,0,0,0,Healthy,0
NB05738,Female,41.11,5.2,138,43,95.8,55.3,36.96,5.18,54.38,36.06,8,8,1,2.56,36.97,10,0,0,0,Healthy,0
NB05739,Female,36.62,5.2,114,42,99.1,49.2,33.82,5.17,48.06,33.94,6,8,1,2.91,37.32,8,0,0,1,Healthy,0
NB05740,Male,38.22,5.2,141,35,94.0,49.85,35.37,5.23,50.61,36.61,6,8,0,3.08,36.21,8,0,0,0,Healthy,0
NB05741,Female,38.74,5.2,167,35,94.5,52.7,33.19,5.41,52.56,33.08,9,5,3,4.9,37.04,10,0,0,1,Healthy,0
NB05742,Female,35.82,5.2,131,40,90.2,45.27,31.55,5.24,46.96,31.6,4,6,4,3.78,37.39,9,0,0,0,Healthy,0
NB05743,Male,38.04,5.2,144,22,93.4,50.68,32.61,5.22,50.52,32.95,7,9,2,3.78,37.42,10,0,0,2,Healthy,0
NB05744,Female,34.78,5.2,121,52,93.8,47.56,32.69,5.12,46.74,32.57,11,7,3,3.87,35.96,8,0,0,2,Healthy,0
NB05745,Male,34.11,5.2,138,44,94.0,44.23,32.15,5.15,47.07,32.13,6,7,4,2.66,37.29,8,0,0,0,Healthy,0
NB05746,Female,38.81,5.2,147,25,97.8,51.25,32.45,5.27,50.02,32.63,8,6,0,3.13,36.66,7,0,0,2,Healthy,0
NB05747,Female,37.16,5.2,142,52,91.5,49.41,33.8,5.49,49.76,33.65,12,8,3,4.44,36.61,7,0,0,0,Healthy,0
NB05748,Female,38.45,5.2,132,49,100.0,49.64,36.17,5.28,49.95,37.06,10,7,7,3.52,37.93,8,0,0,1,Healthy,0
NB05749,Male,37.96,5.2,148,46,87.8,51.29,33.42,5.07,52.2,34.79,7,9,2,5.79,36.9,9,1,0,4,At Risk,0
NB05750,Female,35.85,5.2,152,64,97.1,46.52,32.77,5.17,46.39,33.14,6,5,2,4.27,36.63,6,0,1,6,At Risk,0
NB05751,Female,37.9,5.2,153,43,97.9,50.05,34.83,5.45,49.98,34.63,9,6,1,0.75,37.16,9,0,0,1,Healthy,0
NB05752,Female,35.29,5.2,135,57,97.4,46.9,29.92,5.25,46.95,30.33,7,10,4,5.84,37.56,7,0,0,0,Healthy,0
NB05753,Female,41.06,5.2,129,42,98.8,51.12,36.17,4.95,53.13,35.59,11,7,5,5.16,36.88,9,0,0,0,Healthy,0
NB05754,Male,35.02,5.2,175,47,94.3,47.92,33.62,5.32,48.99,32.89,9,3,3,1.03,36.56,9,0,0,0,Healthy,0
NB05755,Female,37.57,5.2,142,36,99.4,48.8,32.61,5.1,48.14,32.66,5,11,1,5.6,36.84,8,0,0,0,Healthy,0
NB05756,Female,35.71,5.2,135,23,92.6,44.59,33.44,5.0,44.26,34.3,5,8,5,3.79,37.29,9,0,0,2,Healthy,0
NB05757,Male,39.25,5.2,113,24,92.9,47.13,34.72,5.25,47.2,35.66,6,9,2,0.65,36.66,7,0,0,2,Healthy,0
NB05758,Female,37.27,5.2,123,41,100.0,50.52,32.28,5.06,49.83,32.61,6,5,3,4.24,37.29,9,0,0,0,Healthy,0
NB05759,Male,36.86,5.2,128,40,95.6,46.13,32.86,5.39,44.72,33.38,8,6,6,2.83,36.74,7,0,0,0,Healthy,0
NB05760,Female,39.88,5.2,148,30,98.3,51.85,34.32,5.25,51.37,34.56,9,6,3,2.2,35.97,9,0,0,2,Healthy,0
NB05761,Female,38.06,5.2,134,39,96.7,49.77,32.51,5.5,49.06,32.55,6,5,5,1.53,37.48,8,0,0,0,Healthy,0
NB05762,Female,39.14,5.2,140,47,97.5,49.89,34.21,5.3,51.66,33.59,5,6,4,3.47,36.95,8,0,0,0,Healthy,0
NB05763,Male,35.84,5.2,114,55,88.0,51.57,32.39,5.13,51.85,33.21,6,4,2,4.77,37.27,7,1,0,4,At Risk,0
NB05764,Male,34.91,5.2,165,35,96.3,47.18,31.39,5.13,45.88,31.23,7,2,0,4.77,36.94,10,0,0,1,Healthy,0
NB05765,Male,38.24,5.2,127,46,95.1,51.32,33.57,5.16,51.22,34.16,9,4,5,3.22,36.82,7,0,0,0,Healthy,0
NB05766,Male,37.3,5.2,144,59,98.4,49.54,33.65,5.33,50.18,33.73,6,5,2,3.18,37.13,8,0,0,0,Healthy,0
NB05767,Male,39.38,5.2,130,50,92.2,50.38,35.56,4.94,51.31,35.09,9,6,5,4.18,36.73,8,0,0,0,Healthy,0
NB05768,Female,37.82,5.2,134,34,99.2,49.4,31.96,5.28,49.8,31.56,7,6,4,5.06,37.62,7,0,0,0,Healthy,0
NB05769,Female,38.45,5.2,126,43,90.8,52.92,33.74,5.05,53.65,33.49,6,8,4,2.37,36.79,6,0,1,6,At Risk,0
NB05770,Male,34.43,5.2,145,44,93.4,48.56,28.34,5.5,48.62,28.51,7,11,2,1.2,37.62,8,0,0,0,Healthy,0
NB05771,Female,42.0,5.2,122,48,89.5,57.1,36.36,5.34,57.17,37.17,7,6,1,2.32,37.07,9,1,0,4,At Risk,0
NB05772,Female,37.64,5.2,146,42,91.2,49.72,33.77,5.36,53.21,34.3,11,5,1,0.2,35.73,10,0,0,2,Healthy,0
NB05773,Female,39.53,5.2,138,47,95.0,49.23,35.73,5.24,48.83,35.35,9,10,4,1.61,36.35,9,0,0,0,Healthy,0
NB05774,Female,36.16,5.2,151,52,99.8,47.06,32.74,4.91,46.0,32.06,6,7,2,4.69,37.18,6,0,1,6,At Risk,0
NB05775,Female,38.68,5.2,153,31,95.1,47.83,35.1,5.23,47.6,35.6,11,7,5,2.68,36.39,8,0,0,1,Healthy,0
NB05776,Female,35.13,5.2,134,29,90.5,48.55,31.89,5.31,48.65,33.15,11,9,6,4.52,36.19,10,0,0,0,Healthy,0
NB05777,Female,38.99,5.2,147,48,87.6,49.32,33.48,5.12,47.96,34.16,6,5,2,5.16,37.38,8,1,0,4,At Risk,0
NB05778,Female,37.22,5.2,132,40,97.4,42.78,31.58,5.21,43.49,32.9,6,6,2,4.0,36.09,7,0,0,0,Healthy,0
NB05779,Male,38.06,5.2,164,51,92.7,54.59,33.45,5.36,54.18,33.25,7,7,6,6.15,37.15,7,0,0,0,Healthy,0
NB05780,Female,39.54,5.2,134,53,93.2,49.84,33.73,5.25,47.73,33.82,5,11,1,5.64,36.64,8,0,0,0,Healthy,0
NB05781,Male,35.29,5.2,136,23,98.8,46.01,31.72,5.28,46.19,32.62,9,2,4,5.34,37.12,9,0,0,3,At Risk,0
NB05782,Female,36.49,5.2,132,34,94.5,51.59,32.01,5.34,50.98,31.13,9,7,7,4.4,36.92,8,0,0,0,Healthy,0
NB05783,Male,39.01,5.2,127,41,94.0,48.09,35.13,5.48,49.3,35.46,9,5,4,5.54,35.87,10,0,0,2,Healthy,0
NB05784,Female,42.0,5.2,177,32,95.6,55.47,36.67,5.06,54.66,36.96,7,3,3,3.17,36.66,8,0,0,1,Healthy,0
NB05785,Male,37.7,5.2,149,37,100.0,48.15,34.26,5.5,47.81,35.2,9,5,3,5.91,36.69,9,0,0,0,Healthy,0
NB05786,Male,39.3,5.2,141,29,95.9,48.12,35.37,5.5,48.67,34.89,7,7,4,4.18,36.98,7,0,0,0,Healthy,0
NB05787,Male,37.76,5.2,131,38,87.4,52.8,33.37,5.12,52.63,33.33,7,7,1,2.38,36.94,10,1,0,4,At Risk,0
NB05788,Female,42.0,5.2,160,32,92.1,55.05,36.42,5.36,54.3,36.11,8,5,4,2.95,36.69,9,0,0,0,Healthy,0
NB05789,Male,34.16,5.2,130,45,94.0,47.98,31.86,5.5,47.23,31.9,8,8,1,1.69,36.29,10,0,0,0,Healthy,0
NB05790,Male,38.21,5.2,142,51,98.0,50.52,37.61,5.5,51.92,36.98,9,3,1,3.04,37.02,8,0,0,0,Healthy,0
NB05791,Female,34.42,5.2,180,46,90.7,47.58,29.81,4.89,47.24,30.23,6,6,2,2.14,37.19,7,0,0,0,Healthy,0
NB05792,Female,32.49,5.2,123,68,95.5,42.17,30.0,5.2,41.17,30.2,8,9,3,3.28,36.95,9,0,0,1,Healthy,0
NB05793,Male,38.65,5.2,150,51,94.7,50.41,32.46,5.13,50.36,32.4,8,9,1,5.29,36.7,8,0,0,0,Healthy,0
NB05794,Female,38.31,5.2,145,51,98.6,48.02,33.98,5.4,48.07,34.25,8,12,3,1.88,36.63,10,0,0,0,Healthy,0
NB05795,Male,37.37,5.2,150,41,91.5,46.26,32.35,5.42,47.03,32.71,4,9,3,3.86,36.39,4,0,1,6,At Risk,0
NB05796,Male,37.77,5.2,135,39,95.6,50.21,33.46,4.99,49.13,34.45,8,4,5,1.77,36.91,9,0,0,0,Healthy,0
NB05797,Female,42.0,5.2,129,55,100.0,55.52,36.83,5.09,57.42,36.88,7,9,2,3.38,36.89,9,0,0,0,Healthy,0
NB05798,Female,37.43,5.2,144,39,98.1,48.32,32.67,4.92,47.98,33.57,6,6,4,0.78,37.18,7,0,0,1,Healthy,0
NB05799,Male,39.12,5.2,132,42,97.1,50.19,31.91,5.21,52.11,31.52,9,11,2,0.43,36.52,10,0,0,0,Healthy,0
NB05800,Female,36.57,5.2,98,40,93.9,46.04,34.94,5.17,46.44,34.67,10,10,3,4.72,36.85,9,1,1,5,At Risk,0
NB05801,Female,38.65,5.2,125,47,95.5,50.2,35.51,5.32,50.97,36.57,9,3,4,1.59,36.21,9,0,0,0,Healthy,0
NB05802,Female,37.48,5.2,134,51,94.6,50.65,33.24,5.5,51.67,34.07,6,8,4,4.58,36.65,6,0,1,6,At Risk,0
NB05803,Female,37.1,5.2,121,53,98.0,50.37,31.83,5.28,50.16,30.91,6,6,3,5.74,36.55,7,0,0,0,Healthy,0
NB05804,Female,42.0,5.2,143,39,96.8,54.29,36.73,5.17,53.13,35.51,11,6,3,1.13,37.28,10,0,0,0,Healthy,0
NB05805,Male,40.59,5.2,126,44,92.8,50.69,36.15,5.39,51.61,37.16,11,11,2,4.23,37.57,9,0,0,0,Healthy,0
NB05806,Male,38.3,5.2,139,45,100.0,48.57,35.17,5.16,50.94,35.19,9,7,1,1.53,36.27,10,0,0,1,Healthy,0
NB05807,Male,32.93,5.2,179,57,99.2,46.63,31.54,5.19,46.84,31.27,6,9,6,5.36,37.21,6,0,1,6,At Risk,0
NB05808,Female,37.21,5.2,162,24,92.0,50.51,34.82,5.26,50.77,35.08,9,9,3,4.54,37.11,7,0,0,2,Healthy,0
NB05809,Female,42.0,5.2,151,42,93.8,52.86,33.99,4.99,53.39,33.74,11,6,5,3.64,36.55,8,0,0,0,Healthy,0
NB05810,Female,37.49,5.2,173,36,94.4,48.29,32.99,5.17,47.03,33.09,12,8,3,6.29,36.46,9,0,0,0,Healthy,0
NB05811,Male,40.43,5.2,139,37,97.9,54.12,36.99,5.07,55.5,36.91,6,3,1,4.76,36.46,10,0,0,0,Healthy,0
NB05812,Male,41.17,5.2,139,33,92.2,51.74,34.64,5.39,50.69,34.51,12,6,5,3.26,36.63,8,0,0,1,Healthy,0
NB05813,Male,38.48,5.2,121,47,92.7,51.53,35.97,5.02,53.22,34.91,4,7,1,4.51,36.64,10,0,0,0,Healthy,0
NB05814,Male,36.15,5.2,163,17,98.1,47.66,35.22,5.04,48.12,34.7,11,7,4,4.03,36.73,9,0,0,2,Healthy,0
NB05815,Female,32.64,5.2,175,41,97.0,42.68,31.84,5.09,44.16,32.6,7,7,0,2.65,36.57,8,0,0,1,Healthy,0
NB05816,Female,39.51,5.2,156,24,88.2,54.18,35.85,5.07,52.59,36.41,9,5,4,4.36,37.16,8,1,0,6,At Risk,0
NB05817,Female,36.21,5.2,166,35,97.3,48.23,31.87,5.5,49.31,32.1,6,6,3,5.41,37.03,8,0,0,1,Healthy,0
NB05818,Female,38.39,5.2,91,40,89.8,48.53,34.49,5.45,48.92,35.07,10,3,2,2.47,36.72,9,1,1,9,High Risk,0
NB05819,Male,35.25,5.2,182,38,92.8,44.34,29.86,5.33,44.29,30.0,6,12,5,5.47,36.56,8,0,0,1,Healthy,0
NB05820,Female,37.42,5.2,138,49,93.7,46.49,32.22,5.15,47.84,31.29,6,4,3,3.57,36.55,8,0,0,0,Healthy,0
NB05821,Male,38.07,5.2,182,54,93.4,48.92,32.79,5.22,49.9,32.22,11,6,3,0.2,37.0,8,0,0,2,Healthy,0
NB05822,Male,38.59,5.2,171,62,92.7,53.98,34.31,5.5,54.36,34.7,5,9,4,1.66,36.83,8,0,0,0,Healthy,0
NB05823,Male,35.55,5.2,154,42,91.4,46.22,31.49,5.17,44.26,30.55,6,10,2,3.99,36.89,9,0,0,1,Healthy,0
NB05824,Female,40.63,5.2,134,54,96.8,54.86,36.04,5.02,54.74,35.65,11,10,2,4.15,37.19,9,0,0,1,Healthy,0
NB05825,Female,36.69,5.2,143,57,89.4,48.16,34.2,5.39,49.26,33.87,9,7,3,4.37,36.78,9,1,0,4,At Risk,0
NB05826,Female,34.32,5.2,106,37,93.1,43.92,30.16,5.18,43.5,30.41,9,5,2,2.82,37.42,9,0,0,0,Healthy,0
NB05827,Female,37.76,5.2,157,54,97.8,48.44,33.86,5.2,48.94,33.83,7,10,4,7.14,35.9,8,0,0,3,At Risk,0
NB05828,Female,38.08,5.2,94,20,96.4,47.11,33.23,5.19,47.96,33.44,5,7,4,5.15,36.21,8,1,1,7,At Risk,0
NB05829,Female,38.35,5.2,135,45,90.2,48.21,34.33,5.2,49.66,34.72,8,4,6,4.54,37.61,6,0,1,6,At Risk,0
NB05830,Male,41.0,5.2,168,58,88.2,50.53,36.93,5.33,50.95,37.24,7,7,3,3.13,36.62,8,1,0,4,At Risk,0
NB05831,Female,37.48,5.2,153,43,91.2,45.32,34.82,5.17,44.6,35.43,7,6,3,0.27,36.93,9,0,0,0,Healthy,0
NB05832,Male,37.74,5.2,112,40,87.4,52.39,34.62,5.29,53.83,34.82,8,5,1,6.31,37.36,8,1,0,4,At Risk,0
NB05833,Female,35.57,5.2,116,40,95.3,47.84,32.72,5.44,47.8,32.23,9,7,3,2.41,36.95,7,0,0,1,Healthy,0
NB05834,Male,39.81,5.2,129,57,93.4,49.85,32.93,5.5,50.57,32.28,7,2,0,3.67,37.21,10,0,0,1,Healthy,0
NB05835,Female,38.41,5.2,141,26,93.7,50.41,32.46,5.05,49.97,32.8,9,3,4,5.18,37.08,9,0,0,0,Healthy,0
NB05836,Male,37.08,5.2,156,38,96.8,47.1,31.92,5.43,46.0,31.95,10,7,1,3.68,37.24,9,0,0,0,Healthy,0
NB05837,Male,33.81,5.2,151,50,98.1,40.49,31.4,5.46,39.44,31.5,9,5,0,4.75,37.02,7,0,0,0,Healthy,0
NB05838,Female,41.18,5.2,121,45,95.8,58.0,34.09,5.48,59.62,33.79,11,7,3,1.14,37.13,8,0,0,0,Healthy,0
NB05839,Female,35.3,5.2,151,54,94.2,47.55,32.42,5.24,47.71,32.47,10,11,3,2.25,36.54,7,0,0,0,Healthy,0
NB05840,Female,36.7,5.2,153,49,92.5,47.25,33.29,5.18,48.18,32.47,10,7,1,4.21,37.04,8,0,0,0,Healthy,0
NB05841,Male,38.79,5.2,149,37,93.8,46.44,31.45,4.92,48.7,30.7,7,3,4,3.27,36.78,9,0,0,0,Healthy,0
NB05842,Male,35.37,5.2,185,48,95.7,44.24,30.33,5.25,45.38,32.18,10,9,0,3.51,36.76,9,0,0,1,Healthy,0
NB05843,Female,34.71,5.2,153,29,98.2,49.95,33.07,5.5,52.05,31.87,8,6,6,1.24,36.04,9,0,0,0,Healthy,0
NB05844,Male,33.33,5.2,157,22,90.1,48.4,31.58,5.29,47.55,31.05,11,11,4,5.15,36.61,8,0,0,2,Healthy,0
NB05845,Male,39.59,5.2,174,36,91.1,52.53,33.63,5.19,52.74,33.03,11,7,1,3.8,36.74,8,0,0,0,Healthy,0
NB05846,Male,36.8,5.2,155,43,95.0,46.29,31.41,5.35,45.6,30.8,10,9,2,4.25,37.5,8,0,0,1,Healthy,0
NB05847,Male,42.0,5.2,130,34,87.6,56.22,32.92,4.99,55.35,32.74,8,9,3,2.57,36.67,9,1,0,4,At Risk,0
NB05848,Male,35.81,5.2,162,44,96.0,48.53,34.48,5.18,48.12,33.79,9,6,2,4.81,36.93,9,0,0,0,Healthy,0
NB05849,Male,35.97,5.2,133,43,98.7,49.09,32.44,5.39,48.54,32.96,8,3,2,1.44,37.42,9,0,0,0,Healthy,0
NB05850,Female,36.76,5.2,122,23,100.0,49.37,35.75,5.34,48.99,35.9,6,11,4,3.84,36.24,8,0,0,2,Healthy,0
NB05851,Female,38.53,5.2,124,37,95.3,47.07,33.89,5.13,47.36,34.26,6,9,5,2.07,36.63,8,0,0,1,Healthy,0
NB05852,Male,36.97,5.2,162,51,98.0,46.27,33.5,5.5,46.8,33.75,9,8,1,1.02,37.2,7,0,0,1,Healthy,0
NB05853,Female,39.35,5.2,151,47,95.1,49.79,36.08,4.94,50.97,35.76,7,5,2,1.62,37.91,8,0,0,0,Healthy,0
NB05854,Female,35.85,5.2,159,35,100.0,48.95,34.75,5.29,49.71,34.38,9,4,2,3.65,35.91,10,0,0,2,Healthy,0
NB05855,Female,34.96,5.2,151,48,93.5,44.1,32.42,5.4,46.26,33.31,7,6,4,4.8,36.75,5,0,1,6,At Risk,0
NB05856,Female,34.04,5.2,143,60,96.2,45.69,31.03,5.48,48.0,31.2,6,10,3,0.95,37.08,8,0,0,0,Healthy,0
NB05857,Female,33.11,5.2,146,38,97.1,44.84,30.42,5.25,44.55,30.59,7,9,3,8.56,37.18,8,0,0,1,Healthy,0
NB05858,Male,36.86,5.2,151,49,96.4,50.16,31.43,5.38,50.61,31.59,12,2,4,3.03,37.81,8,0,0,1,Healthy,0
NB05859,Male,37.34,5.2,129,48,92.3,50.35,32.76,5.23,50.57,32.92,7,9,2,3.05,36.51,6,0,1,6,At Risk,0
NB05860,Female,36.61,5.2,117,37,90.2,46.33,32.9,5.5,45.51,32.13,7,4,6,2.22,36.69,8,0,0,0,Healthy,0
NB05861,Male,40.74,5.2,131,31,98.6,54.96,37.79,5.29,56.07,38.11,6,7,4,1.89,36.07,10,0,0,0,Healthy,0
NB05862,Female,40.7,5.2,150,59,95.9,49.71,35.05,5.46,50.73,36.68,8,6,0,1.88,36.86,9,0,0,0,Healthy,0
NB05863,Female,37.26,5.2,128,53,95.3,51.12,34.88,5.0,52.03,35.02,7,14,6,5.76,37.03,8,0,0,0,Healthy,0
NB05864,Male,34.05,5.2,178,39,98.1,44.95,30.91,5.21,46.09,32.05,5,3,1,3.68,37.74,10,0,0,0,Healthy,0
NB05865,Female,36.75,5.2,148,54,98.0,48.81,34.79,5.34,48.38,34.98,11,5,4,1.64,37.57,9,0,0,1,Healthy,0
NB05866,Female,36.68,5.2,142,48,96.3,48.86,33.89,5.34,50.38,34.17,3,2,2,4.4,37.48,6,0,1,8,High Risk,0
NB05867,Male,36.55,5.2,129,54,97.2,48.69,33.7,5.12,50.16,34.0,6,8,7,4.56,36.49,9,0,0,0,Healthy,0
NB05868,Female,36.47,5.2,156,24,93.2,49.57,34.19,4.86,47.62,33.13,7,11,3,5.7,36.99,10,0,0,3,At Risk,0
NB05869,Female,36.56,5.2,118,38,96.9,49.09,34.04,4.88,48.85,33.24,10,10,2,0.2,36.98,9,0,0,0,Healthy,0
NB05870,Male,37.15,5.2,146,58,89.5,50.4,34.8,5.04,51.1,34.79,7,3,4,4.7,37.01,8,1,0,4,At Risk,0
NB05871,Male,36.6,5.2,132,69,95.1,49.27,36.02,5.5,52.34,37.16,7,7,2,5.84,36.78,9,0,0,1,Healthy,0
NB05872,Female,38.46,5.2,142,38,97.6,47.48,36.55,4.62,47.95,36.37,8,10,2,2.24,37.31,8,0,0,0,Healthy,0
NB05873,Male,38.79,5.2,149,38,92.5,50.85,35.05,5.2,51.39,35.47,7,6,6,7.77,36.64,7,0,0,0,Healthy,0
NB05874,Male,36.0,5.2,119,49,95.5,46.67,31.73,5.17,46.62,31.27,5,4,2,3.99,36.95,7,0,0,0,Healthy,0
NB05875,Female,40.8,5.2,110,45,96.1,49.9,36.31,5.24,50.02,36.98,10,9,6,1.65,37.45,8,0,0,0,Healthy,0
NB05876,Female,35.84,5.2,123,47,91.9,47.08,29.4,5.21,48.82,28.62,9,8,2,3.08,37.77,9,0,0,0,Healthy,0
NB05877,Female,34.44,5.2,156,20,99.0,46.76,32.55,5.03,47.08,33.3,10,10,4,3.66,36.43,10,0,0,3,At Risk,0
NB05878,Female,38.84,5.2,147,40,96.1,50.85,32.8,5.43,52.55,32.87,8,9,3,4.62,37.05,9,0,0,0,Healthy,0
NB05879,Male,36.2,5.2,133,50,89.1,50.09,34.22,4.9,50.08,34.21,8,15,3,0.2,37.0,4,1,1,10,High Risk,1
NB05880,Female,38.71,5.2,175,18,95.3,52.85,37.27,5.5,53.47,37.78,11,9,6,4.39,37.35,8,0,0,2,Healthy,0
NB05881,Female,32.71,5.2,163,26,100.0,45.51,27.92,5.32,43.91,28.83,7,6,1,4.35,37.54,5,0,1,6,At Risk,0
NB05882,Female,41.06,5.2,159,24,95.0,53.39,35.87,5.05,53.02,35.03,9,3,3,1.88,36.65,8,0,0,2,Healthy,0
NB05883,Male,39.48,5.2,127,49,92.7,51.12,33.24,5.09,51.02,33.75,8,5,1,5.13,36.77,8,0,0,0,Healthy,0
NB05884,Female,34.7,5.2,159,33,93.1,48.16,28.9,5.46,48.32,28.0,8,7,1,2.51,36.83,8,0,0,0,Healthy,0
NB05885,Female,34.75,5.2,146,30,94.4,47.65,31.36,4.96,47.74,31.06,5,8,2,2.47,37.02,10,0,0,0,Healthy,0
NB05886,Male,41.68,5.2,127,43,90.8,52.8,37.33,5.24,52.85,35.92,6,10,4,4.95,37.17,9,0,0,0,Healthy,0
NB05887,Male,36.38,5.2,138,30,99.9,52.44,33.8,5.22,53.9,33.73,12,3,1,2.41,36.63,7,0,0,0,Healthy,0
NB05888,Male,36.16,5.2,121,47,98.2,46.86,32.75,5.22,46.61,32.97,9,11,4,4.08,37.64,8,0,0,0,Healthy,0
NB05889,Female,33.01,5.2,127,66,98.8,48.02,27.81,5.34,48.88,28.49,6,6,2,3.22,35.98,8,0,0,3,At Risk,0
NB05890,Male,37.23,5.2,119,38,89.7,46.2,33.44,5.36,46.44,33.74,5,5,5,4.5,36.26,7,1,0,4,At Risk,0
NB05891,Male,37.5,5.2,157,23,95.4,50.78,31.21,5.31,50.67,31.34,6,12,3,3.21,37.07,10,0,0,3,At Risk,0
NB05892,Female,39.57,5.2,139,37,98.8,53.89,32.76,5.45,56.23,33.42,6,3,3,1.93,36.73,10,0,0,0,Healthy,0
NB05893,Female,34.92,5.2,123,47,91.7,43.02,30.15,5.28,43.84,31.06,9,4,3,1.06,36.55,8,0,0,0,Healthy,0
NB05894,Female,34.66,5.2,149,46,94.7,46.87,33.03,5.13,46.95,33.76,4,5,3,3.19,37.23,10,0,0,0,Healthy,0
NB05895,Female,38.99,5.2,140,50,91.2,51.92,35.31,5.0,52.75,36.66,11,6,1,3.48,37.17,8,0,0,0,Healthy,0
NB05896,Female,40.21,5.2,159,36,97.9,52.1,35.83,5.24,52.89,35.61,9,10,3,4.76,37.36,9,0,0,0,Healthy,0
NB05897,Female,34.54,5.2,142,39,94.2,47.25,30.09,5.31,47.36,30.95,10,10,3,4.44,36.33,9,0,0,0,Healthy,0
NB05898,Female,40.38,5.2,114,17,94.7,52.01,34.88,4.88,51.24,34.1,8,10,4,3.27,37.17,10,0,0,3,At Risk,0
NB05899,Female,38.08,5.2,131,48,91.0,47.49,31.8,5.32,47.31,31.16,8,7,2,2.33,37.16,10,0,0,0,Healthy,0
NB05900,Female,40.4,5.2,119,29,100.0,56.5,37.53,5.06,53.61,37.62,7,7,1,1.41,36.35,8,0,0,0,Healthy,0
NB05901,Male,37.85,5.2,150,44,95.2,48.45,36.99,5.05,48.03,36.8,7,8,1,2.46,36.82,9,0,0,0,Healthy,0
NB05902,Female,32.45,5.2,160,33,97.8,45.47,30.75,5.26,46.33,31.27,9,8,3,4.32,37.24,10,0,0,0,Healthy,0
NB05903,Female,37.67,5.2,112,41,96.3,48.01,34.66,4.81,48.5,35.04,9,7,2,5.27,37.4,7,0,0,0,Healthy,0
NB05904,Male,40.33,5.2,138,52,91.8,47.15,35.19,5.5,47.08,36.24,6,9,3,0.2,36.73,10,0,0,0,Healthy,0
NB05905,Female,36.03,5.2,161,38,89.3,45.98,29.99,5.41,46.66,30.42,3,8,5,2.28,36.31,8,1,0,5,At Risk,0
NB05906,Female,37.15,5.2,112,35,94.3,45.94,31.94,4.99,47.1,32.32,7,7,1,1.22,37.49,8,0,0,0,Healthy,0
NB05907,Male,37.61,5.2,132,42,98.9,51.43,32.83,5.19,51.76,32.25,11,6,2,4.68,36.82,7,0,0,0,Healthy,0
NB05908,Female,31.62,5.2,140,36,88.1,42.65,28.76,5.26,42.59,28.7,7,9,4,3.53,35.95,7,1,0,9,High Risk,0
NB05909,Female,41.68,5.2,159,33,100.0,51.88,35.45,5.08,51.85,36.11,2,6,0,2.79,36.69,8,0,0,1,Healthy,0
NB05910,Male,36.02,5.2,150,61,97.9,45.69,32.48,5.13,45.0,34.35,9,7,4,0.33,37.31,7,0,0,0,Healthy,0
NB05911,Male,39.11,5.2,153,23,95.7,50.79,33.3,5.21,51.8,32.9,7,5,5,3.13,36.25,9,0,0,2,Healthy,0
NB05912,Female,37.81,5.2,151,49,94.6,48.0,36.92,5.23,50.27,37.72,6,5,4,0.65,36.85,9,0,0,0,Healthy,0
NB05913,Female,40.77,5.2,133,41,98.0,54.07,33.69,5.2,53.01,33.8,4,3,2,4.28,36.65,9,0,0,0,Healthy,0
NB05914,Female,38.89,5.2,170,34,90.7,51.01,35.76,5.24,50.67,35.93,9,5,4,2.88,36.78,8,0,0,1,Healthy,0
NB05915,Female,37.48,5.2,128,45,96.5,47.99,33.05,5.3,48.5,32.65,10,7,3,4.01,36.6,7,0,0,0,Healthy,0
NB05916,Female,36.03,5.2,90,42,96.1,49.53,33.12,5.16,49.43,32.93,7,6,4,7.35,37.03,9,1,1,5,At Risk,0
NB05917,Male,39.76,5.2,108,55,100.0,51.2,35.79,5.32,52.02,35.84,6,10,6,1.84,36.7,8,0,0,0,Healthy,0
NB05918,Male,33.88,5.2,138,31,93.7,45.93,31.15,5.46,45.27,31.78,3,6,5,3.02,37.1,8,0,0,1,Healthy,0
NB05919,Male,39.42,5.2,134,37,95.2,47.95,33.09,5.32,46.09,34.1,13,8,0,0.9,36.63,9,0,0,1,Healthy,0
NB05920,Female,35.58,5.2,130,52,94.8,47.28,31.61,5.5,48.42,31.42,8,8,3,3.34,37.3,9,0,0,1,Healthy,0
NB05921,Female,40.76,5.2,143,40,93.2,52.72,35.98,4.95,53.69,35.75,9,6,2,1.18,36.81,8,0,0,1,Healthy,0
NB05922,Male,38.35,5.2,162,47,100.0,52.59,34.21,5.11,53.64,34.76,8,6,1,1.15,36.26,10,0,0,0,Healthy,0
NB05923,Male,39.42,5.2,148,54,91.6,49.37,33.26,5.3,51.53,33.21,8,8,2,3.12,36.41,7,0,0,0,Healthy,0
NB05924,Female,38.18,5.2,152,48,89.7,54.32,35.86,5.28,54.04,36.61,8,4,4,3.55,36.28,7,1,0,4,At Risk,0
NB05925,Female,34.14,5.2,121,36,95.9,47.24,27.36,5.15,49.3,27.84,9,9,3,0.2,36.3,8,0,0,0,Healthy,0
NB05926,Male,36.11,5.2,131,38,92.5,44.86,32.1,5.35,46.58,31.84,10,5,3,1.23,36.21,8,0,0,0,Healthy,0
NB05927,Female,39.48,5.2,153,54,95.9,49.24,33.45,5.27,49.15,34.11,9,8,7,0.57,36.31,9,0,0,0,Healthy,0
NB05928,Male,38.37,5.2,142,44,97.2,52.77,34.33,5.47,51.81,34.73,10,7,3,3.34,36.8,7,0,0,0,Healthy,0
NB05929,Male,40.6,5.2,149,40,95.5,54.42,37.14,5.02,53.65,37.11,9,11,3,1.86,37.13,6,0,1,6,At Risk,0
NB05930,Female,38.89,5.2,151,46,95.1,50.43,32.31,5.24,51.32,32.69,8,8,0,4.99,36.19,10,0,0,0,Healthy,0
NB05931,Male,35.87,5.2,143,29,87.8,47.99,35.84,5.14,47.13,35.35,8,11,4,3.51,36.44,9,1,0,4,At Risk,0
NB05932,Male,36.25,5.2,168,40,97.0,45.69,32.88,5.4,46.13,32.73,8,8,4,4.84,37.16,9,0,0,0,Healthy,0
NB05933,Female,38.23,5.2,130,41,95.7,52.45,34.53,5.34,52.43,35.1,10,8,5,3.82,36.73,7,0,0,0,Healthy,0
NB05934,Male,32.91,5.2,125,41,100.0,43.04,28.08,5.13,43.5,28.01,4,5,1,6.59,36.03,8,0,0,0,Healthy,0
NB05935,Male,41.68,5.2,108,38,99.0,54.6,36.31,5.43,55.72,36.68,9,9,2,2.58,36.82,8,0,0,0,Healthy,0
NB05936,Female,38.97,5.2,153,39,89.8,53.18,35.94,5.23,53.78,35.16,8,9,2,0.78,36.96,10,1,0,4,At Risk,0
NB05937,Female,40.7,5.2,130,41,98.7,52.13,36.0,4.98,53.2,36.07,8,4,4,1.06,36.94,8,0,0,0,Healthy,0
NB05938,Female,34.52,5.2,163,57,90.5,48.41,31.58,5.18,50.53,31.82,9,4,3,4.62,37.81,10,0,0,0,Healthy,0
NB05939,Male,40.74,5.2,144,20,97.9,55.76,35.64,5.5,54.04,35.37,9,12,3,3.08,36.46,7,0,0,2,Healthy,0
NB05940,Male,42.0,5.2,134,49,100.0,53.74,34.53,5.19,54.21,34.7,9,7,3,3.37,37.3,9,0,0,0,Healthy,0
NB05941,Female,35.09,5.2,121,41,100.0,46.63,29.69,5.28,46.79,29.92,8,8,3,4.6,36.79,10,0,0,0,Healthy,0
NB05942,Male,39.7,5.2,155,41,93.6,50.99,36.74,5.29,51.2,36.23,8,10,3,5.06,37.01,10,0,0,0,Healthy,0
NB05943,Male,38.0,5.2,139,38,97.5,48.12,35.13,5.22,46.27,33.52,7,7,2,0.58,36.51,9,0,0,0,Healthy,0
NB05944,Male,34.6,5.2,145,47,98.5,45.01,32.97,5.5,45.43,32.52,7,5,2,0.68,36.5,7,0,0,0,Healthy,0
NB05945,Female,39.08,5.2,151,52,96.6,51.46,33.32,5.38,51.16,32.16,6,6,3,2.8,36.24,8,0,0,0,Healthy,0
NB05946,Male,39.83,5.2,145,23,89.1,50.92,34.85,5.36,51.83,35.38,11,9,3,2.42,36.14,7,1,0,6,At Risk,0
NB05947,Female,36.68,5.2,125,63,95.5,49.06,34.72,5.18,51.83,35.5,7,3,4,2.47,37.1,8,0,0,0,Healthy,0
NB05948,Female,40.57,5.2,149,43,97.0,48.93,33.75,5.37,48.03,33.15,4,7,1,3.86,36.56,10,0,0,0,Healthy,0
NB05949,Female,34.33,5.2,155,43,95.0,46.11,32.93,5.17,46.68,32.39,8,6,3,1.52,37.95,8,0,0,0,Healthy,0
NB05950,Female,34.71,5.2,146,28,92.0,48.7,30.62,5.32,47.11,30.49,6,8,2,3.86,36.59,10,0,0,0,Healthy,0
NB05951,Female,38.3,5.2,151,36,94.3,47.63,32.73,5.5,47.98,32.43,8,9,5,3.77,37.1,7,0,0,1,Healthy,0
NB05952,Female,38.06,5.2,153,56,98.2,49.68,33.79,5.5,50.83,33.44,7,10,1,0.2,36.82,9,0,0,0,Healthy,0
NB05953,Female,36.42,5.2,133,43,96.4,44.47,31.02,5.21,45.16,30.09,7,7,3,1.85,35.98,7,0,0,2,Healthy,0
NB05954,Female,39.78,5.2,132,46,96.6,48.59,32.2,5.27,50.16,32.27,9,9,4,0.22,36.19,9,0,0,0,Healthy,0
NB05955,Male,39.17,5.2,180,37,94.1,52.27,34.73,5.01,53.14,34.28,9,4,1,1.72,36.12,7,0,0,1,Healthy,0
NB05956,Male,39.89,5.2,164,62,96.5,50.68,35.92,5.18,49.13,35.08,10,5,4,4.03,37.46,10,0,0,0,Healthy,0
NB05957,Female,37.73,5.2,139,40,87.6,53.0,35.43,4.79,55.08,35.24,11,10,3,1.47,37.38,9,1,0,4,At Risk,0
NB05958,Male,39.33,5.2,152,53,94.8,51.66,35.64,5.41,50.38,35.82,8,4,5,3.48,37.67,7,0,0,1,Healthy,0
NB05959,Male,37.02,5.2,123,40,93.7,49.78,36.06,5.08,51.83,36.03,8,13,4,2.75,35.8,7,0,0,2,Healthy,0
NB05960,Female,42.0,5.2,129,45,95.1,51.05,38.64,5.21,51.93,39.04,9,6,1,1.14,36.18,7,0,0,0,Healthy,0
NB05961,Male,36.21,5.2,118,46,90.9,47.22,33.66,5.14,47.79,34.92,6,7,2,3.04,37.07,9,0,0,0,Healthy,0
NB05962,Male,42.0,5.2,145,51,96.3,51.73,37.3,5.44,53.66,37.37,6,8,5,2.26,36.45,8,0,0,0,Healthy,0
NB05963,Female,38.08,5.2,145,49,100.0,47.54,35.7,5.5,48.32,36.64,7,5,4,3.4,37.11,9,0,0,0,Healthy,0
NB05964,Male,34.97,5.2,160,37,95.3,48.2,28.36,5.5,49.38,27.61,8,8,3,0.9,36.6,10,0,0,0,Healthy,0
NB05965,Male,41.01,5.2,136,54,95.2,54.04,35.19,4.97,54.43,33.29,7,10,2,3.05,36.55,7,0,0,0,Healthy,0
NB05966,Male,38.28,5.2,159,32,100.0,50.65,31.21,5.36,50.22,30.8,10,6,4,3.6,35.98,10,0,0,2,Healthy,0
NB05967,Male,39.87,5.2,152,30,91.7,49.63,36.11,5.06,48.79,35.96,9,5,1,6.72,36.54,7,0,0,0,Healthy,0
NB05968,Female,40.69,5.2,184,39,96.7,52.68,34.57,5.26,54.99,33.95,7,10,4,1.52,36.97,10,0,0,1,Healthy,0
NB05969,Female,38.74,5.2,170,46,100.0,46.44,38.85,5.42,48.17,39.32,3,5,3,2.68,36.36,8,0,0,1,Healthy,0
NB05970,Female,36.7,5.2,167,32,93.6,51.07,32.11,5.18,51.15,31.84,8,5,4,7.3,36.83,10,0,0,0,Healthy,0
NB05971,Male,40.15,5.2,155,41,98.0,48.94,35.46,5.27,48.52,35.46,10,9,7,3.72,36.33,8,0,0,0,Healthy,0
NB05972,Female,38.0,5.2,124,28,95.6,47.36,33.2,5.11,49.17,33.27,9,9,6,0.88,36.45,8,0,0,0,Healthy,0
NB05973,Male,39.51,5.2,145,39,91.2,51.19,34.12,5.45,52.34,34.95,8,10,2,0.2,36.48,9,0,0,1,Healthy,0
NB05974,Female,33.26,5.2,180,52,94.4,45.74,28.61,5.19,47.03,28.34,7,4,5,3.75,37.01,7,0,0,1,Healthy,0
NB05975,Male,38.98,5.2,149,34,94.9,50.34,32.57,5.12,51.86,32.37,8,5,3,2.25,37.19,7,0,0,0,Healthy,0
NB05976,Female,36.6,5.2,125,30,92.8,46.12,29.55,5.3,47.52,30.38,5,8,0,2.05,37.63,10,0,0,0,Healthy,0
NB05977,Male,41.64,5.2,146,46,89.4,55.14,37.16,5.41,57.3,38.15,7,8,2,4.09,37.15,10,1,0,4,At Risk,0
NB05978,Female,39.37,5.2,122,34,93.6,47.46,34.12,4.95,48.51,35.1,4,7,3,1.89,36.96,10,0,0,0,Healthy,0
NB05979,Female,38.53,5.2,125,66,89.8,47.11,37.07,5.32,45.99,38.02,5,10,3,3.25,37.6,9,1,0,5,At Risk,0
NB05980,Female,39.07,5.2,147,44,96.9,50.35,32.68,5.13,50.21,31.38,9,7,2,4.89,36.92,8,0,0,0,Healthy,0
NB05981,Female,35.8,5.2,153,52,96.9,45.09,34.48,5.36,45.8,33.99,8,7,4,3.58,37.08,9,0,0,0,Healthy,0
NB05982,Female,41.57,5.2,126,29,90.5,55.26,38.66,5.13,55.8,39.99,5,10,1,5.44,37.23,7,0,0,0,Healthy,0
NB05983,Female,42.0,5.2,130,47,95.3,50.84,38.52,5.06,51.85,38.96,10,5,4,1.56,36.88,10,0,0,0,Healthy,0
NB05984,Male,38.86,5.2,114,32,90.3,53.49,34.76,5.09,53.74,35.91,8,8,2,2.44,36.77,9,0,0,0,Healthy,0
NB05985,Male,41.5,5.2,138,40,93.7,54.82,35.74,5.26,53.57,36.38,9,8,2,3.97,36.73,10,0,0,0,Healthy,0
NB05986,Male,36.75,5.2,105,34,92.7,50.94,34.84,5.34,51.44,35.25,10,5,1,2.13,36.54,9,0,0,0,Healthy,0
NB05987,Male,36.25,5.2,135,52,96.7,51.8,31.39,5.11,50.19,31.82,6,7,3,3.9,36.58,8,0,0,1,Healthy,0
NB05988,Female,38.09,5.2,141,45,89.3,49.84,34.27,5.24,48.34,34.28,5,7,3,3.87,37.28,10,1,0,4,At Risk,0
NB05989,Male,38.96,5.2,108,43,98.4,48.44,34.4,5.1,49.17,34.53,7,5,6,5.52,36.31,9,0,0,0,Healthy,0
NB05990,Male,37.13,5.2,122,56,99.3,48.61,31.86,5.16,47.89,31.28,6,4,3,5.25,36.86,10,0,0,0,Healthy,0
NB05991,Female,39.18,5.2,139,42,94.5,49.53,35.05,5.13,49.31,34.81,8,5,6,4.88,36.79,8,0,0,1,Healthy,0
NB05992,Male,38.67,5.2,136,52,90.3,48.79,35.38,5.09,49.49,35.22,9,7,3,1.81,36.16,10,0,0,0,Healthy,0
NB05993,Male,35.8,5.2,137,60,87.7,47.93,30.87,4.99,47.58,31.19,7,6,3,5.56,37.18,9,1,0,4,At Risk,0
NB05994,Female,39.14,5.2,145,43,98.8,50.0,35.29,5.22,50.62,35.83,10,4,1,2.32,36.2,8,0,0,0,Healthy,0
NB05995,Male,39.9,5.2,110,45,100.0,49.81,31.79,5.46,51.2,32.45,11,11,3,3.89,36.46,7,0,0,1,Healthy,0
NB05996,Male,38.38,5.2,153,52,95.2,49.45,32.49,5.25,48.81,33.73,5,7,0,7.72,36.76,10,0,0,0,Healthy,0
NB05997,Female,40.54,5.2,134,56,90.9,52.98,34.89,5.17,52.62,35.56,6,7,1,4.89,37.47,8,0,0,0,Healthy,0
NB05998,Female,35.32,5.2,129,43,91.2,49.1,32.46,5.39,49.94,33.04,7,3,4,3.53,37.03,7,0,0,0,Healthy,0
NB05999,Female,39.03,5.2,106,36,99.1,47.32,35.82,5.13,47.09,35.13,6,9,7,0.2,36.94,8,0,0,1,Healthy,0
NB06000,Female,35.43,5.2,135,51,95.6,46.68,32.12,5.27,47.51,31.26,9,11,2,6.36,37.41,8,0,0,0,Healthy,0
NB06001,Female,35.55,5.2,149,48,91.6,47.11,32.93,4.92,47.83,33.25,6,8,4,5.48,36.68,7,0,0,0,Healthy,0
NB06002,Female,36.61,5.2,143,51,100.0,45.99,32.59,5.23,45.86,32.51,7,6,2,2.32,37.7,10,0,0,0,Healthy,0
NB06003,Female,35.93,5.2,143,49,98.7,47.5,32.96,5.16,49.02,33.14,11,7,2,3.55,37.03,8,0,0,0,Healthy,0
NB06004,Male,36.79,5.2,134,44,96.9,48.81,33.48,4.86,47.81,32.93,11,6,4,2.27,36.86,8,0,0,0,Healthy,0
NB06005,Male,37.53,5.2,139,45,93.0,50.21,32.71,5.14,51.02,32.81,10,6,1,3.43,35.99,8,0,0,2,Healthy,0
NB06006,Male,39.84,5.2,120,49,99.3,51.41,34.56,4.76,49.5,34.36,6,6,4,4.21,37.24,9,0,0,0,Healthy,0
NB06007,Female,37.29,5.2,140,28,98.1,47.2,34.21,5.11,47.5,34.58,9,8,5,4.85,37.04,9,0,0,1,Healthy,0
NB06008,Male,34.51,5.2,131,55,94.6,50.48,34.08,5.33,50.75,34.54,10,8,3,2.57,36.7,10,0,0,0,Healthy,0
NB06009,Male,40.51,5.2,120,46,98.8,53.52,37.37,5.05,52.51,37.66,6,13,3,5.25,36.57,9,0,0,0,Healthy,0
NB06010,Female,36.16,5.2,154,34,98.7,49.05,30.82,5.09,50.78,30.24,4,10,0,1.02,37.71,10,0,0,0,Healthy,0
NB06011,Female,37.87,5.2,112,44,96.0,51.49,32.02,4.93,50.6,32.04,9,2,3,2.8,36.44,9,0,0,1,Healthy,0
NB06012,Female,38.98,5.2,149,55,91.0,50.97,33.68,5.29,50.84,34.8,4,9,3,2.56,36.96,8,0,0,0,Healthy,0
NB06013,Female,38.44,5.2,151,45,91.4,52.57,34.26,5.14,53.95,34.05,7,14,1,1.3,36.82,9,0,0,0,Healthy,0
NB06014,Female,40.41,5.2,131,35,89.5,51.88,35.56,5.22,52.31,35.25,5,10,4,4.01,37.11,9,1,0,4,At Risk,0
NB06015,Male,39.05,5.2,159,29,99.6,50.55,36.4,5.46,50.36,36.96,8,5,0,2.05,35.93,9,0,0,2,Healthy,0
NB06016,Male,36.11,5.2,130,67,89.9,49.17,34.42,5.03,48.77,34.18,12,9,4,2.67,37.1,8,1,0,5,At Risk,0
NB06017,Male,42.0,5.2,129,25,95.1,56.35,36.61,5.48,56.57,36.17,9,6,3,2.15,37.52,8,0,0,2,Healthy,0
NB06018,Female,38.43,5.2,118,45,89.4,53.01,33.76,5.18,52.82,33.44,11,4,6,3.01,35.94,8,1,0,6,At Risk,0
NB06019,Female,37.68,5.2,140,36,100.0,50.49,34.35,5.44,50.81,35.03,9,7,6,2.26,36.37,10,0,0,0,Healthy,0
NB06020,Female,40.12,5.2,123,52,90.9,52.54,36.88,5.21,52.1,36.86,5,10,4,1.21,37.05,10,0,0,0,Healthy,0
NB06021,Male,38.55,5.2,126,30,96.1,51.49,35.01,4.9,52.57,35.6,8,10,5,5.52,36.74,8,0,0,0,Healthy,0
NB06022,Male,38.88,5.2,139,58,89.5,52.36,33.77,4.98,51.93,34.58,9,6,4,5.52,37.11,7,1,0,4,At Risk,0
NB06023,Female,42.0,5.2,140,41,98.0,55.8,35.68,5.18,54.51,35.52,9,6,6,4.26,37.13,7,0,0,0,Healthy,0
NB06024,Male,37.39,5.2,163,40,98.8,48.58,31.71,4.9,51.6,31.71,10,11,2,6.53,36.9,10,0,0,0,Healthy,0
NB06025,Female,37.3,5.2,157,39,95.1,51.61,33.6,5.34,52.81,33.56,6,10,4,5.27,37.59,8,0,0,1,Healthy,0
NB06026,Female,38.26,5.2,150,36,94.8,50.52,34.91,5.39,50.04,34.54,8,6,3,4.61,37.14,9,0,0,0,Healthy,0
NB06027,Male,40.36,5.2,137,38,97.8,53.02,36.55,4.93,52.34,37.25,7,5,4,1.69,36.2,9,0,0,0,Healthy,0
NB06028,Female,34.69,5.2,133,49,92.9,49.38,33.21,5.17,50.27,33.05,10,7,2,1.17,37.12,10,0,0,0,Healthy,0
NB06029,Male,33.68,5.2,140,25,98.8,47.2,32.99,5.21,46.76,32.47,8,5,2,3.38,36.79,6,0,1,8,High Risk,0
NB06030,Female,36.71,5.2,130,35,96.0,50.27,30.83,5.37,51.51,31.96,8,11,3,3.43,37.05,8,0,0,0,Healthy,0
NB06031,Male,34.41,5.2,127,57,89.5,45.59,31.89,5.31,46.3,31.85,8,6,3,0.2,37.33,9,1,0,5,At Risk,0
NB06032,Female,37.07,5.2,139,41,100.0,51.76,33.8,5.15,52.25,33.87,9,11,4,1.93,37.53,6,0,1,6,At Risk,0
NB06033,Male,39.11,5.2,124,36,95.6,51.99,34.46,4.95,52.38,34.22,8,4,4,4.26,36.84,7,0,0,0,Healthy,0
NB06034,Female,36.04,5.2,125,29,93.8,48.09,31.19,5.23,49.75,30.6,11,4,2,0.86,37.18,10,0,0,1,Healthy,0
NB06035,Male,34.86,5.2,157,30,95.6,48.98,33.77,5.2,48.98,32.97,5,7,2,4.52,36.31,7,0,0,0,Healthy,0
NB06036,Female,38.15,5.2,115,52,92.5,54.91,33.02,5.07,55.25,33.64,10,7,3,2.56,36.59,10,0,0,0,Healthy,0
NB06037,Male,39.9,5.2,121,34,94.5,48.97,31.84,5.5,48.41,31.6,9,7,3,3.24,36.55,9,0,0,0,Healthy,0
NB06038,Female,34.27,5.2,163,50,97.8,44.64,31.22,5.26,45.44,30.05,9,5,0,2.08,37.27,10,0,0,0,Healthy,0
NB06039,Male,39.8,5.2,133,32,97.4,56.59,34.71,5.1,55.93,34.32,8,6,3,4.27,37.58,9,0,0,1,Healthy,0
NB06040,Female,39.8,5.2,165,41,97.2,52.07,37.85,5.12,53.49,37.77,12,6,4,4.74,38.24,9,0,0,1,Healthy,0
NB06041,Female,40.1,5.2,119,41,92.9,51.87,36.0,5.4,53.39,35.66,8,3,4,3.08,37.19,7,0,0,0,Healthy,0
NB06042,Female,40.68,5.2,141,34,92.0,51.78,35.22,5.47,50.32,35.62,11,6,3,4.19,37.31,7,0,0,0,Healthy,0
NB06043,Male,42.0,5.2,154,43,96.4,55.62,36.3,5.35,56.84,36.15,12,6,3,2.6,36.02,8,0,0,0,Healthy,0
NB06044,Male,37.22,5.2,124,21,97.7,54.12,32.94,5.43,53.08,33.55,7,3,3,6.77,36.0,9,0,0,5,At Risk,0
NB06045,Female,38.24,5.2,170,41,92.4,48.49,37.29,4.98,48.25,37.91,8,9,6,2.18,36.41,9,0,0,0,Healthy,0
NB06046,Male,37.08,5.2,133,46,94.2,48.58,34.17,5.22,48.76,33.67,5,11,2,3.49,36.24,7,0,0,0,Healthy,0
NB06047,Male,38.0,5.2,149,34,96.4,48.9,31.69,5.0,48.65,31.35,6,7,3,4.76,37.03,9,0,0,0,Healthy,0
NB06048,Female,41.37,5.2,128,44,94.7,54.1,35.79,5.39,53.94,36.53,9,4,2,4.68,37.58,7,0,0,0,Healthy,0
NB06049,Female,35.04,5.2,167,44,99.1,49.38,31.69,5.41,50.39,31.96,8,6,1,0.34,36.81,7,0,0,1,Healthy,0
NB06050,Female,36.11,5.2,145,44,90.4,51.14,30.81,5.03,52.41,31.33,7,7,4,2.95,36.5,6,0,1,6,At Risk,0
NB06051,Female,41.03,5.2,178,29,89.9,53.86,33.25,5.11,53.95,33.77,13,8,1,3.53,36.94,10,1,0,4,At Risk,0
NB06052,Male,40.24,5.2,161,43,98.8,56.66,36.26,5.04,56.86,35.96,7,12,3,1.56,36.48,9,0,0,0,Healthy,0
NB06053,Female,37.2,5.2,155,25,97.2,47.73,32.03,5.28,48.56,33.63,5,4,4,2.19,36.56,10,0,0,2,Healthy,0
NB06054,Female,39.88,5.2,123,36,95.3,49.62,36.99,5.21,48.77,37.68,6,8,2,5.6,36.71,6,0,1,7,At Risk,0
NB06055,Male,38.75,5.2,142,42,93.8,53.21,34.34,5.24,53.45,34.18,8,9,2,1.61,36.97,8,0,0,0,Healthy,0
NB06056,Male,41.3,5.2,134,44,96.6,52.82,35.4,5.16,52.79,36.12,9,9,5,0.75,36.05,7,0,0,0,Healthy,0
NB06057,Male,38.16,5.2,140,30,95.7,47.0,30.29,5.5,47.48,30.32,7,10,5,6.77,35.89,8,0,0,3,At Risk,0
NB06058,Female,40.26,5.2,143,39,96.0,51.0,37.21,5.42,50.03,37.39,6,7,3,4.19,36.41,9,0,0,0,Healthy,0
NB06059,Female,42.0,5.2,124,50,94.8,53.71,37.04,5.2,54.28,36.77,7,7,4,1.95,37.04,8,0,0,0,Healthy,0
NB06060,Male,39.32,5.2,137,32,96.9,49.49,34.05,4.92,49.98,33.62,11,7,3,5.6,36.23,8,0,0,0,Healthy,0
NB06061,Female,38.11,5.2,138,20,98.2,47.67,32.54,4.89,49.85,33.1,11,7,0,2.95,37.63,10,0,0,2,Healthy,0
NB06062,Male,39.59,5.2,122,47,98.2,50.62,37.31,4.91,49.52,36.99,8,5,6,3.54,37.18,9,0,0,0,Healthy,0
NB06063,Female,37.2,5.2,154,33,96.6,46.75,31.64,5.32,49.26,31.28,9,8,3,2.01,37.1,8,0,0,0,Healthy,0
NB06064,Male,42.0,5.2,144,36,95.0,54.47,36.05,5.2,56.59,35.96,8,8,4,7.72,37.18,10,0,0,0,Healthy,0
NB06065,Female,38.4,5.2,155,43,96.6,46.07,34.93,5.48,47.55,34.39,7,6,6,5.81,36.99,9,0,0,0,Healthy,0
NB06066,Male,37.4,5.2,149,43,99.2,49.24,35.56,5.37,48.94,35.69,9,8,3,1.69,37.03,6,0,1,6,At Risk,0
NB06067,Female,36.16,5.2,109,52,94.5,48.98,32.19,4.78,50.17,31.98,5,5,4,2.9,37.36,10,0,0,0,Healthy,0
NB06068,Female,40.41,5.2,125,40,94.0,51.59,34.39,5.07,50.06,35.09,9,6,2,3.33,37.25,10,0,0,0,Healthy,0
NB06069,Male,39.91,5.2,170,43,96.7,53.5,34.98,4.89,51.67,35.69,10,7,4,1.31,36.94,8,0,0,0,Healthy,0
NB06070,Male,36.91,5.2,154,25,97.6,45.87,34.39,5.15,45.5,34.48,6,10,4,2.06,37.67,9,0,0,0,Healthy,0
NB06071,Female,39.27,5.2,111,48,94.6,49.34,36.38,5.29,48.57,35.98,7,8,1,2.73,36.83,5,0,1,7,At Risk,0
NB06072,Female,34.68,5.2,148,35,96.6,45.95,29.41,5.25,44.19,29.39,3,9,4,3.96,36.6,6,0,1,7,At Risk,0
NB06073,Female,38.41,5.2,125,74,92.1,51.39,34.26,5.23,53.21,34.14,6,8,1,1.18,36.13,8,0,0,2,Healthy,0
NB06074,Female,39.0,5.2,102,40,95.0,50.93,32.35,5.0,50.42,33.39,11,8,3,1.3,36.47,10,0,0,0,Healthy,0
NB06075,Female,41.76,5.2,170,46,100.0,57.27,37.76,5.5,57.93,37.66,4,6,5,1.71,37.34,7,0,0,0,Healthy,0
NB06076,Female,36.3,5.2,141,48,97.1,46.46,33.25,5.26,49.48,33.48,6,7,4,4.73,36.78,8,0,0,0,Healthy,0
NB06077,Female,35.19,5.2,144,41,92.7,44.28,30.45,5.5,44.37,30.94,11,10,4,1.18,37.02,9,0,0,0,Healthy,0
NB06078,Male,36.03,5.2,117,46,93.2,51.41,34.72,5.39,50.32,35.69,8,3,1,4.72,36.84,10,0,0,0,Healthy,0
NB06079,Male,35.06,5.2,119,65,90.6,44.09,32.24,5.35,46.16,32.13,7,7,3,0.2,36.26,10,0,0,0,Healthy,0
NB06080,Female,40.94,5.2,111,34,100.0,53.61,36.2,5.35,53.67,35.42,8,7,0,2.9,36.67,10,0,0,0,Healthy,0
NB06081,Male,41.41,5.2,166,20,91.5,50.71,35.92,5.12,51.76,36.09,7,8,3,0.2,36.42,7,0,0,2,Healthy,0
NB06082,Female,38.7,5.2,110,29,86.1,46.1,34.28,5.11,43.58,35.06,7,7,1,2.84,36.6,7,1,0,4,At Risk,0
NB06083,Female,40.69,5.2,169,52,90.1,51.27,35.11,5.21,51.77,35.44,8,7,6,4.05,36.4,8,0,0,1,Healthy,0
NB06084,Female,38.29,5.2,122,37,95.2,51.66,32.89,5.2,51.8,32.66,7,4,2,2.8,37.02,7,0,0,0,Healthy,0
NB06085,Male,37.79,5.2,118,65,92.5,46.97,35.5,4.74,46.8,35.39,9,6,5,3.64,37.17,8,0,0,1,Healthy,0
NB06086,Female,37.27,5.2,139,49,95.5,50.09,32.55,5.23,51.26,32.13,12,10,5,2.24,36.82,8,0,0,0,Healthy,0
NB06087,Male,37.32,5.2,128,35,96.2,50.51,32.53,5.34,50.04,32.5,10,11,0,3.99,35.9,8,0,0,2,Healthy,0
NB06088,Male,34.59,5.2,142,34,92.8,43.99,31.22,4.97,43.91,30.8,9,9,5,4.02,36.19,8,0,0,0,Healthy,0
NB06089,Female,38.58,5.2,124,38,91.8,49.67,36.34,5.02,49.97,36.68,7,5,3,2.09,37.09,7,0,0,0,Healthy,0
NB06090,Male,37.91,5.2,134,21,98.2,52.67,35.43,5.24,53.74,35.83,5,9,1,4.72,36.46,10,0,0,2,Healthy,0
NB06091,Male,39.64,5.2,126,45,96.0,52.38,34.36,5.31,52.33,34.51,10,9,3,3.37,36.46,9,0,0,0,Healthy,0
NB06092,Male,38.21,5.2,156,49,85.6,49.26,35.78,5.2,49.3,36.41,7,5,2,3.23,36.83,10,1,0,4,At Risk,0
NB06093,Male,37.64,5.2,149,32,89.6,50.11,33.71,5.3,50.14,34.55,6,7,2,3.81,36.45,9,1,0,4,At Risk,0
NB06094,Male,36.08,5.2,144,26,88.7,46.5,31.19,5.26,46.53,32.16,5,15,4,4.02,35.85,7,1,0,6,At Risk,0
NB06095,Female,38.16,5.2,159,33,94.4,51.97,33.2,5.15,50.85,33.37,8,9,2,3.39,36.38,10,0,0,0,Healthy,0
NB06096,Male,39.62,5.2,145,52,95.7,53.29,37.0,5.22,54.25,36.77,8,6,4,4.35,36.62,9,0,0,1,Healthy,0
NB06097,Male,35.48,5.2,143,50,94.4,47.58,35.16,5.22,48.6,33.95,7,5,3,5.68,36.55,8,0,0,0,Healthy,0
NB06098,Female,38.19,5.2,138,44,92.8,50.23,34.41,5.23,48.81,34.24,10,7,3,2.64,37.12,8,0,0,1,Healthy,0
NB06099,Female,38.51,5.2,127,58,98.6,48.06,33.31,5.2,47.81,32.64,9,9,1,1.47,36.84,9,0,0,0,Healthy,0
NB06100,Female,36.42,5.2,127,25,96.1,45.47,32.51,5.3,47.0,32.62,6,14,2,5.31,36.81,7,0,0,0,Healthy,0
NB06101,Female,36.71,5.2,143,40,91.8,47.68,31.75,5.42,47.99,32.34,5,9,0,2.43,37.32,9,0,0,0,Healthy,0
NB06102,Female,38.51,5.2,158,48,92.0,49.88,33.23,5.32,49.76,33.78,8,8,6,4.78,36.1,9,0,0,0,Healthy,0
NB06103,Male,35.51,5.2,150,50,92.3,49.48,30.98,4.77,48.57,31.58,7,10,2,5.81,37.5,7,0,0,0,Healthy,0
NB06104,Male,38.77,5.2,150,50,93.8,52.14,34.22,4.95,53.6,33.43,9,3,0,4.78,37.54,8,0,0,0,Healthy,0
NB06105,Male,36.03,5.2,120,49,95.1,48.2,32.6,5.35,47.7,31.82,10,4,3,3.07,36.75,8,0,0,0,Healthy,0
NB06106,Male,40.34,5.2,149,55,96.4,54.09,35.21,5.07,54.97,36.09,10,7,3,2.18,36.62,8,0,0,0,Healthy,0
NB06107,Female,42.0,5.2,133,50,92.1,51.31,36.27,5.46,53.43,35.15,6,8,3,5.64,37.4,8,0,0,0,Healthy,0
NB06108,Male,36.11,5.2,143,30,90.3,50.05,33.62,4.93,50.37,34.13,7,1,5,4.59,36.68,9,0,0,1,Healthy,0
NB06109,Female,39.18,5.2,150,37,96.4,49.08,34.28,5.4,50.7,34.26,7,12,3,2.37,36.96,7,0,0,0,Healthy,0
NB06110,Female,36.4,5.2,119,25,97.9,50.64,32.43,5.06,51.31,32.33,6,5,3,6.45,36.93,8,0,0,0,Healthy,0
NB06111,Male,40.29,5.2,143,52,100.0,51.63,35.14,5.45,52.84,35.36,10,4,4,0.57,37.02,10,0,0,0,Healthy,0
NB06112,Female,35.22,5.2,144,54,96.4,43.1,34.17,5.08,43.05,35.35,8,9,3,2.33,36.31,7,0,0,0,Healthy,0
NB06113,Female,39.06,5.2,158,30,92.4,52.01,33.8,5.04,51.33,33.43,10,13,1,4.55,37.0,7,0,0,0,Healthy,0
NB06114,Female,36.08,5.2,131,38,97.1,49.49,33.35,5.25,49.23,33.21,8,2,3,2.34,36.4,8,0,0,1,Healthy,0
NB06115,Female,37.54,5.2,139,24,94.5,48.28,32.36,4.94,48.12,33.13,9,9,3,2.17,36.53,7,0,0,2,Healthy,0
NB06116,Female,35.73,5.2,143,41,90.3,46.82,32.74,5.04,47.29,32.31,7,2,4,4.39,37.22,8,0,0,1,Healthy,0
NB06117,Male,39.81,5.2,131,34,94.8,50.91,35.89,5.4,51.82,36.49,6,8,3,1.56,36.57,8,0,0,0,Healthy,0
NB06118,Female,36.16,5.2,130,30,96.0,44.09,34.14,5.5,42.74,34.21,9,1,2,3.76,36.51,8,0,0,1,Healthy,0
NB06119,Female,39.21,5.2,130,42,100.0,45.96,34.07,5.18,46.32,32.83,6,5,3,1.45,36.89,6,0,1,6,At Risk,0
NB06120,Male,37.24,5.2,138,61,95.2,51.52,31.6,5.13,52.04,31.77,6,8,4,2.7,37.41,10,0,0,1,Healthy,0
NB06121,Female,37.75,5.2,171,50,92.1,47.73,32.45,4.93,47.98,32.6,8,10,4,3.49,37.88,8,0,0,0,Healthy,0
NB06122,Female,38.33,5.2,138,39,88.4,53.6,35.47,5.36,52.76,35.7,7,9,6,4.07,37.31,8,1,0,5,At Risk,0
NB06123,Male,36.32,5.2,149,42,90.7,50.83,35.75,5.14,51.45,36.26,10,9,1,1.15,37.31,6,0,1,7,At Risk,0
NB06124,Male,38.46,5.2,141,61,91.6,53.15,35.38,4.99,53.72,35.83,7,6,4,1.65,36.79,9,0,0,0,Healthy,0
NB06125,Female,41.37,5.2,134,55,100.0,51.33,34.26,5.29,52.36,34.37,5,6,1,3.33,37.95,9,0,0,0,Healthy,0
NB06126,Female,36.29,5.2,140,39,94.3,44.84,33.8,4.97,44.82,34.59,8,8,3,2.62,36.89,9,0,0,1,Healthy,0
NB06127,Male,40.58,5.2,154,47,94.7,49.75,34.19,5.26,50.25,34.07,3,6,2,5.91,36.78,9,0,0,1,Healthy,0
NB06128,Female,41.3,5.2,139,32,98.9,51.67,35.58,5.15,52.44,35.86,7,7,2,4.91,36.97,8,0,0,0,Healthy,0
NB06129,Female,36.2,5.2,137,42,97.1,43.24,32.82,5.27,43.49,32.4,5,7,3,3.76,36.92,10,0,0,0,Healthy,0
NB06130,Male,34.8,5.2,136,50,94.1,45.77,32.09,4.94,44.63,30.96,9,10,5,2.48,36.21,10,0,0,0,Healthy,0
NB06131,Male,38.66,5.2,122,52,99.0,49.79,34.36,5.27,47.73,33.99,8,7,0,4.1,36.49,8,0,0,0,Healthy,0
NB06132,Male,36.8,5.2,159,36,92.6,45.93,32.06,4.87,45.32,32.22,9,8,2,4.81,36.97,8,0,0,0,Healthy,0
NB06133,Female,42.0,5.2,132,52,96.0,51.12,38.19,5.28,49.61,37.33,10,7,3,3.66,36.44,6,0,1,6,At Risk,0
NB06134,Male,38.08,5.2,166,43,90.6,49.23,33.06,5.21,49.68,32.63,9,2,3,3.11,37.09,8,0,0,1,Healthy,0
NB06135,Female,36.24,5.2,144,39,95.9,48.72,34.45,4.86,47.9,35.58,9,8,0,5.07,36.82,9,0,0,0,Healthy,0
NB06136,Male,35.48,5.2,165,61,98.6,45.55,29.99,5.23,45.09,29.92,10,5,3,2.47,37.22,8,0,0,1,Healthy,0
NB06137,Male,40.4,5.2,136,38,98.0,52.34,35.8,5.37,54.31,36.17,10,7,1,2.45,36.74,6,0,1,6,At Risk,0
NB06138,Female,36.74,5.2,127,31,98.2,48.74,31.08,5.14,48.55,30.66,5,7,4,4.08,37.02,10,0,0,0,Healthy,0
NB06139,Female,38.1,5.2,159,35,100.0,49.78,32.62,4.97,51.17,31.89,9,8,3,3.61,35.98,10,0,0,2,Healthy,0
NB06140,Male,40.1,5.2,130,49,94.1,50.19,34.5,5.14,50.43,33.99,8,4,4,4.04,36.08,5,0,1,6,At Risk,0
NB06141,Female,36.93,5.2,163,32,91.8,45.97,35.34,4.78,44.74,36.07,9,11,4,1.14,36.44,10,0,0,0,Healthy,0
NB06142,Female,37.9,5.2,150,50,96.6,52.9,35.69,5.29,53.06,35.62,11,8,2,2.6,36.94,10,0,0,1,Healthy,0
NB06143,Male,37.96,5.2,166,33,91.9,50.83,35.09,5.38,48.71,35.26,9,6,4,3.89,36.45,9,0,0,0,Healthy,0
NB06144,Male,39.5,5.2,122,41,91.0,52.96,34.9,5.14,53.38,34.58,8,7,5,4.11,37.13,9,0,0,0,Healthy,0
NB06145,Female,39.3,5.2,157,64,94.1,50.6,34.99,5.18,49.87,35.54,5,10,4,5.18,36.97,9,0,0,1,Healthy,0
NB06146,Female,37.52,5.2,127,33,100.0,48.84,35.36,5.45,49.02,36.3,7,7,2,3.84,36.59,10,0,0,1,Healthy,0
NB06147,Female,38.14,5.2,97,22,97.4,50.71,34.95,5.5,50.25,36.4,9,7,1,4.31,36.9,10,1,1,7,At Risk,0
NB06148,Male,37.18,5.2,156,56,96.3,45.19,33.25,5.38,46.58,33.75,6,7,0,0.97,36.6,8,0,0,0,Healthy,0
NB06149,Female,34.75,5.2,140,28,89.1,44.45,33.75,5.03,44.69,33.27,10,9,1,1.7,36.94,7,1,0,4,At Risk,0
NB06150,Male,38.57,5.2,157,34,92.8,48.51,35.42,5.48,48.4,34.39,11,6,6,4.69,36.57,10,0,0,0,Healthy,0
NB06151,Female,42.0,5.2,142,49,100.0,52.29,36.96,5.35,52.0,37.86,8,7,2,4.34,36.98,10,0,0,1,Healthy,0
NB06152,Female,36.06,5.2,140,49,94.1,46.09,31.75,5.28,46.5,30.74,8,8,4,0.65,37.41,10,0,0,0,Healthy,0
NB06153,Female,36.3,5.2,167,18,100.0,48.74,31.79,5.29,48.56,31.84,7,8,2,2.07,36.24,6,0,1,8,High Risk,0
NB06154,Female,36.08,5.2,142,39,96.6,48.04,31.95,5.44,45.93,32.66,12,9,2,5.33,36.49,10,0,0,0,Healthy,0
NB06155,Female,39.59,5.2,131,51,94.5,53.82,35.6,4.86,53.48,36.71,10,7,1,4.35,36.51,9,0,0,0,Healthy,0
NB06156,Female,38.99,5.2,138,62,93.9,55.44,35.74,5.2,55.64,35.31,5,6,3,2.8,36.94,9,0,0,0,Healthy,0
NB06157,Female,37.65,5.2,143,30,94.8,46.76,31.39,5.0,46.21,31.58,8,9,4,3.91,37.18,6,0,1,6,At Risk,0
NB06158,Male,35.98,5.2,89,53,89.9,48.08,29.47,5.31,48.52,29.49,12,3,2,3.36,36.02,9,1,1,9,High Risk,0
NB06159,Female,38.2,5.2,149,35,98.4,50.07,32.52,5.07,50.38,32.18,10,4,3,2.32,36.72,9,0,0,0,Healthy,0
NB06160,Female,34.56,5.2,164,52,96.5,46.47,30.78,5.5,44.48,31.63,6,4,5,2.13,36.81,8,0,0,0,Healthy,0
NB06161,Male,38.32,5.2,139,32,94.1,47.71,35.81,5.38,47.2,36.26,8,5,5,6.08,37.2,9,0,0,0,Healthy,0
NB06162,Male,39.92,5.2,132,40,94.6,49.49,34.72,5.0,51.01,34.11,7,4,5,2.21,36.4,8,0,0,0,Healthy,0
NB06163,Male,35.25,5.2,147,46,97.8,47.6,32.26,5.42,48.34,32.24,6,9,4,3.55,37.13,6,0,1,6,At Risk,0
NB06164,Female,34.63,5.2,171,52,100.0,44.67,32.07,5.15,45.5,31.94,12,6,6,0.2,36.93,8,0,0,0,Healthy,0
NB06165,Male,41.47,5.2,148,48,100.0,53.05,34.7,5.25,54.22,35.06,10,3,3,7.4,37.6,9,0,0,1,Healthy,0
NB06166,Male,36.65,5.2,144,38,95.7,47.9,35.05,5.2,47.85,36.29,9,4,4,6.59,37.79,7,0,0,0,Healthy,0
NB06167,Female,40.5,5.2,133,37,92.1,52.13,34.55,4.86,51.77,34.85,9,8,1,1.78,37.16,8,0,0,1,Healthy,0
NB06168,Male,37.66,5.2,121,60,89.6,47.39,35.9,5.11,48.43,35.83,11,3,5,5.1,36.68,10,1,0,4,At Risk,0
NB06169,Female,37.64,5.2,140,45,95.4,49.59,33.36,5.0,50.91,33.4,7,7,4,5.26,37.02,8,0,0,0,Healthy,0
NB06170,Male,38.96,5.2,141,37,92.3,48.71,33.97,4.75,50.14,34.31,10,7,4,2.32,37.06,9,0,0,0,Healthy,0
NB06171,Male,36.06,5.2,105,47,95.5,48.17,30.77,5.12,47.73,29.83,12,7,0,4.41,37.04,10,0,0,0,Healthy,0
NB06172,Female,38.29,5.2,127,48,96.0,52.54,34.3,5.18,53.4,35.07,9,7,2,1.06,36.99,7,0,0,0,Healthy,0
NB06173,Female,37.16,5.2,161,28,97.5,49.37,36.59,4.94,49.45,36.79,10,4,4,3.37,37.04,7,0,0,1,Healthy,0
NB06174,Female,35.09,5.2,135,47,90.9,47.63,32.39,5.45,48.54,32.41,8,6,2,4.19,37.27,8,0,0,0,Healthy,0
NB06175,Female,38.74,5.2,96,27,91.9,51.9,34.73,5.3,52.01,34.58,7,4,4,3.67,37.79,9,1,1,5,At Risk,0
NB06176,Female,37.42,5.2,169,36,93.9,46.27,32.39,5.25,46.45,32.45,6,5,3,3.56,35.99,7,0,0,2,Healthy,0
NB06177,Female,37.65,5.2,124,32,95.9,52.73,34.45,5.33,53.73,33.97,8,5,4,2.49,37.38,10,0,0,0,Healthy,0
NB06178,Male,35.34,5.2,132,41,95.7,45.09,32.17,5.34,44.96,31.3,5,5,6,3.61,36.86,6,0,1,6,At Risk,0
NB06179,Male,41.5,5.2,159,38,100.0,54.51,36.16,5.28,54.34,36.58,7,6,1,4.31,36.44,10,0,0,0,Healthy,0
NB06180,Female,39.93,5.2,127,40,87.1,52.83,35.89,5.5,54.09,35.54,7,8,4,0.92,36.19,10,1,0,4,At Risk,0
NB06181,Male,40.12,5.2,105,23,98.9,49.7,32.56,4.81,50.32,32.8,9,7,3,3.22,36.94,6,0,1,8,High Risk,0
NB06182,Male,37.33,5.2,144,41,98.7,51.01,33.18,5.34,50.23,33.16,6,6,2,4.73,36.82,7,0,0,0,Healthy,0
NB06183,Male,34.2,5.2,154,31,91.8,47.17,29.34,5.16,48.53,30.22,8,5,4,7.3,36.31,8,0,0,0,Healthy,0
NB06184,Female,42.0,5.2,132,65,93.3,56.98,36.64,5.5,58.64,37.03,5,5,4,7.23,36.79,9,0,0,0,Healthy,0
NB06185,Female,37.87,5.2,138,38,100.0,49.87,32.62,5.3,50.36,33.38,8,8,2,2.32,37.27,8,0,0,0,Healthy,0
NB06186,Female,36.35,5.2,119,39,92.8,47.9,31.66,5.21,47.78,32.22,10,6,3,4.0,37.5,8,0,0,1,Healthy,0
NB06187,Female,38.92,5.2,122,49,92.9,49.4,32.44,5.5,51.21,33.6,7,7,2,3.86,36.86,8,0,0,0,Healthy,0
NB06188,Female,40.57,5.2,134,55,95.4,48.42,37.27,5.19,50.17,36.43,5,11,5,0.2,36.86,7,0,0,0,Healthy,0
NB06189,Female,37.95,5.2,152,30,96.8,48.92,32.75,5.31,48.23,33.73,8,4,2,1.98,37.08,5,0,1,6,At Risk,0
NB06190,Female,40.81,5.2,142,48,98.5,51.58,34.83,5.1,51.52,34.46,12,5,2,0.79,37.32,8,0,0,1,Healthy,0
NB06191,Male,40.38,5.2,158,52,98.6,52.27,37.76,5.26,52.41,37.21,7,10,5,2.75,36.88,7,0,0,0,Healthy,0
NB06192,Male,35.63,5.2,170,44,97.7,44.62,32.99,5.5,46.46,32.34,8,7,1,3.35,36.96,9,0,0,0,Healthy,0
NB06193,Female,36.52,5.2,156,44,88.3,47.79,29.71,5.4,48.88,29.56,6,7,4,2.62,36.62,7,1,0,4,At Risk,0
NB06194,Male,40.11,5.2,111,37,94.9,52.65,37.35,5.32,52.53,37.71,7,12,4,3.08,36.73,7,0,0,0,Healthy,0
NB06195,Male,32.03,5.2,135,39,97.3,45.58,32.09,4.96,45.78,33.02,7,13,2,2.27,36.51,8,0,0,0,Healthy,0
NB06196,Female,37.67,5.2,156,41,97.4,45.58,35.9,5.5,45.68,34.86,9,10,3,3.51,36.33,7,0,0,0,Healthy,0
NB06197,Male,34.85,5.2,138,38,92.5,48.18,32.6,4.99,47.62,32.88,7,6,3,3.08,36.26,6,0,1,6,At Risk,0
NB06198,Female,36.95,5.2,111,51,91.4,48.16,31.41,5.24,48.88,30.92,7,8,3,1.38,36.41,8,0,0,0,Healthy,0
NB06199,Female,37.34,5.2,130,33,91.2,48.64,33.27,5.32,49.29,32.61,8,3,3,7.41,36.38,7,0,0,0,Healthy,0
NB06200,Male,37.21,5.2,99,51,96.6,44.16,31.08,5.36,44.95,30.84,4,7,2,3.76,36.93,9,1,1,5,At Risk,0
NB06201,Male,36.79,5.2,135,55,98.5,51.49,31.65,5.09,51.92,31.81,9,8,2,4.76,37.0,9,0,0,0,Healthy,0
NB06202,Male,35.59,5.2,128,46,95.5,47.78,30.44,5.36,46.9,30.15,5,6,5,1.83,36.61,7,0,0,0,Healthy,0
NB06203,Male,42.0,5.2,134,24,91.3,50.14,35.66,4.98,49.7,35.02,6,7,4,2.47,36.42,10,0,0,2,Healthy,0
NB06204,Female,42.0,5.2,161,48,95.6,53.95,36.85,5.5,54.21,36.7,6,11,2,2.71,37.77,9,0,0,0,Healthy,0
NB06205,Female,35.44,5.2,116,36,91.7,47.99,31.34,4.97,49.09,31.79,11,6,1,5.21,36.6,7,0,0,1,Healthy,0
NB06206,Female,41.48,5.2,127,37,92.4,55.18,35.5,5.13,55.66,35.84,11,7,6,2.02,36.53,10,0,0,0,Healthy,0
NB06207,Female,37.12,5.2,119,46,93.7,48.19,32.75,5.34,47.16,32.54,6,7,5,2.23,36.09,4,0,1,6,At Risk,0
NB06208,Male,38.28,5.2,159,53,92.2,49.88,36.25,5.2,48.06,36.24,11,9,2,0.84,37.03,10,0,0,0,Healthy,0
NB06209,Male,37.86,5.2,160,25,91.0,48.19,36.95,5.5,48.35,36.59,11,7,6,5.05,37.62,9,0,0,0,Healthy,0
NB06210,Female,36.55,5.2,146,43,100.0,49.49,32.11,5.48,50.1,32.34,8,7,1,0.46,36.72,8,0,0,0,Healthy,0
NB06211,Male,40.16,5.2,146,62,88.4,49.98,35.82,5.33,50.97,36.44,12,9,1,0.2,36.64,8,1,0,4,At Risk,0
NB06212,Male,38.28,5.2,118,31,92.9,48.06,32.73,5.09,50.02,32.36,11,6,5,3.86,36.92,8,0,0,0,Healthy,0
NB06213,Female,36.95,5.2,144,40,94.2,48.52,34.22,5.2,49.84,34.01,8,6,2,1.79,36.94,8,0,0,1,Healthy,0
NB06214,Male,35.13,5.2,120,36,99.3,44.57,31.08,4.94,45.38,31.52,9,8,4,4.17,35.68,6,0,1,9,High Risk,0
NB06215,Female,36.03,5.2,141,49,96.0,51.03,31.36,5.06,50.7,32.97,7,7,2,3.35,37.09,9,0,0,1,Healthy,0
NB06216,Female,34.39,5.2,134,29,94.0,50.2,34.27,5.18,51.85,34.79,7,7,4,1.26,37.64,10,0,0,0,Healthy,0
NB06217,Male,38.03,5.2,129,26,92.4,48.72,31.78,5.41,47.83,31.78,8,9,3,2.15,36.83,10,0,0,0,Healthy,0
NB06218,Male,35.37,5.2,141,50,99.0,44.46,28.28,5.31,45.75,27.75,6,5,4,1.78,36.75,8,0,0,0,Healthy,0
NB06219,Female,37.42,5.2,152,44,92.2,49.75,34.49,5.18,51.83,35.23,8,5,4,1.93,37.16,9,0,0,0,Healthy,0
NB06220,Male,41.01,5.2,172,30,95.7,51.35,35.36,5.08,52.95,34.97,4,8,3,0.52,37.1,10,0,0,0,Healthy,0
NB06221,Female,40.64,5.2,150,41,94.4,54.32,34.68,5.38,54.13,34.65,8,9,4,2.65,36.88,8,0,0,0,Healthy,0
NB06222,Male,37.93,5.2,181,29,96.7,47.96,37.85,5.11,46.52,37.71,7,7,5,4.41,37.15,10,0,0,1,Healthy,0
NB06223,Male,37.81,5.2,144,51,100.0,50.52,34.76,5.37,49.97,34.81,9,4,4,7.1,37.17,7,0,0,0,Healthy,0
NB06224,Male,42.0,5.2,172,45,97.5,53.43,36.51,5.33,53.67,36.04,7,13,5,2.57,36.27,8,0,0,0,Healthy,0
NB06225,Female,39.15,5.2,148,35,94.5,49.28,33.54,5.44,49.2,34.21,9,8,3,3.26,36.28,6,0,1,7,At Risk,0
NB06226,Male,37.28,5.2,144,36,100.0,49.43,33.96,5.06,49.87,34.33,7,8,6,2.43,36.22,9,0,0,0,Healthy,0
NB06227,Male,34.86,5.2,137,37,100.0,48.53,29.0,5.14,46.92,28.92,6,4,2,2.12,36.12,7,0,0,0,Healthy,0
NB06228,Female,38.87,5.2,145,31,99.0,50.55,33.63,5.23,51.55,33.59,8,6,7,2.03,37.16,10,0,0,0,Healthy,0
NB06229,Female,39.82,5.2,148,55,96.0,51.44,35.02,5.17,51.01,34.92,8,8,3,3.32,37.17,9,0,0,1,Healthy,0
NB06230,Female,36.61,5.2,114,54,92.3,46.6,33.15,5.1,46.8,33.32,10,9,3,5.23,37.0,10,0,0,0,Healthy,0
NB06231,Male,38.64,5.2,153,38,86.7,52.46,34.03,5.09,52.19,33.67,11,6,5,3.46,37.55,9,1,0,4,At Risk,0
NB06232,Male,37.2,5.2,113,39,95.7,50.97,32.2,4.97,51.92,31.67,12,12,3,2.91,36.66,9,0,0,0,Healthy,0
NB06233,Male,37.6,5.2,153,31,97.7,48.41,34.9,5.08,48.05,34.86,9,8,1,3.95,36.49,6,0,1,6,At Risk,0
NB06234,Male,32.53,5.2,151,40,90.3,44.43,27.49,5.37,42.91,27.98,9,6,4,2.65,36.86,9,0,0,0,Healthy,0
NB06235,Male,37.51,5.2,166,47,96.5,51.99,33.04,5.41,52.75,34.06,9,5,4,3.03,37.31,10,0,0,0,Healthy,0
NB06236,Male,40.13,5.2,124,54,93.4,49.25,34.52,5.29,47.86,34.73,6,5,3,4.93,36.53,10,0,0,1,Healthy,0
NB06237,Male,36.61,5.2,122,33,96.8,49.56,34.35,5.18,49.58,34.93,7,4,5,5.21,37.67,8,0,0,0,Healthy,0
NB06238,Female,38.12,5.2,160,25,92.8,48.59,33.19,5.21,49.88,33.78,9,7,1,2.2,36.77,9,0,0,0,Healthy,0
NB06239,Female,36.34,5.2,121,32,92.5,51.66,33.29,5.5,52.43,33.59,10,8,4,4.58,37.03,10,0,0,0,Healthy,0
NB06240,Female,38.79,5.2,119,48,94.8,50.44,34.85,5.4,50.67,35.23,10,11,3,2.57,36.87,9,0,0,0,Healthy,0
NB06241,Male,37.52,5.2,144,42,90.9,51.69,30.71,4.71,51.96,30.58,8,9,2,0.69,36.62,10,0,0,0,Healthy,0
NB06242,Female,35.93,5.2,139,52,98.4,46.22,32.26,5.06,45.37,31.92,6,10,6,4.85,37.21,10,0,0,0,Healthy,0
NB06243,Male,40.93,5.2,143,42,95.1,49.74,33.24,5.13,50.35,32.76,11,6,3,2.58,35.24,9,0,0,2,Healthy,0
NB06244,Male,40.04,5.2,150,58,91.0,50.97,35.76,5.5,51.66,35.74,7,8,2,4.36,36.65,6,0,1,6,At Risk,0
NB06245,Male,36.67,5.2,150,26,92.8,48.93,31.77,5.36,49.34,32.03,6,7,4,0.39,37.16,10,0,0,0,Healthy,0
NB06246,Female,39.1,5.2,139,17,97.1,49.56,36.35,4.94,49.77,36.24,8,4,3,3.09,36.15,8,0,0,2,Healthy,0
NB06247,Female,39.18,5.2,141,56,93.9,52.18,34.36,5.37,52.24,34.43,7,9,0,1.88,36.48,7,0,0,0,Healthy,0
NB06248,Male,39.41,5.2,139,34,97.5,50.45,33.63,5.5,51.44,32.84,8,10,3,5.6,36.58,7,0,0,0,Healthy,0
NB06249,Male,34.27,5.2,141,43,91.5,42.08,32.99,5.39,41.67,34.45,8,6,7,2.7,36.65,8,0,0,0,Healthy,0
NB06250,Male,40.21,5.2,115,43,94.0,52.7,34.04,5.06,51.56,35.1,8,10,2,4.62,36.53,8,0,0,0,Healthy,0
NB06251,Female,36.75,5.2,154,45,94.7,46.71,34.26,5.5,47.81,34.26,8,8,2,3.8,36.34,7,0,0,0,Healthy,0
NB06252,Male,37.21,5.2,159,37,100.0,48.17,33.95,5.3,47.05,34.22,9,6,4,2.29,36.77,7,0,0,1,Healthy,0
NB06253,Female,42.0,5.2,151,32,92.5,56.31,36.05,5.1,55.76,37.15,8,9,4,4.82,37.16,8,0,0,1,Healthy,0
NB06254,Male,38.66,5.2,150,32,97.2,53.74,32.26,5.24,54.37,32.84,8,11,3,3.03,36.97,9,0,0,0,Healthy,0
NB06255,Male,37.15,5.2,122,48,96.7,47.68,35.07,5.18,48.22,34.83,9,12,0,4.05,37.26,10,0,0,0,Healthy,0
NB06256,Male,33.15,5.2,115,50,100.0,46.39,31.15,5.09,46.43,31.56,10,7,0,3.66,36.71,10,0,0,0,Healthy,0
NB06257,Female,41.06,5.2,155,39,99.8,51.25,34.78,4.99,52.85,34.06,5,10,2,3.89,37.37,8,0,0,0,Healthy,0
NB06258,Female,35.04,5.2,141,36,93.4,46.36,32.1,5.11,47.54,32.36,7,11,4,3.95,36.23,10,0,0,0,Healthy,0
NB06259,Female,35.79,5.2,143,48,91.3,46.4,33.76,5.22,46.5,34.04,5,7,4,4.37,37.39,8,0,0,0,Healthy,0
NB06260,Male,37.27,5.2,144,27,90.0,45.5,33.46,5.39,45.13,32.44,8,8,2,4.05,37.29,10,0,0,0,Healthy,0
NB06261,Female,41.12,5.2,145,61,95.8,52.59,36.34,4.97,53.06,37.05,7,3,6,3.38,36.09,9,0,0,0,Healthy,0
NB06262,Female,39.7,5.2,152,47,98.5,51.71,36.54,4.95,52.1,36.9,6,5,0,4.11,37.01,9,0,0,0,Healthy,0
NB06263,Male,37.65,5.2,138,40,99.0,47.95,35.86,5.25,49.33,35.77,8,7,3,3.47,36.74,9,0,0,0,Healthy,0
NB06264,Male,38.68,5.2,106,50,94.1,52.39,34.1,5.16,52.39,34.03,6,3,2,3.87,36.75,8,0,0,0,Healthy,0
NB06265,Female,36.68,5.2,152,48,95.2,47.54,30.87,5.15,48.76,31.48,9,6,3,0.2,36.83,10,0,0,0,Healthy,0
NB06266,Female,38.31,5.2,150,44,100.0,48.6,32.06,5.05,47.47,31.81,8,10,0,0.82,36.52,8,0,0,0,Healthy,0
NB06267,Male,38.16,5.2,117,23,92.3,50.8,32.88,5.06,51.35,32.6,7,7,1,4.55,37.22,8,0,0,2,Healthy,0
NB06268,Female,40.13,5.2,119,46,86.3,48.43,33.89,5.01,47.92,33.54,8,10,4,3.37,36.8,10,1,0,4,At Risk,0
NB06269,Male,40.13,5.2,156,57,99.0,53.33,32.77,4.87,53.53,33.34,9,9,5,0.37,36.29,6,0,1,6,At Risk,0
NB06270,Female,39.09,5.2,160,36,90.9,49.77,37.33,5.3,49.75,37.81,8,4,3,3.17,36.78,9,0,0,0,Healthy,0
NB06271,Female,37.2,5.2,92,52,94.0,50.86,34.03,5.33,49.95,33.45,7,5,2,3.5,36.59,8,1,1,5,At Risk,0
NB06272,Male,39.63,5.2,148,50,96.6,53.65,34.16,5.5,53.11,34.35,8,7,2,5.24,37.08,6,0,1,6,At Risk,0
NB06273,Male,37.8,5.2,136,45,93.4,50.7,33.61,5.35,50.44,33.88,10,8,2,3.3,36.21,8,0,0,0,Healthy,0
NB06274,Male,35.62,5.2,141,44,98.8,45.83,29.45,5.22,47.78,30.27,5,8,3,5.41,37.7,9,0,0,0,Healthy,0
NB06275,Female,37.11,5.2,142,48,100.0,46.3,34.91,5.32,45.97,34.77,8,6,3,4.14,36.85,9,0,0,0,Healthy,0
NB06276,Female,38.19,5.2,126,46,92.2,46.9,31.01,5.16,45.2,30.79,11,6,2,2.61,36.24,7,0,0,1,Healthy,0
NB06277,Male,40.0,5.2,152,61,95.5,53.61,35.97,5.06,53.07,36.38,10,8,3,1.63,36.71,6,0,1,6,At Risk,0
NB06278,Female,37.6,5.2,128,52,95.0,48.97,30.76,5.36,47.4,30.54,9,3,4,3.1,36.58,10,0,0,0,Healthy,0
NB06279,Female,35.34,5.2,153,49,96.1,46.01,31.32,5.29,45.16,31.82,9,5,3,4.07,36.44,10,0,0,0,Healthy,0
NB06280,Male,38.12,5.2,157,53,92.9,49.45,35.75,4.97,47.21,35.99,13,8,2,5.17,36.99,7,0,0,0,Healthy,0
NB06281,Female,38.25,5.2,124,49,92.7,51.99,31.52,5.22,51.56,30.58,8,6,3,3.52,37.8,7,0,0,0,Healthy,0
NB06282,Female,38.41,5.2,125,21,92.8,51.53,33.86,5.06,52.1,33.81,7,8,6,3.19,37.64,8,0,0,3,At Risk,0
NB06283,Female,40.02,5.2,142,41,93.4,52.3,36.16,5.41,52.09,36.38,11,7,2,0.2,36.89,7,0,0,0,Healthy,0
NB06284,Male,40.24,5.2,167,36,93.4,52.89,36.07,5.14,52.73,36.59,8,2,2,4.68,36.45,8,0,0,1,Healthy,0
NB06285,Male,36.69,5.2,129,45,86.2,48.78,32.99,5.5,51.54,32.79,4,5,0,4.99,36.93,7,1,0,4,At Risk,0
NB06286,Male,36.64,5.2,133,36,95.3,48.98,33.59,5.47,48.58,33.2,8,9,2,2.64,37.13,9,0,0,0,Healthy,0
NB06287,Female,35.71,5.2,146,48,93.9,47.98,31.28,5.01,48.4,30.87,9,5,3,4.43,36.89,8,0,0,0,Healthy,0
NB06288,Male,39.54,5.2,152,38,92.5,50.98,37.78,5.1,51.29,37.99,6,10,5,2.67,37.14,9,0,0,1,Healthy,0
NB06289,Male,41.19,5.2,149,59,95.3,53.98,33.62,5.36,54.43,33.73,12,5,6,2.92,37.0,10,0,0,1,Healthy,0
NB06290,Female,37.31,5.2,141,59,95.0,49.7,35.06,5.24,49.29,34.74,7,11,3,3.31,36.93,10,0,0,0,Healthy,0
NB06291,Male,37.47,5.2,135,28,93.6,47.36,33.71,5.17,48.33,34.08,7,6,0,1.73,36.25,8,0,0,0,Healthy,0
NB06292,Male,41.23,5.2,146,45,95.0,53.56,36.98,5.24,54.95,37.21,10,9,2,6.33,36.74,9,0,0,1,Healthy,0
NB06293,Male,39.11,5.2,82,37,93.0,51.1,35.77,5.21,51.36,35.52,9,9,4,1.61,37.66,10,1,1,5,At Risk,0
NB06294,Female,38.96,5.2,174,45,90.9,51.69,35.31,5.43,53.05,35.06,8,11,2,1.44,37.02,6,0,1,6,At Risk,0
NB06295,Female,35.38,5.2,137,48,100.0,47.03,30.75,5.17,47.77,31.89,9,8,4,4.52,37.33,8,0,0,0,Healthy,0
NB06296,Female,39.49,5.2,143,29,93.3,52.57,34.42,5.32,52.93,33.23,7,9,3,3.56,37.71,8,0,0,0,Healthy,0
NB06297,Male,35.96,5.2,178,32,95.9,47.64,30.19,5.32,46.8,29.37,7,6,4,2.86,36.27,9,0,0,1,Healthy,0
NB06298,Female,35.51,5.2,127,34,100.0,48.8,31.61,5.48,48.88,31.58,6,7,6,2.44,37.97,8,0,0,0,Healthy,0
NB06299,Male,37.24,5.2,182,36,93.6,48.0,33.75,5.22,49.2,34.44,12,6,3,2.91,37.24,9,0,0,1,Healthy,0
NB06300,Male,36.71,5.2,153,37,96.6,47.67,33.81,5.26,47.48,33.39,5,6,3,1.78,37.32,10,0,0,1,Healthy,0
NB06301,Female,37.51,5.2,148,50,100.0,50.37,34.05,5.3,50.64,34.49,8,0,3,6.57,36.5,6,0,1,7,At Risk,0
NB06302,Male,34.83,5.2,152,44,89.2,46.08,28.95,5.1,45.21,27.99,5,7,2,1.52,37.13,8,1,0,4,At Risk,0
NB06303,Female,40.11,5.2,125,33,99.7,55.91,34.43,5.2,56.48,34.38,8,7,3,1.3,36.44,8,0,0,1,Healthy,0
NB06304,Female,40.48,5.2,110,39,95.8,52.97,34.54,5.05,53.63,34.82,9,3,3,3.75,36.87,9,0,0,1,Healthy,0
NB06305,Female,33.72,5.2,119,18,93.2,45.79,28.84,5.37,48.34,29.45,8,9,2,6.58,36.95,7,0,0,2,Healthy,0
NB06306,Male,40.15,5.2,160,62,95.2,53.18,34.05,5.5,53.61,34.51,12,5,5,5.94,36.69,8,0,0,1,Healthy,0
NB06307,Female,36.22,5.2,123,42,93.7,47.03,32.55,4.85,47.54,31.52,9,7,4,4.79,37.32,10,0,0,0,Healthy,0
NB06308,Male,39.89,5.2,110,52,100.0,53.14,37.24,5.43,53.19,37.35,8,9,3,3.12,36.57,9,0,0,0,Healthy,0
NB06309,Male,37.85,5.2,139,50,94.9,51.25,32.26,5.22,51.37,31.93,9,6,3,3.51,35.89,10,0,0,2,Healthy,0
NB06310,Male,38.06,5.2,150,42,97.4,52.16,32.15,5.48,52.06,32.19,7,7,1,0.2,36.69,10,0,0,1,Healthy,0
NB06311,Male,37.59,5.2,141,18,93.1,48.35,32.62,5.28,49.91,32.53,8,7,4,6.79,37.36,8,0,0,2,Healthy,0
NB06312,Female,40.67,5.2,151,36,96.0,49.55,36.17,5.42,49.24,36.69,5,8,2,4.53,37.91,9,0,0,0,Healthy,0
NB06313,Female,35.27,5.2,161,46,93.7,45.93,33.73,5.21,47.27,33.81,10,7,1,6.75,37.39,7,0,0,1,Healthy,0
NB06314,Female,39.34,5.2,150,43,90.0,50.24,34.61,5.24,50.35,34.85,9,7,5,3.51,37.28,8,0,0,1,Healthy,0
NB06315,Female,40.42,5.2,137,52,99.6,55.12,33.33,5.42,54.48,33.46,10,5,2,4.16,36.63,10,0,0,0,Healthy,0
NB06316,Male,39.58,5.2,130,42,96.2,55.41,33.05,5.5,55.05,31.82,11,10,2,4.93,37.84,8,0,0,0,Healthy,0
NB06317,Female,42.0,5.2,154,60,97.7,53.89,36.88,5.12,53.4,37.01,8,7,0,0.2,37.11,9,0,0,0,Healthy,0
NB06318,Male,36.84,5.2,145,31,92.5,48.57,34.48,5.25,48.24,34.55,7,6,4,2.71,37.13,7,0,0,0,Healthy,0
NB06319,Female,40.11,5.2,125,47,99.1,50.8,38.0,5.09,49.79,38.39,9,3,3,3.81,37.08,7,0,0,1,Healthy,0
NB06320,Male,37.77,5.2,163,32,96.6,51.04,31.86,5.18,50.49,32.24,8,10,5,6.71,36.28,10,0,0,0,Healthy,0
NB06321,Female,40.71,5.2,145,51,95.5,56.42,35.91,5.13,54.14,34.93,7,4,4,5.42,36.97,8,0,0,0,Healthy,0
NB06322,Female,37.98,5.2,152,34,98.6,53.16,32.24,5.03,53.46,31.69,7,8,3,4.67,36.15,9,0,0,0,Healthy,0
NB06323,Female,37.15,5.2,133,24,93.8,51.11,31.85,5.33,50.75,32.0,9,6,2,3.56,37.17,7,0,0,3,At Risk,0
NB06324,Female,40.87,5.2,160,27,99.5,54.43,34.34,5.27,54.41,34.76,6,9,3,2.98,36.95,8,0,0,0,Healthy,0
NB06325,Male,36.92,5.2,111,37,92.7,50.29,32.54,5.05,49.67,32.45,5,11,6,1.12,36.52,8,0,0,0,Healthy,0
NB06326,Female,34.89,5.2,170,58,95.1,46.71,30.3,5.0,48.27,30.71,5,5,1,4.69,37.31,7,0,0,0,Healthy,0
NB06327,Male,36.86,5.2,105,49,91.7,47.1,36.72,5.4,45.42,38.0,9,4,3,2.77,36.64,10,0,0,0,Healthy,0
NB06328,Female,39.36,5.2,115,46,91.0,50.78,34.06,5.13,51.92,34.46,8,8,3,2.77,36.65,8,0,0,0,Healthy,0
NB06329,Female,41.06,5.2,145,41,93.4,53.2,37.43,5.5,51.83,38.36,8,10,2,4.01,37.04,8,0,0,0,Healthy,0
NB06330,Female,38.24,5.2,130,31,94.4,46.91,32.98,5.21,46.37,32.92,8,6,3,2.36,36.79,7,0,0,1,Healthy,0
NB06331,Female,40.9,5.2,134,33,96.9,51.9,39.18,5.24,52.47,39.65,9,7,3,5.29,36.91,8,0,0,0,Healthy,0
NB06332,Female,35.01,5.2,130,36,92.7,45.26,32.22,5.18,47.41,32.93,10,4,3,3.21,37.26,8,0,0,0,Healthy,0
NB06333,Male,37.02,5.2,126,36,97.1,50.75,34.37,4.95,51.73,35.1,9,10,4,2.25,36.47,9,0,0,0,Healthy,0
NB06334,Male,37.37,5.2,146,35,93.9,47.93,32.47,4.95,45.55,31.35,5,7,0,3.32,36.43,10,0,0,0,Healthy,0
NB06335,Female,37.75,5.2,139,32,93.3,50.03,35.09,5.5,50.58,34.84,6,9,4,4.46,36.7,9,0,0,1,Healthy,0
NB06336,Female,38.19,5.2,156,42,97.2,48.37,34.43,5.5,47.76,35.05,9,8,4,1.99,36.77,9,0,0,0,Healthy,0
NB06337,Male,39.52,5.2,141,34,93.1,54.16,34.3,5.03,56.76,33.52,7,7,3,2.48,37.09,8,0,0,0,Healthy,0
NB06338,Male,37.02,5.2,132,53,100.0,45.32,31.5,5.33,45.83,31.1,10,10,1,4.42,37.67,10,0,0,0,Healthy,0
NB06339,Female,38.31,5.2,154,53,96.5,50.83,33.66,5.5,51.98,34.1,11,7,3,4.6,36.78,7,0,0,1,Healthy,0
NB06340,Male,37.9,5.2,107,48,90.2,46.96,33.25,4.96,46.28,32.9,11,4,3,1.1,36.82,8,0,0,0,Healthy,0
NB06341,Female,35.96,5.2,94,47,94.6,46.75,33.68,5.23,46.01,33.09,8,9,3,3.65,36.51,8,1,1,5,At Risk,0
NB06342,Female,37.75,5.2,111,26,92.7,49.79,33.28,5.12,49.94,34.2,9,10,0,5.09,36.45,7,0,0,0,Healthy,0
NB06343,Male,37.68,5.2,134,65,89.3,49.83,30.7,5.26,49.27,30.5,8,5,3,0.2,37.1,8,1,0,4,At Risk,0
NB06344,Female,37.64,5.2,147,39,98.7,49.73,34.52,5.48,50.26,33.95,11,7,0,4.98,36.82,6,0,1,6,At Risk,0
NB06345,Female,38.07,5.2,92,50,98.8,49.97,35.79,5.31,49.72,35.23,8,12,5,6.3,37.36,9,1,1,5,At Risk,0
NB06346,Female,38.17,5.2,140,50,92.5,48.47,31.42,5.35,48.64,32.27,11,6,1,3.75,37.31,10,0,0,0,Healthy,0
NB06347,Female,37.05,5.2,134,32,97.5,48.42,35.84,4.79,49.58,36.14,3,4,3,1.63,37.19,9,0,0,1,Healthy,0
NB06348,Male,40.8,5.2,142,36,98.1,52.18,37.85,5.37,52.41,38.75,7,6,3,3.54,36.14,9,0,0,0,Healthy,0
NB06349,Female,35.43,5.2,106,46,95.0,47.68,31.05,5.22,47.61,31.0,7,6,2,3.14,37.11,7,0,0,0,Healthy,0
NB06350,Female,36.41,5.2,187,27,98.3,48.04,31.01,5.5,47.53,31.17,13,10,2,0.57,36.38,7,0,0,1,Healthy,0
NB06351,Female,42.0,5.2,141,41,96.0,54.66,38.18,5.35,54.33,37.74,5,6,2,0.2,35.95,7,0,0,2,Healthy,0
NB06352,Female,35.72,5.2,118,18,99.0,47.73,30.15,5.16,48.64,30.8,8,9,3,1.39,36.9,7,0,0,2,Healthy,0
NB06353,Male,35.02,5.2,142,42,90.9,47.32,30.71,5.5,47.38,30.19,9,8,2,0.2,37.41,9,0,0,0,Healthy,0
NB06354,Female,39.62,5.2,167,56,95.5,50.29,32.96,5.22,49.53,34.16,10,7,7,2.22,37.12,8,0,0,0,Healthy,0
NB06355,Male,33.43,5.2,117,42,95.7,43.38,30.61,5.29,43.18,30.04,7,7,1,1.69,36.4,8,0,0,0,Healthy,0
NB06356,Male,37.48,5.2,113,27,91.0,49.44,35.64,4.95,50.47,34.93,5,1,2,1.91,38.06,10,0,0,2,Healthy,0
NB06357,Female,42.0,5.2,138,36,91.3,55.61,37.16,5.1,55.5,37.47,10,8,2,2.31,37.17,8,0,0,0,Healthy,0
NB06358,Female,34.6,5.2,139,48,89.5,47.43,32.95,5.09,45.06,32.59,10,10,1,3.92,36.42,10,1,0,4,At Risk,0
NB06359,Female,33.64,5.2,153,44,95.2,44.04,30.22,5.19,45.15,30.02,8,6,2,2.97,35.88,9,0,0,2,Healthy,0
NB06360,Male,34.7,5.2,167,47,93.5,48.26,31.64,4.99,48.22,32.37,8,10,2,0.28,36.71,10,0,0,0,Healthy,0
NB06361,Male,39.98,5.2,154,40,90.5,50.71,33.34,4.89,51.7,34.34,4,6,1,3.28,35.92,9,0,0,2,Healthy,0
NB06362,Male,40.47,5.2,115,34,99.3,53.26,35.39,5.25,53.05,35.54,12,7,6,5.6,36.34,9,0,0,0,Healthy,0
NB06363,Male,36.87,5.2,121,43,96.4,47.85,31.89,4.94,48.53,31.81,10,8,3,4.97,36.04,7,0,0,0,Healthy,0
NB06364,Male,39.5,5.2,126,43,92.5,51.66,34.61,5.38,52.43,34.51,6,10,4,3.28,36.46,8,0,0,0,Healthy,0
NB06365,Male,41.06,5.2,154,52,95.7,51.32,35.6,5.5,50.78,35.96,10,2,5,3.86,36.56,9,0,0,1,Healthy,0
NB06366,Female,41.93,5.2,151,37,94.2,52.15,36.08,5.28,51.02,34.78,4,9,3,8.1,36.41,10,0,0,1,Healthy,0
NB06367,Male,37.46,5.2,163,42,89.5,45.98,36.58,5.28,45.03,36.62,7,8,2,2.76,37.84,8,1,0,4,At Risk,0
NB06368,Female,32.94,5.2,150,41,96.0,46.07,32.91,4.79,46.47,32.36,8,8,3,3.77,36.72,9,0,0,0,Healthy,0
NB06369,Female,36.19,5.2,129,65,100.0,48.71,34.66,5.35,48.76,34.92,6,7,8,3.79,37.4,8,0,0,0,Healthy,0
NB06370,Female,37.06,5.2,136,34,99.9,49.61,35.84,5.21,49.79,35.81,8,6,4,1.69,37.06,10,0,0,0,Healthy,0
NB06371,Female,37.43,5.2,114,38,95.4,49.64,35.53,5.33,50.26,35.69,8,12,4,4.67,36.71,10,0,0,0,Healthy,0
NB06372,Male,37.59,5.2,151,32,93.5,47.7,33.48,5.0,47.58,33.68,10,5,5,1.03,36.58,9,0,0,0,Healthy,0
NB06373,Female,40.46,5.2,129,55,97.0,53.75,35.34,5.18,53.49,35.68,12,7,3,1.48,37.41,8,0,0,1,Healthy,0
NB06374,Male,40.8,5.2,162,56,95.9,54.11,36.12,5.48,53.48,35.74,9,12,3,2.56,36.33,9,0,0,0,Healthy,0
NB06375,Male,37.62,5.2,151,40,94.5,47.68,33.22,5.08,48.26,34.03,13,9,4,1.66,36.52,9,0,0,0,Healthy,0
NB06376,Female,40.42,5.2,175,54,100.0,52.84,33.93,5.17,54.74,34.11,8,3,4,3.25,36.51,8,0,0,0,Healthy,0
NB06377,Female,38.79,5.2,148,45,93.6,52.06,34.8,5.41,51.76,35.01,6,4,2,1.79,36.83,7,0,0,0,Healthy,0
NB06378,Female,38.14,5.2,147,49,98.3,48.79,31.55,5.37,49.43,31.62,7,9,2,4.08,36.39,7,0,0,0,Healthy,0
NB06379,Male,39.99,5.2,137,32,95.5,50.8,35.4,5.44,52.32,35.16,8,7,2,3.13,37.22,7,0,0,0,Healthy,0
NB06380,Male,38.16,5.2,133,44,95.5,50.81,32.42,5.09,50.34,32.87,7,13,3,3.39,37.28,9,0,0,0,Healthy,0
NB06381,Female,42.0,5.2,135,61,89.2,50.18,36.48,5.2,52.13,36.71,10,7,7,2.66,36.48,10,1,0,5,At Risk,0
NB06382,Female,34.84,5.2,158,57,98.9,44.57,31.87,5.05,43.84,33.21,8,9,4,4.45,37.04,10,0,0,0,Healthy,0
NB06383,Female,36.87,5.2,116,50,97.9,46.6,32.48,5.04,47.35,32.13,9,8,4,0.36,36.42,10,0,0,0,Healthy,0
NB06384,Male,37.72,5.2,141,52,95.7,45.76,31.14,5.04,44.85,32.09,6,10,4,1.89,36.88,10,0,0,0,Healthy,0
NB06385,Female,38.97,5.2,110,66,98.6,52.64,32.69,5.22,53.37,32.78,9,12,1,3.79,37.33,9,0,0,1,Healthy,0
NB06386,Female,40.79,5.2,147,50,96.5,48.13,36.44,5.5,47.68,36.5,7,8,4,1.08,36.85,9,0,0,0,Healthy,0
NB06387,Female,37.95,5.2,132,35,90.5,50.24,32.93,5.48,48.13,32.5,10,11,2,2.23,36.75,8,0,0,0,Healthy,0
NB06388,Male,34.87,5.2,149,54,91.6,48.41,32.45,5.34,50.0,32.78,7,9,2,4.52,37.83,9,0,0,0,Healthy,0
NB06389,Female,39.85,5.2,127,41,94.8,50.68,35.11,5.05,51.09,35.1,7,8,2,4.85,36.96,9,0,0,0,Healthy,0
NB06390,Female,39.66,5.2,135,47,89.1,49.76,34.67,5.03,49.42,35.06,6,7,5,2.09,36.42,8,1,0,5,At Risk,0
NB06391,Male,33.73,5.2,151,43,98.9,46.22,31.33,5.17,46.19,30.88,5,4,3,4.88,36.39,5,0,1,6,At Risk,0
NB06392,Male,37.99,5.2,142,35,94.2,49.6,32.78,5.31,49.6,33.01,11,12,3,3.57,37.83,7,0,0,0,Healthy,0
NB06393,Male,34.5,5.2,168,45,95.5,48.46,31.95,5.34,48.3,32.07,11,7,2,2.1,36.47,9,0,0,0,Healthy,0
NB06394,Female,36.54,5.2,131,52,91.6,43.03,32.15,5.28,42.84,31.98,10,5,1,3.53,36.48,8,0,0,0,Healthy,0
NB06395,Male,36.01,5.2,130,49,97.3,45.98,36.21,5.21,46.04,36.38,7,6,3,6.26,36.81,10,0,0,0,Healthy,0
NB06396,Female,39.78,5.2,162,47,94.5,52.33,33.35,5.27,54.51,33.44,5,4,1,5.16,37.13,7,0,0,0,Healthy,0
NB06397,Male,38.26,5.2,133,40,93.9,49.93,33.44,5.12,47.85,33.87,10,9,5,3.3,36.24,9,0,0,0,Healthy,0
NB06398,Female,35.17,5.2,133,25,99.9,48.56,31.34,4.94,46.75,31.97,6,11,7,5.61,36.67,10,0,0,0,Healthy,0
NB06399,Male,39.94,5.2,147,42,99.6,51.87,33.13,5.17,52.52,33.53,6,5,5,4.79,36.2,8,0,0,0,Healthy,0
NB06400,Male,34.85,5.2,137,48,97.6,46.49,32.68,5.27,44.11,32.88,8,4,3,0.49,36.73,8,0,0,0,Healthy,0
NB06401,Female,38.73,5.2,134,20,95.7,49.65,33.67,5.2,49.35,33.14,10,2,3,1.47,37.17,10,0,0,3,At Risk,0
NB06402,Female,36.21,5.2,128,41,93.2,52.64,28.98,4.93,52.05,28.67,9,4,4,1.11,36.69,7,0,0,0,Healthy,0
NB06403,Female,37.2,5.2,165,41,94.0,51.95,34.28,5.19,52.11,34.91,10,4,2,1.65,37.69,8,0,0,0,Healthy,0
NB06404,Male,39.11,5.2,137,33,93.8,51.59,33.62,5.11,51.16,33.98,5,12,4,1.22,36.42,6,0,1,6,At Risk,0
NB06405,Female,39.15,5.2,130,50,96.4,50.79,34.45,5.5,50.84,34.31,8,3,3,2.61,36.9,8,0,0,1,Healthy,0
NB06406,Male,40.94,5.2,135,51,94.9,53.32,36.87,5.34,52.74,37.5,9,8,2,3.83,37.39,10,0,0,0,Healthy,0
NB06407,Female,37.82,5.2,146,60,95.0,51.09,33.13,4.63,50.03,32.84,5,8,3,2.47,37.25,8,0,0,0,Healthy,0
NB06408,Male,38.67,5.2,166,42,100.0,51.04,33.71,5.24,50.98,33.3,8,7,4,2.51,37.99,7,0,0,0,Healthy,0
NB06409,Female,37.04,5.2,137,55,99.0,47.23,36.82,5.0,47.94,37.52,8,6,5,3.9,36.95,10,0,0,0,Healthy,0
NB06410,Female,38.4,5.2,124,34,92.3,53.53,30.85,4.94,54.36,31.76,6,12,6,4.12,36.4,9,0,0,0,Healthy,0
NB06411,Female,38.97,5.2,175,38,96.0,50.96,32.55,4.77,51.34,32.35,9,8,2,2.99,36.84,7,0,0,0,Healthy,0
NB06412,Female,37.78,5.2,142,49,92.3,53.43,32.01,5.41,54.91,32.55,9,4,3,3.54,36.42,10,0,0,1,Healthy,0
NB06413,Female,34.03,5.2,138,35,97.1,46.4,33.71,5.43,46.69,34.33,7,6,3,0.2,36.85,9,0,0,0,Healthy,0
NB06414,Female,38.73,5.2,141,40,100.0,49.77,33.34,4.93,50.79,33.53,11,7,1,4.05,37.36,10,0,0,0,Healthy,0
NB06415,Male,38.8,5.2,118,50,93.8,53.09,34.72,5.45,53.03,34.7,10,5,2,3.76,37.11,8,0,0,0,Healthy,0
NB06416,Male,36.5,5.2,139,42,97.8,48.86,32.04,5.5,49.51,31.78,7,7,4,5.78,36.75,10,0,0,0,Healthy,0
NB06417,Male,35.17,5.2,154,33,100.0,47.32,32.73,5.19,49.48,32.92,9,9,4,3.94,36.49,6,0,1,6,At Risk,0
NB06418,Female,41.25,5.2,162,36,94.5,50.12,36.05,5.05,50.5,36.0,4,7,7,4.29,36.95,7,0,0,0,Healthy,0
NB06419,Female,39.08,5.2,134,39,96.7,51.89,34.94,5.22,53.29,35.67,11,9,2,0.2,37.04,8,0,0,0,Healthy,0
NB06420,Male,37.5,5.2,143,48,100.0,48.16,35.38,5.46,48.37,36.13,9,8,3,1.12,36.24,9,0,0,0,Healthy,0
NB06421,Male,35.5,5.2,162,39,91.7,46.45,32.71,5.49,45.4,32.78,9,9,3,3.73,36.34,8,0,0,0,Healthy,0
NB06422,Female,36.19,5.2,141,18,91.4,46.99,31.43,5.22,47.35,31.85,6,11,4,3.75,36.67,8,0,0,2,Healthy,0
NB06423,Male,40.87,5.2,153,50,90.6,53.06,36.27,5.05,53.79,36.62,6,5,2,2.27,36.2,8,0,0,0,Healthy,0
NB06424,Female,38.3,5.2,148,48,97.6,46.8,37.64,5.28,47.85,38.68,10,3,3,1.63,35.99,9,0,0,2,Healthy,0
NB06425,Female,36.79,5.2,128,31,91.5,48.09,33.8,5.21,47.61,33.9,9,9,5,2.63,36.34,8,0,0,1,Healthy,0
NB06426,Female,39.12,5.2,124,31,97.0,52.57,34.81,5.25,56.54,35.15,9,12,5,0.55,36.97,8,0,0,0,Healthy,0
NB06427,Male,36.21,5.2,159,56,99.8,45.5,30.49,5.15,46.78,30.51,9,7,4,1.56,36.85,9,0,0,1,Healthy,0
NB06428,Male,41.3,5.2,92,40,92.7,52.92,37.2,5.27,54.37,37.68,7,4,4,4.2,36.6,10,1,1,5,At Risk,0
NB06429,Female,40.98,5.2,128,50,92.3,51.02,37.19,4.86,52.1,37.01,8,8,4,0.56,36.38,8,0,0,0,Healthy,0
NB06430,Male,36.97,5.2,115,35,97.3,47.87,33.55,5.3,47.23,32.94,8,3,2,4.93,36.97,10,0,0,0,Healthy,0
NB06431,Female,36.62,5.2,159,49,95.2,51.67,33.0,5.46,51.45,34.3,6,7,4,3.24,36.94,7,0,0,0,Healthy,0
NB06432,Female,32.24,5.2,165,33,86.7,41.12,34.02,5.19,41.88,33.71,9,2,5,3.87,37.36,9,1,0,5,At Risk,0
NB06433,Male,34.74,5.2,127,46,100.0,48.2,32.8,5.26,46.55,32.19,8,5,3,2.86,35.67,7,0,0,2,Healthy,0
NB06434,Male,35.05,5.2,190,46,96.9,45.99,33.6,4.91,45.72,33.96,8,13,3,3.08,36.01,10,0,0,1,Healthy,0
NB06435,Female,38.3,5.2,165,21,93.7,48.81,34.11,5.33,48.51,34.24,8,4,5,1.43,37.22,9,0,0,2,Healthy,0
NB06436,Female,37.28,5.2,144,43,93.5,46.73,33.1,5.42,47.54,32.55,8,8,5,5.28,37.01,10,0,0,0,Healthy,0
NB06437,Male,35.04,5.2,167,35,97.5,48.44,32.68,5.5,47.65,32.87,8,9,4,3.64,37.22,7,0,0,0,Healthy,0
NB06438,Female,37.38,5.2,128,53,94.8,48.66,33.17,4.76,50.87,32.92,4,5,3,6.69,36.4,8,0,0,0,Healthy,0
NB06439,Female,39.11,5.2,135,44,95.2,49.97,34.5,5.34,53.39,33.86,8,11,3,4.84,36.62,8,0,0,0,Healthy,0
NB06440,Female,39.16,5.2,148,40,95.5,50.86,35.31,4.88,51.5,35.69,8,6,4,2.36,36.23,8,0,0,0,Healthy,0
NB06441,Female,33.82,5.2,128,57,92.1,45.5,30.11,5.31,46.94,30.27,6,7,2,1.03,35.75,7,0,0,2,Healthy,0
NB06442,Male,37.72,5.2,117,23,93.7,45.34,33.93,5.12,46.04,34.41,7,7,5,4.14,36.86,8,0,0,2,Healthy,0
NB06443,Male,34.96,5.2,123,61,94.3,45.88,31.79,5.33,45.54,31.41,12,9,3,3.94,37.44,9,0,0,0,Healthy,0
NB06444,Female,39.98,5.2,136,61,92.3,53.18,36.64,5.32,52.44,37.25,9,13,4,1.43,36.72,8,0,0,0,Healthy,0
NB06445,Male,39.73,5.2,148,38,96.0,48.14,34.09,5.25,48.68,33.61,8,5,3,2.68,36.48,10,0,0,0,Healthy,0
NB06446,Female,36.02,5.2,134,51,96.7,45.64,29.42,5.14,45.17,29.54,6,8,6,2.08,36.3,9,0,0,0,Healthy,0
NB06447,Male,36.31,5.2,110,47,100.0,47.23,32.15,5.26,48.44,31.98,8,10,2,2.59,37.3,10,0,0,0,Healthy,0
NB06448,Female,36.99,5.2,148,17,92.3,47.24,33.69,5.42,46.79,33.27,12,4,4,3.16,36.84,8,0,0,2,Healthy,0
NB06449,Female,33.04,5.2,163,41,98.1,45.08,31.78,5.28,45.5,32.24,7,6,3,2.58,36.85,6,0,1,6,At Risk,0
NB06450,Female,38.74,5.2,128,29,100.0,48.08,33.28,5.39,47.42,33.69,8,9,4,5.18,36.15,9,0,0,0,Healthy,0
NB06451,Female,37.4,5.2,170,28,98.3,48.28,34.19,4.95,47.56,34.16,5,5,4,2.03,36.39,10,0,0,0,Healthy,0
NB06452,Male,40.13,5.2,156,39,93.3,51.42,37.0,5.24,53.07,36.98,6,6,4,1.88,37.13,9,0,0,0,Healthy,0
NB06453,Female,35.58,5.2,121,39,93.9,48.72,33.24,5.13,48.46,33.36,8,0,3,2.22,36.56,9,0,0,1,Healthy,0
NB06454,Female,36.64,5.2,128,54,100.0,50.86,31.66,5.39,50.66,31.81,8,5,5,4.95,36.51,10,0,0,0,Healthy,0
NB06455,Male,34.69,5.2,134,34,94.3,46.09,30.46,5.34,45.65,30.02,12,3,3,4.75,37.93,8,0,0,0,Healthy,0
NB06456,Female,35.79,5.2,137,38,94.9,51.39,32.91,5.13,51.09,32.85,7,7,3,4.49,36.83,7,0,0,0,Healthy,0
NB06457,Male,35.4,5.2,96,56,93.3,46.89,34.42,5.26,46.98,34.0,8,2,2,2.67,36.72,10,1,1,6,At Risk,0
NB06458,Male,40.19,5.2,126,40,97.7,53.23,35.36,5.2,51.41,35.8,9,6,3,2.37,36.74,10,0,0,0,Healthy,0
NB06459,Female,36.46,5.2,130,37,86.4,52.08,32.48,5.31,53.09,31.2,8,7,1,4.17,36.49,10,1,0,5,At Risk,0
NB06460,Female,38.27,5.2,174,51,92.2,50.12,31.94,5.3,50.72,31.97,9,7,6,2.26,36.77,10,0,0,1,Healthy,0
NB06461,Female,37.16,5.2,144,47,91.6,46.1,32.67,5.24,47.18,33.17,10,9,3,4.19,37.67,8,0,0,0,Healthy,0
NB06462,Male,35.21,5.2,126,43,100.0,47.27,30.77,4.96,48.76,30.99,12,8,3,4.0,36.99,9,0,0,0,Healthy,0
NB06463,Male,37.63,5.2,132,51,95.8,48.04,33.58,5.5,48.39,33.27,3,3,4,3.25,36.08,9,0,0,1,Healthy,0
NB06464,Female,39.32,5.2,148,30,94.3,50.24,32.45,5.44,50.54,31.0,5,7,4,9.43,36.6,8,0,0,2,Healthy,0
NB06465,Female,35.34,5.2,133,36,94.3,51.18,31.45,5.25,51.98,31.75,7,2,2,3.23,36.85,6,0,1,7,At Risk,0
NB06466,Female,39.78,5.2,129,62,90.2,48.76,33.53,5.33,47.64,34.2,9,7,5,6.14,36.12,9,0,0,0,Healthy,0
NB06467,Male,36.13,5.2,130,15,99.7,48.52,33.9,5.35,48.36,33.92,7,5,4,5.28,36.59,10,0,0,2,Healthy,0
NB06468,Male,36.94,5.2,149,35,93.8,46.89,31.77,5.09,48.07,32.37,7,6,0,3.26,36.37,9,0,0,0,Healthy,0
NB06469,Female,39.17,5.2,115,30,97.1,50.04,33.76,5.48,51.1,33.99,9,6,4,2.59,36.62,10,0,0,1,Healthy,0
NB06470,Female,36.54,5.2,120,43,92.7,49.78,33.2,4.82,52.18,33.29,4,8,0,1.21,36.83,10,0,0,0,Healthy,0
NB06471,Male,38.08,5.2,123,48,94.8,50.31,33.18,4.89,50.43,33.56,6,7,2,4.33,37.11,7,0,0,0,Healthy,0
NB06472,Male,37.31,5.2,120,53,91.8,48.53,36.85,5.09,49.94,36.96,10,5,3,4.58,36.28,10,0,0,0,Healthy,0
NB06473,Female,38.28,5.2,125,38,94.1,48.56,35.39,5.3,48.7,36.25,7,2,5,2.28,36.76,8,0,0,1,Healthy,0
NB06474,Male,32.76,5.2,156,33,98.6,45.52,30.16,5.26,44.62,30.64,11,9,5,2.33,36.65,7,0,0,0,Healthy,0
NB06475,Male,33.97,5.2,159,27,95.4,49.39,31.53,5.24,49.77,31.67,9,4,1,1.75,36.7,8,0,0,0,Healthy,0
NB06476,Female,39.36,5.2,145,42,96.3,49.02,31.22,5.22,49.0,32.4,11,3,2,4.4,36.43,10,0,0,0,Healthy,0
NB06477,Male,40.28,5.2,144,63,95.2,55.48,37.24,5.17,55.26,37.03,11,4,2,5.4,36.78,10,0,0,0,Healthy,0
NB06478,Female,36.0,5.2,128,36,100.0,50.2,33.17,4.97,49.32,33.56,7,9,4,1.56,37.02,8,0,0,0,Healthy,0
NB06479,Female,37.46,5.2,103,41,92.1,51.86,33.31,4.95,51.8,33.74,5,7,3,1.62,36.17,10,0,0,0,Healthy,0
NB06480,Female,38.65,5.2,143,43,94.5,50.8,35.1,4.97,50.16,35.82,9,8,5,2.95,37.58,9,0,0,0,Healthy,0
NB06481,Female,39.53,5.2,145,38,95.7,53.31,35.9,5.01,55.5,36.22,7,4,3,4.61,37.22,8,0,0,0,Healthy,0
NB06482,Female,33.54,5.2,128,56,91.5,43.57,30.05,4.95,44.67,30.02,8,6,3,4.06,36.09,9,0,0,1,Healthy,0
NB06483,Male,36.05,5.2,121,54,95.4,46.51,33.01,4.94,45.54,33.08,7,12,3,5.21,37.45,6,0,1,6,At Risk,0
NB06484,Male,37.27,5.2,117,50,95.1,50.47,34.86,5.18,50.08,35.25,5,6,4,0.2,37.48,8,0,0,1,Healthy,0
NB06485,Male,39.55,5.2,143,52,95.4,51.58,35.57,5.44,51.39,36.98,9,4,4,2.4,36.57,8,0,0,0,Healthy,0
NB06486,Female,42.0,5.2,141,35,95.4,52.9,36.22,5.32,52.89,35.43,7,6,4,5.03,36.89,9,0,0,0,Healthy,0
NB06487,Female,37.5,5.2,162,31,92.6,44.14,33.89,5.04,43.51,34.59,6,8,2,6.06,36.84,10,0,0,0,Healthy,0
NB06488,Male,34.9,5.2,126,35,89.3,45.94,33.71,5.09,46.03,34.44,7,11,3,2.87,36.18,10,1,0,4,At Risk,0
NB06489,Male,38.88,5.2,135,45,95.6,48.05,35.6,5.5,49.26,36.2,10,1,0,2.32,37.26,7,0,0,1,Healthy,0
NB06490,Male,40.91,5.2,140,39,91.9,53.2,34.09,5.13,53.03,34.23,8,6,4,1.75,35.95,9,0,0,2,Healthy,0
NB06491,Male,38.24,5.2,130,48,94.7,49.43,34.85,5.01,48.44,34.69,6,5,0,4.44,36.93,9,0,0,0,Healthy,0
NB06492,Female,36.01,5.2,155,43,92.4,46.55,33.08,5.17,44.73,32.9,8,6,4,5.24,37.51,5,0,1,6,At Risk,0
NB06493,Male,40.11,5.2,162,29,89.8,56.78,37.02,5.12,55.02,37.7,11,5,3,3.78,36.04,9,1,0,4,At Risk,0
NB06494,Male,39.46,5.2,120,54,96.3,52.99,34.87,5.06,53.47,35.5,10,5,4,0.2,36.67,8,0,0,1,Healthy,0
NB06495,Male,35.74,5.2,132,37,97.5,49.68,31.67,5.24,50.01,30.82,4,4,4,3.89,37.31,6,0,1,6,At Risk,0
NB06496,Female,38.84,5.2,164,50,98.9,54.76,32.34,5.48,54.76,31.94,8,5,4,2.35,36.98,9,0,0,0,Healthy,0
NB06497,Male,40.19,5.2,146,34,93.4,53.18,34.29,4.97,52.8,34.32,10,6,5,4.01,37.18,10,0,0,0,Healthy,0
NB06498,Male,40.6,5.2,142,33,95.1,50.4,37.43,5.31,50.17,37.23,8,7,4,3.35,36.49,7,0,0,0,Healthy,0
NB06499,Male,37.85,5.2,146,33,96.2,47.69,33.99,5.43,48.15,34.5,5,8,1,5.39,36.38,10,0,0,0,Healthy,0
NB06500,Male,37.21,5.2,152,28,98.6,50.82,33.1,5.32,50.43,32.89,5,7,7,3.4,36.71,8,0,0,0,Healthy,0
NB06501,Male,40.7,5.2,147,28,88.9,47.91,37.63,5.44,48.16,39.42,6,7,1,3.06,36.92,10,1,0,4,At Risk,0
NB06502,Male,35.34,5.2,144,46,89.9,47.05,33.57,5.34,47.0,33.4,5,9,4,3.06,37.07,8,1,0,4,At Risk,0
NB06503,Female,38.96,5.2,140,33,99.9,46.13,33.37,5.09,46.42,32.95,6,4,3,5.81,37.0,10,0,0,0,Healthy,0
NB06504,Male,34.99,5.2,164,45,89.1,47.09,33.49,5.5,45.1,34.22,5,5,4,2.45,37.24,8,1,0,4,At Risk,0
NB06505,Female,40.34,5.2,135,43,98.2,53.42,32.95,5.33,54.43,32.91,8,6,3,4.54,36.85,8,0,0,0,Healthy,0
NB06506,Female,37.43,5.2,140,51,99.7,49.65,34.09,5.5,50.13,34.73,7,7,3,4.16,36.33,8,0,0,0,Healthy,0
NB06507,Male,40.79,5.2,168,32,97.8,53.99,36.27,4.86,53.71,37.16,8,9,3,3.63,36.19,8,0,0,0,Healthy,0
NB06508,Female,39.08,5.2,146,53,91.5,54.5,36.28,5.5,54.39,37.02,9,7,4,3.55,37.14,8,0,0,0,Healthy,0
NB06509,Female,35.31,5.2,139,33,91.9,46.89,32.49,5.4,47.62,32.33,5,10,3,3.3,37.25,8,0,0,0,Healthy,0
NB06510,Male,41.13,5.2,151,15,94.8,58.0,35.63,5.32,58.07,34.81,11,11,1,5.69,37.69,10,0,0,2,Healthy,0
NB06511,Male,41.41,5.2,144,44,100.0,53.1,35.94,5.05,53.9,37.03,10,6,3,3.83,37.89,9,0,0,0,Healthy,0
NB06512,Male,39.94,5.2,127,33,100.0,53.25,39.2,5.38,53.56,38.51,4,3,5,4.52,37.24,6,0,1,6,At Risk,0
NB06513,Male,36.32,5.2,144,57,96.0,46.87,32.75,5.47,48.0,34.07,9,10,4,3.15,36.96,8,0,0,1,Healthy,0
NB06514,Male,37.33,5.2,125,45,89.4,52.23,34.22,4.88,51.47,34.25,7,6,3,5.71,36.61,10,1,0,4,At Risk,0
NB06515,Female,38.32,5.2,173,41,95.6,51.97,30.99,5.34,52.3,30.93,8,6,1,2.82,36.41,10,0,0,0,Healthy,0
NB06516,Female,36.45,5.2,144,44,94.3,51.15,31.48,5.1,49.57,31.27,9,9,3,3.58,36.83,7,0,0,0,Healthy,0
NB06517,Male,41.72,5.2,123,37,95.1,53.06,37.18,5.35,52.29,37.33,7,7,3,0.2,36.75,8,0,0,0,Healthy,0
NB06518,Male,38.32,5.2,133,59,89.2,47.37,31.6,5.02,46.22,31.32,7,7,0,3.5,37.66,9,1,0,4,At Risk,0
NB06519,Male,32.05,5.2,154,37,95.9,45.17,30.46,5.48,45.21,30.83,7,7,1,2.11,37.06,8,0,0,0,Healthy,0
NB06520,Female,38.75,5.2,120,47,89.7,46.88,33.23,5.21,46.74,33.29,9,5,0,2.71,36.7,7,1,0,4,At Risk,0
NB06521,Male,37.23,5.2,189,34,86.1,48.24,31.71,5.38,47.83,31.16,8,5,4,1.79,36.4,8,1,0,6,At Risk,0
NB06522,Male,37.84,5.2,114,42,95.8,49.83,32.59,5.42,48.7,32.12,9,10,3,2.8,37.04,9,0,0,0,Healthy,0
NB06523,Female,37.19,5.2,157,30,100.0,53.62,35.52,5.29,52.16,35.45,7,10,4,5.79,36.86,9,0,0,0,Healthy,0
NB06524,Male,39.78,5.2,131,44,92.1,51.84,35.54,5.06,50.9,34.33,5,7,5,3.33,36.6,8,0,0,0,Healthy,0
NB06525,Male,40.46,5.2,125,43,93.3,52.1,34.16,5.36,53.17,33.31,8,6,2,1.58,36.49,8,0,0,1,Healthy,0
NB06526,Female,38.62,5.2,150,47,98.1,50.03,35.4,5.21,50.26,36.25,9,9,1,3.46,37.05,10,0,0,0,Healthy,0
NB06527,Male,37.25,5.2,132,47,99.1,46.24,34.52,5.27,45.52,35.35,10,6,4,4.59,36.62,7,0,0,0,Healthy,0
NB06528,Female,37.91,5.2,169,42,95.4,49.69,33.16,5.16,49.79,33.83,4,7,3,2.82,36.65,10,0,0,0,Healthy,0
NB06529,Female,38.04,5.2,115,62,92.5,49.84,35.27,4.87,50.3,35.78,8,12,4,4.19,36.58,10,0,0,0,Healthy,0
NB06530,Female,36.23,5.2,150,42,99.6,46.07,34.07,5.24,46.38,34.46,10,11,4,0.2,38.08,8,0,0,1,Healthy,0
NB06531,Female,39.27,5.2,135,42,90.7,48.37,35.97,5.11,48.03,36.35,7,4,2,1.28,36.87,9,0,0,0,Healthy,0
NB06532,Male,39.01,5.2,145,41,93.2,49.55,33.5,5.29,49.21,33.21,10,7,2,4.02,36.43,9,0,0,0,Healthy,0
NB06533,Female,41.39,5.2,149,44,97.1,52.78,34.4,5.22,52.51,35.13,4,4,2,0.67,35.64,8,0,0,2,Healthy,0
NB06534,Female,40.76,5.2,109,39,89.5,51.17,33.19,5.12,52.58,32.73,6,9,3,3.96,36.06,7,1,0,4,At Risk,0
NB06535,Male,36.49,5.2,144,38,96.4,46.14,31.76,5.5,46.93,33.38,6,5,5,1.91,36.67,7,0,0,0,Healthy,0
NB06536,Male,39.8,5.2,160,50,99.0,51.8,34.51,5.17,53.29,34.31,8,11,3,1.54,37.56,7,0,0,0,Healthy,0
NB06537,Male,35.91,5.2,148,42,100.0,48.79,31.91,5.25,49.11,31.44,7,4,4,3.79,37.83,10,0,0,0,Healthy,0
NB06538,Female,39.53,5.2,133,53,93.6,51.22,34.8,5.5,50.43,36.87,10,4,6,4.17,36.69,7,0,0,0,Healthy,0
NB06539,Male,36.86,5.2,115,23,93.5,47.45,35.6,5.03,48.95,35.06,10,4,4,5.25,36.96,9,0,0,2,Healthy,0
NB06540,Female,35.75,5.2,149,57,97.5,48.76,31.71,5.4,48.63,32.29,7,5,1,4.27,36.73,8,0,0,1,Healthy,0
NB06541,Female,38.62,5.2,174,51,92.8,49.77,34.16,5.08,48.86,34.47,9,8,1,3.81,37.0,7,0,0,0,Healthy,0
NB06542,Male,32.12,5.2,152,41,93.9,41.93,26.95,5.18,41.16,27.45,6,10,2,5.43,36.69,7,0,0,0,Healthy,0
NB06543,Male,34.15,5.2,161,41,96.1,48.21,34.45,5.31,49.1,35.24,10,5,2,1.6,36.55,8,0,0,0,Healthy,0
NB06544,Female,37.61,5.2,157,48,96.3,49.96,31.55,5.46,50.29,32.13,4,9,1,1.07,36.5,10,0,0,0,Healthy,0
NB06545,Female,38.18,5.2,133,32,88.3,49.52,32.87,5.03,49.0,32.05,13,6,3,0.65,37.12,9,1,0,4,At Risk,0
NB06546,Male,37.19,5.2,142,42,90.9,45.73,34.27,5.28,45.19,34.58,9,4,2,4.6,37.39,10,0,0,0,Healthy,0
NB06547,Male,34.53,5.2,156,44,88.6,44.98,31.74,5.08,47.88,32.02,11,9,5,1.96,36.6,10,1,0,4,At Risk,0
NB06548,Female,36.2,5.2,112,22,89.2,52.02,35.01,5.36,52.67,35.57,10,6,5,1.84,37.13,7,1,0,6,At Risk,0
NB06549,Male,38.86,5.2,152,45,91.1,47.36,35.48,5.42,47.38,35.58,6,6,3,3.02,36.87,7,0,0,1,Healthy,0
NB06550,Female,39.28,5.2,163,28,94.2,50.25,34.57,5.36,50.9,34.18,2,11,2,1.79,36.63,10,0,0,1,Healthy,0
NB06551,Male,37.96,5.2,139,53,94.6,49.54,35.34,5.07,47.83,34.91,7,9,1,2.07,37.11,7,0,0,0,Healthy,0
NB06552,Male,40.55,5.2,155,55,87.5,52.53,37.32,5.01,51.77,37.35,9,13,3,2.43,37.41,7,1,0,4,At Risk,0
NB06553,Male,38.87,5.2,130,57,91.7,47.39,33.42,5.2,46.78,32.8,5,6,5,4.13,36.43,9,0,0,0,Healthy,0
NB06554,Female,36.36,5.2,141,39,89.7,48.47,34.09,4.98,49.99,33.86,12,8,4,5.21,36.65,10,1,0,4,At Risk,0
NB06555,Male,37.38,5.2,135,39,94.3,45.67,33.03,5.33,43.89,32.85,8,4,5,1.83,37.46,10,0,0,0,Healthy,0
NB06556,Female,34.91,5.2,148,22,92.7,47.02,31.48,5.5,46.27,31.43,13,9,4,0.2,36.78,9,0,0,3,At Risk,0
NB06557,Male,37.76,5.2,138,49,99.4,48.08,33.85,5.07,48.32,35.37,7,5,3,4.03,36.44,10,0,0,0,Healthy,0
NB06558,Male,40.45,5.2,110,27,94.5,50.07,34.94,5.33,49.81,34.47,9,4,5,0.69,36.88,10,0,0,0,Healthy,0
NB06559,Female,39.51,5.2,127,28,92.9,52.63,34.2,5.07,51.85,32.66,9,5,1,2.78,36.8,8,0,0,0,Healthy,0
NB06560,Male,41.08,5.2,175,39,94.1,51.9,37.44,5.48,51.82,37.74,5,7,1,4.36,37.28,7,0,0,1,Healthy,0
NB06561,Female,37.33,5.2,150,31,92.7,49.95,31.04,5.43,51.77,30.65,9,13,3,5.32,36.78,8,0,0,0,Healthy,0
NB06562,Male,40.96,5.2,102,32,99.7,53.28,34.28,5.21,54.34,35.07,9,7,3,0.46,36.8,8,0,0,0,Healthy,0
NB06563,Female,37.57,5.2,162,42,93.8,51.76,34.51,5.38,50.3,34.52,9,6,4,4.42,36.78,8,0,0,0,Healthy,0
NB06564,Female,41.24,5.2,119,51,96.6,50.1,35.96,5.4,50.37,36.11,11,9,1,0.2,36.88,9,0,0,0,Healthy,0
NB06565,Female,37.95,5.2,156,47,97.8,51.39,35.25,4.99,49.83,34.55,5,7,4,2.43,37.48,7,0,0,0,Healthy,0
NB06566,Male,39.56,5.2,163,44,92.7,51.03,35.43,5.33,51.5,35.56,9,3,2,3.48,37.13,9,0,0,0,Healthy,0
NB06567,Female,41.25,5.2,142,53,88.7,51.76,34.07,5.11,52.88,34.94,6,8,3,1.39,36.33,8,1,0,4,At Risk,0
NB06568,Female,37.57,5.2,122,43,93.3,46.92,33.6,5.25,45.75,34.23,6,10,6,3.8,36.93,9,0,0,0,Healthy,0
NB06569,Male,38.48,5.2,127,37,97.2,51.25,34.94,5.16,51.82,35.15,6,6,3,2.52,36.96,10,0,0,0,Healthy,0
NB06570,Female,40.84,5.2,151,34,89.1,50.31,36.14,5.24,52.02,35.5,8,8,3,3.18,36.97,10,1,0,4,At Risk,0
NB06571,Female,37.71,5.2,120,48,95.9,50.37,32.89,5.41,48.39,33.29,9,7,3,3.29,36.13,9,0,0,1,Healthy,0
NB06572,Female,35.09,5.2,130,31,97.9,50.84,31.35,5.0,51.14,31.69,7,10,3,3.16,36.87,10,0,0,0,Healthy,0
NB06573,Female,42.0,5.2,149,45,99.9,55.16,35.76,4.88,55.5,36.63,8,6,6,5.57,36.54,9,0,0,0,Healthy,0
NB06574,Female,36.97,5.2,128,38,97.4,51.45,31.09,5.14,51.55,31.37,5,6,3,2.33,36.13,6,0,1,6,At Risk,0
NB06575,Male,38.35,5.2,166,34,96.0,48.48,31.85,5.45,47.62,32.3,9,8,4,2.02,37.34,9,0,0,0,Healthy,0
NB06576,Male,40.54,5.2,121,33,95.7,53.41,36.17,5.05,53.91,36.04,7,6,0,5.68,36.67,7,0,0,0,Healthy,0
NB06577,Female,36.66,5.2,81,52,90.8,46.11,31.56,5.13,45.9,31.32,6,5,3,2.48,36.68,10,1,1,6,At Risk,0
NB06578,Female,35.78,5.2,126,33,91.7,47.14,33.11,5.46,47.58,33.5,3,9,5,3.48,37.2,8,0,0,1,Healthy,0
NB06579,Male,38.56,5.2,146,39,88.9,53.58,33.3,5.5,53.06,33.55,6,10,1,4.63,37.26,6,1,1,11,High Risk,1
NB06580,Female,34.06,5.2,156,37,95.3,44.83,29.07,5.37,45.07,29.33,7,5,1,3.89,36.69,6,0,1,6,At Risk,0
NB06581,Male,37.37,5.2,133,53,96.5,51.25,32.74,5.31,54.11,32.93,9,6,5,2.94,36.81,8,0,0,0,Healthy,0
NB06582,Male,38.54,5.2,135,57,95.4,52.12,37.32,5.43,50.77,36.18,6,7,4,1.45,36.35,6,0,1,7,At Risk,0
NB06583,Male,37.41,5.2,139,51,96.0,51.21,33.24,5.15,48.52,33.7,7,8,3,0.2,36.38,9,0,0,0,Healthy,0
NB06584,Male,34.6,5.2,171,38,97.7,44.01,32.39,5.37,44.34,32.9,11,6,3,3.04,37.38,10,0,0,0,Healthy,0
NB06585,Female,41.51,5.2,147,45,90.4,53.81,36.51,5.07,53.68,36.25,10,6,2,3.51,36.82,8,0,0,0,Healthy,0
NB06586,Male,38.23,5.2,131,33,95.2,49.49,31.85,5.5,49.49,32.36,7,8,0,3.26,37.24,9,0,0,1,Healthy,0
NB06587,Male,41.15,5.2,177,44,95.9,54.61,38.18,5.44,53.77,38.18,7,4,2,4.45,36.73,10,0,0,1,Healthy,0
NB06588,Female,37.43,5.2,140,24,93.4,45.78,33.03,5.36,46.36,33.2,12,6,0,2.0,36.99,8,0,0,2,Healthy,0
NB06589,Male,36.06,5.2,103,44,87.6,48.59,30.48,5.16,50.22,30.17,8,0,3,3.65,36.02,8,1,0,5,At Risk,0
NB06590,Female,38.59,5.2,115,41,91.4,50.59,33.45,5.37,50.07,33.53,7,7,3,3.82,37.19,8,0,0,0,Healthy,0
NB06591,Female,37.53,5.2,150,46,93.2,45.19,33.16,5.23,46.36,32.3,8,7,3,3.71,36.79,10,0,0,0,Healthy,0
NB06592,Male,35.41,5.2,108,42,95.5,45.5,33.11,5.12,45.97,33.03,6,7,0,6.28,36.59,7,0,0,1,Healthy,0
NB06593,Male,41.23,5.2,149,50,95.1,48.85,35.04,5.35,49.46,36.24,5,2,5,3.48,37.08,8,0,0,1,Healthy,0
NB06594,Male,36.63,5.2,126,34,100.0,46.92,36.77,4.85,47.29,36.97,7,5,3,1.08,37.25,10,0,0,0,Healthy,0
NB06595,Female,33.95,5.2,161,50,98.3,47.05,29.56,5.41,46.81,29.47,10,9,2,1.56,36.62,7,0,0,1,Healthy,0
NB06596,Female,40.92,5.2,143,47,94.9,52.62,36.76,5.02,53.49,36.65,8,13,2,5.01,36.26,9,0,0,1,Healthy,0
NB06597,Female,36.89,5.2,111,53,95.4,48.94,30.06,5.38,48.58,29.75,8,8,5,4.11,37.55,10,0,0,0,Healthy,0
NB06598,Male,36.66,5.2,156,54,99.4,46.32,32.68,4.93,47.5,32.86,9,12,4,3.05,36.7,10,0,0,0,Healthy,0
NB06599,Female,34.12,5.2,165,32,99.6,48.35,31.63,5.15,49.68,31.14,8,11,2,2.29,35.94,10,0,0,2,Healthy,0
NB06600,Male,41.83,5.2,117,47,96.2,53.01,34.8,5.32,53.01,35.36,5,8,4,3.77,36.61,8,0,0,0,Healthy,0
NB06601,Male,35.16,5.2,126,30,100.0,47.11,34.06,5.4,46.25,34.68,9,9,0,3.49,37.0,10,0,0,0,Healthy,0
NB06602,Female,38.13,5.2,149,54,91.9,51.6,34.54,5.09,51.78,35.06,4,12,3,3.98,36.76,7,0,0,0,Healthy,0
NB06603,Male,40.01,5.2,152,33,94.9,49.42,34.73,5.04,50.74,35.41,10,7,6,0.2,36.74,8,0,0,0,Healthy,0
NB06604,Male,38.93,5.2,182,38,100.0,50.89,35.08,5.43,50.59,35.75,9,4,2,2.75,36.64,7,0,0,1,Healthy,0
NB06605,Male,37.87,5.2,156,44,97.5,50.33,32.82,5.5,50.66,33.11,9,8,0,3.77,36.61,9,0,0,0,Healthy,0
NB06606,Male,34.26,5.2,183,49,94.5,45.14,33.06,5.05,45.1,33.96,12,6,6,2.53,36.22,9,0,0,1,Healthy,0
NB06607,Female,36.22,5.2,140,46,95.4,49.3,34.08,4.71,49.11,34.47,6,6,5,4.64,36.22,10,0,0,0,Healthy,0
NB06608,Female,38.41,5.2,147,50,95.6,50.93,34.65,5.5,52.78,34.4,9,7,3,4.51,36.96,7,0,0,0,Healthy,0
NB06609,Female,36.27,5.2,130,42,100.0,47.84,33.51,5.2,48.96,33.57,8,5,4,1.15,37.35,8,0,0,0,Healthy,0
NB06610,Female,38.45,5.2,131,44,97.8,49.74,31.9,5.05,49.15,32.53,9,6,1,5.22,36.68,7,0,0,0,Healthy,0
NB06611,Female,39.5,5.2,143,24,94.7,52.0,37.05,5.24,50.17,37.43,7,6,5,2.27,37.42,8,0,0,2,Healthy,0
NB06612,Female,40.12,5.2,130,52,89.1,53.08,35.13,5.5,53.75,34.92,9,6,3,4.36,37.29,6,1,1,10,High Risk,1
NB06613,Female,35.3,5.2,94,39,92.5,47.3,33.45,5.36,46.65,33.58,8,6,4,3.56,36.74,7,1,1,5,At Risk,0
NB06614,Female,42.0,5.2,128,38,95.2,55.44,37.72,5.39,55.89,37.36,10,10,2,2.48,37.09,9,0,0,0,Healthy,0
NB06615,Female,39.69,5.2,159,61,94.5,52.44,36.5,5.26,52.41,37.09,9,4,5,5.14,37.02,7,0,0,0,Healthy,0
NB06616,Female,38.0,5.2,141,15,98.8,46.02,32.23,5.33,47.5,33.13,10,10,4,5.2,36.57,6,0,1,8,High Risk,0
NB06617,Male,40.4,5.2,141,43,94.2,48.95,34.1,5.5,48.98,33.25,7,12,5,3.85,35.83,10,0,0,2,Healthy,0
NB06618,Male,42.0,5.2,126,20,97.9,55.56,39.97,5.05,55.98,40.32,7,5,3,4.48,36.86,7,0,0,2,Healthy,0
NB06619,Male,34.83,5.2,146,45,89.8,46.26,29.31,5.38,48.64,28.76,6,7,2,1.89,37.12,10,1,0,4,At Risk,0
NB06620,Male,37.5,5.2,170,35,93.2,49.48,31.81,5.22,50.86,31.07,11,7,4,5.94,36.55,8,0,0,0,Healthy,0
NB06621,Male,32.77,5.2,165,15,97.4,47.17,30.2,5.22,45.59,31.08,12,3,4,3.09,37.7,9,0,0,2,Healthy,0
NB06622,Male,38.42,5.2,147,53,100.0,49.97,34.16,5.0,49.88,34.94,6,8,5,3.45,37.26,6,0,1,6,At Risk,0
NB06623,Female,38.8,5.2,125,29,94.5,50.4,33.55,5.31,50.05,33.78,9,8,3,5.13,36.14,8,0,0,0,Healthy,0
NB06624,Female,37.91,5.2,172,51,97.9,47.79,34.66,5.35,48.56,34.46,11,10,3,2.64,36.71,8,0,0,0,Healthy,0
NB06625,Male,36.56,5.2,159,32,99.7,49.04,34.15,5.19,48.68,34.08,8,8,2,0.8,36.42,10,0,0,0,Healthy,0
NB06626,Male,33.49,5.2,113,37,98.3,46.71,30.62,5.5,45.37,30.35,8,7,3,1.0,36.63,9,0,0,1,Healthy,0
NB06627,Female,38.82,5.2,108,19,97.6,49.18,33.97,5.25,49.49,35.26,6,5,5,1.95,37.09,9,0,0,2,Healthy,0
NB06628,Male,41.2,5.2,114,46,93.8,50.64,36.01,4.81,51.79,37.28,8,2,1,5.41,36.69,8,0,0,1,Healthy,0
NB06629,Male,36.7,5.2,131,36,100.0,53.68,32.14,5.34,53.73,32.74,6,9,2,6.57,36.54,8,0,0,0,Healthy,0
NB06630,Female,38.97,5.2,156,38,90.4,50.29,31.93,5.0,50.26,32.07,11,11,0,4.97,36.84,10,0,0,0,Healthy,0
NB06631,Female,34.55,5.2,156,41,90.6,45.13,31.84,5.5,45.24,31.2,3,3,3,2.38,37.14,9,0,0,1,Healthy,0
NB06632,Female,39.01,5.2,146,26,100.0,51.92,35.65,5.5,51.36,35.63,6,9,4,3.41,37.14,8,0,0,0,Healthy,0
NB06633,Male,37.13,5.2,137,49,96.3,48.72,32.96,5.43,48.69,33.08,8,7,0,2.59,37.08,8,0,0,0,Healthy,0
NB06634,Female,36.32,5.2,183,36,90.7,45.92,29.23,5.23,45.82,28.92,5,5,1,0.75,37.42,10,0,0,1,Healthy,0
NB06635,Male,36.33,5.2,141,65,90.0,49.06,31.77,5.35,49.86,32.69,4,11,3,2.04,36.76,9,1,0,4,At Risk,0
NB06636,Female,37.13,5.2,138,37,89.8,47.11,34.55,5.08,48.5,35.77,13,8,0,1.69,36.64,9,1,0,4,At Risk,0
NB06637,Female,38.84,5.2,131,38,100.0,53.51,32.23,5.35,54.45,32.24,9,8,3,0.28,36.73,9,0,0,0,Healthy,0
NB06638,Female,35.11,5.2,180,28,94.7,47.99,32.82,5.07,47.76,33.54,8,3,4,2.69,36.44,10,0,0,0,Healthy,0
NB06639,Female,37.13,5.2,153,26,93.2,48.26,32.52,5.5,46.59,32.8,9,11,4,3.5,36.43,6,0,1,6,At Risk,0
NB06640,Female,37.91,5.2,121,51,100.0,49.74,33.71,5.03,49.71,33.36,9,5,2,2.75,37.13,9,0,0,0,Healthy,0
NB06641,Male,35.58,5.2,119,53,95.9,49.23,31.08,4.9,50.07,31.88,7,8,5,2.81,37.17,7,0,0,0,Healthy,0
NB06642,Male,41.95,5.2,110,36,93.9,53.53,34.86,5.2,54.7,35.91,7,9,4,2.85,35.61,8,0,0,2,Healthy,0
NB06643,Male,36.12,5.2,138,43,98.7,52.15,34.64,5.35,52.12,35.08,7,8,3,1.17,37.22,7,0,0,0,Healthy,0
NB06644,Male,36.53,5.2,113,54,97.1,50.55,33.99,5.5,50.17,33.83,7,9,2,4.59,36.61,9,0,0,0,Healthy,0
NB06645,Male,35.85,5.2,119,45,97.1,48.64,33.26,5.09,47.63,33.86,7,10,5,0.94,36.52,10,0,0,0,Healthy,0
NB06646,Male,41.96,5.2,159,47,94.1,51.29,37.93,5.24,52.3,37.89,10,13,4,1.13,36.65,10,0,0,0,Healthy,0
NB06647,Male,39.22,5.2,156,43,91.9,50.4,35.41,5.23,49.07,36.05,8,4,4,6.07,36.23,10,0,0,0,Healthy,0
NB06648,Female,35.94,5.2,167,35,91.5,48.7,33.77,5.02,49.79,34.77,10,7,1,3.17,36.72,10,0,0,0,Healthy,0
NB06649,Male,40.43,5.2,114,46,95.4,50.14,34.51,5.03,49.76,34.23,6,11,3,0.2,37.66,8,0,0,0,Healthy,0
NB06650,Female,38.44,5.2,122,61,95.0,52.58,36.18,4.85,51.62,36.64,9,7,2,6.66,36.1,7,0,0,0,Healthy,0
NB06651,Female,38.57,5.2,129,37,96.7,48.16,36.13,5.5,49.76,36.06,4,1,3,4.85,37.08,8,0,0,1,Healthy,0
NB06652,Male,37.24,5.2,170,51,93.5,47.64,33.84,5.07,46.6,34.65,9,11,4,2.31,37.24,9,0,0,0,Healthy,0
NB06653,Female,36.35,5.2,141,44,99.5,46.99,32.21,4.81,45.75,32.35,10,7,6,4.47,37.06,10,0,0,0,Healthy,0
NB06654,Male,38.74,5.2,173,36,90.4,51.76,32.48,5.15,53.93,33.5,6,4,2,1.39,37.49,10,0,0,0,Healthy,0
NB06655,Female,36.8,5.2,151,51,96.5,46.91,33.3,5.47,47.71,34.9,9,8,0,1.68,37.24,6,0,1,6,At Risk,0
NB06656,Male,42.0,5.2,138,50,91.8,49.6,39.13,5.33,50.2,38.75,10,8,3,2.1,37.1,6,0,1,6,At Risk,0
NB06657,Female,35.21,5.2,150,48,94.1,49.26,30.1,5.33,49.69,30.41,7,5,4,4.4,37.27,8,0,0,0,Healthy,0
NB06658,Female,41.38,5.2,109,59,91.8,51.75,37.69,5.5,51.27,38.52,10,7,4,5.29,37.25,10,0,0,0,Healthy,0
NB06659,Male,37.76,5.2,103,60,93.7,47.24,32.92,5.44,46.94,32.91,7,9,2,3.03,36.64,8,0,0,1,Healthy,0
NB06660,Female,38.66,5.2,145,43,91.3,48.68,33.68,4.71,50.62,34.18,9,5,0,3.91,37.08,8,0,0,0,Healthy,0
NB06661,Female,39.83,5.2,140,41,91.5,54.68,33.32,5.13,54.79,33.2,8,9,6,3.71,36.68,8,0,0,0,Healthy,0
NB06662,Male,36.61,5.2,175,28,98.4,47.04,31.7,5.32,46.58,30.88,8,11,0,0.69,36.2,8,0,0,0,Healthy,0
NB06663,Male,39.9,5.2,115,57,90.1,51.06,36.1,5.27,52.6,36.65,10,2,6,0.2,37.63,9,0,0,2,Healthy,0
NB06664,Female,32.04,5.2,147,41,97.3,43.35,30.79,5.34,42.8,31.35,8,7,3,3.68,36.55,6,0,1,6,At Risk,0
NB06665,Male,36.42,5.2,153,36,98.0,45.71,33.05,5.5,46.38,32.68,7,8,0,3.48,37.29,10,0,0,0,Healthy,0
NB06666,Male,35.97,5.2,146,33,97.6,46.28,31.63,5.04,47.87,31.52,12,7,2,1.68,37.04,10,0,0,0,Healthy,0
NB06667,Female,35.24,5.2,160,33,94.9,44.52,30.21,4.78,44.53,30.22,11,9,5,1.38,36.4,6,0,1,6,At Risk,0
NB06668,Female,37.53,5.2,129,60,91.2,51.09,33.56,4.74,49.11,34.09,12,8,1,2.77,36.45,9,0,0,0,Healthy,0
NB06669,Female,38.85,5.2,155,51,89.6,50.57,33.85,5.41,51.65,34.55,10,9,0,2.79,36.98,9,1,0,4,At Risk,0
NB06670,Male,39.55,5.2,150,27,90.9,55.96,35.2,5.2,57.44,35.62,9,9,1,2.23,36.98,7,0,0,1,Healthy,0
NB06671,Female,38.53,5.2,161,28,90.9,48.66,33.69,4.93,48.88,33.14,11,4,4,2.91,36.63,8,0,0,1,Healthy,0
NB06672,Female,36.54,5.2,131,43,96.0,46.56,32.33,5.18,46.55,32.26,7,3,2,0.2,36.09,8,0,0,0,Healthy,0
NB06673,Male,38.81,5.2,119,32,90.0,53.4,34.61,5.13,53.58,34.6,6,4,4,1.05,37.16,6,0,1,6,At Risk,0
NB06674,Female,38.27,5.2,129,39,94.3,51.96,34.52,5.16,52.25,34.46,5,11,1,6.72,35.48,8,0,0,2,Healthy,0
NB06675,Male,40.06,5.2,121,58,95.1,52.22,37.08,4.85,52.08,37.77,7,5,5,6.92,36.96,10,0,0,0,Healthy,0
NB06676,Male,39.71,5.2,130,53,93.9,48.91,34.49,5.35,50.87,35.38,8,7,2,0.86,37.31,7,0,0,0,Healthy,0
NB06677,Female,38.07,5.2,134,25,94.1,53.15,34.67,5.37,53.55,35.35,5,9,3,5.31,35.97,9,0,0,4,At Risk,0
NB06678,Male,36.03,5.2,124,32,99.5,47.68,35.12,5.26,47.9,36.07,8,7,3,3.9,36.87,9,0,0,1,Healthy,0
NB06679,Male,36.56,5.2,140,44,96.7,47.45,33.65,5.21,48.43,33.8,6,9,5,1.12,36.63,7,0,0,0,Healthy,0
NB06680,Male,36.79,5.2,119,53,97.5,50.8,34.7,5.27,50.58,34.51,4,9,4,2.22,36.89,10,0,0,0,Healthy,0
NB06681,Female,37.31,5.2,139,34,93.7,48.93,32.38,5.24,48.89,31.8,3,5,3,5.02,37.24,8,0,0,1,Healthy,0
NB06682,Male,38.59,5.2,131,46,97.7,47.8,33.13,4.87,48.5,33.06,6,4,5,4.21,36.19,8,0,0,0,Healthy,0
NB06683,Male,39.57,5.2,138,37,96.1,51.1,34.66,5.06,51.26,34.28,7,9,5,4.2,36.7,9,0,0,0,Healthy,0
NB06684,Female,37.89,5.2,147,60,95.7,47.94,33.64,5.27,48.89,34.85,10,8,2,2.59,36.73,10,0,0,1,Healthy,0
NB06685,Female,38.04,5.2,132,48,93.6,43.61,35.43,5.08,43.5,36.05,6,6,2,0.2,35.92,10,0,0,2,Healthy,0
NB06686,Male,38.32,5.2,126,40,95.8,48.12,32.93,5.41,48.74,32.48,12,10,2,4.29,37.06,9,0,0,0,Healthy,0
NB06687,Female,36.87,5.2,128,27,100.0,47.52,32.87,4.96,48.53,32.87,9,7,2,3.44,37.53,8,0,0,1,Healthy,0
NB06688,Male,35.96,5.2,158,31,97.1,45.46,33.99,5.5,46.68,33.75,8,8,2,4.67,37.1,10,0,0,0,Healthy,0
NB06689,Male,34.14,5.2,163,17,100.0,47.27,31.42,5.5,45.49,31.15,6,8,3,4.9,36.86,10,0,0,2,Healthy,0
NB06690,Male,36.47,5.2,131,45,88.4,46.67,32.71,5.17,47.17,32.59,7,6,2,0.2,37.2,9,1,0,4,At Risk,0
NB06691,Female,39.04,5.2,137,49,95.3,51.49,34.89,4.93,52.54,34.79,6,5,1,6.04,36.53,9,0,0,0,Healthy,0
NB06692,Female,36.45,5.2,109,49,97.9,45.74,31.03,5.12,44.98,30.88,7,11,3,3.26,36.4,10,0,0,0,Healthy,0
NB06693,Male,37.48,5.2,137,36,96.4,50.95,31.72,5.47,52.22,31.85,7,11,4,2.97,37.03,10,0,0,0,Healthy,0
NB06694,Female,39.03,5.2,114,55,96.8,47.97,32.14,5.16,48.38,32.06,9,5,4,0.2,36.9,8,0,0,0,Healthy,0
NB06695,Male,39.15,5.2,131,58,93.6,45.95,34.91,5.31,45.72,35.71,5,7,7,2.61,36.94,9,0,0,0,Healthy,0
NB06696,Female,35.63,5.2,159,35,99.2,49.94,33.52,5.24,50.56,33.64,9,9,1,3.24,36.41,8,0,0,0,Healthy,0
NB06697,Male,40.19,5.2,113,54,89.4,49.86,36.48,5.34,50.89,36.58,8,8,0,5.77,36.12,9,1,0,4,At Risk,0
NB06698,Female,40.48,5.2,124,43,94.5,55.35,37.25,5.33,53.39,37.09,7,11,4,1.48,36.33,6,0,1,6,At Risk,0
NB06699,Male,35.51,5.2,124,37,95.4,48.49,34.24,5.17,50.31,34.27,3,8,3,2.81,36.42,10,0,0,1,Healthy,0
NB06700,Male,36.19,5.2,110,54,93.0,49.55,32.75,5.5,47.8,32.09,7,8,4,2.31,35.88,7,0,0,2,Healthy,0
NB06701,Female,40.62,5.2,156,30,95.1,54.05,35.54,5.33,53.15,35.48,8,3,4,2.21,37.01,10,0,0,0,Healthy,0
NB06702,Female,37.68,5.2,145,27,88.1,49.53,35.79,5.47,51.16,36.63,9,2,5,2.28,36.22,8,1,0,5,At Risk,0
NB06703,Male,33.12,5.2,173,38,90.5,45.45,29.33,5.18,46.58,29.01,9,5,1,0.2,36.19,7,0,0,0,Healthy,0
NB06704,Male,34.92,5.2,122,40,99.4,49.39,29.88,5.2,49.14,30.18,10,6,3,3.31,36.68,7,0,0,0,Healthy,0
NB06705,Male,37.45,5.2,108,26,95.9,49.33,32.91,5.5,50.56,33.74,8,7,2,2.05,36.39,9,0,0,0,Healthy,0
NB06706,Female,35.44,5.2,157,47,93.7,45.84,31.33,5.22,46.38,31.59,8,9,0,3.82,36.09,10,0,0,0,Healthy,0
NB06707,Female,37.09,5.2,134,34,98.4,49.95,33.24,5.48,50.39,33.14,8,7,4,5.16,36.14,7,0,0,0,Healthy,0
NB06708,Male,38.07,5.2,132,29,99.9,45.44,32.57,4.94,42.75,33.06,9,6,5,2.26,37.04,8,0,0,0,Healthy,0
NB06709,Female,41.22,5.2,167,48,100.0,55.13,36.61,5.3,54.31,36.69,8,9,4,2.48,36.65,9,0,0,0,Healthy,0
NB06710,Male,37.36,5.2,143,38,88.4,51.71,32.5,5.15,51.54,33.13,10,6,5,3.48,36.12,8,1,0,4,At Risk,0
NB06711,Male,40.36,5.2,156,53,99.8,54.12,37.29,5.5,51.97,37.59,10,8,1,2.65,37.46,10,0,0,0,Healthy,0
NB06712,Male,41.14,5.2,129,47,90.9,54.75,34.21,5.09,55.72,33.35,10,4,3,4.37,36.48,7,0,0,1,Healthy,0
NB06713,Male,41.16,5.2,127,40,96.1,52.27,35.8,5.14,52.41,35.58,7,8,3,5.05,37.04,9,0,0,0,Healthy,0
NB06714,Male,38.63,5.2,133,53,97.1,49.95,33.74,5.35,51.47,33.98,4,6,3,6.34,36.75,10,0,0,1,Healthy,0
NB06715,Male,33.68,5.2,152,46,100.0,43.25,31.12,5.02,42.94,31.86,8,9,1,2.1,36.84,7,0,0,0,Healthy,0
NB06716,Female,39.01,5.2,141,42,96.6,54.01,35.9,5.26,52.8,36.48,8,6,5,1.86,36.81,10,0,0,0,Healthy,0
NB06717,Male,40.31,5.2,148,47,96.0,50.71,35.81,5.11,49.92,36.47,4,7,5,4.71,36.18,10,0,0,0,Healthy,0
NB06718,Female,37.82,5.2,93,47,92.1,50.12,33.48,5.26,50.63,33.49,11,5,3,2.88,37.81,8,1,1,5,At Risk,0
NB06719,Male,41.84,5.2,106,31,89.1,53.56,37.52,5.21,54.87,37.24,9,10,4,3.01,36.46,10,1,0,4,At Risk,0
NB06720,Female,39.89,5.2,101,66,92.0,48.62,36.39,5.5,48.85,36.15,11,8,3,2.93,37.17,8,0,0,1,Healthy,0
NB06721,Male,39.25,5.2,133,43,99.9,47.24,35.08,5.32,48.43,34.76,8,11,1,5.39,36.44,7,0,0,0,Healthy,0
NB06722,Male,40.39,5.2,115,43,95.1,51.76,36.05,4.97,51.95,37.47,9,8,1,3.76,36.3,10,0,0,1,Healthy,0
NB06723,Female,38.73,5.2,170,24,100.0,49.35,35.28,5.05,50.18,36.48,9,3,7,0.89,37.42,9,0,0,2,Healthy,0
NB06724,Female,32.52,5.2,140,43,92.5,44.49,27.5,5.14,46.4,26.88,7,9,1,1.49,37.5,8,0,0,0,Healthy,0
NB06725,Female,36.9,5.2,144,44,97.7,50.74,32.51,5.09,51.49,32.85,6,10,1,5.17,37.0,9,0,0,0,Healthy,0
NB06726,Male,40.63,5.2,120,31,95.6,52.42,36.21,5.5,51.89,36.24,5,6,3,8.11,37.16,9,0,0,1,Healthy,0
NB06727,Female,36.22,5.2,120,32,99.5,49.52,32.12,5.12,49.98,32.04,13,4,6,5.14,36.24,7,0,0,0,Healthy,0
NB06728,Female,37.51,5.2,168,33,94.2,50.05,33.02,5.22,50.35,33.5,8,12,1,1.52,37.1,7,0,0,0,Healthy,0
NB06729,Male,35.7,5.2,172,39,94.6,46.9,32.75,5.35,46.74,32.56,6,8,7,3.53,37.09,8,0,0,0,Healthy,0
NB06730,Male,41.92,5.2,147,44,99.3,51.13,37.14,5.5,50.53,36.96,12,10,5,4.84,37.0,9,0,0,0,Healthy,0
NB06731,Male,41.7,5.2,103,40,87.7,53.46,37.09,5.2,55.89,37.49,11,5,1,1.59,37.54,9,1,0,4,At Risk,0
NB06732,Female,36.06,5.2,132,45,94.5,48.02,31.25,5.5,47.95,32.16,10,8,5,0.7,35.77,9,0,0,2,Healthy,0
NB06733,Female,38.32,5.2,146,49,89.2,51.72,31.9,5.14,49.58,33.23,4,7,1,4.88,36.72,10,1,0,4,At Risk,0
NB06734,Female,36.5,5.2,136,47,94.9,47.95,33.96,5.43,47.52,34.38,11,7,2,3.14,37.47,7,0,0,0,Healthy,0
NB06735,Male,39.35,5.2,102,46,93.5,50.22,33.63,5.06,49.65,33.22,5,8,3,4.02,36.3,9,0,0,0,Healthy,0
NB06736,Female,39.12,5.2,173,45,97.1,50.15,33.37,5.39,50.1,33.91,8,1,5,4.56,37.09,9,0,0,1,Healthy,0
NB06737,Male,39.79,5.2,125,45,96.6,49.37,33.7,5.16,48.07,33.57,8,9,3,3.05,36.58,9,0,0,0,Healthy,0
NB06738,Male,38.73,5.2,116,41,94.0,53.15,36.04,5.41,52.8,36.15,9,9,3,1.74,36.84,9,0,0,0,Healthy,0
NB06739,Female,42.0,5.2,139,35,91.6,55.48,36.92,5.39,55.93,37.97,8,6,2,4.09,36.32,8,0,0,0,Healthy,0
NB06740,Female,35.74,5.2,161,41,95.3,45.14,32.73,5.36,44.0,33.68,7,8,3,4.31,37.82,8,0,0,0,Healthy,0
NB06741,Male,34.24,5.2,149,49,99.6,47.82,32.2,5.32,49.19,32.85,11,11,3,2.05,36.28,10,0,0,0,Healthy,0
NB06742,Female,37.14,5.2,116,48,91.6,45.13,33.13,5.13,45.37,34.24,11,6,3,4.72,36.74,9,0,0,0,Healthy,0
NB06743,Female,34.55,5.2,113,47,89.7,48.47,32.9,5.37,48.84,31.61,9,7,4,4.75,36.68,9,1,0,5,At Risk,0
NB06744,Female,34.72,5.2,101,37,88.5,45.25,29.71,4.91,45.05,29.4,8,6,2,2.95,37.28,8,1,0,4,At Risk,0
NB06745,Male,35.8,5.2,135,40,89.6,48.34,30.63,5.5,48.76,31.13,11,3,4,3.38,36.83,8,1,0,4,At Risk,0
NB06746,Male,35.97,5.2,131,40,95.0,43.92,30.67,5.36,44.88,30.76,10,6,3,3.19,36.09,8,0,0,0,Healthy,0
NB06747,Male,35.9,5.2,149,36,90.1,45.31,32.96,5.34,45.75,33.76,5,6,4,5.76,36.51,8,0,0,0,Healthy,0
NB06748,Female,39.14,5.2,128,51,93.7,51.56,35.36,5.32,52.9,34.76,12,8,6,1.72,35.83,10,0,0,2,Healthy,0
NB06749,Female,36.89,5.2,158,24,96.6,47.2,32.31,5.08,47.54,33.15,6,10,3,2.31,36.83,7,0,0,2,Healthy,0
NB06750,Female,37.61,5.2,152,62,87.6,47.56,33.17,5.11,48.6,33.61,7,8,2,3.76,37.6,8,1,0,4,At Risk,0
NB06751,Female,39.97,5.2,127,63,98.5,54.16,37.08,5.28,54.79,37.27,5,6,2,4.54,36.71,9,0,0,0,Healthy,0
NB06752,Female,36.31,5.2,147,43,100.0,52.5,31.58,5.13,50.62,30.71,7,5,2,1.83,36.95,10,0,0,0,Healthy,0
NB06753,Female,37.42,5.2,164,46,100.0,50.95,33.84,4.99,50.27,35.28,10,10,3,3.14,37.3,9,0,0,0,Healthy,0
NB06754,Male,38.8,5.2,123,50,100.0,48.14,33.33,5.21,47.52,32.74,8,10,0,5.38,36.49,6,0,1,6,At Risk,0
NB06755,Male,33.73,5.2,136,34,100.0,49.28,32.45,5.3,48.68,31.74,8,6,1,2.2,37.29,10,0,0,0,Healthy,0
NB06756,Female,32.75,5.2,136,48,95.8,41.76,31.07,5.23,40.88,31.56,6,8,2,3.04,37.66,10,0,0,0,Healthy,0
NB06757,Female,38.76,5.2,134,55,97.8,49.68,32.23,5.44,51.01,33.02,9,8,1,4.09,36.0,9,0,0,0,Healthy,0
NB06758,Female,39.08,5.2,154,24,94.1,50.68,34.17,5.26,52.4,34.21,4,5,5,2.69,37.31,7,0,0,3,At Risk,0
NB06759,Female,42.0,5.2,156,28,97.3,57.05,33.48,5.5,55.61,33.09,7,7,5,4.71,36.13,10,0,0,0,Healthy,0
NB06760,Male,38.35,5.2,147,50,95.5,51.74,35.39,5.5,52.73,35.23,8,5,3,4.2,36.45,10,0,0,0,Healthy,0
NB06761,Female,39.8,5.2,146,39,89.2,50.3,38.13,5.2,51.09,38.5,7,11,3,3.61,37.31,9,1,0,4,At Risk,0
NB06762,Male,37.57,5.2,130,38,89.7,47.32,30.23,5.01,49.75,29.99,9,4,3,1.9,36.94,7,1,0,4,At Risk,0
NB06763,Female,38.65,5.2,146,39,100.0,52.19,32.12,5.0,52.32,32.97,5,5,1,2.72,36.59,6,0,1,6,At Risk,0
NB06764,Male,41.67,5.2,117,31,95.5,51.83,36.62,5.22,50.49,36.25,10,9,1,1.06,37.81,9,0,0,0,Healthy,0
NB06765,Female,33.33,5.2,185,38,100.0,45.83,30.5,5.39,44.48,29.66,6,7,0,2.14,36.65,9,0,0,1,Healthy,0
NB06766,Male,38.91,5.2,164,29,93.0,47.68,33.82,5.16,49.0,34.88,12,7,2,2.36,37.29,10,0,0,0,Healthy,0
NB06767,Female,42.0,5.2,157,55,91.9,54.34,33.99,5.24,53.69,33.69,9,10,5,0.2,36.66,8,0,0,0,Healthy,0
NB06768,Female,38.62,5.2,147,43,94.7,51.14,34.72,5.13,52.06,35.13,9,8,4,4.97,37.01,6,0,1,6,At Risk,0
NB06769,Female,41.63,5.2,147,43,97.7,50.38,37.67,5.17,50.56,38.11,7,7,2,2.33,37.02,8,0,0,0,Healthy,0
NB06770,Male,36.62,5.2,110,49,99.9,50.42,37.1,5.25,51.51,36.82,7,6,2,1.94,36.84,9,0,0,0,Healthy,0
NB06771,Female,37.93,5.2,117,70,95.7,50.65,35.71,5.43,49.3,36.19,11,5,1,2.42,36.16,5,0,1,7,At Risk,0
NB06772,Female,38.07,5.2,120,31,97.3,51.15,31.9,5.42,51.41,31.75,5,5,4,4.04,36.92,10,0,0,1,Healthy,0
NB06773,Female,33.12,5.2,141,24,94.5,44.45,30.37,4.78,45.44,30.05,8,6,6,0.85,36.54,10,0,0,3,At Risk,0
NB06774,Female,35.43,5.2,135,42,100.0,47.64,32.89,5.37,48.54,32.96,8,6,6,3.75,36.59,6,0,1,6,At Risk,0
NB06775,Female,35.59,5.2,155,24,100.0,47.55,31.08,5.36,48.72,32.23,9,5,5,3.3,37.07,7,0,0,2,Healthy,0
NB06776,Male,39.81,5.2,123,39,92.3,50.93,36.24,5.21,49.45,36.53,8,9,1,4.34,37.04,8,0,0,0,Healthy,0
NB06777,Female,39.92,5.2,158,51,96.3,51.67,36.2,5.16,51.75,36.86,9,9,3,5.74,36.46,8,0,0,0,Healthy,0
NB06778,Female,38.71,5.2,125,57,91.5,52.75,36.16,5.35,52.93,36.3,7,5,3,5.32,36.9,9,0,0,0,Healthy,0
NB06779,Male,39.81,5.2,132,26,97.9,53.38,36.27,5.26,55.05,36.06,13,10,1,0.95,36.81,8,0,0,0,Healthy,0
NB06780,Female,37.64,5.2,156,33,93.6,46.91,33.97,5.18,49.86,34.28,8,5,5,1.83,36.41,8,0,0,0,Healthy,0
NB06781,Male,40.64,5.2,149,46,92.2,53.95,34.69,5.5,55.59,34.71,10,3,2,4.96,36.44,8,0,0,0,Healthy,0
NB06782,Female,38.02,5.2,117,50,87.9,52.0,31.87,5.33,53.1,31.71,10,4,7,3.54,36.45,10,1,0,4,At Risk,0
NB06783,Female,38.13,5.2,159,50,98.8,49.41,34.22,5.12,50.06,34.78,3,9,2,4.74,36.8,10,0,0,1,Healthy,0
NB06784,Female,37.42,5.2,142,57,95.7,50.09,32.79,5.38,50.32,33.15,5,10,4,3.02,36.66,10,0,0,0,Healthy,0
NB06785,Female,39.51,5.2,101,49,95.9,51.94,34.39,5.32,53.41,34.12,6,6,0,0.2,36.89,8,0,0,0,Healthy,0
NB06786,Male,37.07,5.2,125,41,97.9,47.07,34.83,5.31,47.47,35.47,7,9,1,2.56,36.4,7,0,0,0,Healthy,0
NB06787,Male,40.15,5.2,133,53,92.3,50.77,37.36,5.4,50.5,37.45,9,6,1,4.7,36.72,7,0,0,0,Healthy,0
NB06788,Female,35.51,5.2,119,43,91.8,48.86,30.2,5.14,49.0,30.81,9,12,5,5.22,36.76,9,0,0,0,Healthy,0
NB06789,Male,35.58,5.2,164,45,96.9,46.43,31.79,5.28,45.93,31.5,6,2,3,3.78,36.95,7,0,0,1,Healthy,0
NB06790,Male,39.51,5.2,133,37,99.1,52.91,34.21,5.06,51.25,33.79,4,8,2,1.72,37.46,7,0,0,0,Healthy,0
NB06791,Male,37.81,5.2,148,44,96.9,52.03,34.14,5.39,50.52,33.96,11,8,6,4.0,37.28,8,0,0,0,Healthy,0
NB06792,Female,37.0,5.2,144,26,100.0,50.99,29.7,5.23,51.23,29.82,10,12,1,4.7,36.77,9,0,0,1,Healthy,0
NB06793,Female,39.96,5.2,153,52,97.0,55.32,32.98,5.07,53.47,32.97,9,9,6,4.45,36.08,9,0,0,0,Healthy,0
NB06794,Male,36.66,5.2,170,32,96.8,48.22,32.69,5.22,47.26,33.55,9,2,3,3.61,36.57,10,0,0,1,Healthy,0
NB06795,Male,37.56,5.2,152,33,97.9,49.56,34.67,5.28,50.23,34.29,9,6,5,1.55,37.21,10,0,0,0,Healthy,0
NB06796,Male,41.08,5.2,171,19,94.2,53.01,36.07,5.41,52.46,34.98,5,8,1,4.93,36.78,7,0,0,2,Healthy,0
NB06797,Female,41.39,5.2,153,34,90.7,52.53,37.18,5.47,51.5,37.27,5,5,4,1.33,36.23,7,0,0,0,Healthy,0
NB06798,Female,41.46,5.2,142,32,95.1,53.8,36.52,5.42,52.88,36.92,9,7,3,2.69,36.71,10,0,0,0,Healthy,0
NB06799,Female,37.38,5.2,146,44,97.5,45.62,35.28,5.34,47.01,35.17,4,6,0,4.65,36.59,9,0,0,0,Healthy,0
NB06800,Male,40.71,5.2,93,29,92.0,52.45,37.92,5.38,53.47,38.16,9,6,0,5.45,37.37,10,1,1,5,At Risk,0
NB06801,Female,35.91,5.2,132,38,90.1,44.97,31.2,5.18,44.33,30.83,10,6,5,2.18,36.54,8,0,0,0,Healthy,0
NB06802,Female,36.0,5.2,137,35,92.5,45.88,33.73,5.01,46.57,33.27,12,7,0,2.28,36.99,8,0,0,0,Healthy,0
NB06803,Male,32.83,5.2,148,24,99.7,46.41,30.94,5.1,46.72,31.38,7,9,4,2.55,37.11,5,0,1,8,High Risk,0
NB06804,Female,41.68,5.2,140,44,96.7,52.51,40.0,5.24,53.54,40.47,6,5,1,3.21,36.24,10,0,0,0,Healthy,0
NB06805,Female,36.1,5.2,146,40,94.6,49.28,31.27,5.19,50.76,31.72,10,7,1,1.98,36.46,9,0,0,0,Healthy,0
NB06806,Male,37.72,5.2,116,42,91.6,48.91,33.43,5.18,47.38,33.86,8,9,5,2.23,36.61,9,0,0,0,Healthy,0
NB06807,Female,36.0,5.2,112,50,96.0,50.01,30.85,5.28,50.63,31.2,5,8,3,1.38,36.86,6,0,1,6,At Risk,0
NB06808,Female,39.53,5.2,119,42,95.6,50.5,33.41,5.43,50.74,33.43,2,3,2,0.98,36.53,9,0,0,1,Healthy,0
NB06809,Female,37.17,5.2,168,39,96.6,44.95,33.8,5.29,46.24,34.32,9,5,3,2.76,36.18,9,0,0,0,Healthy,0
NB06810,Female,35.13,5.2,117,51,100.0,47.47,32.1,5.13,45.95,31.7,10,5,6,2.64,36.35,8,0,0,0,Healthy,0
NB06811,Female,38.97,5.2,126,39,96.7,46.14,35.29,4.99,45.05,36.14,8,6,3,2.91,37.22,8,0,0,0,Healthy,0
NB06812,Female,34.85,5.2,142,37,92.6,43.86,32.37,5.2,44.15,33.01,8,6,2,2.16,37.73,5,0,1,7,At Risk,0
NB06813,Male,36.16,5.2,111,49,90.2,46.18,32.16,4.82,46.1,31.37,8,4,4,0.8,36.94,8,0,0,0,Healthy,0
NB06814,Male,33.36,5.2,124,34,93.0,43.41,30.19,5.45,43.96,30.78,8,1,1,1.98,37.29,7,0,0,1,Healthy,0
NB06815,Female,34.87,5.2,152,54,93.4,45.69,30.15,5.25,44.25,30.74,5,5,4,1.97,36.96,10,0,0,0,Healthy,0
NB06816,Female,38.39,5.2,132,44,97.9,47.87,33.02,5.5,49.26,34.57,7,9,4,0.69,37.11,8,0,0,1,Healthy,0
NB06817,Female,33.68,5.2,170,58,92.8,42.9,30.69,5.5,43.28,30.17,8,7,2,4.0,37.13,7,0,0,0,Healthy,0
NB06818,Male,34.74,5.2,109,41,91.5,49.75,31.81,5.34,50.13,31.12,10,6,3,1.83,37.11,10,0,0,0,Healthy,0
NB06819,Female,37.99,5.2,134,51,96.9,48.24,34.86,5.13,48.29,35.57,6,7,3,2.89,36.96,7,0,0,0,Healthy,0
NB06820,Male,36.8,5.2,132,26,92.8,44.06,33.88,5.16,43.11,34.24,7,7,3,1.88,36.86,10,0,0,0,Healthy,0
NB06821,Female,42.0,5.2,140,55,97.0,52.48,38.94,5.5,51.9,38.23,9,14,4,2.16,36.62,10,0,0,0,Healthy,0
NB06822,Female,42.0,5.2,118,49,92.0,50.95,35.14,5.33,52.79,36.46,7,9,4,2.47,37.04,8,0,0,0,Healthy,0
NB06823,Male,36.09,5.2,130,36,93.3,46.11,32.11,4.97,46.39,32.0,7,6,3,2.18,36.94,9,0,0,1,Healthy,0
NB06824,Female,39.23,5.2,154,51,93.0,52.12,33.33,5.16,52.33,33.19,5,9,2,2.74,36.39,7,0,0,0,Healthy,0
NB06825,Female,39.65,5.2,135,29,96.4,50.19,36.87,5.5,51.24,37.44,11,9,1,3.53,37.33,10,0,0,0,Healthy,0
NB06826,Male,36.69,5.2,121,37,94.5,46.11,32.13,5.45,45.52,33.58,9,6,2,4.71,37.25,10,0,0,1,Healthy,0
NB06827,Male,34.71,5.2,177,33,90.7,47.53,33.23,5.31,48.16,33.04,10,9,1,1.47,36.89,8,0,0,1,Healthy,0
NB06828,Male,37.97,5.2,141,51,90.4,51.88,35.96,5.5,52.23,36.42,7,10,5,0.2,37.33,8,0,0,0,Healthy,0
NB06829,Female,37.62,5.2,151,54,93.9,50.33,34.15,4.98,50.25,33.66,12,6,4,4.72,37.13,10,0,0,0,Healthy,0
NB06830,Male,37.04,5.2,154,38,90.0,43.83,33.57,5.11,43.54,33.64,9,4,2,3.27,36.6,6,0,1,6,At Risk,0
NB06831,Male,38.97,5.2,139,29,93.6,48.25,34.54,5.21,49.11,35.69,9,9,3,3.63,35.98,8,0,0,2,Healthy,0
NB06832,Male,36.35,5.2,126,32,95.9,48.21,32.17,5.13,48.96,33.16,9,7,3,2.09,35.97,8,0,0,2,Healthy,0
NB06833,Male,35.47,5.2,144,43,90.9,46.83,31.37,5.38,46.27,31.2,8,8,4,6.46,37.37,8,0,0,0,Healthy,0
NB06834,Male,38.24,5.2,127,42,98.0,49.16,33.75,5.39,49.83,34.39,8,9,4,3.52,36.79,10,0,0,0,Healthy,0
NB06835,Female,38.85,5.2,147,39,99.8,48.4,37.13,5.33,47.47,37.34,6,11,5,2.54,36.63,8,0,0,0,Healthy,0
NB06836,Male,35.41,5.2,137,34,98.8,44.46,30.43,5.03,43.97,30.48,9,6,1,1.07,36.5,8,0,0,1,Healthy,0
NB06837,Female,40.04,5.2,159,58,97.3,55.45,35.54,5.5,56.03,34.57,9,6,1,5.37,36.83,5,0,1,6,At Risk,0
NB06838,Female,34.1,5.2,119,36,96.5,46.15,32.14,5.3,46.6,31.99,7,8,4,0.91,37.21,9,0,0,0,Healthy,0
NB06839,Male,36.73,5.2,153,34,95.8,49.74,32.48,4.91,48.86,31.96,7,4,2,6.73,36.43,8,0,0,0,Healthy,0
NB06840,Male,37.43,5.2,151,53,96.3,49.1,34.03,4.99,49.66,34.31,8,6,2,4.71,36.84,8,0,0,0,Healthy,0
NB06841,Male,36.6,5.2,136,39,92.9,48.43,30.56,5.08,48.45,30.18,6,9,3,2.21,38.0,9,0,0,0,Healthy,0
NB06842,Male,36.76,5.2,153,47,94.9,48.36,34.92,5.5,49.62,33.67,8,7,4,3.91,37.62,7,0,0,0,Healthy,0
NB06843,Male,42.0,5.2,148,33,95.5,50.96,38.3,5.06,51.58,38.6,10,10,2,1.53,35.8,8,0,0,2,Healthy,0
NB06844,Male,36.13,5.2,152,47,97.2,44.89,32.34,5.02,43.95,32.79,5,6,5,4.96,35.98,8,0,0,3,At Risk,0
NB06845,Female,42.0,5.2,151,49,89.4,53.97,35.28,5.45,54.36,34.94,10,10,4,1.75,37.61,9,1,0,4,At Risk,0
NB06846,Male,38.96,5.2,141,31,95.7,50.84,35.66,5.41,50.27,34.37,7,7,5,0.99,37.2,7,0,0,0,Healthy,0
NB06847,Male,38.2,5.2,129,37,98.7,51.66,32.22,5.12,51.94,32.13,8,7,4,1.11,36.82,8,0,0,0,Healthy,0
NB06848,Male,39.05,5.2,129,33,92.9,52.01,33.03,5.33,52.6,32.62,10,9,4,3.89,37.04,10,0,0,0,Healthy,0
NB06849,Female,42.0,5.2,136,37,94.6,51.58,36.52,5.18,52.27,35.77,7,4,5,3.37,36.66,7,0,0,0,Healthy,0
NB06850,Male,35.81,5.2,155,58,88.5,49.9,34.55,5.35,49.14,34.54,9,6,5,3.4,36.5,10,1,0,4,At Risk,0
NB06851,Male,35.54,5.2,151,45,95.2,48.91,33.04,5.17,48.5,32.9,6,8,5,2.13,37.13,10,0,0,0,Healthy,0
NB06852,Male,36.34,5.2,158,61,89.8,49.49,31.67,5.34,49.73,31.3,9,8,0,2.71,36.76,10,1,0,4,At Risk,0
NB06853,Male,38.07,5.2,160,57,93.1,54.16,31.33,5.23,53.92,31.61,9,1,2,3.54,37.19,9,0,0,1,Healthy,0
NB06854,Male,34.2,5.2,136,53,94.8,50.27,31.2,5.11,50.05,31.37,7,5,1,5.45,36.55,9,0,0,0,Healthy,0
NB06855,Female,38.05,5.2,175,57,92.9,51.02,34.21,5.42,50.16,34.07,8,7,0,2.63,37.12,10,0,0,0,Healthy,0
NB06856,Female,41.73,5.2,138,54,94.4,54.08,36.3,5.24,54.66,36.52,9,7,4,3.88,36.94,8,0,0,0,Healthy,0
NB06857,Female,38.33,5.2,131,59,96.3,52.06,36.74,5.43,51.61,36.79,8,9,6,5.81,36.2,9,0,0,0,Healthy,0
NB06858,Female,37.36,5.2,146,47,94.9,47.85,33.15,5.33,47.73,32.69,7,6,2,4.26,37.46,7,0,0,0,Healthy,0
NB06859,Male,36.64,5.2,149,49,95.5,47.24,29.42,5.22,47.48,29.57,7,4,3,2.35,36.17,10,0,0,0,Healthy,0
NB06860,Female,39.98,5.2,127,49,88.5,52.73,34.57,5.47,50.42,35.03,8,8,4,3.13,37.4,7,1,0,4,At Risk,0
NB06861,Male,36.18,5.2,137,38,94.4,46.25,33.21,5.28,44.85,33.18,8,4,2,3.85,37.0,9,0,0,0,Healthy,0
NB06862,Female,42.0,5.2,132,50,87.2,54.39,37.18,5.32,56.17,38.77,9,6,3,0.39,37.09,9,1,0,4,At Risk,0
NB06863,Male,42.0,5.2,143,55,93.6,53.51,36.33,5.17,52.16,36.42,8,5,6,2.09,36.58,7,0,0,0,Healthy,0
NB06864,Male,38.56,5.2,154,36,100.0,48.4,33.68,5.14,49.52,34.04,7,6,2,3.58,36.63,7,0,0,0,Healthy,0
NB06865,Male,37.97,5.2,135,33,98.3,49.63,30.78,5.27,50.72,31.01,7,3,2,6.36,36.8,7,0,0,0,Healthy,0
NB06866,Male,40.27,5.2,150,36,90.0,54.25,35.52,5.05,54.43,35.99,9,6,2,5.6,36.22,7,0,0,0,Healthy,0
NB06867,Female,40.41,5.2,115,56,93.1,51.93,34.98,5.26,53.62,35.43,8,9,2,1.14,37.06,9,0,0,0,Healthy,0
NB06868,Female,36.23,5.2,156,40,94.4,48.18,32.93,5.27,49.2,32.68,8,6,3,1.41,36.64,9,0,0,0,Healthy,0
NB06869,Female,36.84,5.2,132,31,96.8,49.22,33.73,5.02,49.61,33.98,7,1,1,6.18,35.85,9,0,0,3,At Risk,0
NB06870,Male,35.09,5.2,132,32,98.0,47.9,33.63,5.49,48.49,33.55,6,3,3,1.26,37.65,9,0,0,0,Healthy,0
NB06871,Female,38.9,5.2,147,33,100.0,49.75,33.0,5.5,50.9,32.75,8,4,2,0.91,36.92,10,0,0,1,Healthy,0
NB06872,Male,39.47,5.2,148,35,91.7,51.62,32.89,5.5,52.22,32.87,8,6,3,0.2,36.95,9,0,0,0,Healthy,0
NB06873,Male,35.03,5.2,138,28,95.8,44.83,30.86,5.2,45.88,30.84,7,3,4,2.28,36.49,10,0,0,0,Healthy,0
NB06874,Male,37.0,5.2,124,48,88.8,47.1,32.0,5.27,48.91,32.88,14,8,3,6.36,36.95,9,1,0,4,At Risk,0
NB06875,Female,35.04,5.2,131,40,96.4,45.59,30.49,5.16,47.04,30.09,10,11,4,4.67,37.13,9,0,0,0,Healthy,0
NB06876,Male,36.02,5.2,142,47,96.7,48.76,34.58,5.38,48.65,34.83,8,10,1,3.18,36.15,9,0,0,0,Healthy,0
NB06877,Female,39.21,5.2,149,19,95.1,51.01,34.87,5.2,50.36,35.11,9,8,3,5.93,37.07,9,0,0,2,Healthy,0
NB06878,Male,36.39,5.2,125,53,97.3,47.88,35.63,5.27,48.13,35.58,8,9,3,6.4,36.32,7,0,0,0,Healthy,0
NB06879,Female,37.34,5.2,128,41,92.0,50.39,33.33,5.3,52.66,34.12,8,10,3,2.31,36.22,10,0,0,1,Healthy,0
NB06880,Male,34.42,5.2,145,47,90.4,47.14,29.54,5.01,46.16,29.95,11,8,2,0.48,36.4,10,0,0,0,Healthy,0
NB06881,Female,38.41,5.2,139,57,91.7,49.39,32.88,5.22,49.38,32.01,8,4,3,0.97,37.75,7,0,0,1,Healthy,0
NB06882,Female,37.9,5.2,143,46,96.3,47.44,35.27,5.41,47.51,36.26,6,10,4,1.79,37.15,10,0,0,0,Healthy,0
NB06883,Male,36.4,5.2,93,63,99.6,46.52,30.98,5.5,45.87,32.5,8,8,2,3.07,36.79,9,1,1,5,At Risk,0
NB06884,Female,37.58,5.2,135,23,92.0,46.29,34.35,4.88,46.61,35.64,8,6,3,6.08,37.57,9,0,0,2,Healthy,0
NB06885,Male,38.4,5.2,155,39,92.6,50.24,33.54,5.1,49.87,33.93,8,8,4,4.73,36.38,10,0,0,0,Healthy,0
NB06886,Male,36.21,5.2,129,24,95.4,46.26,31.15,5.11,46.41,30.59,9,6,4,1.74,36.34,10,0,0,2,Healthy,0
NB06887,Male,34.75,5.2,149,45,100.0,45.69,33.61,4.98,45.72,33.81,8,6,2,4.2,36.39,8,0,0,0,Healthy,0
NB06888,Female,41.97,5.2,118,43,93.4,52.92,35.7,5.5,53.15,35.02,4,12,3,4.27,37.65,7,0,0,0,Healthy,0
NB06889,Female,36.61,5.2,112,31,98.4,50.43,31.58,5.22,49.67,32.3,9,2,3,0.88,37.19,8,0,0,1,Healthy,0
NB06890,Female,37.79,5.2,148,64,94.4,51.27,33.53,5.2,50.96,33.97,7,7,3,2.34,36.43,8,0,0,0,Healthy,0
NB06891,Female,40.22,5.2,139,38,93.1,51.49,34.59,5.36,51.53,36.03,8,5,4,0.2,36.49,9,0,0,0,Healthy,0
NB06892,Female,42.0,5.2,134,20,90.3,55.73,39.92,5.11,55.9,40.53,8,5,2,4.05,36.93,8,0,0,2,Healthy,0
NB06893,Female,35.26,5.2,155,49,93.9,43.11,33.47,5.38,43.32,33.08,9,4,4,2.69,36.29,8,0,0,0,Healthy,0
NB06894,Male,38.99,5.2,134,49,98.0,54.25,33.61,5.12,55.04,34.52,9,7,2,3.22,36.72,8,0,0,0,Healthy,0
NB06895,Male,36.44,5.2,129,37,92.0,49.58,32.0,5.5,48.69,32.06,7,9,3,4.99,36.35,9,0,0,0,Healthy,0
NB06896,Female,36.81,5.2,127,50,95.3,48.74,29.94,5.26,48.67,29.96,9,8,3,5.16,36.77,7,0,0,0,Healthy,0
NB06897,Female,36.42,5.2,123,32,92.0,46.39,32.9,5.5,45.66,33.19,7,7,5,4.84,37.17,10,0,0,0,Healthy,0
NB06898,Female,35.52,5.2,148,38,93.5,46.5,30.95,5.35,45.66,30.77,11,6,3,4.84,37.58,9,0,0,0,Healthy,0
NB06899,Male,37.91,5.2,134,46,89.7,50.74,33.87,4.76,51.29,33.63,6,5,4,3.12,36.1,6,1,1,11,High Risk,1
NB06900,Female,34.76,5.2,161,51,100.0,47.94,28.58,4.99,48.22,30.14,9,7,2,3.03,37.07,9,0,0,1,Healthy,0
NB06901,Male,40.08,5.2,87,40,96.1,52.81,35.22,5.5,52.47,36.06,8,9,3,5.69,37.11,9,1,1,5,At Risk,0
NB06902,Male,38.12,5.2,157,37,93.9,48.25,36.43,5.17,47.86,36.92,10,6,4,2.53,36.7,10,0,0,0,Healthy,0
NB06903,Female,38.93,5.2,146,42,99.5,48.58,34.53,4.88,47.47,34.67,7,5,1,0.65,36.53,7,0,0,0,Healthy,0
NB06904,Female,36.97,5.2,138,22,94.7,49.07,31.92,5.13,50.32,31.17,11,11,2,0.2,36.53,7,0,0,2,Healthy,0
NB06905,Male,37.19,5.2,117,39,96.6,50.41,33.2,5.16,50.48,33.92,7,4,2,4.8,35.97,9,0,0,2,Healthy,0
NB06906,Male,38.63,5.2,110,22,100.0,50.18,34.15,5.49,48.76,33.94,10,9,1,2.99,37.15,8,0,0,2,Healthy,0
NB06907,Male,35.44,5.2,154,34,100.0,50.26,35.3,5.07,50.53,35.26,4,4,0,5.08,36.46,9,0,0,0,Healthy,0
NB06908,Male,37.21,5.2,144,28,91.0,48.96,32.75,5.21,48.4,33.39,8,5,3,1.09,36.05,10,0,0,1,Healthy,0
NB06909,Female,36.11,5.2,144,47,95.0,47.9,30.67,5.45,47.49,29.83,11,9,2,2.71,36.95,8,0,0,0,Healthy,0
NB06910,Female,36.04,5.2,138,35,99.5,49.18,32.46,5.14,50.37,32.49,8,8,0,3.68,36.94,9,0,0,0,Healthy,0
NB06911,Male,33.36,5.2,155,54,91.2,47.86,30.84,5.06,47.82,31.07,13,6,4,6.37,37.18,7,0,0,0,Healthy,0
NB06912,Female,40.95,5.2,129,24,94.1,49.55,36.71,5.31,51.42,37.24,12,11,2,2.0,37.62,9,0,0,2,Healthy,0
NB06913,Female,36.49,5.2,134,40,94.0,46.0,33.88,5.39,49.21,33.71,5,4,2,5.05,36.82,9,0,0,0,Healthy,0
NB06914,Male,40.56,5.2,137,43,96.8,51.28,38.52,5.22,52.85,37.71,14,8,5,2.9,36.67,8,0,0,0,Healthy,0
NB06915,Male,40.35,5.2,136,47,97.8,58.0,34.55,5.36,57.14,34.78,10,10,1,2.52,36.62,9,0,0,1,Healthy,0
NB06916,Female,35.17,5.2,164,64,99.0,46.53,30.79,5.12,48.14,30.37,9,7,3,5.01,36.67,9,0,0,0,Healthy,0
NB06917,Male,35.61,5.2,117,22,95.3,47.2,29.34,4.84,46.83,29.77,5,7,4,5.82,36.47,9,0,0,2,Healthy,0
NB06918,Female,42.0,5.2,105,34,91.4,54.44,37.59,5.41,55.14,38.35,10,8,4,3.44,36.6,7,0,0,0,Healthy,0
NB06919,Female,41.85,5.2,114,62,93.8,55.02,35.17,5.03,56.6,35.38,10,3,0,0.2,36.48,7,0,0,0,Healthy,0
NB06920,Male,37.93,5.2,152,33,91.3,49.88,35.09,5.11,48.96,34.45,7,5,4,1.89,36.33,7,0,0,0,Healthy,0
NB06921,Male,38.57,5.2,138,46,92.6,52.44,33.46,5.28,52.76,33.7,11,10,2,2.26,37.58,8,0,0,0,Healthy,0
NB06922,Female,36.61,5.2,111,33,97.5,45.96,35.42,5.42,46.28,35.65,5,5,3,4.42,37.42,4,0,1,6,At Risk,0
NB06923,Female,38.95,5.2,142,28,90.0,48.92,32.32,5.21,48.25,31.97,8,6,4,0.69,35.96,10,1,0,6,At Risk,0
NB06924,Female,36.42,5.2,134,34,93.1,50.5,34.23,5.13,48.89,35.13,11,4,4,3.3,36.94,9,0,0,0,Healthy,0
NB06925,Female,33.53,5.2,150,62,98.1,45.6,32.03,5.5,46.51,32.25,7,5,1,3.41,36.77,7,0,0,0,Healthy,0
NB06926,Male,35.09,5.2,154,30,97.4,44.46,32.55,5.17,43.24,32.78,7,9,5,3.94,36.87,8,0,0,0,Healthy,0
NB06927,Male,38.05,5.2,185,39,92.2,47.0,32.16,5.18,47.85,32.28,7,4,3,5.09,36.15,9,0,0,1,Healthy,0
NB06928,Male,35.51,5.2,119,39,91.9,45.74,32.85,4.92,45.75,34.01,7,3,4,0.94,35.97,9,0,0,2,Healthy,0
NB06929,Female,37.85,5.2,106,51,100.0,49.47,33.89,5.25,51.01,34.92,8,9,1,2.63,36.78,8,0,0,0,Healthy,0
NB06930,Male,35.64,5.2,151,53,96.3,48.41,29.4,5.5,47.48,29.31,7,7,3,2.39,36.63,10,0,0,0,Healthy,0
NB06931,Female,36.28,5.2,158,43,92.2,47.39,34.93,4.94,47.52,35.6,13,4,2,2.65,36.55,10,0,0,0,Healthy,0
NB06932,Male,39.88,5.2,117,15,94.9,52.06,34.6,5.09,54.35,34.68,7,8,1,2.49,36.71,9,0,0,2,Healthy,0
NB06933,Male,38.54,5.2,117,33,98.8,49.22,36.4,5.22,48.71,36.93,8,4,1,3.37,37.07,10,0,0,0,Healthy,0
NB06934,Male,37.98,5.2,146,30,91.9,52.03,33.68,5.34,53.87,33.37,6,6,4,4.95,37.2,8,0,0,0,Healthy,0
NB06935,Female,39.93,5.2,171,54,91.8,56.44,36.63,5.29,55.86,36.61,5,5,3,1.57,36.36,7,0,0,0,Healthy,0
NB06936,Female,39.06,5.2,124,33,95.8,49.77,33.25,5.24,50.13,32.39,9,2,4,1.77,36.4,8,0,0,1,Healthy,0
NB06937,Female,41.18,5.2,142,59,90.3,53.42,36.35,5.1,52.77,36.44,11,10,2,1.87,36.87,7,0,0,0,Healthy,0
NB06938,Female,36.99,5.2,106,46,92.6,49.49,33.31,5.5,50.21,32.89,12,5,2,5.41,37.35,9,0,0,0,Healthy,0
NB06939,Male,37.05,5.2,136,53,93.5,49.03,32.65,4.81,47.96,31.96,9,11,3,2.53,36.7,8,0,0,0,Healthy,0
NB06940,Female,35.14,5.2,138,65,85.7,48.33,30.49,5.46,47.99,30.66,8,7,4,2.55,36.87,9,1,0,4,At Risk,0
NB06941,Male,37.06,5.2,166,33,95.3,49.71,28.54,5.5,49.4,28.0,11,6,3,7.83,36.19,9,0,0,0,Healthy,0
NB06942,Female,40.12,5.2,127,26,97.1,50.57,34.02,5.38,50.05,33.73,8,4,2,2.29,35.81,8,0,0,2,Healthy,0
NB06943,Female,40.86,5.2,152,44,100.0,54.81,36.85,5.11,56.48,38.11,11,7,5,1.42,37.84,9,0,0,0,Healthy,0
NB06944,Female,40.11,5.2,126,52,97.1,51.9,33.19,5.29,51.33,32.7,7,8,2,0.2,36.92,7,0,0,0,Healthy,0
NB06945,Female,34.05,5.2,142,35,91.4,45.28,29.25,5.0,45.6,29.17,11,9,1,6.54,36.34,9,0,0,0,Healthy,0
NB06946,Female,40.38,5.2,177,42,93.4,56.63,33.32,5.04,58.69,32.79,8,8,4,5.18,35.84,6,0,1,8,High Risk,0
NB06947,Male,33.96,5.2,172,54,100.0,45.73,31.28,5.34,46.18,32.23,11,6,6,2.99,37.45,9,0,0,0,Healthy,0
NB06948,Male,39.98,5.2,175,53,96.6,51.89,33.84,5.35,49.6,34.08,12,8,4,1.96,36.38,8,0,0,0,Healthy,0
NB06949,Female,37.19,5.2,147,36,98.7,49.22,35.06,5.3,51.45,35.84,8,6,2,4.21,36.37,7,0,0,0,Healthy,0
NB06950,Female,39.55,5.2,136,45,93.0,50.73,35.98,4.99,52.05,36.34,8,11,4,2.8,36.48,7,0,0,0,Healthy,0
NB06951,Female,35.07,5.2,145,33,94.2,47.86,32.05,5.5,49.35,32.28,11,6,1,4.49,36.86,7,0,0,0,Healthy,0
NB06952,Female,40.58,5.2,148,28,94.8,50.23,36.06,5.34,51.77,36.5,10,8,1,0.89,37.09,10,0,0,0,Healthy,0
NB06953,Female,34.78,5.2,147,56,98.2,47.89,30.4,5.21,48.0,29.43,11,1,4,3.17,36.67,8,0,0,1,Healthy,0
NB06954,Female,36.53,5.2,127,21,93.5,44.76,31.63,5.25,43.49,31.04,10,8,3,1.62,36.33,8,0,0,2,Healthy,0
NB06955,Female,35.8,5.2,126,44,97.1,45.03,33.33,5.11,46.21,33.72,9,8,4,2.44,37.83,8,0,0,0,Healthy,0
NB06956,Male,34.14,5.2,129,38,95.0,49.78,32.47,5.06,48.27,32.76,10,12,4,1.34,36.58,9,0,0,0,Healthy,0
NB06957,Male,38.21,5.2,159,47,90.8,47.27,35.0,5.5,46.04,34.44,8,6,3,4.1,36.8,8,0,0,0,Healthy,0
NB06958,Female,41.97,5.2,161,35,95.0,49.26,35.88,5.06,49.45,36.04,6,11,2,1.28,36.12,9,0,0,0,Healthy,0
NB06959,Male,42.0,5.2,197,53,98.9,50.74,36.01,5.1,51.97,35.95,9,7,3,5.95,37.06,10,0,0,1,Healthy,0
NB06960,Male,38.21,5.2,148,40,95.0,53.27,32.55,5.16,52.79,33.26,7,11,3,3.29,37.29,9,0,0,0,Healthy,0
NB06961,Female,40.46,5.2,126,57,93.8,48.23,36.67,5.09,47.82,36.93,6,8,1,1.58,36.41,10,0,0,0,Healthy,0
NB06962,Male,38.51,5.2,131,44,100.0,48.15,31.22,5.23,50.9,31.54,7,6,4,2.38,35.97,9,0,0,3,At Risk,0
NB06963,Male,39.1,5.2,137,32,96.4,47.67,31.26,5.14,48.8,30.92,6,11,1,3.17,36.63,7,0,0,0,Healthy,0
NB06964,Male,37.25,5.2,167,47,90.2,48.37,30.27,5.2,49.02,30.17,2,6,7,7.08,37.65,9,0,0,1,Healthy,0
NB06965,Female,38.43,5.2,153,46,94.0,49.11,30.89,5.17,50.8,30.48,9,6,5,5.04,36.51,7,0,0,0,Healthy,0
NB06966,Female,39.18,5.2,116,41,95.9,49.7,36.66,5.18,50.51,36.78,7,8,2,0.2,37.94,10,0,0,0,Healthy,0
NB06967,Female,36.73,5.2,139,35,95.8,52.17,34.09,4.92,51.25,34.19,9,7,5,2.78,36.55,8,0,0,0,Healthy,0
NB06968,Male,37.83,5.2,114,51,96.8,47.05,31.88,5.17,46.04,32.4,8,8,2,1.57,35.98,9,0,0,2,Healthy,0
NB06969,Female,37.87,5.2,151,32,94.4,49.28,33.55,5.21,49.33,34.39,10,8,5,0.2,36.57,7,0,0,0,Healthy,0
NB06970,Male,39.82,5.2,127,33,94.3,51.91,37.27,5.18,51.83,37.33,7,8,4,6.8,35.96,7,0,0,2,Healthy,0
NB06971,Female,35.65,5.2,129,47,95.0,45.53,32.91,5.18,47.84,31.67,5,8,5,3.01,36.48,6,0,1,6,At Risk,0
NB06972,Female,37.89,5.2,106,40,97.8,50.47,36.89,5.41,50.56,37.8,10,4,1,2.27,36.97,10,0,0,0,Healthy,0
NB06973,Female,42.0,5.2,154,22,92.6,52.4,36.43,5.13,54.35,36.92,3,2,5,6.68,36.59,8,0,0,4,At Risk,0
NB06974,Male,40.56,5.2,162,32,94.7,52.65,34.61,5.43,53.23,34.2,8,8,0,4.1,37.3,8,0,0,0,Healthy,0
NB06975,Male,40.97,5.2,128,46,95.9,52.06,34.26,5.5,53.08,36.88,8,5,3,2.33,36.56,10,0,0,0,Healthy,0
NB06976,Male,38.05,5.2,137,39,93.1,45.55,33.87,5.1,42.8,34.02,9,5,0,3.97,36.13,8,0,0,0,Healthy,0
NB06977,Male,38.71,5.2,131,41,96.6,52.85,35.7,5.31,55.42,35.42,13,6,2,6.18,36.87,10,0,0,0,Healthy,0
NB06978,Male,40.2,5.2,136,45,96.2,55.73,35.49,5.28,55.17,35.33,7,8,3,2.43,36.73,8,0,0,0,Healthy,0
NB06979,Male,41.43,5.2,125,47,87.8,52.34,35.67,5.24,53.65,36.36,9,7,5,3.67,36.79,10,1,0,5,At Risk,0
NB06980,Female,33.71,5.2,120,43,95.1,43.94,32.68,4.91,42.56,32.42,9,9,2,5.54,36.23,8,0,0,0,Healthy,0
NB06981,Male,35.11,5.2,165,15,100.0,50.01,32.57,5.41,51.87,31.78,8,5,5,1.88,36.92,10,0,0,2,Healthy,0
NB06982,Female,40.88,5.2,92,41,100.0,55.97,35.65,5.15,54.61,36.5,6,12,5,5.23,37.42,10,1,1,5,At Risk,0
NB06983,Male,37.39,5.2,149,37,97.4,48.71,32.22,5.46,47.93,32.31,5,9,2,4.23,36.21,7,0,0,0,Healthy,0
NB06984,Female,36.52,5.2,145,42,99.4,47.83,32.38,5.23,47.57,32.18,7,6,5,6.12,35.94,9,0,0,2,Healthy,0
NB06985,Female,35.24,5.2,170,53,94.5,46.96,32.58,5.46,46.77,33.22,5,12,1,0.2,36.11,10,0,0,0,Healthy,0
NB06986,Female,36.78,5.2,136,31,97.0,45.15,31.77,5.33,45.02,31.95,5,1,0,1.39,36.79,8,0,0,1,Healthy,0
NB06987,Male,34.91,5.2,133,43,95.6,46.24,29.79,5.38,46.82,29.7,8,10,3,1.6,36.08,7,0,0,0,Healthy,0
NB06988,Female,42.0,5.2,125,47,97.3,56.63,35.88,5.36,55.76,35.83,5,7,3,2.06,36.95,6,0,1,7,At Risk,0
NB06989,Male,37.95,5.2,146,39,100.0,49.22,33.69,5.2,49.75,34.01,9,10,2,3.64,36.96,9,0,0,0,Healthy,0
NB06990,Female,37.87,5.2,127,29,98.5,47.41,35.76,5.16,49.32,36.53,6,6,2,7.29,36.97,8,0,0,1,Healthy,0
NB06991,Male,39.29,5.2,120,30,93.8,51.76,32.97,5.32,50.89,33.33,10,4,4,1.19,37.97,8,0,0,0,Healthy,0
NB06992,Male,40.12,5.2,127,42,100.0,50.17,35.62,5.37,50.26,36.79,6,8,1,2.11,35.96,8,0,0,2,Healthy,0
NB06993,Male,40.08,5.2,123,36,95.9,51.34,34.84,5.23,52.39,34.12,9,6,4,5.42,36.03,9,0,0,0,Healthy,0
NB06994,Male,40.36,5.2,122,23,97.3,49.19,35.11,5.39,47.67,34.66,8,8,3,3.61,37.38,9,0,0,2,Healthy,0
NB06995,Male,36.61,5.2,142,34,94.2,46.28,35.14,5.08,45.18,34.16,9,8,1,6.38,37.04,10,0,0,0,Healthy,0
NB06996,Female,37.34,5.2,136,29,97.6,50.49,33.46,5.28,51.22,33.3,7,3,2,2.81,37.32,9,0,0,0,Healthy,0
NB06997,Female,39.69,5.2,150,49,96.4,51.35,33.61,5.46,51.21,34.72,7,9,1,2.73,35.88,10,0,0,2,Healthy,0
NB06998,Female,36.84,5.2,143,27,99.0,47.0,34.32,5.28,47.42,34.8,11,0,4,5.04,36.19,9,0,0,1,Healthy,0
NB06999,Male,37.99,5.2,118,56,93.2,49.83,35.01,5.21,50.44,35.6,6,14,2,2.21,37.24,9,0,0,0,Healthy,0
NB07000,Female,38.88,5.2,102,64,98.3,49.18,32.91,5.41,47.7,33.21,6,8,1,1.85,36.72,8,0,0,0,Healthy,0
NB07001,Male,39.73,5.2,121,35,86.5,49.59,33.22,5.5,51.53,32.92,4,5,4,3.28,37.39,8,1,0,5,At Risk,0
NB07002,Male,34.09,5.2,154,36,92.8,48.41,31.68,5.35,48.5,32.67,7,3,4,1.83,36.61,9,0,0,0,Healthy,0
NB07003,Male,39.57,5.2,153,51,90.3,52.58,34.85,4.91,52.71,34.63,5,8,2,3.44,36.7,9,0,0,0,Healthy,0
NB07004,Male,37.49,5.2,158,53,96.2,49.09,32.73,5.08,49.1,32.73,11,8,4,3.85,37.83,6,0,1,6,At Risk,0
NB07005,Male,39.56,5.2,155,37,98.4,51.29,36.47,5.43,52.04,37.72,9,7,3,5.76,36.33,10,0,0,0,Healthy,0
NB07006,Male,39.71,5.2,160,38,95.0,51.12,34.11,5.14,52.08,34.54,7,6,4,0.52,37.13,6,0,1,6,At Risk,0
NB07007,Female,41.54,5.2,147,38,99.7,53.76,36.91,5.25,51.04,37.54,10,9,1,6.74,36.09,8,0,0,0,Healthy,0
NB07008,Female,40.98,5.2,172,33,92.3,50.68,37.65,5.13,51.68,37.47,2,1,4,2.23,36.41,8,0,0,2,Healthy,0
NB07009,Male,40.96,5.2,145,51,90.1,53.99,35.37,5.4,52.92,34.64,6,4,4,6.86,37.13,8,0,0,1,Healthy,0
NB07010,Female,41.18,5.2,176,44,97.5,53.17,33.28,5.34,52.83,32.58,9,8,6,2.48,36.16,7,0,0,0,Healthy,0
NB07011,Male,38.64,5.2,129,35,99.1,49.65,33.64,5.1,48.77,33.37,6,6,3,2.82,37.19,9,0,0,0,Healthy,0
NB07012,Female,38.07,5.2,128,43,95.4,48.69,34.13,5.4,48.33,34.07,7,9,3,4.95,36.7,9,0,0,0,Healthy,0
NB07013,Female,39.92,5.2,137,38,100.0,53.01,36.65,5.41,52.85,36.74,10,4,3,0.37,36.36,8,0,0,0,Healthy,0
NB07014,Female,39.61,5.2,139,67,96.8,50.75,34.15,5.35,50.72,34.38,9,7,4,1.46,36.75,7,0,0,1,Healthy,0
NB07015,Female,37.32,5.2,134,40,96.4,47.59,35.91,5.28,46.12,36.08,6,6,3,0.64,36.54,8,0,0,1,Healthy,0
NB07016,Female,38.89,5.2,150,49,93.5,49.63,32.48,5.5,49.84,32.98,7,11,4,5.21,36.48,8,0,0,0,Healthy,0
NB07017,Male,37.92,5.2,138,46,90.4,51.07,33.99,4.95,51.73,34.26,7,6,2,4.05,36.58,8,0,0,0,Healthy,0
NB07018,Male,36.12,5.2,129,40,94.1,44.69,32.13,5.17,44.79,32.82,7,10,4,5.28,36.17,10,0,0,0,Healthy,0
NB07019,Male,40.84,5.2,133,46,100.0,51.44,37.81,5.23,51.06,38.17,7,8,4,3.38,36.01,6,0,1,7,At Risk,0
NB07020,Male,38.12,5.2,162,44,95.7,51.85,31.67,5.48,51.1,31.86,10,5,4,1.08,35.84,8,0,0,2,Healthy,0
NB07021,Male,42.0,5.2,146,67,93.6,52.86,37.24,5.18,50.36,36.94,6,8,3,3.11,37.03,7,0,0,1,Healthy,0
NB07022,Male,34.42,5.2,110,41,91.8,46.93,30.93,5.46,47.62,31.36,10,8,4,2.76,36.99,7,0,0,0,Healthy,0
NB07023,Female,36.78,5.2,167,16,96.9,50.67,35.24,5.12,51.13,34.57,10,4,3,1.54,36.44,8,0,0,3,At Risk,0
NB07024,Female,38.07,5.2,148,64,91.1,51.45,32.61,5.32,51.23,33.46,10,6,3,3.51,36.74,10,0,0,0,Healthy,0
NB07025,Female,40.5,5.2,152,37,96.2,50.97,36.17,5.41,49.49,36.88,9,7,5,3.6,37.42,10,0,0,0,Healthy,0
NB07026,Male,38.88,5.2,157,43,93.4,50.13,33.16,5.11,50.12,33.1,9,11,2,3.63,36.52,8,0,0,0,Healthy,0
NB07027,Male,38.68,5.2,158,37,94.1,52.02,34.56,5.39,51.64,34.42,8,9,2,4.24,36.68,6,0,1,6,At Risk,0
NB07028,Female,35.52,5.2,123,36,97.2,49.25,31.51,5.5,50.78,32.18,7,6,4,2.79,37.67,10,0,0,0,Healthy,0
NB07029,Female,35.45,5.2,121,31,91.7,47.13,31.44,5.22,48.45,31.51,11,3,1,4.45,36.97,10,0,0,0,Healthy,0
NB07030,Male,38.71,5.2,183,22,95.0,50.13,31.32,5.04,49.53,31.95,7,10,3,1.95,37.21,7,0,0,4,At Risk,0
NB07031,Male,35.0,5.2,127,35,89.7,47.43,32.32,5.17,48.37,33.06,8,8,2,4.57,37.12,9,1,0,4,At Risk,0
NB07032,Female,36.83,5.2,147,47,94.6,51.28,31.36,5.22,50.36,31.0,9,3,2,4.35,37.03,9,0,0,0,Healthy,0
NB07033,Male,39.1,5.2,169,26,96.7,52.73,32.9,5.43,54.19,32.1,9,3,5,5.71,36.47,7,0,0,0,Healthy,0
NB07034,Male,35.84,5.2,132,47,97.8,49.04,29.95,5.06,49.42,29.99,5,5,3,4.54,36.36,5,0,1,6,At Risk,0
NB07035,Female,41.53,5.2,134,65,99.0,50.62,34.69,5.36,52.9,35.32,8,11,0,4.06,37.1,7,0,0,1,Healthy,0
NB07036,Male,40.69,5.2,157,45,97.3,51.47,36.44,5.35,50.97,36.51,8,5,1,5.33,37.04,7,0,0,0,Healthy,0
NB07037,Female,34.54,5.2,144,28,93.6,46.04,32.06,5.33,47.49,32.77,11,5,4,3.02,36.9,6,0,1,6,At Risk,0
NB07038,Female,35.95,5.2,149,46,88.7,50.59,33.36,5.48,52.25,32.78,9,1,3,0.58,36.93,9,1,0,6,At Risk,0
NB07039,Female,32.97,5.2,139,52,98.5,44.6,28.74,5.29,44.33,27.74,12,7,6,4.56,36.45,6,0,1,6,At Risk,0
NB07040,Male,36.28,5.2,131,55,93.2,50.56,32.92,5.12,49.38,33.06,8,12,1,1.15,36.27,9,0,0,0,Healthy,0
NB07041,Male,39.69,5.2,134,44,89.9,49.98,34.06,5.22,50.93,33.53,8,9,5,4.8,36.47,10,1,0,4,At Risk,0
NB07042,Male,37.09,5.2,161,48,100.0,47.8,34.59,5.24,47.0,34.42,8,8,5,0.2,36.69,9,0,0,0,Healthy,0
NB07043,Male,39.01,5.2,135,51,94.8,51.48,35.15,5.13,51.32,35.14,9,6,1,5.08,36.53,10,0,0,0,Healthy,0
NB07044,Female,34.65,5.2,148,48,96.7,49.72,30.47,4.94,49.1,31.2,13,3,2,6.63,37.51,10,0,0,0,Healthy,0
NB07045,Male,39.76,5.2,123,45,95.8,50.76,36.59,5.26,52.86,37.15,8,9,5,3.63,37.46,7,0,0,0,Healthy,0
NB07046,Female,36.78,5.2,177,36,94.9,43.38,33.71,5.28,43.62,33.54,6,6,5,2.19,37.18,9,0,0,0,Healthy,0
NB07047,Male,38.03,5.2,146,52,93.6,46.5,31.74,5.22,47.04,32.53,9,8,3,3.14,37.35,10,0,0,0,Healthy,0
NB07048,Female,37.8,5.2,146,37,93.0,50.01,31.15,5.24,50.21,32.53,7,2,3,4.35,36.22,7,0,0,1,Healthy,0
NB07049,Male,35.2,5.2,157,68,100.0,44.13,29.82,5.05,43.56,29.93,7,8,1,4.15,37.12,7,0,0,1,Healthy,0
NB07050,Female,35.46,5.2,131,36,89.9,45.59,34.5,4.75,46.38,35.36,8,12,5,1.41,36.78,10,1,0,4,At Risk,0
NB07051,Male,40.13,5.2,161,50,93.5,51.54,33.77,5.18,52.66,35.13,12,5,4,5.96,36.59,5,0,1,7,At Risk,0
NB07052,Male,38.88,5.2,113,29,91.9,45.49,37.23,4.96,45.06,37.77,7,0,1,1.71,36.67,9,0,0,1,Healthy,0
NB07053,Female,40.31,5.2,129,37,96.8,50.92,33.82,5.3,51.21,33.75,9,10,3,1.48,36.68,9,0,0,0,Healthy,0
NB07054,Male,38.71,5.2,126,36,93.6,47.91,32.54,5.02,49.16,32.96,8,0,5,2.04,36.63,10,0,0,2,Healthy,0
NB07055,Female,38.31,5.2,106,28,93.3,46.88,35.34,5.22,45.91,34.89,9,10,3,3.67,36.52,10,0,0,0,Healthy,0
NB07056,Female,34.2,5.2,130,36,97.2,44.58,32.53,5.17,44.61,32.24,3,7,4,3.62,36.2,8,0,0,1,Healthy,0
NB07057,Female,37.41,5.2,139,46,100.0,46.93,34.22,5.08,47.95,34.08,7,13,2,2.79,36.09,6,0,1,6,At Risk,0
NB07058,Female,37.94,5.2,120,40,92.1,50.48,34.77,5.43,49.66,34.89,8,4,3,4.27,36.98,9,0,0,0,Healthy,0
NB07059,Male,42.0,5.2,118,54,89.6,55.59,35.4,5.0,55.92,35.67,9,8,4,2.74,35.54,8,1,0,6,At Risk,0
NB07060,Male,39.51,5.2,141,33,95.2,50.23,36.11,4.76,49.89,35.63,10,2,3,2.92,37.68,7,0,0,1,Healthy,0
NB07061,Female,41.38,5.2,139,49,97.9,51.45,36.53,4.99,50.94,37.64,11,11,3,2.42,36.52,8,0,0,0,Healthy,0
NB07062,Male,39.31,5.2,135,36,94.2,49.95,34.17,5.5,49.46,34.21,8,9,2,3.63,35.99,8,0,0,2,Healthy,0
NB07063,Male,36.44,5.2,117,53,97.2,45.98,32.85,5.18,44.83,32.69,11,8,4,1.89,37.03,7,0,0,0,Healthy,0
NB07064,Female,38.26,5.2,133,50,93.1,47.25,35.57,5.45,45.23,36.63,10,9,5,2.71,36.74,7,0,0,0,Healthy,0
NB07065,Male,38.52,5.2,128,52,100.0,46.78,34.75,5.23,46.02,35.36,10,3,4,3.96,36.37,10,0,0,0,Healthy,0
NB07066,Female,35.93,5.2,142,40,97.1,45.08,29.12,5.47,45.69,29.46,9,8,1,5.66,36.54,9,0,0,1,Healthy,0
NB07067,Female,37.15,5.2,130,55,93.3,52.1,34.54,5.07,51.32,34.89,9,12,1,0.2,36.76,6,0,1,6,At Risk,0
NB07068,Male,37.55,5.2,139,25,92.4,47.81,34.71,5.29,47.56,34.86,11,4,2,3.27,37.29,10,0,0,0,Healthy,0
NB07069,Female,41.53,5.2,116,46,95.9,46.9,35.7,5.39,45.72,35.81,9,10,0,3.31,35.61,8,0,0,3,At Risk,0
NB07070,Female,33.42,5.2,115,43,97.4,44.31,30.77,4.98,44.64,31.0,9,9,5,1.45,36.94,9,0,0,0,Healthy,0
NB07071,Female,40.65,5.2,150,50,90.4,48.81,35.83,5.02,50.74,36.42,6,5,1,1.83,37.54,10,0,0,0,Healthy,0
NB07072,Male,35.94,5.2,154,41,95.0,47.86,29.39,5.18,48.63,29.08,8,7,3,1.16,36.43,8,0,0,0,Healthy,0
NB07073,Male,34.98,5.2,133,32,97.6,46.79,31.08,5.33,46.72,31.49,7,14,3,5.02,37.14,10,0,0,0,Healthy,0
NB07074,Male,40.6,5.2,140,31,96.2,52.05,35.07,5.07,52.66,34.8,10,8,3,0.2,37.1,7,0,0,0,Healthy,0
NB07075,Male,39.61,5.2,132,42,97.2,50.97,34.69,5.46,52.35,35.67,9,12,2,1.32,37.65,5,0,1,6,At Risk,0
NB07076,Female,40.76,5.2,160,39,100.0,51.34,34.94,5.42,52.54,34.86,9,7,1,1.75,36.91,9,0,0,0,Healthy,0
NB07077,Male,39.76,5.2,136,51,84.1,48.27,36.03,5.22,49.6,35.88,8,8,6,1.95,37.12,9,1,1,6,At Risk,0
NB07078,Male,42.0,5.2,131,52,95.8,53.05,35.39,5.32,53.49,34.39,7,6,1,2.93,37.28,8,0,0,0,Healthy,0
NB07079,Female,39.23,5.2,157,42,86.8,52.74,36.03,5.38,54.73,35.84,9,8,2,2.09,37.08,7,1,0,4,At Risk,0
NB07080,Female,37.66,5.2,126,42,94.8,52.92,34.48,5.4,52.76,35.17,10,5,5,2.89,36.4,8,0,0,0,Healthy,0
NB07081,Male,38.75,5.2,143,53,99.5,49.8,36.37,5.33,51.45,37.37,6,3,3,1.01,36.47,6,0,1,6,At Risk,0
NB07082,Female,40.74,5.2,121,40,94.5,51.8,38.32,5.11,52.71,37.3,7,6,3,0.28,36.92,7,0,0,0,Healthy,0
NB07083,Male,36.29,5.2,152,40,91.7,49.06,35.21,4.9,48.61,34.64,12,12,4,3.4,37.19,7,0,0,0,Healthy,0
NB07084,Male,36.57,5.2,155,29,97.9,51.3,31.02,5.26,49.77,31.42,6,2,5,5.03,36.95,7,0,0,1,Healthy,0
NB07085,Male,37.32,5.2,117,51,95.5,48.02,33.84,5.48,48.42,33.7,10,7,3,3.21,36.33,8,0,0,0,Healthy,0
NB07086,Female,33.37,5.2,114,41,95.7,46.82,29.48,5.5,45.4,31.02,5,7,2,2.9,36.69,10,0,0,0,Healthy,0
NB07087,Female,38.3,5.2,145,53,100.0,48.23,38.93,5.29,48.64,39.39,7,7,1,2.94,36.18,8,0,0,0,Healthy,0
NB07088,Female,33.85,5.2,175,30,89.7,46.53,31.82,5.14,45.75,32.61,10,5,4,2.39,37.06,6,1,1,10,High Risk,1
NB07089,Male,38.12,5.2,156,37,92.8,51.65,36.01,5.41,52.65,36.8,7,10,4,5.35,37.69,8,0,0,0,Healthy,0
NB07090,Male,39.9,5.2,136,51,96.3,48.73,35.79,5.01,47.6,35.88,7,7,1,5.58,37.04,8,0,0,0,Healthy,0
NB07091,Female,36.95,5.2,125,45,99.3,47.61,29.11,5.11,49.72,28.77,5,13,2,5.2,35.92,9,0,0,2,Healthy,0
NB07092,Male,41.69,5.2,118,30,91.6,54.83,35.21,4.94,55.3,36.74,6,4,2,5.94,36.85,10,0,0,0,Healthy,0
NB07093,Male,34.79,5.2,153,51,93.6,47.94,30.52,5.43,46.42,30.28,5,9,1,4.26,36.79,10,0,0,0,Healthy,0
NB07094,Male,40.62,5.2,157,29,94.8,54.03,35.05,4.9,55.0,34.8,5,7,7,3.6,36.56,9,0,0,1,Healthy,0
NB07095,Female,39.49,5.2,129,50,94.5,52.63,35.38,5.31,51.22,35.66,9,6,0,2.72,35.88,8,0,0,2,Healthy,0
NB07096,Female,34.22,5.2,136,32,97.4,45.52,31.91,5.5,46.31,31.82,5,3,3,3.46,37.02,9,0,0,0,Healthy,0
NB07097,Female,42.0,5.2,141,54,94.8,57.6,32.66,5.31,56.98,32.2,9,12,2,3.32,37.23,8,0,0,0,Healthy,0
NB07098,Female,37.86,5.2,173,43,97.3,49.75,33.35,5.04,52.21,33.58,8,5,2,5.44,36.4,8,0,0,0,Healthy,0
NB07099,Female,36.07,5.2,141,45,90.8,41.75,31.72,5.15,41.88,31.96,6,8,3,4.16,36.4,10,0,0,0,Healthy,0
NB07100,Male,34.9,5.2,122,41,95.5,46.25,33.7,4.93,44.29,33.92,6,5,5,5.84,36.66,8,0,0,0,Healthy,0
NB07101,Male,37.52,5.2,119,43,95.1,48.23,34.35,5.05,48.24,33.6,9,10,6,1.62,37.58,9,0,0,1,Healthy,0
NB07102,Male,37.72,5.2,124,43,98.0,50.94,33.33,5.09,50.14,32.61,9,5,3,6.7,36.67,7,0,0,0,Healthy,0
NB07103,Male,38.23,5.2,163,49,100.0,48.9,34.29,5.06,50.55,34.36,10,11,3,2.81,36.46,10,0,0,0,Healthy,0
NB07104,Female,37.34,5.2,149,41,98.3,51.21,30.81,5.26,51.72,31.64,8,5,2,6.02,36.62,8,0,0,0,Healthy,0
NB07105,Male,39.39,5.2,134,57,92.5,51.97,35.77,4.67,51.74,36.46,7,8,1,2.62,37.06,9,0,0,0,Healthy,0
NB07106,Female,37.15,5.2,87,35,97.2,46.83,32.61,4.98,47.45,32.73,4,7,5,4.08,35.89,7,1,1,7,At Risk,0
NB07107,Male,33.74,5.2,125,51,94.8,45.49,29.61,5.34,46.55,29.02,8,6,4,2.96,36.7,8,0,0,1,Healthy,0
NB07108,Female,37.67,5.2,146,48,93.8,47.75,35.54,5.5,48.74,36.22,5,5,2,3.69,36.64,10,0,0,0,Healthy,0
NB07109,Male,32.79,5.2,146,54,93.1,45.28,30.56,5.32,43.24,31.83,7,6,4,3.85,36.75,7,0,0,0,Healthy,0
NB07110,Male,38.78,5.2,146,43,93.0,48.74,33.35,5.06,50.3,33.95,7,8,2,2.79,36.49,8,0,0,0,Healthy,0
NB07111,Male,35.85,5.2,116,45,91.0,47.81,31.39,5.4,46.18,32.53,6,4,5,1.59,36.2,9,0,0,0,Healthy,0
NB07112,Male,38.36,5.2,143,45,90.5,49.38,34.6,5.45,50.67,35.19,11,5,4,4.23,37.22,7,0,0,0,Healthy,0
NB07113,Female,40.89,5.2,122,30,97.3,51.9,36.26,5.08,51.5,37.33,13,4,5,5.1,35.97,9,0,0,2,Healthy,0
NB07114,Female,35.91,5.2,140,46,93.8,51.82,32.38,5.06,51.68,32.72,11,7,4,2.47,37.5,7,0,0,0,Healthy,0
NB07115,Male,40.33,5.2,126,75,95.6,50.98,33.63,5.5,50.89,32.88,11,12,3,2.63,36.96,10,0,0,1,Healthy,0
NB07116,Female,37.05,5.2,159,58,92.0,44.87,31.55,5.01,45.17,31.76,9,7,4,4.83,37.11,9,0,0,0,Healthy,0
NB07117,Female,41.86,5.2,146,34,97.0,55.1,35.38,5.5,56.57,35.82,10,4,4,3.48,36.83,8,0,0,0,Healthy,0
NB07118,Male,37.2,5.2,137,24,92.5,50.89,32.94,5.34,52.39,32.37,10,7,4,3.36,37.33,5,0,1,8,High Risk,0
NB07119,Female,36.15,5.2,165,43,90.3,43.98,32.44,5.49,44.37,31.2,7,9,3,6.83,37.04,6,0,1,6,At Risk,0
NB07120,Female,39.51,5.2,133,53,100.0,49.56,34.62,5.43,50.59,34.8,10,8,3,0.41,37.39,10,0,0,1,Healthy,0
NB07121,Male,37.04,5.2,115,42,95.7,49.61,32.96,5.44,49.58,33.21,7,9,3,1.84,37.18,8,0,0,0,Healthy,0
NB07122,Female,36.15,5.2,159,61,93.9,48.98,35.33,5.0,48.83,35.45,10,3,3,4.19,37.3,8,0,0,0,Healthy,0
NB07123,Male,36.95,5.2,145,34,94.3,48.64,34.34,5.37,49.71,35.31,10,9,3,2.5,36.48,8,0,0,0,Healthy,0
NB07124,Male,37.9,5.2,134,44,93.7,49.55,35.51,5.48,50.79,36.2,8,8,2,2.08,36.63,8,0,0,0,Healthy,0
NB07125,Female,40.95,5.2,128,41,96.7,50.38,36.56,5.18,49.99,37.4,6,5,2,0.2,36.81,10,0,0,1,Healthy,0
NB07126,Female,33.75,5.2,149,49,89.6,40.97,30.93,4.83,42.8,31.67,10,13,4,1.54,36.8,8,1,0,5,At Risk,0
NB07127,Male,38.05,5.2,155,50,88.7,53.74,34.45,4.97,55.27,34.36,6,3,3,1.79,37.06,6,1,1,10,High Risk,1
NB07128,Female,39.37,5.2,126,54,95.4,48.9,35.1,4.91,47.33,35.04,9,11,2,2.79,36.46,10,0,0,0,Healthy,0
NB07129,Female,38.43,5.2,150,41,88.9,50.34,35.31,5.15,49.69,34.99,9,6,5,4.33,36.8,9,1,0,4,At Risk,0
NB07130,Male,40.88,5.2,145,55,88.3,51.88,34.35,4.95,51.44,34.91,8,6,3,3.71,37.08,8,1,0,4,At Risk,0
NB07131,Male,37.84,5.2,125,45,98.2,51.25,34.77,5.1,51.08,33.84,9,8,5,5.45,35.94,10,0,0,2,Healthy,0
NB07132,Male,37.59,5.2,140,56,95.6,49.46,33.77,5.5,48.58,33.71,7,3,4,2.81,37.28,10,0,0,0,Healthy,0
NB07133,Male,39.3,5.2,130,57,95.6,51.08,32.0,5.4,51.12,31.96,6,14,0,4.06,37.72,6,0,1,6,At Risk,0
NB07134,Female,38.22,5.2,162,42,91.1,44.53,34.08,5.35,44.94,33.96,9,8,3,2.91,36.39,10,0,0,0,Healthy,0
NB07135,Female,37.14,5.2,128,35,99.9,47.16,31.24,5.46,49.09,31.38,12,4,1,1.35,37.47,9,0,0,1,Healthy,0
NB07136,Female,39.14,5.2,167,44,98.5,52.11,33.79,4.97,53.39,33.4,10,6,2,5.08,36.9,7,0,0,0,Healthy,0
NB07137,Female,36.56,5.2,142,52,90.2,49.62,32.56,5.04,52.19,33.34,9,7,3,1.57,36.4,5,0,1,6,At Risk,0
NB07138,Male,36.66,5.2,109,27,94.6,46.49,30.6,5.25,45.39,31.29,7,7,5,4.72,37.17,8,0,0,0,Healthy,0
NB07139,Female,36.84,5.2,101,37,93.6,45.4,32.91,5.1,45.73,33.52,14,5,4,3.15,37.67,8,0,0,1,Healthy,0
NB07140,Female,40.98,5.2,136,49,94.8,52.53,35.99,5.16,52.59,36.6,9,10,3,4.17,36.62,9,0,0,0,Healthy,0
NB07141,Female,30.91,5.2,164,16,98.8,37.41,29.97,5.35,37.48,31.58,9,10,3,2.81,36.32,7,0,0,5,At Risk,0
NB07142,Female,38.87,5.2,162,32,93.7,48.09,33.73,5.42,47.71,33.94,10,12,1,3.97,35.79,8,0,0,2,Healthy,0
NB07143,Male,38.08,5.2,143,36,98.4,53.19,34.26,5.34,52.94,34.34,6,8,3,4.95,36.73,10,0,0,1,Healthy,0
NB07144,Female,34.3,5.2,127,41,88.9,49.16,31.07,5.46,48.96,32.39,8,10,4,3.24,36.87,8,1,0,4,At Risk,0
NB07145,Male,38.68,5.2,132,39,92.8,51.19,33.65,4.7,52.12,33.55,10,11,4,4.62,37.62,10,0,0,0,Healthy,0
NB07146,Male,39.05,5.2,144,39,93.6,51.16,32.03,5.5,51.69,31.78,8,2,5,3.11,37.64,7,0,0,1,Healthy,0
NB07147,Female,39.3,5.2,160,29,93.1,46.87,34.54,5.39,46.39,35.1,5,13,4,6.99,36.5,10,0,0,0,Healthy,0
NB07148,Female,32.17,5.2,150,60,95.1,42.87,30.83,5.16,44.01,31.01,10,9,3,2.57,37.16,8,0,0,0,Healthy,0
NB07149,Male,41.01,5.2,157,36,95.6,51.72,34.5,4.93,50.36,35.81,8,5,1,2.78,36.28,6,0,1,6,At Risk,0
NB07150,Female,36.38,5.2,152,23,95.8,46.7,32.34,5.19,47.71,32.67,10,7,2,4.14,36.83,10,0,0,2,Healthy,0
NB07151,Female,39.51,5.2,157,53,98.1,50.26,34.75,5.07,50.96,34.66,8,6,2,3.94,36.74,8,0,0,0,Healthy,0
NB07152,Female,39.63,5.2,99,34,97.6,53.67,36.59,5.47,52.86,37.24,6,4,2,2.43,36.41,8,1,1,6,At Risk,0
NB07153,Male,36.07,5.2,124,30,89.7,46.78,32.5,5.37,47.2,31.89,8,10,0,3.31,36.75,6,1,1,10,High Risk,1
NB07154,Female,39.45,5.2,120,49,95.5,50.23,35.25,5.1,49.37,35.06,8,12,2,3.46,37.18,8,0,0,0,Healthy,0
NB07155,Male,37.15,5.2,118,37,92.9,50.32,33.19,4.95,50.97,33.82,10,2,2,5.73,37.29,10,0,0,2,Healthy,0
NB07156,Female,33.44,5.2,140,44,97.9,42.66,29.87,5.18,41.27,29.36,9,12,0,1.58,36.73,8,0,0,0,Healthy,0
NB07157,Female,40.57,5.2,114,36,99.5,50.23,33.9,5.43,50.9,33.8,7,7,2,4.07,36.76,7,0,0,0,Healthy,0
NB07158,Female,36.29,5.2,123,37,97.9,46.59,32.18,5.34,44.69,32.87,9,8,2,5.0,35.97,8,0,0,2,Healthy,0
NB07159,Male,36.12,5.2,138,32,100.0,48.02,33.07,4.95,48.69,33.91,10,4,3,2.6,36.92,10,0,0,0,Healthy,0
NB07160,Female,37.11,5.2,111,30,97.6,48.11,33.36,5.12,47.1,33.98,6,7,3,5.8,36.68,9,0,0,0,Healthy,0
NB07161,Male,38.6,5.2,131,77,98.5,49.51,36.44,5.43,49.91,35.04,8,11,5,2.01,36.76,10,0,0,1,Healthy,0
NB07162,Female,37.87,5.2,151,34,92.2,48.16,35.13,5.2,49.33,35.47,6,4,5,5.31,36.58,10,0,0,1,Healthy,0
NB07163,Male,39.21,5.2,118,27,94.9,48.54,36.5,5.22,47.55,37.36,11,9,3,6.52,36.37,7,0,0,0,Healthy,0
NB07164,Male,35.05,5.2,154,53,97.4,48.17,28.69,5.5,45.75,30.01,10,10,3,6.49,36.41,8,0,0,0,Healthy,0
NB07165,Male,36.37,5.2,125,45,96.0,47.45,35.03,5.02,46.23,34.44,7,6,3,2.94,36.5,8,0,0,0,Healthy,0
NB07166,Male,37.74,5.2,145,42,91.8,50.61,34.02,5.45,50.29,33.37,7,4,1,3.24,36.2,8,0,0,0,Healthy,0
NB07167,Female,42.0,5.2,120,37,91.8,50.98,37.21,5.15,49.95,37.5,8,7,2,2.61,36.93,7,0,0,0,Healthy,0
NB07168,Male,37.75,5.2,148,38,88.7,48.04,34.97,5.16,46.37,34.26,8,11,2,4.29,37.05,9,1,0,4,At Risk,0
NB07169,Male,40.39,5.2,135,39,96.3,51.31,35.5,5.27,50.39,35.49,8,9,3,4.38,36.74,7,0,0,0,Healthy,0
NB07170,Female,38.08,5.2,148,53,91.4,49.42,32.25,5.29,50.78,32.65,8,10,3,2.95,36.88,8,0,0,1,Healthy,0
NB07171,Female,36.94,5.2,130,40,97.4,50.15,35.23,5.35,51.8,35.92,6,2,0,5.26,36.7,6,0,1,7,At Risk,0
NB07172,Female,37.46,5.2,150,53,97.5,48.25,32.27,5.2,47.0,32.68,6,6,4,3.15,37.31,10,0,0,0,Healthy,0
NB07173,Female,37.63,5.2,155,41,95.8,50.76,32.06,5.37,51.47,32.76,6,6,5,4.31,36.82,8,0,0,0,Healthy,0
NB07174,Male,39.33,5.2,142,40,96.4,51.55,34.38,5.26,52.17,35.04,8,4,6,2.8,36.92,9,0,0,0,Healthy,0
NB07175,Female,41.02,5.2,131,32,98.6,52.11,35.34,5.12,51.33,35.6,10,6,1,3.11,37.16,10,0,0,1,Healthy,0
NB07176,Female,38.79,5.2,136,63,99.0,48.41,34.36,4.98,50.9,34.67,12,8,0,1.46,36.79,10,0,0,0,Healthy,0
NB07177,Female,40.61,5.2,117,42,87.2,53.46,35.48,5.36,53.5,36.57,11,5,5,3.55,37.43,8,1,0,4,At Risk,0
NB07178,Female,35.88,5.2,144,42,97.5,45.84,34.33,5.29,46.1,34.88,6,6,2,4.81,36.5,8,0,0,1,Healthy,0
NB07179,Male,37.09,5.2,151,61,96.7,48.74,33.85,5.1,47.12,34.44,10,9,3,6.95,37.58,8,0,0,0,Healthy,0
NB07180,Female,36.41,5.2,168,46,96.0,48.06,31.4,4.95,48.83,31.64,8,5,2,1.2,36.71,7,0,0,0,Healthy,0
NB07181,Male,38.69,5.2,164,47,96.7,49.81,33.2,5.11,48.16,32.52,9,9,2,0.68,36.51,10,0,0,0,Healthy,0
NB07182,Male,37.21,5.2,122,43,93.9,48.11,32.66,4.84,48.48,32.64,11,6,3,3.74,36.09,8,0,0,0,Healthy,0
NB07183,Female,39.61,5.2,144,34,86.6,49.4,34.35,5.43,49.04,34.65,11,5,6,2.14,37.19,7,1,0,5,At Risk,0
NB07184,Female,35.95,5.2,138,54,92.9,44.52,31.59,5.21,44.03,32.45,7,10,3,5.37,36.64,9,0,0,0,Healthy,0
NB07185,Male,38.09,5.2,162,28,88.6,52.49,32.21,5.28,51.98,33.31,7,7,4,2.81,36.86,9,1,0,4,At Risk,0
NB07186,Female,39.51,5.2,127,32,89.2,49.98,35.29,5.15,51.56,35.25,8,0,1,2.57,36.92,7,1,0,6,At Risk,0
NB07187,Male,33.46,5.2,156,34,98.7,45.25,29.94,5.5,46.39,30.72,8,2,3,2.93,36.58,9,0,0,1,Healthy,0
NB07188,Female,42.0,5.2,122,45,93.1,52.93,35.17,5.37,53.97,34.72,9,5,3,4.48,37.28,10,0,0,0,Healthy,0
NB07189,Male,37.38,5.2,138,42,95.9,51.23,34.09,5.16,51.36,34.39,11,6,3,2.89,37.0,9,0,0,0,Healthy,0
NB07190,Male,33.54,5.2,124,23,95.0,49.46,31.95,5.16,48.72,32.66,8,8,2,2.3,36.42,10,0,0,2,Healthy,0
NB07191,Female,38.35,5.2,105,65,99.7,50.23,33.68,5.11,49.84,34.99,7,7,5,1.53,36.2,10,0,0,1,Healthy,0
NB07192,Male,38.07,5.2,124,50,95.3,49.35,36.52,5.2,48.86,36.03,8,5,3,4.3,37.15,10,0,0,0,Healthy,0
NB07193,Male,37.82,5.2,135,37,92.9,47.19,37.0,5.31,47.72,36.47,7,7,3,4.4,36.69,6,0,1,6,At Risk,0
NB07194,Male,40.18,5.2,166,46,100.0,48.68,36.07,5.3,49.19,37.23,11,6,3,1.88,37.11,6,0,1,6,At Risk,0
NB07195,Female,39.64,5.2,120,46,93.3,47.53,34.25,5.18,47.74,35.35,6,6,2,1.68,36.69,10,0,0,0,Healthy,0
NB07196,Male,38.66,5.2,129,39,96.5,48.6,34.66,5.5,49.74,34.89,4,5,4,3.69,36.9,10,0,0,1,Healthy,0
NB07197,Female,38.99,5.2,114,46,96.7,46.31,32.66,4.83,46.24,33.06,6,14,0,4.25,37.16,7,0,0,0,Healthy,0
NB07198,Female,37.77,5.2,161,46,90.7,51.55,32.33,5.11,52.23,32.2,4,4,2,2.65,36.12,10,0,0,0,Healthy,0
NB07199,Female,41.91,5.2,132,53,98.2,53.96,34.01,5.37,52.9,34.02,9,4,5,1.23,37.56,7,0,0,0,Healthy,0
NB07200,Female,34.75,5.2,134,43,99.7,46.17,30.58,5.5,48.31,29.66,5,6,3,2.81,36.97,8,0,0,0,Healthy,0
NB07201,Male,38.31,5.2,134,45,91.0,52.1,32.17,5.27,53.27,32.28,12,11,1,2.31,35.88,8,0,0,2,Healthy,0
NB07202,Male,38.14,5.2,105,40,95.1,47.59,34.84,5.5,47.0,35.02,8,7,2,3.73,37.41,10,0,0,0,Healthy,0
NB07203,Female,39.79,5.2,114,38,99.7,49.57,33.93,5.5,50.66,35.27,7,8,3,0.75,37.24,7,0,0,0,Healthy,0
NB07204,Female,36.14,5.2,123,34,89.3,44.06,32.92,5.16,45.11,33.92,6,12,0,3.95,36.71,8,1,0,4,At Risk,0
NB07205,Female,34.16,5.2,151,34,97.2,47.7,32.24,5.06,46.21,32.67,8,8,3,2.35,37.43,9,0,0,0,Healthy,0
NB07206,Male,38.35,5.2,95,37,90.6,48.29,35.8,5.06,49.51,35.34,12,4,4,3.57,36.51,7,1,1,5,At Risk,0
NB07207,Female,38.62,5.2,150,40,93.9,50.19,33.7,4.94,49.33,33.51,4,10,3,4.81,36.74,10,0,0,0,Healthy,0
NB07208,Male,41.28,5.2,146,52,94.3,54.55,36.56,4.98,55.36,36.53,10,7,4,0.67,37.86,9,0,0,1,Healthy,0
NB07209,Male,35.21,5.2,107,38,90.9,49.83,32.36,5.04,51.8,33.08,6,6,6,5.12,37.03,10,0,0,0,Healthy,0
NB07210,Male,40.54,5.2,134,39,91.8,51.83,37.49,5.0,52.39,36.6,10,4,3,3.35,37.29,9,0,0,0,Healthy,0
NB07211,Male,42.0,5.2,161,39,94.7,53.97,37.78,5.44,57.23,37.76,6,7,1,3.01,37.17,9,0,0,0,Healthy,0
NB07212,Female,37.17,5.2,121,42,99.8,47.04,35.17,5.14,48.06,35.24,11,5,2,2.75,36.18,10,0,0,0,Healthy,0
NB07213,Male,35.16,5.2,130,59,96.7,50.41,29.31,4.95,50.5,28.53,9,7,4,5.7,36.93,9,0,0,0,Healthy,0
NB07214,Male,37.1,5.2,190,38,89.3,48.46,32.18,5.15,48.51,32.85,6,6,3,2.6,36.89,10,1,0,6,At Risk,0
NB07215,Female,38.03,5.2,146,48,96.6,49.79,35.37,5.28,50.39,34.09,6,10,3,3.15,37.33,8,0,0,0,Healthy,0
NB07216,Male,39.24,5.2,135,45,95.1,49.9,35.54,5.18,50.06,35.51,8,3,5,2.3,37.48,9,0,0,1,Healthy,0
NB07217,Female,36.7,5.2,131,43,92.8,50.83,32.7,5.19,49.32,32.78,6,5,2,3.25,37.38,6,0,1,6,At Risk,0
NB07218,Female,41.42,5.2,147,32,93.5,53.08,35.48,4.86,52.9,36.44,5,8,2,3.52,36.59,7,0,0,0,Healthy,0
NB07219,Female,35.55,5.2,152,47,96.7,48.92,33.27,5.41,48.31,33.79,10,6,4,3.88,36.15,7,0,0,0,Healthy,0
NB07220,Male,34.17,5.2,101,23,89.5,46.86,28.15,5.16,47.88,27.16,4,5,4,3.84,37.02,7,1,0,7,At Risk,0
NB07221,Female,40.43,5.2,100,32,92.7,51.35,36.69,4.97,50.81,36.24,11,7,5,1.57,36.76,9,1,1,5,At Risk,0
NB07222,Male,33.0,5.2,122,37,91.0,46.96,30.43,5.21,47.58,29.62,7,6,6,0.2,36.33,7,0,0,0,Healthy,0
NB07223,Male,37.55,5.2,137,40,92.2,49.89,32.75,5.13,50.21,32.79,9,3,6,3.39,36.49,9,0,0,0,Healthy,0
NB07224,Male,42.0,5.2,141,43,96.2,51.28,37.35,5.25,51.17,36.99,13,1,3,6.26,36.77,9,0,0,1,Healthy,0
NB07225,Male,37.97,5.2,109,56,95.2,47.6,33.2,5.5,47.15,33.17,9,11,3,2.7,36.92,9,0,0,0,Healthy,0
NB07226,Female,35.53,5.2,136,48,97.3,47.68,32.12,5.08,47.97,31.56,7,9,2,1.75,36.55,9,0,0,0,Healthy,0
NB07227,Female,37.87,5.2,139,44,87.1,51.3,33.64,5.38,51.57,33.31,12,11,1,0.34,36.79,9,1,0,4,At Risk,0
NB07228,Female,37.89,5.2,125,39,94.1,52.78,34.84,5.16,52.21,35.39,4,3,5,0.9,36.77,10,0,0,0,Healthy,0
NB07229,Female,38.35,5.2,130,39,94.6,46.36,34.29,5.15,46.31,34.84,8,12,1,3.89,36.92,9,0,0,0,Healthy,0
NB07230,Female,39.46,5.2,127,31,89.3,50.96,31.96,5.48,50.87,31.48,11,7,3,0.22,36.36,8,1,0,5,At Risk,0
NB07231,Male,35.71,5.2,148,21,92.6,48.52,30.11,5.27,49.21,28.78,7,2,3,4.69,36.49,6,0,1,9,High Risk,0
NB07232,Male,41.71,5.2,140,29,94.9,53.53,34.77,5.5,53.76,35.54,6,9,5,0.52,37.41,7,0,0,0,Healthy,0
NB07233,Female,38.54,5.2,119,54,96.1,52.1,34.86,5.22,52.53,34.94,6,5,4,5.53,36.68,10,0,0,0,Healthy,0
NB07234,Male,39.6,5.2,157,35,96.2,52.35,35.75,5.5,52.65,35.47,8,11,3,5.72,37.01,10,0,0,0,Healthy,0
NB07235,Female,36.62,5.2,115,37,88.1,46.39,35.34,5.16,46.22,34.75,4,4,2,1.27,36.25,10,1,0,4,At Risk,0
NB07236,Male,40.83,5.2,109,52,92.8,50.12,34.26,5.09,49.79,34.17,4,9,0,0.44,37.33,10,0,0,0,Healthy,0
NB07237,Female,37.43,5.2,136,16,89.6,49.72,35.37,5.32,51.18,35.38,7,3,1,4.3,37.32,9,1,0,6,At Risk,0
NB07238,Male,38.61,5.2,135,36,95.0,52.13,31.32,5.25,51.54,31.84,7,6,3,4.43,36.93,10,0,0,0,Healthy,0
NB07239,Male,35.95,5.2,141,31,93.5,48.04,32.39,4.96,49.91,33.84,9,9,4,3.06,36.52,7,0,0,1,Healthy,0
NB07240,Male,35.81,5.2,119,45,92.8,44.47,32.63,5.27,46.37,32.36,7,10,2,3.94,36.15,6,0,1,6,At Risk,0
NB07241,Male,39.51,5.2,156,48,100.0,48.87,35.22,5.08,48.41,36.1,7,1,3,2.7,37.82,8,0,0,1,Healthy,0
NB07242,Female,37.02,5.2,171,48,91.3,50.1,32.65,5.39,50.88,32.44,11,8,3,0.92,36.62,9,0,0,0,Healthy,0
NB07243,Male,36.12,5.2,140,57,94.9,47.21,32.66,5.1,47.97,32.48,9,9,2,4.01,36.15,9,0,0,0,Healthy,0
NB07244,Female,36.58,5.2,146,48,96.7,48.56,30.96,5.16,49.52,29.93,12,6,3,4.21,36.53,10,0,0,0,Healthy,0
NB07245,Male,39.54,5.2,102,44,96.3,53.11,36.17,5.03,53.74,35.27,8,6,4,2.16,36.98,9,0,0,0,Healthy,0
NB07246,Male,36.62,5.2,132,66,97.0,45.95,33.21,5.43,45.18,32.16,5,1,2,1.26,36.24,10,0,0,3,At Risk,0
NB07247,Male,37.74,5.2,127,21,96.2,48.54,34.16,5.32,50.2,35.01,7,8,3,3.06,36.53,8,0,0,2,Healthy,0
NB07248,Female,38.03,5.2,125,64,93.8,48.58,33.4,5.5,50.47,33.84,6,7,3,1.45,36.15,7,0,0,0,Healthy,0
NB07249,Female,33.78,5.2,128,59,95.0,46.51,30.36,5.48,46.18,31.41,8,5,1,0.27,37.45,9,0,0,0,Healthy,0
NB07250,Female,34.76,5.2,130,41,92.7,48.23,32.32,5.14,47.69,31.61,8,6,5,3.41,36.76,9,0,0,0,Healthy,0
NB07251,Female,38.74,5.2,114,35,92.4,47.31,36.7,4.92,45.48,36.66,6,5,5,3.26,36.15,9,0,0,0,Healthy,0
NB07252,Female,36.38,5.2,131,35,90.4,48.13,30.57,5.1,48.81,30.47,8,8,0,4.49,36.39,8,0,0,0,Healthy,0
NB07253,Male,40.32,5.2,121,39,97.8,53.43,33.26,5.2,53.39,33.31,9,7,3,3.69,36.51,8,0,0,0,Healthy,0
NB07254,Female,40.13,5.2,154,54,98.9,47.8,35.69,4.87,46.83,35.0,6,8,2,7.2,36.81,7,0,0,0,Healthy,0
NB07255,Female,39.58,5.2,146,17,92.9,50.9,34.41,5.06,51.26,35.05,14,7,4,4.43,36.39,9,0,0,2,Healthy,0
NB07256,Male,42.0,5.2,146,62,94.7,50.77,36.79,5.43,50.14,36.22,7,9,6,3.55,36.64,7,0,0,0,Healthy,0
NB07257,Male,37.82,5.2,158,42,100.0,48.15,33.64,5.06,48.8,33.45,8,10,4,3.6,36.51,7,0,0,0,Healthy,0
NB07258,Male,39.43,5.2,125,54,98.9,45.87,35.73,5.06,45.39,36.65,7,4,1,3.49,36.15,9,0,0,0,Healthy,0
NB07259,Male,36.71,5.2,145,30,98.1,51.23,32.47,5.33,50.62,32.7,5,5,0,1.46,36.39,7,0,0,1,Healthy,0
NB07260,Male,42.0,5.2,159,49,95.9,52.49,34.79,5.12,52.78,35.46,6,6,5,2.99,36.45,8,0,0,0,Healthy,0
NB07261,Female,42.0,5.2,124,46,92.8,51.59,35.42,5.23,51.42,35.46,7,5,4,4.14,36.25,10,0,0,0,Healthy,0
NB07262,Male,38.03,5.2,103,48,93.2,50.28,33.58,5.31,49.03,34.31,9,10,3,6.38,36.15,9,0,0,1,Healthy,0
NB07263,Female,38.85,5.2,128,35,95.8,48.28,32.51,5.11,49.65,32.89,8,7,4,4.05,36.53,7,0,0,1,Healthy,0
NB07264,Female,40.99,5.2,157,38,96.5,50.02,35.84,5.38,49.84,34.69,6,5,4,1.59,37.19,8,0,0,0,Healthy,0
NB07265,Female,37.68,5.2,123,30,91.6,52.33,33.66,5.37,53.39,32.83,9,7,3,2.73,36.73,6,0,1,6,At Risk,0
NB07266,Male,36.56,5.2,132,50,99.4,51.92,32.25,5.3,52.4,31.76,8,7,4,5.06,35.37,5,0,1,8,High Risk,0
NB07267,Female,39.92,5.2,126,55,99.9,50.15,35.46,5.5,48.46,35.52,10,8,3,1.21,37.25,7,0,0,0,Healthy,0
NB07268,Male,38.17,5.2,137,45,97.8,51.89,31.5,5.41,52.61,31.02,12,7,3,2.65,36.49,10,0,0,0,Healthy,0
NB07269,Male,38.4,5.2,121,15,100.0,50.67,32.65,5.18,50.49,33.46,9,7,2,2.54,37.45,7,0,0,2,Healthy,0
NB07270,Male,36.16,5.2,113,56,97.2,45.12,30.8,5.08,45.09,31.23,9,9,1,5.23,37.16,10,0,0,0,Healthy,0
NB07271,Male,34.22,5.2,132,43,96.0,44.34,32.47,5.26,46.74,32.49,6,5,4,2.21,36.66,10,0,0,0,Healthy,0
NB07272,Male,38.52,5.2,135,15,95.2,53.17,37.62,5.22,53.85,37.81,8,6,4,5.09,36.71,10,0,0,2,Healthy,0
NB07273,Male,39.99,5.2,160,25,93.9,48.54,33.87,5.22,48.59,34.87,3,9,2,2.84,36.29,5,0,1,9,High Risk,0
NB07274,Female,37.5,5.2,141,31,95.0,53.71,33.1,5.12,53.49,32.28,7,8,3,2.98,37.09,10,0,0,0,Healthy,0
NB07275,Male,41.16,5.2,119,42,91.4,51.3,34.97,5.24,53.46,35.62,9,4,1,3.69,37.53,8,0,0,1,Healthy,0
NB07276,Female,36.45,5.2,127,32,94.7,51.37,33.05,5.5,51.56,33.35,11,5,3,2.81,36.47,10,0,0,0,Healthy,0
NB07277,Female,35.68,5.2,153,33,90.9,46.9,31.26,5.37,48.12,33.06,7,4,1,4.35,36.53,8,0,0,0,Healthy,0
NB07278,Female,37.85,5.2,132,51,92.2,51.07,34.12,5.26,51.61,34.91,7,6,2,0.2,37.69,9,0,0,0,Healthy,0
NB07279,Male,37.82,5.2,120,54,99.3,52.23,34.67,5.48,52.59,35.01,7,9,2,0.98,36.84,8,0,0,0,Healthy,0
NB07280,Female,39.69,5.2,141,51,99.1,53.9,33.15,5.38,55.13,33.18,6,8,3,3.05,36.11,9,0,0,0,Healthy,0
NB07281,Male,36.3,5.2,126,26,92.1,46.9,33.01,5.16,47.34,33.53,6,7,4,4.22,36.19,10,0,0,0,Healthy,0
NB07282,Male,41.01,5.2,149,51,98.0,50.59,33.22,5.22,50.78,32.79,6,3,4,4.13,37.57,9,0,0,0,Healthy,0
NB07283,Female,42.0,5.2,147,37,92.9,53.04,36.22,5.41,53.76,35.28,11,10,4,4.25,37.01,8,0,0,0,Healthy,0
NB07284,Female,37.91,5.2,119,62,92.7,46.92,33.25,5.28,45.98,33.46,8,6,1,1.78,36.33,7,0,0,0,Healthy,0
NB07285,Male,40.75,5.2,172,45,99.9,52.55,35.38,5.32,53.21,35.7,6,6,6,1.1,36.95,8,0,0,0,Healthy,0
NB07286,Female,35.68,5.2,138,54,91.2,45.87,31.7,4.98,46.19,31.02,6,6,4,3.18,36.43,7,0,0,0,Healthy,0
NB07287,Male,40.37,5.2,92,48,88.7,53.89,34.71,5.12,53.6,33.72,4,3,5,1.74,35.94,7,1,1,11,High Risk,1
NB07288,Female,40.3,5.2,147,46,92.7,50.53,35.01,5.22,51.09,35.46,7,11,5,4.67,36.64,10,0,0,0,Healthy,0
NB07289,Female,39.9,5.2,93,38,92.9,47.83,35.49,5.46,47.4,36.03,7,11,3,1.44,36.8,9,1,1,5,At Risk,0
NB07290,Female,37.97,5.2,159,54,93.7,52.37,34.18,5.5,51.72,33.83,8,7,2,1.09,36.09,10,0,0,0,Healthy,0
NB07291,Female,31.5,5.2,141,51,89.0,44.12,29.42,5.05,45.46,28.66,9,3,4,4.81,36.23,8,1,0,7,At Risk,0
NB07292,Male,36.59,5.2,137,39,96.2,48.39,31.95,5.11,49.4,32.8,6,10,4,3.47,36.35,9,0,0,0,Healthy,0
NB07293,Female,36.62,5.2,138,38,100.0,50.55,34.46,5.32,51.57,35.14,8,9,4,2.95,36.71,9,0,0,1,Healthy,0
NB07294,Male,35.85,5.2,149,35,96.1,49.41,34.58,5.5,50.88,34.79,10,7,5,4.75,36.86,8,0,0,0,Healthy,0
NB07295,Female,38.27,5.2,130,50,94.2,48.32,32.06,5.03,49.21,33.71,7,14,5,0.99,36.15,7,0,0,0,Healthy,0
NB07296,Male,37.08,5.2,138,44,97.3,47.87,33.4,4.84,46.53,33.76,6,9,5,2.3,36.54,8,0,0,0,Healthy,0
NB07297,Female,36.19,5.2,141,45,95.3,45.74,31.83,5.26,46.91,31.91,9,5,4,4.37,36.59,10,0,0,0,Healthy,0
NB07298,Female,35.67,5.2,87,38,95.2,44.57,33.56,4.96,44.37,33.21,10,3,1,4.56,36.02,9,1,1,5,At Risk,0
NB07299,Male,36.43,5.2,149,57,94.7,49.34,32.68,5.34,49.02,32.6,10,6,4,3.35,36.9,9,0,0,0,Healthy,0
NB07300,Male,40.47,5.2,152,27,95.8,52.6,35.61,5.39,53.4,34.86,7,12,3,1.24,37.07,10,0,0,1,Healthy,0
NB07301,Female,36.55,5.2,147,50,93.6,49.81,33.52,5.19,51.02,33.19,6,6,0,4.61,36.94,10,0,0,0,Healthy,0
NB07302,Male,36.87,5.2,145,52,89.3,51.14,32.56,5.14,51.83,33.71,7,7,3,1.5,36.21,10,1,0,5,At Risk,0
NB07303,Female,37.0,5.2,167,39,100.0,50.24,35.61,5.09,50.28,35.84,8,4,3,1.78,37.07,10,0,0,1,Healthy,0
NB07304,Male,38.75,5.2,138,28,96.9,52.0,35.09,5.24,53.09,35.56,8,6,2,2.91,36.75,10,0,0,0,Healthy,0
NB07305,Female,39.0,5.2,138,46,92.5,46.35,35.9,4.97,46.79,34.92,7,7,2,0.86,37.24,8,0,0,0,Healthy,0
NB07306,Female,31.3,5.2,127,54,96.2,42.96,28.78,5.14,43.56,30.0,10,7,1,0.2,37.02,8,0,0,3,At Risk,0
NB07307,Female,40.25,5.2,104,60,91.0,53.55,35.19,5.08,52.75,35.75,11,7,3,4.7,36.94,9,0,0,0,Healthy,0
NB07308,Female,41.16,5.2,147,49,96.3,50.11,37.23,5.29,49.02,37.15,5,7,0,2.77,36.67,8,0,0,1,Healthy,0
NB07309,Female,35.69,5.2,129,36,97.6,47.7,33.25,5.3,47.57,34.37,6,5,2,2.3,37.23,10,0,0,1,Healthy,0
NB07310,Female,35.86,5.2,104,49,98.6,48.71,30.43,5.5,47.92,29.49,8,9,5,1.76,36.29,5,0,1,6,At Risk,0
NB07311,Male,37.01,5.2,137,47,97.0,49.59,33.3,5.03,51.14,34.9,8,10,4,6.02,36.23,8,0,0,1,Healthy,0
NB07312,Female,36.34,5.2,137,45,94.3,48.84,33.35,5.16,47.57,33.33,9,10,1,1.15,38.03,9,0,0,1,Healthy,0
NB07313,Male,38.49,5.2,134,33,98.6,51.24,33.95,5.42,50.73,33.19,7,4,3,5.24,35.93,8,0,0,2,Healthy,0
NB07314,Female,33.72,5.2,141,48,93.1,46.11,31.37,5.32,44.58,31.03,8,3,2,2.49,36.26,7,0,0,1,Healthy,0
NB07315,Male,35.54,5.2,110,47,96.0,44.46,31.95,5.1,45.06,31.25,3,7,4,4.48,37.16,9,0,0,1,Healthy,0
NB07316,Male,41.39,5.2,156,66,92.4,53.66,32.8,4.97,53.23,33.49,10,9,5,4.52,36.07,10,0,0,1,Healthy,0
NB07317,Female,35.96,5.2,146,43,95.8,48.33,30.4,5.5,50.2,30.25,4,7,6,2.6,37.13,6,0,1,6,At Risk,0
NB07318,Female,40.74,5.2,161,59,100.0,49.16,37.18,4.91,49.74,35.91,4,6,2,3.19,37.35,10,0,0,0,Healthy,0
NB07319,Female,38.78,5.2,128,56,97.7,53.06,33.98,4.98,52.98,33.07,5,8,3,0.9,37.41,7,0,0,0,Healthy,0
NB07320,Female,34.02,5.2,146,42,98.2,47.09,31.3,5.27,47.53,30.32,6,13,3,3.27,36.83,8,0,0,0,Healthy,0
NB07321,Female,39.4,5.2,105,54,98.9,48.1,34.77,5.42,48.74,35.49,10,4,4,5.33,36.27,7,0,0,0,Healthy,0
NB07322,Female,37.74,5.2,123,34,94.8,47.73,32.38,5.05,48.72,32.7,10,10,3,2.87,36.39,9,0,0,0,Healthy,0
NB07323,Male,37.0,5.2,114,40,91.9,47.57,32.4,5.37,48.77,31.81,7,6,2,3.06,37.37,10,0,0,0,Healthy,0
NB07324,Male,38.54,5.2,143,37,88.5,48.96,34.67,5.03,48.77,34.51,5,5,5,4.53,35.96,8,1,0,6,At Risk,0
NB07325,Female,39.04,5.2,119,40,91.2,51.13,35.18,5.39,50.47,35.25,9,9,2,2.35,37.17,9,0,0,0,Healthy,0
NB07326,Male,39.56,5.2,131,22,95.4,49.05,38.17,5.39,49.63,37.99,7,6,3,3.42,36.08,7,0,0,2,Healthy,0
NB07327,Male,40.59,5.2,138,60,87.9,54.19,34.9,5.05,56.11,34.61,10,4,4,5.56,36.76,7,1,0,4,At Risk,0
NB07328,Male,38.9,5.2,131,39,95.6,52.5,36.93,5.41,53.97,36.64,5,7,2,3.14,36.52,9,0,0,1,Healthy,0
NB07329,Female,34.97,5.2,115,50,96.7,48.11,30.39,5.03,50.22,31.62,7,7,2,2.75,36.6,8,0,0,0,Healthy,0
NB07330,Male,36.96,5.2,168,44,89.5,48.75,33.8,4.73,50.57,33.59,9,7,5,1.99,37.4,9,1,0,5,At Risk,0
NB07331,Female,42.0,5.2,141,39,98.1,55.07,36.87,5.2,54.13,38.01,10,7,4,8.24,36.56,7,0,0,1,Healthy,0
NB07332,Female,39.59,5.2,168,29,93.5,50.48,34.73,5.31,50.64,34.58,11,6,6,4.23,37.27,9,0,0,1,Healthy,0
NB07333,Female,42.0,5.2,120,33,89.3,51.75,36.59,5.38,51.84,37.1,11,9,4,7.45,36.48,5,1,1,10,High Risk,1
NB07334,Female,41.07,5.2,132,40,89.1,54.74,35.02,5.44,55.06,35.81,8,8,2,3.5,36.92,6,1,1,10,High Risk,1
NB07335,Female,38.53,5.2,140,37,94.8,50.71,35.53,5.02,51.1,35.66,10,3,1,3.75,36.74,10,0,0,1,Healthy,0
NB07336,Male,38.66,5.2,166,32,95.3,48.83,33.0,5.23,50.12,32.85,10,3,1,3.65,36.18,8,0,0,0,Healthy,0
NB07337,Male,37.92,5.2,168,35,94.9,48.69,34.22,5.14,47.18,34.75,6,11,1,4.59,36.19,7,0,0,0,Healthy,0
NB07338,Female,34.18,5.2,131,47,98.6,44.69,32.26,5.23,45.68,32.11,9,9,4,1.0,36.68,8,0,0,1,Healthy,0
NB07339,Male,38.04,5.2,125,51,95.2,53.68,35.9,5.5,54.47,35.9,8,8,4,1.49,36.62,9,0,0,0,Healthy,0
NB07340,Female,40.66,5.2,138,30,93.0,52.01,37.12,5.19,52.81,37.74,9,6,2,4.74,37.1,8,0,0,0,Healthy,0
NB07341,Male,36.68,5.2,160,33,93.9,48.73,33.74,5.03,48.33,33.44,9,8,3,0.2,35.97,7,0,0,2,Healthy,0
NB07342,Female,38.91,5.2,141,44,98.8,51.86,33.48,5.18,52.67,34.41,10,9,4,1.53,36.43,9,0,0,1,Healthy,0
NB07343,Female,39.87,5.2,144,40,91.1,48.86,33.93,5.4,48.54,34.26,9,7,5,5.07,36.99,8,0,0,0,Healthy,0
NB07344,Female,36.0,5.2,160,38,95.6,49.99,30.69,5.33,50.46,30.78,7,9,5,0.88,36.69,6,0,1,6,At Risk,0
NB07345,Male,37.01,5.2,157,51,95.7,47.49,31.25,5.44,47.53,31.58,8,12,2,3.65,36.15,8,0,0,0,Healthy,0
NB07346,Male,35.76,5.2,158,44,98.6,51.24,32.23,5.5,50.7,31.63,6,4,4,0.92,36.96,7,0,0,0,Healthy,0
NB07347,Male,36.19,5.2,151,26,95.4,47.35,31.44,5.5,45.9,32.15,11,6,3,0.2,37.18,8,0,0,0,Healthy,0
NB07348,Male,35.17,5.2,164,34,91.7,49.13,33.62,5.07,50.18,33.96,10,10,3,3.12,36.35,7,0,0,0,Healthy,0
NB07349,Female,36.02,5.2,118,25,95.7,42.82,31.54,5.38,42.55,32.98,5,5,4,3.93,37.24,10,0,0,1,Healthy,0
NB07350,Male,41.12,5.2,180,40,97.5,50.06,36.13,4.88,50.04,36.6,9,7,3,1.97,36.53,8,0,0,1,Healthy,0
NB07351,Male,35.99,5.2,159,29,95.5,47.2,31.99,5.45,47.85,31.86,11,3,1,0.71,36.64,8,0,0,0,Healthy,0
NB07352,Male,38.28,5.2,137,24,98.8,45.79,31.89,4.92,44.75,31.23,10,12,1,4.36,36.56,9,0,0,3,At Risk,0
NB07353,Female,36.89,5.2,160,21,90.4,49.81,34.66,4.92,50.62,34.35,9,6,3,4.77,37.26,8,0,0,2,Healthy,0
NB07354,Male,40.59,5.2,134,62,94.4,52.56,36.66,5.19,53.03,37.35,9,7,7,4.59,36.73,7,0,0,0,Healthy,0
NB07355,Female,40.88,5.2,149,28,95.0,50.21,37.03,5.42,49.09,37.28,8,6,3,2.61,37.15,8,0,0,0,Healthy,0
NB07356,Female,39.9,5.2,151,39,97.7,51.28,36.02,5.04,50.85,35.2,7,7,1,4.15,36.58,7,0,0,0,Healthy,0
NB07357,Male,38.67,5.2,156,43,98.1,51.82,33.13,5.12,52.97,32.23,7,7,3,4.42,36.96,9,0,0,0,Healthy,0
NB07358,Male,37.49,5.2,132,43,95.1,44.94,32.33,5.06,46.33,33.3,7,2,3,3.6,36.31,9,0,0,1,Healthy,0
NB07359,Female,35.38,5.2,156,48,93.7,44.69,32.64,5.26,45.81,32.65,9,3,2,1.63,37.25,7,0,0,0,Healthy,0
NB07360,Male,42.0,5.2,132,41,95.7,52.53,38.91,5.41,51.97,38.97,11,10,5,3.65,36.66,7,0,0,0,Healthy,0
NB07361,Male,36.33,5.2,153,37,91.0,48.14,33.21,5.23,47.77,33.17,10,10,4,2.83,37.36,8,0,0,0,Healthy,0
NB07362,Male,39.46,5.2,140,44,93.3,50.8,36.29,5.11,49.87,36.53,6,9,5,4.81,36.78,10,0,0,0,Healthy,0
NB07363,Male,40.33,5.2,107,44,97.0,53.48,34.64,5.5,54.41,35.15,6,3,1,1.11,36.84,8,0,0,0,Healthy,0
NB07364,Male,36.78,5.2,127,43,96.2,49.45,34.59,5.43,48.4,34.38,7,10,4,1.34,37.83,9,0,0,0,Healthy,0
NB07365,Female,40.28,5.2,155,48,92.7,53.05,34.77,5.07,54.99,35.57,8,3,3,6.37,37.14,5,0,1,6,At Risk,0
NB07366,Male,39.68,5.2,135,36,92.3,48.33,35.34,5.05,48.47,34.6,6,6,2,4.26,36.89,7,0,0,0,Healthy,0
NB07367,Female,41.8,5.2,162,40,92.2,53.31,35.91,5.15,53.21,36.83,10,5,3,4.47,36.25,9,0,0,0,Healthy,0
NB07368,Female,36.97,5.2,118,29,92.4,48.06,34.41,5.43,47.78,34.75,5,14,4,1.13,36.46,10,0,0,0,Healthy,0
NB07369,Male,35.17,5.2,153,40,95.5,49.98,33.17,4.71,49.49,32.55,10,7,3,5.42,37.15,10,0,0,1,Healthy,0
NB07370,Female,36.89,5.2,139,36,99.2,48.95,30.81,5.49,49.12,31.85,9,7,6,4.21,36.65,9,0,0,1,Healthy,0
NB07371,Male,38.46,5.2,136,53,99.6,48.68,36.11,5.16,47.95,36.46,5,8,1,4.61,36.71,10,0,0,0,Healthy,0
NB07372,Male,38.13,5.2,119,27,91.8,51.42,37.45,4.99,52.6,38.15,8,9,4,3.81,36.31,10,0,0,0,Healthy,0
NB07373,Female,37.13,5.2,144,37,96.2,49.95,32.66,5.26,50.99,31.5,7,5,2,6.85,36.98,8,0,0,0,Healthy,0
NB07374,Female,33.8,5.2,122,37,96.0,44.18,30.67,5.29,44.59,30.3,6,10,6,6.67,36.85,10,0,0,0,Healthy,0
NB07375,Female,39.04,5.2,129,49,95.7,49.83,36.38,5.4,50.88,36.34,9,6,3,5.79,37.12,7,0,0,1,Healthy,0
NB07376,Female,42.0,5.2,137,29,91.6,52.54,36.7,5.46,51.89,36.83,9,1,5,6.36,37.36,10,0,0,1,Healthy,0
NB07377,Male,39.02,5.2,133,42,92.4,52.97,34.51,5.3,52.06,35.11,6,5,1,2.1,37.0,10,0,0,0,Healthy,0
NB07378,Female,39.34,5.2,159,43,96.2,51.21,37.58,5.33,51.88,38.22,11,12,4,2.67,36.27,9,0,0,0,Healthy,0
NB07379,Female,39.26,5.2,93,51,93.7,52.19,32.65,5.24,52.25,31.36,7,9,3,4.16,36.12,8,1,1,5,At Risk,0
NB07380,Male,38.87,5.2,137,33,95.3,49.4,33.23,5.36,49.67,32.96,6,6,4,7.26,37.13,10,0,0,0,Healthy,0
NB07381,Male,40.05,5.2,133,29,91.5,52.11,35.86,5.11,51.28,35.69,8,9,3,0.45,36.85,10,0,0,0,Healthy,0
NB07382,Female,38.87,5.2,140,47,93.3,52.99,31.98,5.15,53.24,32.32,11,3,3,1.79,37.59,7,0,0,0,Healthy,0
NB07383,Male,37.31,5.2,130,28,90.3,48.26,32.76,4.92,47.32,33.43,6,9,5,3.55,36.81,9,0,0,0,Healthy,0
NB07384,Male,36.25,5.2,158,37,95.9,48.25,32.0,5.5,49.54,32.61,8,11,1,1.19,36.02,9,0,0,0,Healthy,0
NB07385,Male,37.45,5.2,135,40,93.8,46.38,34.86,5.1,46.53,35.49,8,5,3,4.87,36.23,8,0,0,1,Healthy,0
NB07386,Male,38.69,5.2,142,48,95.9,48.69,35.32,5.45,50.29,35.24,9,9,3,5.66,36.46,10,0,0,0,Healthy,0
NB07387,Male,37.3,5.2,156,27,93.7,48.31,30.79,5.48,48.68,31.25,6,10,4,3.73,37.58,10,0,0,0,Healthy,0
NB07388,Female,38.69,5.2,141,39,95.8,48.1,33.24,4.92,47.55,32.28,9,2,6,5.72,37.33,10,0,0,1,Healthy,0
NB07389,Male,38.97,5.2,117,42,100.0,53.11,33.44,5.26,54.1,33.87,9,5,3,5.18,36.56,7,0,0,0,Healthy,0
NB07390,Female,39.83,5.2,132,33,93.2,49.57,34.76,5.36,48.64,35.79,10,6,5,5.28,36.71,9,0,0,1,Healthy,0
NB07391,Female,40.82,5.2,138,38,96.7,53.71,34.13,5.12,53.62,33.29,9,9,4,1.96,36.19,8,0,0,0,Healthy,0
NB07392,Female,38.17,5.2,110,51,92.7,50.13,34.6,4.96,50.16,34.68,10,8,2,4.47,36.17,8,0,0,1,Healthy,0
NB07393,Male,35.12,5.2,127,37,94.5,47.07,30.74,5.5,45.0,31.58,9,7,3,4.77,37.3,8,0,0,0,Healthy,0
NB07394,Male,37.24,5.2,139,38,96.7,51.89,34.15,5.36,53.55,34.69,10,7,4,2.66,37.22,10,0,0,1,Healthy,0
NB07395,Female,38.1,5.2,176,51,96.0,45.17,33.86,5.24,45.91,34.73,10,5,2,4.69,36.68,7,0,0,0,Healthy,0
NB07396,Female,33.96,5.2,147,40,97.4,45.57,29.51,5.02,44.35,29.78,9,3,5,0.2,37.63,8,0,0,0,Healthy,0
NB07397,Female,41.06,5.2,143,55,98.3,50.19,38.02,5.03,50.71,39.0,9,7,3,3.26,37.0,9,0,0,1,Healthy,0
NB07398,Male,38.31,5.2,170,26,97.3,45.96,36.15,5.26,45.04,36.6,9,6,1,4.58,36.9,10,0,0,0,Healthy,0
NB07399,Female,38.84,5.2,151,39,98.2,47.97,34.82,5.14,48.48,34.84,7,7,2,1.1,36.9,10,0,0,0,Healthy,0
NB07400,Male,41.0,5.2,153,50,95.7,52.34,35.54,5.27,51.62,35.8,8,6,3,3.14,36.32,9,0,0,0,Healthy,0
NB07401,Female,36.61,5.2,133,35,92.4,46.9,31.25,5.3,47.17,31.87,7,9,5,5.07,37.22,7,0,0,0,Healthy,0
NB07402,Female,39.26,5.2,117,40,97.8,52.53,36.29,5.14,53.13,36.32,9,4,3,2.89,37.23,9,0,0,0,Healthy,0
NB07403,Female,37.76,5.2,145,55,93.7,48.95,34.86,5.5,49.41,34.82,3,8,6,2.31,36.91,10,0,0,2,Healthy,0
NB07404,Male,37.6,5.2,173,34,97.4,48.59,32.3,5.08,48.47,32.39,7,3,6,1.65,36.3,10,0,0,1,Healthy,0
NB07405,Male,36.3,5.2,167,47,90.6,47.43,31.58,5.04,46.97,30.64,6,8,4,2.78,37.29,10,0,0,0,Healthy,0
NB07406,Female,41.66,5.2,152,49,93.8,52.7,37.05,5.31,52.63,36.34,8,8,6,3.15,35.99,10,0,0,2,Healthy,0
NB07407,Female,37.17,5.2,128,43,92.6,48.02,31.46,5.33,49.23,30.8,6,4,2,3.62,36.45,10,0,0,0,Healthy,0
NB07408,Female,39.54,5.2,112,42,96.4,49.28,33.94,5.03,49.96,34.35,11,10,3,7.25,37.06,9,0,0,0,Healthy,0
NB07409,Male,33.87,5.2,125,32,93.0,47.87,29.35,5.16,48.83,30.49,6,9,1,3.12,36.62,9,0,0,0,Healthy,0
NB07410,Female,40.6,5.2,144,49,94.9,50.69,34.1,4.92,50.86,33.77,7,6,4,2.06,36.35,10,0,0,0,Healthy,0
NB07411,Male,40.31,5.2,132,29,94.5,50.92,34.34,5.12,52.14,34.43,11,6,3,5.66,37.42,9,0,0,0,Healthy,0
NB07412,Female,38.21,5.2,158,46,98.6,50.65,35.31,5.39,52.34,35.57,10,7,5,1.97,37.31,7,0,0,0,Healthy,0
NB07413,Female,37.5,5.2,113,37,96.6,49.79,30.82,4.97,48.63,29.61,10,4,4,1.79,37.28,10,0,0,0,Healthy,0
NB07414,Male,38.88,5.2,138,38,96.0,48.61,35.07,5.01,47.75,35.34,5,6,2,0.73,36.95,7,0,0,0,Healthy,0
NB07415,Male,42.0,5.2,126,40,95.1,54.71,36.99,5.06,55.99,37.82,8,10,2,1.74,36.82,9,0,0,0,Healthy,0
NB07416,Male,34.12,5.2,158,47,92.3,47.18,32.54,5.46,49.11,32.1,6,10,6,0.2,37.58,7,0,0,0,Healthy,0
NB07417,Male,39.72,5.2,150,58,91.9,51.5,35.39,5.43,50.6,35.41,9,11,1,2.59,37.45,10,0,0,0,Healthy,0
NB07418,Female,35.99,5.2,125,43,96.0,46.93,31.83,4.81,45.77,32.39,9,9,1,0.71,36.76,9,0,0,0,Healthy,0
NB07419,Male,37.96,5.2,155,35,90.1,48.75,32.55,4.87,48.19,32.09,10,7,2,1.41,38.02,10,0,0,1,Healthy,0
NB07420,Female,37.45,5.2,111,28,94.9,48.71,34.9,5.25,48.42,34.98,8,6,3,2.59,36.74,9,0,0,0,Healthy,0
NB07421,Male,37.06,5.2,108,54,95.4,46.29,33.89,4.91,46.64,34.53,7,5,1,3.98,36.97,8,0,0,0,Healthy,0
NB07422,Female,37.98,5.2,124,44,90.1,49.5,33.04,5.47,50.47,31.96,7,7,5,1.15,37.43,9,0,0,0,Healthy,0
NB07423,Male,35.5,5.2,104,40,94.8,49.14,33.42,4.79,49.15,33.68,8,9,4,0.2,36.97,9,0,0,0,Healthy,0
NB07424,Female,40.26,5.2,138,43,95.0,53.39,34.72,5.08,55.32,34.49,9,7,7,3.48,36.68,9,0,0,0,Healthy,0
NB07425,Female,34.05,5.2,139,50,100.0,45.29,31.04,5.27,45.44,31.73,9,6,5,4.88,36.97,9,0,0,0,Healthy,0
NB07426,Female,39.19,5.2,133,38,95.0,52.8,33.72,5.5,52.31,34.93,9,12,1,4.24,36.8,8,0,0,0,Healthy,0
NB07427,Male,37.28,5.2,150,35,98.1,52.77,34.1,5.23,52.01,33.35,6,3,4,4.53,35.84,8,0,0,2,Healthy,0
NB07428,Male,35.42,5.2,127,29,96.6,46.65,30.51,5.29,46.42,29.72,8,8,2,5.12,37.25,8,0,0,0,Healthy,0
NB07429,Male,38.45,5.2,117,31,95.9,51.38,33.66,5.27,51.77,33.34,9,2,2,2.93,36.52,9,0,0,1,Healthy,0
NB07430,Male,34.57,5.2,126,39,97.9,41.99,30.42,5.42,42.07,30.87,3,6,2,3.41,36.28,8,0,0,1,Healthy,0
NB07431,Female,38.09,5.2,118,53,89.9,47.16,34.26,5.29,46.97,34.32,8,5,2,2.4,37.34,9,1,0,4,At Risk,0
NB07432,Male,34.87,5.2,129,37,94.7,46.96,32.19,5.38,46.85,33.23,8,7,2,1.8,36.97,9,0,0,0,Healthy,0
NB07433,Female,39.01,5.2,151,45,96.0,48.5,32.85,5.38,47.91,32.13,9,7,2,2.73,37.11,10,0,0,0,Healthy,0
NB07434,Female,35.97,5.2,108,53,91.6,51.85,32.99,5.45,52.28,32.55,6,4,5,2.72,36.74,10,0,0,0,Healthy,0
NB07435,Male,37.01,5.2,134,46,94.8,49.9,30.89,4.8,52.1,32.11,8,5,4,4.22,36.9,6,0,1,6,At Risk,0
NB07436,Female,38.65,5.2,157,62,95.3,52.11,37.54,4.93,52.0,37.56,7,5,2,0.39,36.66,9,0,0,1,Healthy,0
NB07437,Female,36.3,5.2,159,43,94.4,48.01,31.84,5.37,48.59,33.18,8,13,3,0.88,36.41,10,0,0,1,Healthy,0
NB07438,Female,37.87,5.2,128,40,91.9,47.48,35.28,5.5,47.19,35.85,6,4,5,4.9,37.11,8,0,0,0,Healthy,0
NB07439,Male,34.67,5.2,180,38,92.4,45.56,31.77,5.3,47.47,31.97,10,8,3,3.29,36.91,10,0,0,0,Healthy,0
NB07440,Male,39.39,5.2,121,62,93.9,51.36,35.13,5.18,50.99,35.6,5,2,1,3.33,37.57,9,0,0,1,Healthy,0
NB07441,Male,41.88,5.2,136,54,96.3,51.82,34.77,5.43,51.61,33.8,9,6,4,0.59,35.79,10,0,0,2,Healthy,0
NB07442,Male,42.0,5.2,119,27,95.3,54.54,37.87,5.49,53.15,38.72,13,10,3,3.25,37.33,9,0,0,0,Healthy,0
NB07443,Female,38.2,5.2,148,63,95.7,51.2,34.01,5.36,49.53,34.31,8,10,2,2.51,36.63,9,0,0,1,Healthy,0
NB07444,Female,39.73,5.2,190,47,94.2,51.17,35.72,5.22,51.15,34.62,10,7,2,3.38,36.58,9,0,0,1,Healthy,0
NB07445,Female,34.08,5.2,173,43,92.1,42.42,30.92,5.24,42.07,31.04,7,9,8,2.81,37.06,9,0,0,1,Healthy,0
NB07446,Male,41.31,5.2,155,47,93.9,56.0,36.31,5.28,56.71,36.26,11,7,1,1.08,36.4,8,0,0,0,Healthy,0
NB07447,Female,39.71,5.2,129,32,92.1,50.71,33.66,5.5,51.44,34.45,8,7,2,2.86,36.6,7,0,0,0,Healthy,0
NB07448,Female,36.94,5.2,137,44,84.4,54.06,32.83,5.31,54.46,32.51,8,4,4,5.51,37.07,9,1,1,7,At Risk,0
NB07449,Male,40.72,5.2,160,39,95.0,53.35,35.08,5.32,54.04,35.43,8,4,3,1.83,36.56,10,0,0,0,Healthy,0
NB07450,Female,37.44,5.2,153,38,94.1,48.68,32.35,5.42,49.49,32.04,6,7,5,1.72,36.48,10,0,0,0,Healthy,0
NB07451,Male,36.99,5.2,141,52,99.3,49.59,33.3,5.22,50.2,32.12,9,10,3,5.2,36.48,8,0,0,0,Healthy,0
NB07452,Male,39.05,5.2,143,39,97.4,46.5,35.08,5.28,46.13,34.31,8,10,4,0.2,36.96,8,0,0,0,Healthy,0
NB07453,Female,35.66,5.2,159,43,96.7,49.55,32.54,5.5,48.93,32.56,8,4,3,3.27,36.26,8,0,0,1,Healthy,0
NB07454,Male,40.25,5.2,163,45,91.5,56.76,35.22,5.1,56.7,35.1,4,7,6,1.97,37.14,7,0,0,0,Healthy,0
NB07455,Female,35.68,5.2,113,51,98.6,43.33,32.79,5.12,43.14,33.12,11,11,2,4.84,37.75,9,0,0,0,Healthy,0
NB07456,Male,35.69,5.2,144,55,95.5,46.95,32.55,5.06,47.33,32.37,13,9,1,2.3,36.8,9,0,0,0,Healthy,0
NB07457,Male,36.0,5.2,150,42,93.8,47.59,32.55,5.29,48.79,31.99,3,7,3,1.54,37.0,8,0,0,1,Healthy,0
NB07458,Female,39.67,5.2,130,38,92.3,52.85,35.22,5.31,52.72,35.15,8,5,4,1.75,36.92,9,0,0,0,Healthy,0
NB07459,Male,36.64,5.2,163,61,92.7,52.59,34.62,4.85,52.97,33.68,8,8,3,5.73,36.38,9,0,0,0,Healthy,0
NB07460,Male,35.03,5.2,135,16,94.1,47.7,29.92,5.42,49.87,29.96,12,9,4,3.81,36.94,10,0,0,3,At Risk,0
NB07461,Male,36.67,5.2,164,51,91.4,52.68,32.39,5.01,53.21,31.12,7,7,3,5.98,36.9,6,0,1,6,At Risk,0
NB07462,Male,37.93,5.2,133,41,95.1,49.88,34.26,5.32,50.58,34.56,11,8,3,2.83,37.6,7,0,0,1,Healthy,0
NB07463,Female,35.4,5.2,145,48,94.4,48.16,29.61,5.26,50.02,29.94,6,5,3,3.61,36.91,10,0,0,0,Healthy,0
NB07464,Male,35.47,5.2,144,42,97.4,47.98,34.1,4.66,47.97,34.94,8,8,2,0.67,37.36,8,0,0,0,Healthy,0
NB07465,Female,42.0,5.2,170,55,94.5,55.64,36.98,4.76,56.49,36.78,10,7,2,3.06,36.99,9,0,0,0,Healthy,0
NB07466,Female,36.11,5.2,153,46,88.6,47.05,33.91,5.01,46.4,34.39,9,5,2,3.35,36.57,9,1,0,5,At Risk,0
NB07467,Male,37.29,5.2,132,28,93.9,50.6,34.98,5.47,50.44,34.07,8,10,2,5.86,36.27,7,0,0,0,Healthy,0
NB07468,Female,37.19,5.2,135,27,91.0,46.41,33.85,4.86,46.26,34.13,9,10,5,4.27,36.94,8,0,0,0,Healthy,0
NB07469,Male,37.07,5.2,135,40,92.9,48.2,29.8,5.45,48.87,29.47,10,2,1,1.55,37.14,7,0,0,1,Healthy,0
NB07470,Female,39.37,5.2,140,48,91.7,49.56,34.98,4.88,51.84,34.74,8,6,2,2.08,36.76,6,0,1,6,At Risk,0
NB07471,Female,40.09,5.2,123,55,100.0,51.65,35.58,4.79,51.07,36.65,9,5,3,1.11,36.52,10,0,0,1,Healthy,0
NB07472,Male,37.33,5.2,139,35,93.8,48.36,31.7,5.29,49.68,31.31,11,6,4,3.08,37.43,10,0,0,0,Healthy,0
NB07473,Female,35.28,5.2,165,20,97.5,49.42,29.21,5.22,50.47,29.6,8,8,4,3.99,36.6,8,0,0,2,Healthy,0
NB07474,Male,40.8,5.2,164,46,93.9,50.37,36.46,4.88,50.8,36.56,7,3,1,4.93,36.28,10,0,0,1,Healthy,0
NB07475,Male,37.79,5.2,112,42,94.2,45.95,31.78,4.99,46.42,32.42,9,9,5,3.34,36.77,9,0,0,0,Healthy,0
NB07476,Female,41.81,5.2,109,43,93.3,50.31,39.56,5.29,51.23,39.0,10,5,4,1.55,36.83,10,0,0,0,Healthy,0
NB07477,Female,33.06,5.2,129,31,92.6,47.14,30.74,5.16,47.37,29.94,10,5,2,1.94,36.47,9,0,0,0,Healthy,0
NB07478,Female,38.43,5.2,108,54,92.6,48.05,36.13,5.35,47.82,35.49,9,8,2,4.19,36.76,10,0,0,0,Healthy,0
NB07479,Male,42.0,5.2,117,34,96.3,54.0,36.65,5.16,55.32,35.83,11,10,3,5.14,36.04,9,0,0,0,Healthy,0
NB07480,Male,37.22,5.2,146,45,94.8,48.31,34.38,5.43,48.38,34.24,8,8,3,2.75,36.99,8,0,0,0,Healthy,0
NB07481,Male,37.5,5.2,139,45,99.7,50.8,33.53,5.0,51.14,33.53,7,7,6,4.23,36.33,9,0,0,0,Healthy,0
NB07482,Female,38.65,5.2,109,47,94.2,49.72,35.76,5.35,48.92,36.24,5,5,5,1.85,36.63,9,0,0,0,Healthy,0
NB07483,Male,36.77,5.2,161,35,94.0,54.02,29.88,4.98,54.15,30.33,6,7,5,2.44,36.5,10,0,0,0,Healthy,0
NB07484,Female,37.31,5.2,132,33,95.1,52.78,34.65,5.29,51.55,33.82,9,6,3,3.66,37.43,9,0,0,0,Healthy,0
NB07485,Female,37.26,5.2,131,51,97.1,48.3,34.28,5.36,48.65,34.69,9,3,4,3.51,36.66,7,0,0,0,Healthy,0
NB07486,Male,36.62,5.2,158,48,95.4,47.45,32.6,5.02,46.23,32.25,11,7,3,3.94,36.42,8,0,0,0,Healthy,0
NB07487,Female,40.7,5.2,147,45,99.7,58.0,35.08,5.31,56.46,35.54,9,9,3,3.27,37.74,10,0,0,1,Healthy,0
NB07488,Male,39.01,5.2,139,53,100.0,48.36,34.06,5.34,47.1,32.66,9,6,2,4.17,37.61,8,0,0,0,Healthy,0
NB07489,Male,38.55,5.2,131,45,97.9,49.99,34.61,5.33,50.64,34.57,7,11,6,2.22,37.18,8,0,0,0,Healthy,0
NB07490,Male,39.78,5.2,150,38,96.3,51.25,36.87,5.08,50.48,37.1,10,6,3,6.9,37.05,9,0,0,0,Healthy,0
NB07491,Female,37.42,5.2,132,47,88.0,49.07,32.59,5.16,49.14,32.42,13,5,1,5.21,36.41,6,1,1,10,High Risk,1
NB07492,Male,36.3,5.2,136,47,99.8,44.59,30.06,5.5,44.15,30.21,7,13,3,3.87,37.29,9,0,0,0,Healthy,0
NB07493,Male,36.67,5.2,119,47,99.3,49.4,36.6,5.05,50.03,37.34,7,7,3,3.75,36.96,10,0,0,0,Healthy,0
NB07494,Female,38.0,5.2,161,33,100.0,47.66,34.81,5.26,46.1,34.73,7,6,3,3.38,36.51,5,0,1,6,At Risk,0
NB07495,Male,35.67,5.2,168,32,97.8,50.37,31.58,5.19,50.52,32.21,11,7,3,2.96,36.86,8,0,0,0,Healthy,0
NB07496,Male,36.9,5.2,144,51,91.7,45.7,34.81,5.3,45.49,35.33,10,7,2,5.36,36.59,7,0,0,0,Healthy,0
NB07497,Female,36.86,5.2,131,41,91.6,48.7,34.41,5.5,49.63,34.06,8,6,6,4.27,36.11,9,0,0,0,Healthy,0
NB07498,Female,42.0,5.2,157,23,91.2,48.77,37.34,5.11,49.57,35.89,9,7,3,2.22,37.41,9,0,0,2,Healthy,0
NB07499,Female,31.9,5.2,151,28,95.3,39.8,28.81,5.3,37.86,28.93,5,6,4,3.4,35.98,9,0,0,5,At Risk,0
NB07500,Female,37.6,5.2,132,29,92.5,47.57,34.52,5.37,48.94,35.37,11,4,4,4.22,37.77,9,0,0,0,Healthy,0
NB07501,Male,41.8,5.2,161,53,98.0,51.62,38.09,5.16,52.85,38.87,9,5,1,3.82,36.7,8,0,0,0,Healthy,0
NB07502,Female,38.27,5.2,132,42,93.0,52.77,31.41,5.06,53.43,31.69,10,5,3,2.23,37.0,7,0,0,0,Healthy,0
NB07503,Female,39.66,5.2,117,42,93.9,51.01,35.3,5.25,49.82,35.05,7,7,4,1.89,37.04,8,0,0,1,Healthy,0
NB07504,Male,38.22,5.2,139,38,95.9,52.38,34.4,5.23,53.09,34.92,6,5,2,4.66,36.35,7,0,0,0,Healthy,0
NB07505,Male,36.53,5.2,160,31,93.3,47.52,33.17,4.9,48.42,32.47,8,11,3,3.64,36.71,9,0,0,1,Healthy,0
NB07506,Male,33.07,5.2,142,50,91.8,46.37,30.42,5.07,46.25,30.76,9,8,3,2.57,36.75,8,0,0,0,Healthy,0
NB07507,Female,38.45,5.2,119,49,88.7,48.56,35.9,5.38,49.7,36.59,8,2,2,7.05,36.53,8,1,0,5,At Risk,0
NB07508,Male,36.29,5.2,133,35,98.3,46.48,32.29,5.14,48.36,32.34,10,4,4,4.38,37.27,9,0,0,0,Healthy,0
NB07509,Female,36.24,5.2,162,56,91.8,44.37,32.56,5.32,44.18,32.02,6,7,3,3.18,36.26,10,0,0,0,Healthy,0
NB07510,Male,36.9,5.2,145,49,93.7,49.28,33.51,5.02,48.59,33.57,6,8,3,2.76,36.89,10,0,0,1,Healthy,0
NB07511,Male,41.84,5.2,140,33,93.7,53.58,36.22,5.26,53.57,36.52,6,8,5,4.93,36.03,8,0,0,0,Healthy,0
NB07512,Male,42.0,5.2,138,39,87.8,54.75,34.52,5.25,55.48,34.02,6,8,4,5.46,36.91,10,1,0,4,At Risk,0
NB07513,Female,38.48,5.2,159,38,96.0,50.46,34.46,5.29,50.65,34.3,7,5,2,2.15,36.88,6,0,1,7,At Risk,0
NB07514,Male,36.98,5.2,158,45,99.9,52.73,33.42,5.15,51.97,34.03,7,12,2,1.78,37.66,8,0,0,0,Healthy,0
NB07515,Male,35.41,5.2,115,28,98.4,47.62,31.44,5.26,48.99,32.12,8,5,3,3.48,36.52,4,0,1,6,At Risk,0
NB07516,Male,39.03,5.2,157,35,93.7,52.51,34.32,5.5,52.54,34.5,10,9,4,2.88,36.72,7,0,0,0,Healthy,0
NB07517,Male,41.92,5.2,149,50,98.7,52.48,31.78,5.31,53.29,31.38,9,3,2,1.5,36.69,9,0,0,0,Healthy,0
NB07518,Female,37.46,5.2,169,26,88.9,47.29,35.23,5.5,48.14,34.03,5,3,4,2.48,37.56,8,1,0,4,At Risk,0
NB07519,Female,32.77,5.2,139,40,97.9,46.32,31.49,5.2,46.34,31.76,10,8,4,2.12,36.54,6,0,1,6,At Risk,0
NB07520,Male,39.47,5.2,160,30,92.4,50.75,32.83,4.71,51.57,32.01,6,9,4,2.34,36.9,9,0,0,0,Healthy,0
NB07521,Female,40.17,5.2,148,51,98.4,53.22,34.3,5.38,55.15,34.49,4,5,2,4.61,36.67,8,0,0,0,Healthy,0
NB07522,Male,34.51,5.2,120,45,95.1,47.17,33.53,5.5,48.28,33.25,10,10,2,4.51,36.73,10,0,0,0,Healthy,0
NB07523,Male,38.39,5.2,158,27,90.8,48.36,32.34,5.26,46.94,32.83,10,8,3,7.74,36.81,5,0,1,7,At Risk,0
NB07524,Female,38.99,5.2,155,32,95.9,52.64,35.21,5.12,52.67,34.64,11,8,4,0.72,37.29,9,0,0,0,Healthy,0
NB07525,Male,37.84,5.2,128,42,95.0,47.71,32.95,5.25,47.22,32.18,9,8,4,4.44,37.45,10,0,0,0,Healthy,0
NB07526,Female,36.26,5.2,145,19,95.8,49.28,33.2,5.46,50.69,33.51,11,7,2,5.18,36.18,10,0,0,2,Healthy,0
NB07527,Male,40.24,5.2,178,31,92.2,54.17,35.44,5.26,54.37,35.51,5,4,4,1.12,37.15,10,0,0,0,Healthy,0
NB07528,Female,37.11,5.2,131,34,90.9,48.03,32.75,5.1,48.08,33.28,7,11,8,0.2,37.36,10,0,0,1,Healthy,0
NB07529,Male,34.73,5.2,153,55,97.1,48.97,32.1,5.03,47.67,32.97,10,9,1,1.67,36.95,8,0,0,1,Healthy,0
NB07530,Male,33.49,5.2,120,36,94.8,46.34,29.9,5.37,49.6,29.72,8,7,3,1.42,37.33,8,0,0,0,Healthy,0
NB07531,Male,40.77,5.2,130,49,97.0,53.8,33.07,5.5,54.11,33.61,9,10,2,2.5,36.24,8,0,0,0,Healthy,0
NB07532,Female,39.36,5.2,155,37,96.9,49.15,33.36,5.0,49.2,32.47,9,11,3,5.29,37.03,7,0,0,1,Healthy,0
NB07533,Female,38.19,5.2,145,49,97.5,50.2,32.36,5.36,48.89,31.71,10,9,4,0.79,37.36,5,0,1,7,At Risk,0
NB07534,Female,37.03,5.2,136,26,100.0,45.91,30.72,5.37,46.29,30.81,12,8,1,2.55,36.52,8,0,0,0,Healthy,0
NB07535,Male,36.84,5.2,171,35,95.7,51.98,33.54,5.01,52.12,33.41,9,5,4,3.03,36.22,8,0,0,0,Healthy,0
NB07536,Male,35.63,5.2,123,41,91.5,43.44,31.88,5.39,43.77,30.65,9,5,3,5.22,37.31,7,0,0,0,Healthy,0
NB07537,Male,37.05,5.2,137,44,92.3,48.04,33.67,5.5,46.84,34.82,6,2,2,3.56,36.61,7,0,0,2,Healthy,0
NB07538,Female,33.34,5.2,149,45,94.0,43.54,31.32,5.42,42.07,30.12,7,8,3,3.81,36.54,9,0,0,0,Healthy,0
NB07539,Male,36.38,5.2,124,44,95.7,49.49,33.8,5.16,51.39,33.62,8,7,1,3.96,35.95,10,0,0,2,Healthy,0
NB07540,Male,37.32,5.2,149,47,99.8,52.83,33.93,4.96,51.86,34.59,8,1,3,2.13,36.57,9,0,0,2,Healthy,0
NB07541,Female,39.34,5.2,159,42,94.5,52.12,33.27,5.32,52.84,33.23,6,1,4,3.32,36.49,8,0,0,1,Healthy,0
NB07542,Female,37.91,5.2,138,44,100.0,55.44,34.61,5.2,55.36,35.06,10,11,1,3.81,35.99,8,0,0,2,Healthy,0
NB07543,Female,39.75,5.2,128,32,100.0,48.42,35.36,5.36,49.61,34.99,7,3,3,2.57,36.54,9,0,0,0,Healthy,0
NB07544,Male,40.97,5.2,134,26,96.5,49.67,39.16,5.17,50.06,39.33,8,8,5,1.63,37.33,8,0,0,0,Healthy,0
NB07545,Female,40.33,5.2,92,31,97.2,49.91,35.44,5.05,50.2,36.37,5,3,3,3.82,36.95,9,1,1,5,At Risk,0
NB07546,Female,39.04,5.2,158,25,93.4,50.77,35.1,5.24,51.12,34.91,9,10,4,2.41,36.06,7,0,0,0,Healthy,0
NB07547,Male,38.03,5.2,145,44,100.0,47.57,33.68,5.46,47.0,34.05,8,9,3,4.82,36.98,9,0,0,0,Healthy,0
NB07548,Female,35.84,5.2,137,51,92.8,46.15,32.36,5.39,45.19,32.3,9,8,1,0.75,37.13,10,0,0,0,Healthy,0
NB07549,Male,39.63,5.2,110,33,99.2,52.31,34.91,5.17,52.26,35.09,3,5,0,4.38,36.85,7,0,0,1,Healthy,0
NB07550,Male,41.7,5.2,160,52,91.4,50.45,35.73,4.99,49.12,36.11,6,8,2,3.66,36.78,6,0,1,6,At Risk,0
NB07551,Male,38.75,5.2,132,47,97.2,48.01,34.59,5.17,46.09,33.95,10,6,6,4.1,36.44,9,0,0,0,Healthy,0
NB07552,Female,42.0,5.2,150,36,98.9,52.4,37.53,5.17,52.75,36.98,8,3,3,1.14,36.99,8,0,0,0,Healthy,0
NB07553,Female,34.64,5.2,140,39,98.2,45.97,30.82,5.22,45.9,30.54,12,6,2,1.97,37.06,8,0,0,0,Healthy,0
NB07554,Female,35.46,5.2,111,53,93.4,49.33,33.28,5.5,50.51,33.78,9,5,3,5.15,36.93,7,0,0,0,Healthy,0
NB07555,Female,39.88,5.2,163,19,94.1,49.49,36.19,5.17,50.54,36.85,10,5,2,4.93,37.59,9,0,0,2,Healthy,0
NB07556,Female,38.58,5.2,159,53,100.0,48.68,32.89,5.26,49.4,34.01,9,8,3,6.99,36.71,7,0,0,0,Healthy,0
NB07557,Female,40.89,5.2,154,51,93.2,53.36,34.38,5.39,54.07,34.23,7,3,3,3.39,36.21,10,0,0,0,Healthy,0
NB07558,Female,37.97,5.2,146,36,93.3,51.17,34.45,5.33,50.58,34.21,7,11,1,3.44,37.55,8,0,0,0,Healthy,0
NB07559,Male,36.09,5.2,118,41,100.0,50.74,31.58,5.5,51.41,31.75,9,9,5,4.13,35.95,4,0,1,8,High Risk,0
NB07560,Male,37.53,5.2,156,58,94.8,50.12,31.9,5.12,49.7,31.34,9,6,3,3.53,36.62,9,0,0,1,Healthy,0
NB07561,Male,34.63,5.2,180,29,94.8,46.83,34.02,5.1,47.61,34.69,5,11,5,2.91,36.39,8,0,0,0,Healthy,0
NB07562,Female,35.52,5.2,142,40,100.0,48.52,30.61,5.16,51.47,30.14,10,5,2,4.27,36.75,8,0,0,0,Healthy,0
NB07563,Female,40.14,5.2,142,48,92.7,50.99,33.01,5.04,48.79,32.43,8,8,2,2.29,36.74,7,0,0,1,Healthy,0
NB07564,Female,39.92,5.2,120,44,92.4,50.78,33.97,5.24,51.71,33.24,4,8,2,5.17,36.37,9,0,0,0,Healthy,0
NB07565,Male,38.8,5.2,103,43,95.6,46.77,34.71,5.26,47.04,34.4,7,4,2,0.86,37.28,8,0,0,0,Healthy,0
NB07566,Female,34.21,5.2,134,60,95.1,47.98,31.26,5.16,47.56,31.17,9,9,5,2.94,36.74,10,0,0,0,Healthy,0
NB07567,Female,37.21,5.2,167,31,92.3,49.31,36.08,5.34,50.26,35.72,7,5,3,0.63,37.35,10,0,0,0,Healthy,0
NB07568,Male,35.31,5.2,164,31,97.8,48.73,30.76,5.35,47.67,30.23,7,9,4,3.67,36.27,8,0,0,1,Healthy,0
NB07569,Male,40.59,5.2,139,17,95.1,46.3,35.97,5.08,48.55,36.96,9,7,3,4.16,36.31,6,0,1,8,High Risk,0
NB07570,Male,36.72,5.2,148,31,95.2,48.35,34.59,5.34,49.61,34.5,7,5,4,4.25,36.3,9,0,0,0,Healthy,0
NB07571,Male,35.61,5.2,118,35,95.0,45.74,31.14,5.0,45.38,31.44,9,6,3,1.4,37.03,6,0,1,6,At Risk,0
NB07572,Male,38.07,5.2,142,45,91.3,52.66,34.9,5.04,50.93,35.28,6,8,3,4.24,37.59,8,0,0,0,Healthy,0
NB07573,Female,36.59,5.2,131,52,92.1,49.56,30.07,5.5,49.14,29.82,10,9,3,2.44,36.66,10,0,0,0,Healthy,0
NB07574,Female,41.26,5.2,141,32,89.5,53.01,38.72,5.18,54.64,38.04,10,2,4,2.2,35.76,9,1,0,7,At Risk,0
NB07575,Male,36.38,5.2,135,41,99.0,47.28,34.16,5.19,49.4,33.92,8,8,2,1.22,37.01,7,0,0,1,Healthy,0
NB07576,Female,34.92,5.2,135,56,95.0,47.62,30.62,5.5,47.59,30.95,8,5,3,0.92,37.1,8,0,0,0,Healthy,0
NB07577,Male,33.26,5.2,158,40,98.5,43.48,31.73,5.27,44.39,31.22,6,4,4,3.96,36.33,8,0,0,0,Healthy,0
NB07578,Male,37.93,5.2,175,47,93.4,49.34,35.72,5.18,49.13,36.13,10,7,4,2.55,37.05,7,0,0,0,Healthy,0
NB07579,Male,36.76,5.2,137,53,99.0,47.33,31.0,5.05,47.24,29.47,8,5,6,2.56,37.16,9,0,0,1,Healthy,0
NB07580,Male,34.86,5.2,166,33,89.3,51.3,30.7,5.32,50.63,30.77,10,7,2,2.86,35.88,9,1,0,6,At Risk,0
NB07581,Male,40.62,5.2,118,31,98.4,54.89,37.65,5.5,56.49,38.12,9,5,2,3.36,37.3,7,0,0,0,Healthy,0
NB07582,Female,39.47,5.2,138,58,94.7,53.05,34.93,5.22,52.54,35.67,11,8,0,1.37,37.33,5,0,1,6,At Risk,0
NB07583,Male,37.94,5.2,117,48,90.2,46.56,34.41,5.49,47.16,33.61,10,9,4,3.33,36.66,9,0,0,0,Healthy,0
NB07584,Male,41.0,5.2,134,29,85.1,54.03,36.01,5.2,54.4,36.3,10,10,4,2.37,37.09,8,1,0,4,At Risk,0
NB07585,Male,39.46,5.2,153,31,96.8,51.29,36.16,5.08,54.11,37.25,9,5,1,6.06,37.69,8,0,0,0,Healthy,0
NB07586,Female,36.19,5.2,160,40,98.5,50.42,33.3,5.13,50.65,34.77,7,6,3,4.19,36.5,7,0,0,0,Healthy,0
NB07587,Female,35.71,5.2,126,56,95.2,48.19,32.36,5.08,47.88,32.46,8,4,5,3.42,37.32,8,0,0,0,Healthy,0
NB07588,Male,39.8,5.2,148,52,97.1,51.21,31.91,5.5,50.68,31.44,7,5,2,0.2,36.91,8,0,0,0,Healthy,0
NB07589,Female,38.87,5.2,162,53,96.6,50.85,35.37,5.46,51.97,36.38,9,5,3,0.2,36.29,7,0,0,0,Healthy,0
NB07590,Female,38.37,5.2,160,38,95.2,46.32,35.16,5.31,48.55,35.66,5,8,3,0.68,35.98,7,0,0,2,Healthy,0
NB07591,Female,36.14,5.2,145,42,98.4,46.39,30.64,4.76,48.4,31.92,9,7,3,6.87,37.12,8,0,0,0,Healthy,0
NB07592,Female,39.34,5.2,129,34,89.8,51.55,32.98,5.5,51.26,34.17,8,7,5,4.81,36.21,7,1,0,4,At Risk,0
NB07593,Female,36.34,5.2,128,38,95.3,50.38,33.41,5.15,51.39,32.52,8,9,4,2.99,37.24,9,0,0,0,Healthy,0
NB07594,Female,37.78,5.2,125,31,97.4,48.3,33.93,5.11,47.46,34.32,6,9,1,4.86,35.82,9,0,0,2,Healthy,0
NB07595,Male,41.18,5.2,139,33,93.4,52.38,33.07,5.16,52.56,33.34,5,6,4,4.07,36.87,9,0,0,0,Healthy,0
NB07596,Male,36.55,5.2,125,35,95.9,45.09,31.55,5.24,43.92,32.21,6,0,3,5.64,36.66,7,0,0,1,Healthy,0
NB07597,Female,34.54,5.2,152,41,90.9,49.4,31.85,5.32,49.65,31.97,8,9,3,2.65,37.55,6,0,1,6,At Risk,0
NB07598,Male,35.68,5.2,144,46,95.3,49.74,33.19,5.45,48.93,34.5,8,9,5,3.71,36.9,9,0,0,0,Healthy,0
NB07599,Male,40.19,5.2,143,59,92.5,52.87,34.45,5.34,53.01,34.44,8,5,2,2.99,37.08,10,0,0,0,Healthy,0
NB07600,Female,38.56,5.2,107,38,93.2,50.92,33.97,5.24,52.44,33.95,8,8,4,4.42,36.61,5,0,1,7,At Risk,0
NB07601,Female,37.72,5.2,141,48,97.0,52.45,32.28,5.16,51.8,33.03,6,11,2,3.69,36.72,10,0,0,0,Healthy,0
NB07602,Male,36.88,5.2,132,40,88.8,46.98,35.0,5.05,46.78,35.03,8,11,3,2.68,37.27,8,1,0,4,At Risk,0
NB07603,Female,39.07,5.2,179,52,91.2,48.73,34.81,5.31,49.89,34.91,4,4,2,4.32,36.81,10,0,0,0,Healthy,0
NB07604,Female,36.13,5.2,117,29,97.5,50.04,31.49,5.34,49.86,30.96,10,6,2,3.95,36.39,9,0,0,0,Healthy,0
NB07605,Male,38.67,5.2,136,37,94.5,52.19,32.54,5.08,51.19,32.15,7,3,4,3.88,37.31,6,0,1,6,At Risk,0
NB07606,Male,36.39,5.2,147,49,92.4,45.77,30.77,5.02,45.55,30.1,11,6,2,3.3,37.56,10,0,0,0,Healthy,0
NB07607,Male,36.03,5.2,122,48,96.6,46.76,35.13,5.39,46.99,34.94,8,5,2,0.85,37.48,8,0,0,0,Healthy,0
NB07608,Female,36.6,5.2,175,48,91.1,51.72,32.56,5.15,52.53,32.12,9,1,3,3.79,37.38,9,0,0,1,Healthy,0
NB07609,Female,37.17,5.2,175,56,91.0,49.68,32.62,5.0,48.08,32.06,11,10,5,0.2,36.67,9,0,0,0,Healthy,0
NB07610,Female,37.89,5.2,125,25,94.3,51.08,33.4,5.04,51.85,33.3,9,11,1,1.34,36.36,9,0,0,2,Healthy,0
NB07611,Female,38.52,5.2,129,29,94.5,47.75,33.22,5.33,48.14,33.9,7,10,0,5.45,36.27,10,0,0,0,Healthy,0
NB07612,Female,29.89,5.2,179,48,92.4,43.61,27.96,5.5,41.71,27.37,10,9,2,1.36,36.21,9,0,0,4,At Risk,0
NB07613,Female,36.22,5.2,165,50,94.1,45.16,32.61,5.43,45.09,32.93,9,3,0,3.97,36.76,10,0,0,0,Healthy,0
NB07614,Male,37.14,5.2,133,49,99.7,44.87,33.22,4.85,45.17,33.86,6,12,3,5.81,37.6,8,0,0,0,Healthy,0
NB07615,Male,41.31,5.2,148,69,94.9,54.03,34.22,5.21,53.36,33.48,5,7,2,3.75,36.06,9,0,0,1,Healthy,0
NB07616,Female,35.62,5.2,115,33,91.0,50.33,33.48,5.39,49.48,32.89,6,8,2,3.74,36.81,10,0,0,0,Healthy,0
NB07617,Female,38.36,5.2,180,46,95.1,49.41,33.22,4.93,49.56,34.41,11,10,5,1.34,36.66,9,0,0,0,Healthy,0
NB07618,Female,41.29,5.2,141,41,87.6,51.47,35.11,5.5,51.64,35.37,8,8,3,5.55,36.27,10,1,0,4,At Risk,0
NB07619,Male,35.11,5.2,151,48,100.0,50.42,30.72,4.87,48.49,31.16,8,11,5,3.04,36.69,8,0,0,0,Healthy,0
NB07620,Male,38.87,5.2,123,46,90.8,49.99,32.83,5.35,49.49,32.63,10,5,4,3.87,37.38,8,0,0,0,Healthy,0
NB07621,Male,36.24,5.2,120,37,95.7,47.88,32.97,5.16,47.27,32.78,12,11,0,3.75,36.9,10,0,0,0,Healthy,0
NB07622,Male,36.89,5.2,148,46,95.6,51.99,34.37,5.27,50.85,33.24,8,3,2,1.89,37.08,10,0,0,0,Healthy,0
NB07623,Male,36.23,5.2,174,43,92.3,47.3,31.48,5.25,48.36,31.29,9,8,1,4.82,37.28,10,0,0,0,Healthy,0
NB07624,Female,36.39,5.2,130,43,99.5,46.84,29.91,5.05,47.99,30.57,9,6,3,5.38,36.97,10,0,0,0,Healthy,0
NB07625,Male,42.0,5.2,122,53,100.0,54.83,35.06,5.34,53.58,34.9,10,8,4,5.53,36.63,9,0,0,0,Healthy,0
NB07626,Female,39.86,5.2,145,67,92.4,49.85,34.43,5.18,49.87,35.73,8,10,4,0.2,36.85,7,0,0,1,Healthy,0
NB07627,Female,40.42,5.2,169,23,97.5,51.49,33.65,5.35,52.12,33.51,10,10,2,3.01,36.32,8,0,0,2,Healthy,0
NB07628,Male,39.08,5.2,129,55,91.5,47.94,33.66,5.1,49.13,32.74,5,7,5,1.71,36.83,7,0,0,0,Healthy,0
NB07629,Female,34.47,5.2,136,48,99.6,46.79,30.5,5.18,47.86,31.05,9,4,2,5.05,36.85,10,0,0,0,Healthy,0
NB07630,Male,38.87,5.2,155,35,99.4,50.52,34.39,5.34,50.36,35.18,6,4,3,5.12,37.39,7,0,0,0,Healthy,0
NB07631,Male,40.36,5.2,157,38,98.5,53.66,33.27,5.09,53.95,32.89,7,10,3,5.28,36.65,5,0,1,6,At Risk,0
NB07632,Female,36.12,5.2,135,51,89.2,49.62,33.36,5.46,50.92,34.11,11,7,7,2.47,36.65,9,1,0,4,At Risk,0
NB07633,Male,40.12,5.2,160,43,93.1,52.61,37.78,5.29,52.4,37.58,7,5,2,5.4,36.12,9,0,0,0,Healthy,0
NB07634,Male,39.55,5.2,150,42,93.2,51.78,37.03,5.5,51.06,37.97,8,5,2,4.17,37.09,9,0,0,0,Healthy,0
NB07635,Female,42.0,5.2,140,35,92.9,53.05,35.72,5.2,54.38,36.45,8,8,3,2.98,36.14,10,0,0,0,Healthy,0
NB07636,Female,37.08,5.2,156,34,99.6,49.99,34.16,5.28,49.15,34.32,8,11,2,5.56,36.58,9,0,0,0,Healthy,0
NB07637,Female,35.59,5.2,154,32,88.7,45.2,32.94,5.18,43.68,33.63,10,6,4,4.52,36.48,8,1,0,5,At Risk,0
NB07638,Female,37.2,5.2,121,37,96.4,44.19,33.18,5.23,44.68,33.87,8,9,1,0.2,37.2,8,0,0,0,Healthy,0
NB07639,Male,41.16,5.2,167,41,97.6,54.77,36.28,5.34,55.68,38.0,10,4,1,0.67,37.02,9,0,0,0,Healthy,0
NB07640,Male,33.98,5.2,146,46,92.5,47.33,32.01,5.5,48.75,32.1,9,9,3,2.09,37.12,8,0,0,0,Healthy,0
NB07641,Male,33.45,5.2,165,34,96.8,45.25,31.94,5.5,46.11,31.04,6,11,4,3.58,37.23,8,0,0,0,Healthy,0
NB07642,Male,38.2,5.2,141,50,96.5,51.93,32.72,5.39,52.91,32.39,9,5,0,5.91,36.51,10,0,0,0,Healthy,0
NB07643,Female,37.03,5.2,144,33,94.0,47.26,34.24,5.02,46.34,34.77,10,9,3,5.59,36.41,9,0,0,0,Healthy,0
NB07644,Female,38.02,5.2,147,50,98.8,48.2,36.31,5.16,48.78,36.09,8,8,2,2.83,36.04,8,0,0,0,Healthy,0
NB07645,Female,40.08,5.2,150,33,93.1,49.78,36.58,5.35,50.56,36.29,9,7,4,3.22,36.86,8,0,0,0,Healthy,0
NB07646,Female,36.78,5.2,168,62,98.8,49.64,35.25,5.07,49.23,35.33,9,3,4,0.96,36.45,9,0,0,1,Healthy,0
NB07647,Male,33.88,5.2,148,48,95.5,42.73,27.04,5.23,42.93,28.32,10,4,3,4.96,37.0,6,0,1,6,At Risk,0
NB07648,Female,42.0,5.2,139,50,93.9,51.67,37.49,5.26,53.03,37.0,11,8,3,3.84,37.32,9,0,0,0,Healthy,0
NB07649,Female,35.81,5.2,158,40,94.2,48.2,32.66,5.5,49.28,31.65,10,7,6,2.92,37.22,8,0,0,0,Healthy,0
NB07650,Female,35.67,5.2,148,48,90.1,45.09,33.71,5.2,46.5,34.91,8,8,5,2.36,36.85,8,0,0,0,Healthy,0
NB07651,Male,40.43,5.2,193,29,93.7,50.46,33.81,4.92,50.14,34.29,10,10,2,4.26,36.84,8,0,0,1,Healthy,0
NB07652,Male,37.15,5.2,145,32,91.1,44.42,32.45,5.38,46.14,31.49,10,3,2,4.1,36.8,8,0,0,0,Healthy,0
NB07653,Female,37.86,5.2,162,39,95.9,50.69,35.05,5.44,50.34,34.9,6,10,3,3.89,37.76,9,0,0,0,Healthy,0
NB07654,Female,39.06,5.2,156,57,98.2,49.18,32.95,5.5,47.92,33.4,3,4,1,7.19,36.54,7,0,0,1,Healthy,0
NB07655,Female,40.38,5.2,103,52,96.6,49.55,35.83,5.14,49.63,35.82,5,6,3,4.47,36.84,8,0,0,0,Healthy,0
NB07656,Female,37.27,5.2,127,20,92.5,46.35,33.26,4.96,46.45,33.03,8,6,5,3.2,36.72,8,0,0,3,At Risk,0
NB07657,Male,41.34,5.2,132,32,94.1,51.77,35.85,5.3,51.12,36.03,8,5,4,5.66,36.45,9,0,0,0,Healthy,0
NB07658,Female,33.3,5.2,113,41,96.0,42.21,31.37,5.33,42.8,32.78,6,12,3,0.33,36.63,7,0,0,0,Healthy,0
NB07659,Female,39.67,5.2,133,55,96.2,54.99,33.3,5.35,57.63,33.26,9,7,5,5.14,36.81,9,0,0,0,Healthy,0
NB07660,Female,36.15,5.2,115,44,100.0,43.17,31.34,5.15,43.87,31.08,8,11,2,3.83,36.27,9,0,0,0,Healthy,0
NB07661,Female,41.02,5.2,120,17,97.2,51.42,35.7,5.32,52.48,35.74,7,4,6,3.56,37.54,9,0,0,2,Healthy,0
NB07662,Female,38.31,5.2,144,30,95.5,50.1,32.22,5.25,51.03,31.94,9,7,3,3.15,37.13,9,0,0,0,Healthy,0
NB07663,Female,36.52,5.2,175,49,95.4,46.72,34.61,5.12,46.32,33.64,5,4,2,3.4,37.29,8,0,0,0,Healthy,0
NB07664,Male,39.46,5.2,115,44,93.8,51.34,33.62,5.01,50.49,33.68,8,3,1,2.55,36.73,9,0,0,0,Healthy,0
NB07665,Female,39.97,5.2,118,43,95.0,49.77,36.36,5.17,49.82,36.38,11,8,3,3.02,36.66,9,0,0,0,Healthy,0
NB07666,Female,39.41,5.2,130,53,97.5,53.93,33.48,5.22,54.14,33.14,8,7,5,0.67,36.7,8,0,0,0,Healthy,0
NB07667,Female,35.73,5.2,137,39,92.5,45.32,33.27,5.37,46.82,32.86,10,9,5,2.85,36.49,6,0,1,6,At Risk,0
NB07668,Male,36.94,5.2,112,49,96.4,43.94,30.64,5.22,43.38,30.47,9,13,1,2.99,37.38,9,0,0,0,Healthy,0
NB07669,Male,37.99,5.2,127,58,94.6,46.99,35.91,5.13,47.23,36.93,7,4,7,3.48,37.43,10,0,0,0,Healthy,0
NB07670,Female,37.91,5.2,126,44,100.0,50.29,35.44,5.34,50.49,36.97,5,6,3,2.43,37.05,8,0,0,0,Healthy,0
NB07671,Male,39.65,5.2,146,33,96.0,50.85,34.13,5.22,50.76,34.74,7,8,2,5.27,37.56,10,0,0,0,Healthy,0
NB07672,Male,33.57,5.2,148,38,96.1,47.11,29.46,5.09,47.86,29.41,9,5,4,3.28,37.88,9,0,0,1,Healthy,0
NB07673,Male,38.74,5.2,137,33,92.0,51.27,35.0,5.3,51.7,34.48,10,8,4,3.92,37.63,6,0,1,7,At Risk,0
NB07674,Male,37.36,5.2,133,20,100.0,47.75,31.06,5.36,49.33,31.01,5,6,3,2.32,36.59,10,0,0,2,Healthy,0
NB07675,Female,36.16,5.2,127,34,96.8,46.96,32.56,5.21,47.31,33.77,6,6,2,3.12,35.71,9,0,0,2,Healthy,0
NB07676,Male,36.37,5.2,141,48,99.8,47.36,31.45,5.5,45.62,31.94,8,4,3,4.05,37.13,8,0,0,0,Healthy,0
NB07677,Male,37.53,5.2,122,42,94.4,52.94,33.09,5.48,52.13,33.65,6,8,3,5.19,36.99,10,0,0,0,Healthy,0
NB07678,Female,30.08,5.2,168,56,95.0,43.85,27.29,5.33,43.52,27.08,11,8,2,4.74,36.85,9,0,0,3,At Risk,0
NB07679,Female,36.46,5.2,113,43,90.2,51.99,31.52,5.16,49.72,31.84,8,6,5,1.85,36.7,7,0,0,1,Healthy,0
NB07680,Female,36.07,5.2,128,51,100.0,49.55,35.01,4.87,48.68,35.57,9,9,5,3.22,37.41,9,0,0,0,Healthy,0
NB07681,Female,39.17,5.2,156,24,96.3,50.53,35.79,4.99,51.71,35.74,6,6,6,4.03,36.1,7,0,0,2,Healthy,0
NB07682,Male,36.23,5.2,133,38,100.0,45.97,30.34,5.41,44.64,29.54,9,13,3,1.26,37.49,8,0,0,0,Healthy,0
NB07683,Female,37.53,5.2,152,39,93.8,49.58,32.16,5.05,50.28,32.14,6,10,3,1.61,37.58,9,0,0,0,Healthy,0
NB07684,Female,41.39,5.2,171,34,96.7,52.53,37.46,5.31,51.44,36.52,9,9,4,3.05,36.87,10,0,0,0,Healthy,0
NB07685,Male,40.19,5.2,155,57,98.5,51.38,36.78,5.05,51.56,37.32,11,3,3,1.92,36.93,9,0,0,0,Healthy,0
NB07686,Male,39.98,5.2,118,23,96.2,50.97,33.11,5.19,51.16,32.94,10,7,3,7.33,36.27,8,0,0,2,Healthy,0
NB07687,Male,36.9,5.2,119,41,93.8,44.51,34.08,5.13,44.96,34.59,8,5,4,2.17,37.25,6,0,1,6,At Risk,0
NB07688,Female,39.19,5.2,137,53,93.3,53.2,35.03,5.4,51.95,35.14,6,6,2,4.78,37.37,8,0,0,0,Healthy,0
NB07689,Female,37.49,5.2,148,50,93.8,49.04,30.53,5.41,50.24,31.58,7,8,2,4.34,37.14,10,0,0,0,Healthy,0
NB07690,Male,37.57,5.2,162,38,100.0,46.38,32.89,4.91,46.13,33.38,9,6,6,4.03,36.24,10,0,0,0,Healthy,0
NB07691,Female,38.9,5.2,126,33,92.8,51.37,34.23,5.5,50.66,35.18,8,6,5,1.42,36.08,7,0,0,0,Healthy,0
NB07692,Male,36.69,5.2,131,53,88.0,46.71,32.95,5.18,47.37,33.48,10,10,0,3.54,36.69,10,1,0,5,At Risk,0
NB07693,Male,41.28,5.2,135,37,95.1,53.68,34.12,5.45,53.86,33.69,8,5,2,8.0,36.84,10,0,0,0,Healthy,0
NB07694,Male,37.65,5.2,135,34,95.1,51.05,32.41,5.49,50.53,31.78,9,7,5,3.73,37.26,8,0,0,0,Healthy,0
NB07695,Female,39.36,5.2,167,52,93.9,52.86,33.82,5.12,52.65,34.54,8,5,2,3.06,36.69,10,0,0,0,Healthy,0
NB07696,Male,41.2,5.2,138,45,92.8,52.16,35.24,5.5,49.51,35.52,9,5,3,2.47,37.28,8,0,0,0,Healthy,0
NB07697,Female,40.27,5.2,143,38,94.0,50.82,34.61,4.87,50.82,34.05,7,6,2,1.73,37.31,10,0,0,0,Healthy,0
NB07698,Male,34.9,5.2,156,45,90.4,45.56,31.43,5.02,45.34,31.44,5,10,4,4.13,37.01,6,0,1,6,At Risk,0
NB07699,Male,38.98,5.2,169,46,100.0,49.04,34.95,5.15,48.78,34.9,10,4,1,4.61,37.19,7,0,0,0,Healthy,0
NB07700,Female,39.87,5.2,139,41,95.9,51.25,37.77,5.02,50.69,38.63,8,7,2,5.25,36.61,10,0,0,0,Healthy,0
NB07701,Male,39.96,5.2,163,44,95.4,50.95,36.48,4.94,51.76,36.48,11,7,4,1.67,36.29,9,0,0,0,Healthy,0
NB07702,Male,35.55,5.2,173,20,98.7,45.75,34.06,5.44,46.37,34.42,8,3,7,3.24,36.54,10,0,0,2,Healthy,0
NB07703,Female,36.55,5.2,138,41,100.0,46.01,32.07,5.14,46.49,32.01,8,5,2,4.32,36.43,10,0,0,0,Healthy,0
NB07704,Female,40.19,5.2,130,36,93.6,51.35,33.83,5.25,50.5,33.53,11,9,3,0.2,37.34,7,0,0,0,Healthy,0
NB07705,Male,36.32,5.2,179,34,96.1,47.22,33.83,5.37,46.77,34.64,7,8,8,4.08,37.19,9,0,0,0,Healthy,0
NB07706,Male,37.34,5.2,160,35,97.8,46.72,33.31,5.45,44.12,33.1,7,8,0,0.77,35.89,9,0,0,2,Healthy,0
NB07707,Male,41.47,5.2,140,37,97.4,54.38,37.32,5.5,55.0,37.92,9,8,3,1.52,36.88,10,0,0,0,Healthy,0
NB07708,Female,37.89,5.2,152,39,98.2,53.05,32.4,5.06,54.58,33.38,6,12,1,4.07,36.0,7,0,0,2,Healthy,0
NB07709,Male,36.4,5.2,121,44,98.2,50.09,33.65,5.5,48.21,34.08,12,7,2,1.28,36.31,6,0,1,7,At Risk,0
NB07710,Female,36.07,5.2,160,35,93.6,46.42,32.19,5.26,47.61,31.95,7,4,4,1.35,37.17,9,0,0,0,Healthy,0
NB07711,Male,38.73,5.2,108,47,99.2,50.16,33.62,5.26,51.53,32.93,8,4,3,6.72,36.02,10,0,0,0,Healthy,0
NB07712,Female,35.07,5.2,159,49,94.6,50.04,31.2,5.17,49.34,32.9,11,6,4,0.61,36.19,9,0,0,0,Healthy,0
NB07713,Female,37.46,5.2,127,49,96.0,46.76,34.15,5.29,49.59,34.86,8,6,4,5.55,36.34,7,0,0,0,Healthy,0
NB07714,Male,38.73,5.2,110,51,97.2,51.82,35.47,5.5,51.09,35.97,6,6,1,4.21,36.09,8,0,0,0,Healthy,0
NB07715,Male,40.86,5.2,104,36,92.5,49.28,35.25,5.36,49.0,36.63,10,9,1,4.5,36.16,8,0,0,0,Healthy,0
NB07716,Male,39.47,5.2,131,39,96.5,54.29,35.34,5.45,54.24,36.29,10,11,4,6.89,36.77,6,0,1,6,At Risk,0
NB07717,Female,36.43,5.2,153,44,97.2,47.33,33.21,5.06,48.05,33.87,6,7,0,2.67,36.04,8,0,0,0,Healthy,0
NB07718,Male,40.59,5.2,115,38,88.4,56.39,36.72,5.14,55.75,36.91,7,4,2,5.32,36.69,7,1,0,4,At Risk,0
NB07719,Male,37.34,5.2,118,30,99.9,52.46,34.82,5.25,52.17,34.91,6,8,3,0.2,36.8,8,0,0,0,Healthy,0
NB07720,Male,35.28,5.2,131,37,92.1,46.94,34.61,5.33,45.79,35.65,1,6,4,5.47,37.14,10,0,0,1,Healthy,0
NB07721,Male,37.62,5.2,155,58,96.0,47.82,32.84,5.3,48.13,32.25,12,7,3,2.73,37.22,10,0,0,0,Healthy,0
NB07722,Male,41.16,5.2,157,35,100.0,52.84,38.2,5.5,54.38,38.95,5,6,5,3.36,36.18,9,0,0,0,Healthy,0
NB07723,Female,38.36,5.2,143,34,97.3,49.57,34.23,5.1,49.56,33.25,6,6,2,2.64,36.2,8,0,0,0,Healthy,0
NB07724,Male,38.03,5.2,158,37,98.6,48.82,32.18,5.32,49.71,31.55,9,3,4,2.8,36.18,10,0,0,0,Healthy,0
NB07725,Male,41.6,5.2,152,48,98.9,49.53,35.35,5.33,49.37,35.46,9,7,2,0.2,37.16,7,0,0,0,Healthy,0
NB07726,Male,34.85,5.2,132,45,93.3,45.74,32.29,5.15,47.45,33.37,9,6,4,5.34,36.96,7,0,0,0,Healthy,0
NB07727,Male,35.17,5.2,156,49,91.4,44.83,32.91,5.22,45.1,33.07,9,5,3,3.32,36.64,8,0,0,0,Healthy,0
NB07728,Male,34.45,5.2,117,67,96.5,47.5,29.79,5.1,46.64,29.79,11,3,3,0.2,36.26,10,0,0,1,Healthy,0
NB07729,Male,38.82,5.2,149,50,97.5,52.32,33.23,5.29,52.62,32.94,7,9,4,4.05,36.87,7,0,0,1,Healthy,0
NB07730,Male,38.37,5.2,119,51,98.9,51.41,33.26,4.97,51.4,34.09,12,4,4,1.08,37.42,9,0,0,0,Healthy,0
NB07731,Female,41.39,5.2,143,71,97.7,53.34,34.88,5.5,53.3,35.24,7,7,1,5.47,37.39,7,0,0,2,Healthy,0
NB07732,Male,38.54,5.2,162,47,93.3,48.38,31.35,5.18,48.97,31.46,5,8,7,4.66,36.14,10,0,0,0,Healthy,0
NB07733,Female,37.11,5.2,144,38,98.1,49.21,29.85,5.09,47.85,30.97,7,3,0,0.21,37.28,9,0,0,0,Healthy,0
NB07734,Male,38.0,5.2,140,39,87.6,51.19,33.23,4.88,51.2,32.49,9,6,1,3.89,36.13,10,1,0,4,At Risk,0
NB07735,Male,38.26,5.2,144,53,99.5,48.66,34.36,5.16,49.94,35.42,11,9,5,1.45,36.62,8,0,0,1,Healthy,0
NB07736,Female,34.32,5.2,152,29,91.9,46.53,32.21,5.18,48.03,31.49,9,6,5,3.81,36.57,10,0,0,0,Healthy,0
NB07737,Male,42.0,5.2,178,23,91.8,52.91,34.56,5.29,52.38,34.27,6,2,4,4.09,36.92,6,0,1,10,High Risk,1
NB07738,Male,39.14,5.2,152,34,100.0,53.95,32.58,5.19,52.51,33.18,6,8,3,3.43,36.35,7,0,0,0,Healthy,0
NB07739,Female,38.46,5.2,131,50,95.2,51.72,33.33,5.5,53.42,33.87,7,6,3,4.75,36.85,8,0,0,1,Healthy,0
NB07740,Male,39.35,5.2,136,48,94.1,52.04,34.75,4.98,51.33,35.21,9,7,3,7.95,36.31,7,0,0,0,Healthy,0
NB07741,Male,39.56,5.2,124,40,91.0,47.57,36.41,5.35,47.35,36.38,10,6,3,3.95,36.88,8,0,0,0,Healthy,0
NB07742,Female,37.69,5.2,118,53,96.5,49.67,34.66,5.31,49.04,35.44,8,9,2,6.37,36.21,10,0,0,0,Healthy,0
NB07743,Female,36.61,5.2,96,48,97.8,48.04,32.28,4.96,48.16,32.82,5,11,3,4.98,36.62,8,1,1,5,At Risk,0
NB07744,Male,39.32,5.2,132,45,93.8,50.46,35.26,5.16,50.07,36.19,11,11,4,4.69,36.8,8,0,0,0,Healthy,0
NB07745,Female,38.85,5.2,115,42,87.5,47.24,33.13,5.5,48.28,33.19,7,10,3,3.59,36.69,10,1,0,4,At Risk,0
NB07746,Female,36.22,5.2,142,51,100.0,45.82,32.66,5.13,46.72,33.16,11,7,4,2.6,37.18,7,0,0,0,Healthy,0
NB07747,Male,41.12,5.2,131,50,94.0,52.27,35.89,5.5,51.17,36.89,7,7,3,4.01,35.78,8,0,0,2,Healthy,0
NB07748,Male,38.65,5.2,120,39,93.9,52.41,36.36,5.21,51.08,37.62,8,2,2,4.72,36.88,7,0,0,1,Healthy,0
NB07749,Female,39.61,5.2,102,50,94.9,49.86,35.66,5.24,48.92,35.47,9,9,3,1.15,36.43,9,0,0,0,Healthy,0
NB07750,Female,41.06,5.2,134,35,92.2,51.56,34.79,5.16,51.1,34.23,10,6,5,2.07,37.07,8,0,0,1,Healthy,0
NB07751,Male,38.05,5.2,108,44,99.5,53.21,32.69,5.03,53.99,32.24,12,3,4,2.65,36.81,6,0,1,6,At Risk,0
NB07752,Male,38.7,5.2,153,46,97.5,49.63,33.79,4.99,50.15,33.18,7,10,5,4.28,37.29,8,0,0,0,Healthy,0
NB07753,Male,39.78,5.2,145,39,96.7,50.95,32.7,5.11,52.73,34.71,8,9,3,5.96,36.7,8,0,0,0,Healthy,0
NB07754,Female,36.41,5.2,136,43,100.0,47.93,32.34,5.38,47.46,33.79,6,11,4,1.81,37.36,8,0,0,0,Healthy,0
NB07755,Female,38.12,5.2,166,48,92.6,47.02,33.67,5.34,46.13,33.9,6,5,4,2.17,36.87,7,0,0,0,Healthy,0
NB07756,Female,38.28,5.2,140,31,99.5,50.99,34.69,5.16,51.16,34.3,8,3,2,1.44,36.22,9,0,0,0,Healthy,0
NB07757,Male,35.9,5.2,147,44,87.2,46.4,33.25,5.5,44.86,33.31,10,11,1,1.94,36.43,9,1,0,4,At Risk,0
NB07758,Female,42.0,5.2,152,64,97.3,53.14,36.75,5.06,53.43,37.01,7,5,1,2.95,36.54,8,0,0,0,Healthy,0
NB07759,Male,34.9,5.2,131,34,100.0,47.7,29.19,5.32,47.32,28.32,10,7,4,4.25,36.85,8,0,0,0,Healthy,0
NB07760,Female,35.14,5.2,131,52,91.3,50.91,29.97,4.97,53.07,30.17,7,11,6,3.36,37.2,7,0,0,0,Healthy,0
NB07761,Female,40.89,5.2,141,41,100.0,49.57,34.92,5.29,49.55,35.36,10,4,2,3.18,37.07,8,0,0,0,Healthy,0
NB07762,Male,39.57,5.2,116,54,90.2,52.74,35.88,5.33,54.96,35.55,3,6,2,5.49,37.1,10,0,0,2,Healthy,0
NB07763,Female,35.74,5.2,172,35,100.0,49.31,33.15,5.19,49.93,33.16,7,5,7,2.91,36.46,8,0,0,0,Healthy,0
NB07764,Male,39.34,5.2,143,42,93.4,49.53,34.36,5.24,50.47,34.97,10,7,0,3.14,37.2,9,0,0,0,Healthy,0
NB07765,Male,41.23,5.2,136,64,92.4,53.71,39.6,5.13,54.33,39.81,9,7,5,3.67,36.85,9,0,0,0,Healthy,0
NB07766,Male,37.93,5.2,178,40,93.1,52.83,36.1,5.42,51.49,35.81,8,5,4,3.34,37.16,7,0,0,0,Healthy,0
NB07767,Female,42.0,5.2,120,48,95.1,51.67,38.46,5.4,53.24,38.65,9,6,3,3.14,36.14,8,0,0,1,Healthy,0
NB07768,Male,34.21,5.2,168,48,94.5,46.67,32.2,5.32,47.66,33.24,9,8,3,1.86,37.0,9,0,0,0,Healthy,0
NB07769,Male,39.53,5.2,155,22,94.8,51.78,35.56,5.37,52.06,36.62,8,9,3,1.27,36.53,8,0,0,3,At Risk,0
NB07770,Male,40.57,5.2,160,46,96.1,52.98,36.17,5.34,51.78,35.69,7,8,3,3.88,36.23,7,0,0,0,Healthy,0
NB07771,Female,39.96,5.2,137,30,95.8,52.9,32.47,5.15,51.41,33.47,10,8,4,2.01,37.09,6,0,1,6,At Risk,0
NB07772,Male,37.55,5.2,141,48,95.0,49.53,31.91,5.3,49.46,31.92,10,3,0,2.15,36.61,9,0,0,0,Healthy,0
NB07773,Female,37.36,5.2,134,43,93.5,50.05,33.02,5.38,51.13,33.4,10,10,3,2.11,37.04,8,0,0,0,Healthy,0
NB07774,Female,38.98,5.2,158,31,96.5,48.66,34.68,5.19,48.94,35.3,12,8,4,4.42,36.36,7,0,0,0,Healthy,0
NB07775,Female,39.79,5.2,147,30,96.3,51.54,34.87,5.34,52.07,34.1,9,10,1,1.77,37.71,8,0,0,0,Healthy,0
NB07776,Female,39.33,5.2,130,41,96.2,49.84,35.14,4.97,51.55,35.45,12,8,4,0.45,36.75,9,0,0,0,Healthy,0
NB07777,Female,40.29,5.2,131,67,95.0,49.2,32.25,4.99,50.26,33.14,11,9,3,3.13,36.59,8,0,0,1,Healthy,0
NB07778,Male,35.76,5.2,140,58,92.6,46.56,32.99,5.25,47.45,33.22,11,4,2,2.35,37.25,10,0,0,1,Healthy,0
NB07779,Female,37.5,5.2,134,46,95.3,49.69,33.54,5.17,50.58,33.86,9,14,2,2.86,36.76,10,0,0,0,Healthy,0
NB07780,Male,35.93,5.2,166,47,94.0,48.61,32.07,5.45,49.24,32.75,10,8,1,4.04,38.22,8,0,0,2,Healthy,0
NB07781,Male,37.15,5.2,155,48,87.8,46.3,34.6,5.19,47.1,34.56,11,9,1,4.57,37.32,9,1,0,4,At Risk,0
NB07782,Female,40.23,5.2,155,37,98.5,49.73,33.8,5.46,50.44,33.95,6,8,1,1.48,36.59,6,0,1,6,At Risk,0
NB07783,Male,38.24,5.2,144,35,95.9,51.26,33.61,5.22,52.03,33.95,8,5,3,1.68,36.83,9,0,0,0,Healthy,0
NB07784,Female,42.0,5.2,125,51,94.9,54.22,37.03,5.3,57.98,37.43,9,5,4,0.65,36.83,9,0,0,0,Healthy,0
NB07785,Male,38.43,5.2,153,36,96.8,51.76,32.82,5.15,51.85,32.62,10,7,6,2.87,36.33,6,0,1,6,At Risk,0
NB07786,Female,38.13,5.2,102,56,92.4,52.45,30.89,5.21,50.41,31.66,9,5,3,5.05,37.38,8,0,0,0,Healthy,0
NB07787,Male,38.23,5.2,143,28,99.8,50.89,32.23,5.08,50.01,31.94,10,11,1,2.85,36.61,6,0,1,6,At Risk,0
NB07788,Female,36.6,5.2,125,33,99.2,47.51,32.72,5.02,48.83,32.43,9,8,4,2.69,36.69,10,0,0,0,Healthy,0
NB07789,Male,37.87,5.2,124,56,90.9,49.72,33.34,5.42,50.31,33.47,9,10,3,0.77,36.9,7,0,0,1,Healthy,0
NB07790,Female,40.48,5.2,132,39,92.8,55.15,35.51,5.45,55.07,36.15,5,9,4,3.23,36.39,6,0,1,6,At Risk,0
NB07791,Male,38.25,5.2,138,41,97.4,55.35,32.99,5.42,55.98,32.45,7,5,4,0.2,36.9,7,0,0,0,Healthy,0
NB07792,Female,36.25,5.2,140,48,95.9,48.96,30.61,5.45,50.09,30.57,10,8,2,3.87,36.57,8,0,0,0,Healthy,0
NB07793,Male,35.96,5.2,154,54,94.9,48.84,32.58,5.27,49.59,32.13,8,9,4,7.37,36.59,8,0,0,0,Healthy,0
NB07794,Female,37.01,5.2,137,48,96.5,50.16,32.86,5.14,51.79,32.74,5,7,4,1.4,36.73,7,0,0,0,Healthy,0
NB07795,Male,38.16,5.2,138,45,88.4,49.79,34.87,5.09,51.88,34.53,7,5,1,3.58,36.47,8,1,0,4,At Risk,0
NB07796,Male,40.63,5.2,115,50,91.8,54.29,34.52,4.88,55.42,34.66,12,6,3,2.52,36.1,7,0,0,0,Healthy,0
NB07797,Female,35.05,5.2,117,46,92.9,48.96,28.7,5.34,49.1,27.79,5,8,3,6.59,36.88,9,0,0,0,Healthy,0
NB07798,Male,37.3,5.2,145,53,97.7,49.68,29.4,5.26,51.23,29.89,3,9,4,0.2,35.77,9,0,0,4,At Risk,0
NB07799,Female,38.32,5.2,151,71,87.5,49.25,33.42,5.31,48.71,34.05,10,4,7,3.65,35.79,8,1,0,7,At Risk,0
NB07800,Female,33.97,5.2,135,47,95.6,42.93,31.17,5.35,41.96,30.53,8,5,3,2.14,36.82,8,0,0,0,Healthy,0
NB07801,Male,36.17,5.2,157,33,93.7,49.41,32.17,5.5,48.44,32.31,9,9,5,5.24,36.72,8,0,0,0,Healthy,0
NB07802,Female,36.5,5.2,115,52,97.3,48.68,31.91,5.16,48.63,32.68,10,4,1,0.63,36.92,7,0,0,0,Healthy,0
NB07803,Female,36.25,5.2,147,41,97.8,46.55,30.19,5.33,45.67,29.46,5,7,4,3.31,37.1,10,0,0,0,Healthy,0
NB07804,Female,38.42,5.2,125,45,100.0,47.72,31.26,5.13,48.25,32.47,10,7,3,6.31,35.91,8,0,0,3,At Risk,0
NB07805,Female,37.65,5.2,123,46,90.9,50.6,34.1,4.89,51.44,34.4,4,9,3,1.81,36.52,10,0,0,0,Healthy,0
NB07806,Female,36.78,5.2,126,36,92.1,45.3,32.6,5.19,47.34,32.3,9,8,1,4.76,36.6,10,0,0,0,Healthy,0
NB07807,Male,38.94,5.2,139,38,95.2,51.05,33.91,5.5,50.9,33.67,10,7,5,2.99,36.94,6,0,1,6,At Risk,0
NB07808,Female,41.79,5.2,148,19,99.9,54.7,34.14,5.19,56.04,34.36,8,7,4,0.44,36.9,9,0,0,2,Healthy,0
NB07809,Female,41.61,5.2,147,41,96.5,53.95,34.88,5.05,54.41,34.9,5,8,3,0.48,36.62,8,0,0,0,Healthy,0
NB07810,Male,33.77,5.2,135,48,95.4,45.01,30.91,5.31,45.92,31.39,8,7,2,3.0,36.82,9,0,0,0,Healthy,0
NB07811,Male,39.27,5.2,151,42,99.3,48.24,35.12,5.41,50.31,34.9,11,10,4,4.46,36.68,8,0,0,0,Healthy,0
NB07812,Male,37.61,5.2,170,37,93.6,50.42,33.28,5.33,51.44,33.05,9,9,4,5.84,36.39,7,0,0,1,Healthy,0
NB07813,Female,38.34,5.2,138,46,99.1,52.31,36.11,5.5,51.75,36.36,7,7,3,4.9,36.82,9,0,0,0,Healthy,0
NB07814,Female,37.12,5.2,142,33,100.0,47.67,32.32,5.04,46.75,32.02,8,10,3,2.89,35.84,7,0,0,2,Healthy,0
NB07815,Male,38.26,5.2,129,31,94.5,50.85,35.91,5.5,49.59,35.84,10,13,3,1.99,36.91,10,0,0,0,Healthy,0
NB07816,Male,38.33,5.2,133,47,89.6,53.06,34.36,4.82,51.5,35.01,11,9,1,3.2,37.44,8,1,0,4,At Risk,0
NB07817,Female,36.73,5.2,162,48,95.5,49.13,33.07,4.82,48.9,32.16,4,6,1,2.23,36.64,9,0,0,0,Healthy,0
NB07818,Female,36.03,5.2,163,47,100.0,47.03,33.82,4.94,47.44,34.05,10,4,2,0.2,37.73,9,0,0,0,Healthy,0
NB07819,Male,37.01,5.2,136,39,96.7,50.79,32.17,5.33,51.02,32.66,10,6,1,2.95,37.07,9,0,0,0,Healthy,0
NB07820,Female,38.52,5.2,149,53,90.2,48.59,33.67,4.93,48.17,34.49,6,7,3,3.24,37.46,9,0,0,1,Healthy,0
NB07821,Male,39.32,5.2,157,31,99.4,48.19,32.89,5.1,46.52,33.05,9,13,5,1.73,36.97,9,0,0,0,Healthy,0
NB07822,Male,39.88,5.2,132,39,97.8,52.91,36.52,5.15,54.42,36.55,7,6,3,0.2,37.05,8,0,0,0,Healthy,0
NB07823,Male,36.91,5.2,116,49,98.5,47.81,33.54,5.38,47.31,32.92,6,11,2,3.27,36.86,8,0,0,0,Healthy,0
NB07824,Female,38.62,5.2,152,51,99.0,49.53,35.88,5.49,50.25,35.72,8,8,2,3.36,36.09,9,0,0,0,Healthy,0
NB07825,Female,40.12,5.2,156,34,93.1,50.25,35.59,5.41,49.43,36.29,5,6,2,1.73,35.92,9,0,0,2,Healthy,0
NB07826,Male,40.56,5.2,153,63,98.7,50.96,37.25,4.94,49.54,36.74,8,4,5,6.53,36.69,7,0,0,0,Healthy,0
NB07827,Male,37.87,5.2,133,41,92.7,52.29,32.59,5.27,52.02,31.45,7,7,1,3.14,36.53,8,0,0,0,Healthy,0
NB07828,Male,37.51,5.2,167,43,90.9,52.49,34.94,5.16,53.25,35.78,7,5,3,1.74,36.54,6,0,1,6,At Risk,0
NB07829,Female,38.42,5.2,145,52,92.1,53.57,33.5,5.2,52.08,33.44,7,5,2,5.18,36.23,8,0,0,0,Healthy,0
NB07830,Female,35.47,5.2,119,58,97.4,49.5,32.03,5.22,49.39,32.7,8,4,3,1.52,37.3,8,0,0,0,Healthy,0
NB07831,Female,37.57,5.2,111,43,93.6,50.15,34.59,5.14,50.23,34.08,7,6,2,4.8,36.34,8,0,0,0,Healthy,0
NB07832,Female,39.64,5.2,135,54,100.0,48.21,38.44,5.08,47.99,38.52,3,5,3,4.4,36.31,8,0,0,1,Healthy,0
NB07833,Female,39.41,5.2,144,37,98.9,50.5,36.02,5.14,49.45,35.8,12,7,1,1.26,36.82,9,0,0,0,Healthy,0
NB07834,Female,37.41,5.2,135,59,97.4,53.38,34.76,5.09,53.43,35.09,11,7,1,5.56,37.29,10,0,0,0,Healthy,0
NB07835,Female,38.48,5.2,176,42,99.8,49.16,33.32,5.43,48.66,33.5,9,5,3,2.71,37.18,8,0,0,0,Healthy,0
NB07836,Female,36.19,5.2,147,45,90.9,51.0,32.77,5.22,49.74,33.29,7,6,2,2.34,36.51,8,0,0,0,Healthy,0
NB07837,Female,39.55,5.2,122,39,98.3,51.1,34.74,5.43,52.48,34.71,10,7,3,1.96,36.7,9,0,0,1,Healthy,0
NB07838,Male,37.83,5.2,99,44,97.0,44.09,35.79,5.45,45.27,36.52,5,8,3,1.06,37.54,7,1,1,5,At Risk,0
NB07839,Female,37.39,5.2,144,35,90.5,50.33,33.16,5.5,49.9,32.83,10,9,4,3.85,37.3,10,0,0,0,Healthy,0
NB07840,Female,37.2,5.2,158,41,92.5,51.42,35.24,4.98,51.02,35.88,7,6,2,3.6,37.19,8,0,0,0,Healthy,0
NB07841,Female,37.86,5.2,174,42,94.4,49.38,31.75,5.28,49.48,32.6,5,7,2,1.5,36.97,7,0,0,1,Healthy,0
NB07842,Female,37.01,5.2,136,31,94.3,51.18,35.21,4.98,52.23,35.47,10,4,5,2.67,36.85,7,0,0,0,Healthy,0
NB07843,Female,39.45,5.2,171,36,94.9,47.57,33.52,5.5,49.08,33.1,9,6,4,0.37,37.7,7,0,0,0,Healthy,0
NB07844,Male,37.13,5.2,116,21,92.8,46.05,34.47,5.35,44.78,33.42,7,4,4,4.87,37.31,10,0,0,3,At Risk,0
NB07845,Female,41.5,5.2,134,30,100.0,53.16,34.96,5.14,54.31,34.91,8,8,3,2.04,36.85,9,0,0,0,Healthy,0
NB07846,Male,41.22,5.2,122,42,90.7,53.46,36.98,5.17,53.77,36.43,6,4,5,2.0,37.13,10,0,0,1,Healthy,0
NB07847,Male,36.04,5.2,154,52,90.8,50.55,30.98,5.4,50.58,30.76,9,8,3,3.99,36.69,4,0,1,6,At Risk,0
NB07848,Female,38.15,5.2,117,38,91.7,51.02,35.46,5.16,50.01,36.89,9,5,4,1.57,36.08,10,0,0,0,Healthy,0
NB07849,Female,36.57,5.2,147,42,92.8,45.92,34.07,4.96,45.97,34.03,9,13,4,4.82,36.34,5,0,1,7,At Risk,0
NB07850,Female,37.28,5.2,118,54,92.5,49.38,32.4,5.32,49.46,31.64,4,9,5,3.61,36.59,7,0,0,0,Healthy,0
NB07851,Male,42.0,5.2,172,50,100.0,54.4,37.47,5.48,54.25,37.21,8,8,5,2.88,36.56,8,0,0,0,Healthy,0
NB07852,Female,37.32,5.2,133,50,92.7,45.24,34.75,5.22,45.27,35.43,6,7,2,0.2,36.47,7,0,0,0,Healthy,0
NB07853,Male,38.79,5.2,147,43,94.6,50.23,32.97,5.38,51.5,33.22,10,10,3,7.86,36.5,7,0,0,0,Healthy,0
NB07854,Female,39.19,5.2,108,37,90.6,50.0,33.08,5.11,50.51,33.6,8,7,3,0.2,37.39,9,0,0,0,Healthy,0
NB07855,Female,35.8,5.2,113,46,93.4,46.31,30.65,5.26,47.47,31.87,12,5,2,1.08,37.62,10,0,0,0,Healthy,0
NB07856,Female,36.12,5.2,126,55,97.1,48.9,30.66,5.25,47.68,30.72,7,9,3,3.88,37.39,10,0,0,0,Healthy,0
NB07857,Female,35.35,5.2,155,60,97.4,44.91,30.33,5.16,44.76,31.33,5,7,1,2.7,35.83,9,0,0,2,Healthy,0
NB07858,Female,36.05,5.2,152,66,98.4,48.68,33.82,5.04,48.38,34.33,6,3,3,6.59,37.29,9,0,0,1,Healthy,0
NB07859,Female,31.73,5.2,160,57,91.5,45.08,30.25,5.08,45.84,29.99,8,5,0,4.17,37.13,6,0,1,9,High Risk,0
NB07860,Female,39.2,5.2,113,42,92.6,52.85,32.09,5.09,53.28,33.05,6,10,4,1.56,36.78,8,0,0,0,Healthy,0
NB07861,Female,42.0,5.2,149,30,97.9,50.95,35.83,5.14,51.92,36.07,3,6,1,6.29,36.58,7,0,0,1,Healthy,0
NB07862,Male,38.33,5.2,130,48,94.9,46.88,32.29,5.2,48.69,33.19,9,9,1,3.99,36.66,10,0,0,0,Healthy,0
NB07863,Male,34.88,5.2,125,53,94.8,47.35,32.91,5.26,47.78,32.9,12,4,4,3.8,37.25,10,0,0,0,Healthy,0
NB07864,Female,36.59,5.2,130,16,97.1,47.75,32.14,5.26,47.92,31.13,11,10,3,3.85,36.97,7,0,0,2,Healthy,0
NB07865,Female,36.99,5.2,138,27,98.5,54.5,30.78,5.21,54.44,29.56,7,2,2,6.1,37.35,6,0,1,7,At Risk,0
NB07866,Male,35.76,5.2,152,37,92.6,48.5,32.49,5.23,46.96,32.91,7,3,2,3.73,37.17,10,0,0,0,Healthy,0
NB07867,Female,39.89,5.2,160,34,94.6,51.42,36.03,5.06,50.37,35.82,8,3,2,2.22,37.45,10,0,0,0,Healthy,0
NB07868,Female,39.78,5.2,149,26,94.6,50.86,33.62,5.27,49.44,32.62,10,8,5,3.02,37.09,7,0,0,0,Healthy,0
NB07869,Male,35.46,5.2,151,46,91.6,44.88,31.62,4.92,44.54,32.03,7,8,3,1.59,36.29,7,0,0,0,Healthy,0
NB07870,Male,39.6,5.2,173,54,96.0,52.16,33.56,5.03,51.97,34.15,8,5,4,4.82,36.08,8,0,0,0,Healthy,0
NB07871,Male,41.36,5.2,153,40,93.1,52.46,38.02,5.02,54.39,38.17,12,2,1,0.2,37.09,9,0,0,1,Healthy,0
NB07872,Female,42.0,5.2,136,25,95.0,53.04,35.95,5.12,53.34,35.97,8,10,5,5.39,37.07,10,0,0,0,Healthy,0
NB07873,Male,42.0,5.2,150,44,97.3,53.39,35.52,5.29,53.74,36.08,11,8,2,1.36,36.52,7,0,0,0,Healthy,0
NB07874,Male,36.02,5.2,171,31,95.9,48.26,32.33,5.26,47.71,32.33,9,8,1,2.53,36.91,10,0,0,0,Healthy,0
NB07875,Male,42.0,5.2,124,32,91.9,49.72,36.29,5.28,49.78,36.18,8,8,2,1.68,36.6,7,0,0,0,Healthy,0
NB07876,Male,37.22,5.2,132,52,95.7,50.57,34.29,5.39,48.57,33.69,8,3,4,1.5,36.58,8,0,0,1,Healthy,0
NB07877,Male,36.7,5.2,166,54,95.5,46.73,34.71,5.27,47.57,34.0,5,6,4,3.89,36.16,8,0,0,0,Healthy,0
NB07878,Male,38.72,5.2,135,39,93.0,49.97,36.14,5.03,49.76,36.26,9,5,1,4.46,36.82,8,0,0,0,Healthy,0
NB07879,Male,36.72,5.2,154,49,92.0,51.02,32.33,5.24,50.0,31.95,9,5,3,4.09,36.57,10,0,0,0,Healthy,0
NB07880,Male,38.88,5.2,163,31,95.5,53.95,34.87,5.04,53.98,35.99,6,5,2,0.2,36.97,5,0,1,7,At Risk,0
NB07881,Male,35.1,5.2,117,47,90.1,43.59,34.0,5.16,44.45,34.15,10,7,2,4.31,36.01,9,0,0,0,Healthy,0
NB07882,Female,37.47,5.2,133,38,91.3,49.19,35.72,5.31,50.16,35.17,8,9,7,1.54,37.07,10,0,0,0,Healthy,0
NB07883,Female,40.83,5.2,162,29,90.5,52.69,34.47,5.2,54.69,34.72,7,7,2,5.47,36.57,6,0,1,6,At Risk,0
NB07884,Male,37.87,5.2,138,33,90.8,46.47,34.6,5.36,46.55,34.63,11,8,5,5.56,36.32,8,0,0,0,Healthy,0
NB07885,Female,38.31,5.2,104,46,93.3,51.49,34.65,5.23,50.54,35.01,5,10,3,1.82,36.6,9,0,0,0,Healthy,0
NB07886,Female,39.05,5.2,131,27,98.7,50.77,35.92,4.93,51.32,36.28,9,8,3,0.2,36.08,10,0,0,0,Healthy,0
NB07887,Female,40.58,5.2,154,39,97.2,52.31,37.47,5.15,53.48,37.12,9,9,5,2.97,36.67,9,0,0,0,Healthy,0
NB07888,Male,34.36,5.2,163,53,98.9,44.49,29.69,5.36,45.18,29.95,9,4,5,2.68,36.86,7,0,0,1,Healthy,0
NB07889,Female,39.29,5.2,141,37,92.9,51.58,33.66,5.32,51.92,34.97,7,6,3,4.22,36.83,9,0,0,0,Healthy,0
NB07890,Male,37.41,5.2,149,27,88.0,50.75,34.75,5.02,51.68,34.4,12,3,5,3.72,37.01,7,1,0,4,At Risk,0
NB07891,Female,38.37,5.2,133,39,92.9,50.18,34.28,5.14,50.04,34.13,9,6,3,4.32,36.54,9,0,0,0,Healthy,0
NB07892,Female,40.33,5.2,156,49,98.9,50.67,32.09,5.27,50.94,31.42,6,1,3,2.52,37.15,6,0,1,7,At Risk,0
NB07893,Female,35.37,5.2,166,29,93.6,46.36,29.46,5.13,46.83,30.32,7,9,4,5.55,36.92,8,0,0,0,Healthy,0
NB07894,Female,35.77,5.2,154,54,94.9,48.04,33.23,5.16,45.59,33.29,4,9,4,4.17,37.17,8,0,0,0,Healthy,0
NB07895,Female,33.74,5.2,138,50,94.2,45.87,32.08,5.28,45.4,31.26,8,4,6,1.62,37.55,8,0,0,0,Healthy,0
NB07896,Female,36.79,5.2,148,46,97.4,50.32,30.93,5.5,49.26,30.3,12,7,2,4.73,36.1,9,0,0,0,Healthy,0
NB07897,Male,40.93,5.2,157,48,97.9,51.27,37.5,5.29,50.08,37.06,5,9,3,4.28,36.63,9,0,0,0,Healthy,0
NB07898,Male,37.73,5.2,140,43,89.6,46.92,33.32,5.37,45.72,34.17,9,8,1,1.38,36.46,10,1,0,4,At Risk,0
NB07899,Male,35.05,5.2,154,45,86.5,47.67,30.2,5.05,47.97,30.39,7,4,2,1.0,37.76,7,1,0,5,At Risk,0
NB07900,Male,36.93,5.2,147,43,97.3,47.68,32.21,4.98,48.42,32.19,9,7,3,2.34,37.07,10,0,0,0,Healthy,0
NB07901,Male,34.73,5.2,166,51,94.3,48.22,29.67,5.05,47.28,29.33,9,9,2,3.26,36.93,8,0,0,0,Healthy,0
NB07902,Female,35.52,5.2,153,55,97.3,47.39,31.14,5.19,46.5,31.25,8,3,4,1.18,37.34,9,0,0,1,Healthy,0
NB07903,Male,38.86,5.2,131,34,94.0,51.68,31.6,5.28,52.29,31.32,5,5,4,4.03,36.81,9,0,0,0,Healthy,0
NB07904,Male,35.42,5.2,165,35,96.8,45.25,31.88,5.33,46.44,32.78,6,8,5,5.07,37.01,8,0,0,0,Healthy,0
NB07905,Male,40.45,5.2,148,38,94.5,52.09,36.39,5.41,52.69,36.59,7,8,2,0.98,36.59,9,0,0,0,Healthy,0
NB07906,Male,37.84,5.2,137,36,92.5,48.06,31.67,5.48,49.23,31.15,8,7,5,2.03,36.19,7,0,0,0,Healthy,0
NB07907,Male,38.19,5.2,116,53,93.6,47.33,33.96,4.81,47.35,33.63,11,7,0,4.73,37.2,9,0,0,0,Healthy,0
NB07908,Female,37.39,5.2,144,27,94.4,47.33,32.16,5.03,48.31,33.27,12,5,3,4.34,36.37,6,0,1,6,At Risk,0
NB07909,Female,39.7,5.2,173,47,97.1,50.04,35.99,5.5,49.91,35.97,8,6,2,4.28,37.14,9,0,0,0,Healthy,0
NB07910,Male,39.72,5.2,91,56,94.4,53.64,31.53,5.3,54.19,32.56,7,2,4,3.02,37.29,9,1,1,6,At Risk,0
NB07911,Male,38.74,5.2,92,36,91.2,49.12,35.38,5.21,48.18,35.62,8,7,0,3.78,35.79,6,1,1,11,High Risk,1
NB07912,Female,39.24,5.2,154,57,100.0,48.18,31.94,4.78,49.8,32.31,9,10,4,5.34,37.27,7,0,0,0,Healthy,0
NB07913,Male,37.53,5.2,144,54,96.1,49.44,33.16,4.97,51.36,32.94,12,9,0,5.32,36.91,7,0,0,0,Healthy,0
NB07914,Female,39.19,5.2,152,39,99.8,50.73,33.57,5.41,51.11,34.16,5,9,3,2.46,36.36,10,0,0,0,Healthy,0
NB07915,Male,37.26,5.2,131,50,91.2,47.95,32.74,5.14,49.8,32.12,9,5,3,3.36,36.02,10,0,0,0,Healthy,0
NB07916,Female,38.0,5.2,101,34,94.1,49.28,31.51,5.34,49.95,31.16,10,8,3,4.55,36.77,8,0,0,0,Healthy,0
NB07917,Female,37.4,5.2,125,31,95.7,51.01,35.87,5.15,51.11,36.18,6,4,5,3.99,36.72,9,0,0,0,Healthy,0
NB07918,Male,36.99,5.2,168,37,97.3,50.04,31.17,5.5,49.79,31.09,11,8,2,3.15,37.29,7,0,0,0,Healthy,0
NB07919,Male,36.48,5.2,132,56,88.4,49.4,30.93,5.22,51.46,31.05,6,4,4,4.5,36.83,8,1,0,4,At Risk,0
NB07920,Male,39.03,5.2,132,37,88.5,48.16,37.21,4.93,48.21,37.63,5,2,3,2.71,36.31,10,1,0,5,At Risk,0
NB07921,Female,40.88,5.2,93,42,92.7,57.97,36.3,5.35,58.16,36.38,8,2,5,4.03,36.1,10,1,1,6,At Risk,0
NB07922,Female,40.58,5.2,108,32,96.9,54.02,33.72,5.24,55.15,33.88,10,9,1,3.38,36.87,10,0,0,0,Healthy,0
NB07923,Male,35.24,5.2,160,51,92.6,48.15,31.67,5.11,48.73,32.88,4,9,5,1.91,36.8,7,0,0,0,Healthy,0
NB07924,Female,40.84,5.2,135,50,94.6,49.82,35.43,5.27,49.73,34.33,5,7,5,1.05,37.39,8,0,0,0,Healthy,0
NB07925,Male,37.3,5.2,158,35,95.2,50.87,30.78,5.44,52.01,30.59,10,4,4,6.79,36.58,7,0,0,0,Healthy,0
NB07926,Female,39.32,5.2,126,19,92.1,49.79,33.59,5.18,48.41,33.57,8,4,3,1.11,36.99,9,0,0,3,At Risk,0
NB07927,Male,36.01,5.2,114,38,100.0,47.42,32.36,5.04,47.53,33.03,9,5,2,3.33,36.74,8,0,0,0,Healthy,0
NB07928,Male,38.31,5.2,135,46,92.2,46.52,35.92,5.27,46.75,36.47,9,10,3,3.46,35.58,9,0,0,2,Healthy,0
NB07929,Female,38.69,5.2,130,42,87.8,47.74,34.0,5.1,47.79,32.6,5,6,2,3.4,37.12,8,1,0,4,At Risk,0
NB07930,Male,34.73,5.2,125,43,91.6,47.54,31.34,5.3,48.57,32.11,7,7,1,4.7,36.61,10,0,0,0,Healthy,0
NB07931,Male,39.34,5.2,125,45,92.1,52.82,33.51,5.48,52.18,33.68,8,9,4,2.56,37.1,9,0,0,0,Healthy,0
NB07932,Female,40.96,5.2,138,37,95.6,53.63,37.52,5.0,53.72,38.05,6,6,4,2.69,36.88,7,0,0,0,Healthy,0
NB07933,Male,37.62,5.2,131,29,95.8,50.56,34.88,4.86,53.26,34.66,7,7,5,3.36,36.36,8,0,0,0,Healthy,0
NB07934,Male,40.99,5.2,123,49,97.1,52.16,37.08,5.5,53.08,37.55,10,8,3,0.36,36.72,9,0,0,0,Healthy,0
NB07935,Female,37.58,5.2,172,33,100.0,48.41,33.68,5.26,49.6,34.02,4,8,4,1.52,36.79,7,0,0,0,Healthy,0
NB07936,Male,39.87,5.2,148,30,95.1,51.86,32.71,4.98,51.95,32.74,8,8,0,5.31,36.88,8,0,0,0,Healthy,0
NB07937,Female,33.12,5.2,143,47,98.0,46.85,32.01,5.03,48.43,33.09,6,8,3,2.3,37.03,6,0,1,6,At Risk,0
NB07938,Female,42.0,5.2,139,31,93.4,53.21,36.69,5.14,51.83,38.17,7,5,3,0.2,36.81,8,0,0,1,Healthy,0
NB07939,Female,41.29,5.2,152,34,96.0,54.98,35.64,5.29,56.31,35.71,7,8,3,0.54,37.59,7,0,0,0,Healthy,0
NB07940,Female,37.37,5.2,150,58,93.8,48.61,34.03,4.75,48.56,33.16,8,7,2,1.75,37.18,6,0,1,6,At Risk,0
NB07941,Male,33.66,5.2,121,58,94.5,43.73,31.1,5.37,43.26,31.51,8,5,2,2.28,37.25,8,0,0,0,Healthy,0
NB07942,Female,38.63,5.2,112,54,95.6,50.15,32.64,5.09,49.6,32.29,9,4,2,2.38,37.17,7,0,0,0,Healthy,0
NB07943,Female,34.82,5.2,99,50,98.4,46.95,31.1,5.5,47.07,31.39,9,6,4,5.55,36.83,6,1,1,10,High Risk,1
NB07944,Female,38.98,5.2,172,54,94.8,50.32,31.63,5.31,51.5,32.0,5,9,3,3.67,37.13,10,0,0,0,Healthy,0
NB07945,Male,38.91,5.2,132,62,94.8,52.98,34.56,5.41,51.95,34.76,7,7,3,5.2,37.36,10,0,0,0,Healthy,0
NB07946,Female,35.93,5.2,151,53,96.1,49.35,34.35,5.18,51.04,33.83,6,10,2,3.73,36.86,7,0,0,0,Healthy,0
NB07947,Female,40.47,5.2,144,45,98.1,48.96,32.83,5.28,48.15,32.07,5,7,4,3.93,37.27,9,0,0,0,Healthy,0
NB07948,Male,39.77,5.2,156,51,90.1,54.26,35.23,5.5,54.11,34.67,6,5,4,2.67,36.21,7,0,0,0,Healthy,0
NB07949,Male,40.15,5.2,139,37,95.9,46.05,36.31,5.06,45.69,36.35,10,7,3,5.15,37.29,8,0,0,0,Healthy,0
NB07950,Female,38.02,5.2,116,43,90.3,53.92,35.04,5.32,54.16,36.0,7,9,2,1.4,36.45,8,0,0,0,Healthy,0
NB07951,Male,34.89,5.2,121,44,99.6,46.22,30.5,5.34,45.77,30.42,9,10,3,2.91,36.21,10,0,0,0,Healthy,0
NB07952,Female,40.15,5.2,134,41,96.2,51.16,33.65,5.5,50.78,34.41,9,3,4,0.94,36.67,9,0,0,0,Healthy,0
NB07953,Male,37.41,5.2,111,39,99.3,48.94,32.5,5.1,47.93,31.44,6,7,5,4.15,36.89,10,0,0,1,Healthy,0
NB07954,Female,34.94,5.2,125,55,89.2,47.62,33.45,5.06,47.95,33.83,9,8,4,5.81,36.95,6,1,1,10,High Risk,1
NB07955,Male,40.97,5.2,118,32,94.4,52.28,33.32,5.47,51.14,34.4,6,2,2,3.99,37.38,8,0,0,1,Healthy,0
NB07956,Female,42.0,5.2,134,43,98.0,52.93,34.78,5.18,52.84,34.34,9,13,0,0.2,36.55,10,0,0,0,Healthy,0
NB07957,Female,37.91,5.2,131,29,99.9,52.14,33.05,5.05,51.34,33.05,7,3,4,7.04,37.54,8,0,0,0,Healthy,0
NB07958,Male,42.0,5.2,142,22,96.2,54.33,35.14,5.13,53.46,35.32,5,3,1,2.75,37.54,8,0,0,3,At Risk,0
NB07959,Female,38.2,5.2,155,54,93.5,47.86,33.88,4.95,47.32,34.41,8,4,3,4.34,36.9,8,0,0,1,Healthy,0
NB07960,Male,37.16,5.2,136,55,94.1,50.33,35.34,5.22,49.67,34.76,7,7,3,3.31,36.43,10,0,0,0,Healthy,0
NB07961,Female,36.61,5.2,113,37,91.4,49.4,31.02,4.65,50.04,30.39,9,2,3,2.17,37.92,9,0,0,2,Healthy,0
NB07962,Female,41.6,5.2,103,43,100.0,51.75,36.1,5.28,51.39,36.61,9,6,3,1.15,37.58,7,0,0,0,Healthy,0
NB07963,Female,36.28,5.2,143,39,97.3,49.64,32.59,4.92,51.15,33.0,2,0,0,4.14,36.89,7,0,0,2,Healthy,0
NB07964,Male,39.62,5.2,128,39,94.4,50.74,34.43,5.48,50.26,33.95,14,5,3,4.82,36.19,10,0,0,0,Healthy,0
NB07965,Male,36.77,5.2,137,37,96.9,48.05,30.57,5.09,48.07,31.05,5,8,5,2.06,37.08,8,0,0,1,Healthy,0
NB07966,Male,36.99,5.2,146,47,94.6,48.19,32.13,5.06,47.85,32.16,9,9,2,0.82,36.53,6,0,1,6,At Risk,0
NB07967,Male,40.27,5.2,166,38,93.9,46.78,34.43,5.24,46.86,34.0,7,3,4,2.69,37.19,9,0,0,0,Healthy,0
NB07968,Male,37.16,5.2,109,46,92.4,47.79,34.16,5.31,47.97,33.77,9,3,2,6.2,36.9,10,0,0,0,Healthy,0
NB07969,Female,37.11,5.2,122,59,92.4,50.22,33.81,5.24,50.37,33.73,7,6,2,4.59,36.08,10,0,0,0,Healthy,0
NB07970,Female,40.49,5.2,138,46,96.3,51.8,33.22,4.91,52.63,35.02,11,9,2,2.97,36.27,8,0,0,0,Healthy,0
NB07971,Male,41.51,5.2,119,43,98.7,50.19,35.68,5.25,50.45,35.91,5,10,1,1.25,36.46,10,0,0,0,Healthy,0
NB07972,Female,39.42,5.2,113,36,93.8,52.81,34.04,5.21,53.25,33.65,10,7,3,3.72,37.54,9,0,0,0,Healthy,0
NB07973,Male,36.56,5.2,164,42,92.2,47.71,35.72,5.21,49.1,35.35,4,4,3,5.44,36.51,10,0,0,0,Healthy,0
NB07974,Female,36.88,5.2,121,25,98.3,46.15,33.45,5.35,46.05,33.93,8,5,1,3.5,35.78,8,0,0,2,Healthy,0
NB07975,Male,38.18,5.2,116,57,95.3,54.17,32.31,5.08,55.65,32.36,5,3,2,3.62,36.71,10,0,0,0,Healthy,0
NB07976,Male,38.71,5.2,119,32,87.2,48.13,33.13,5.0,48.49,33.2,9,10,0,4.51,36.68,10,1,0,4,At Risk,0
NB07977,Male,35.83,5.2,160,23,92.5,49.4,31.71,5.35,46.92,31.54,9,7,3,3.22,37.52,8,0,0,2,Healthy,0
NB07978,Female,39.59,5.2,127,41,96.6,49.49,35.46,4.84,49.88,34.84,9,10,2,2.36,37.48,7,0,0,1,Healthy,0
NB07979,Female,38.19,5.2,115,46,92.2,50.04,34.66,5.29,51.65,34.81,7,5,3,3.88,36.21,6,0,1,6,At Risk,0
NB07980,Male,34.23,5.2,125,55,95.2,44.4,31.46,4.99,45.19,32.8,7,4,4,4.28,36.98,8,0,0,0,Healthy,0
NB07981,Male,35.96,5.2,139,44,90.6,45.28,32.05,5.5,45.37,32.09,8,9,4,4.09,37.16,7,0,0,0,Healthy,0
NB07982,Male,36.89,5.2,156,51,93.6,49.65,32.82,4.94,49.31,32.86,6,6,5,1.36,36.75,8,0,0,0,Healthy,0
NB07983,Male,37.84,5.2,155,51,91.2,50.27,33.49,4.94,52.1,33.96,13,6,4,3.47,36.88,8,0,0,0,Healthy,0
NB07984,Male,42.0,5.2,126,50,90.7,55.49,33.93,5.5,55.77,34.02,6,10,2,0.2,37.3,8,0,0,0,Healthy,0
NB07985,Female,38.52,5.2,130,31,92.3,50.0,34.07,5.48,49.03,33.65,7,7,1,3.45,36.93,8,0,0,1,Healthy,0
NB07986,Female,36.15,5.2,178,47,98.1,52.38,31.64,5.07,52.7,31.46,9,10,5,3.17,37.1,6,0,1,6,At Risk,0
NB07987,Male,38.49,5.2,158,28,96.5,50.57,31.66,4.98,49.92,31.44,7,8,4,3.88,37.43,6,0,1,6,At Risk,0
NB07988,Male,37.23,5.2,135,62,100.0,50.04,36.88,5.04,47.89,37.48,9,9,2,2.31,36.6,10,0,0,0,Healthy,0
NB07989,Female,38.71,5.2,99,49,92.9,47.53,34.77,5.3,47.74,34.5,4,10,5,4.12,37.16,10,1,1,5,At Risk,0
NB07990,Female,39.28,5.2,132,36,98.6,49.52,34.71,5.29,49.78,34.12,8,4,4,4.81,36.6,9,0,0,0,Healthy,0
NB07991,Male,40.66,5.2,116,46,100.0,53.03,35.11,5.15,52.89,35.89,6,9,2,2.86,37.28,10,0,0,0,Healthy,0
NB07992,Female,37.95,5.2,124,32,98.9,49.38,34.86,5.5,49.24,35.48,9,11,1,0.66,36.52,8,0,0,0,Healthy,0
NB07993,Female,41.61,5.2,123,26,99.0,53.22,34.58,5.07,53.56,34.86,11,5,5,3.97,37.0,7,0,0,0,Healthy,0
NB07994,Male,40.0,5.2,136,51,95.4,49.76,34.73,4.85,49.29,34.41,12,5,2,2.4,36.7,10,0,0,0,Healthy,0
NB07995,Male,36.44,5.2,141,32,95.8,48.44,31.28,5.5,47.52,29.89,7,12,4,3.73,37.06,10,0,0,0,Healthy,0
NB07996,Male,42.0,5.2,127,40,91.8,53.44,37.68,5.41,52.34,39.12,3,6,4,3.25,36.42,10,0,0,1,Healthy,0
NB07997,Male,38.72,5.2,117,44,85.6,47.89,33.06,5.19,47.69,34.56,9,8,0,0.36,36.68,7,1,0,4,At Risk,0
NB07998,Female,36.16,5.2,137,40,95.7,49.23,34.17,5.27,49.69,34.35,7,3,3,3.61,36.78,8,0,0,1,Healthy,0
NB07999,Female,41.64,5.2,131,32,91.6,49.47,36.2,5.25,47.42,36.4,6,8,3,4.71,36.32,8,0,0,0,Healthy,0
NB08000,Male,42.0,5.2,106,43,93.5,53.57,37.76,4.91,54.26,37.39,9,6,5,2.29,36.53,7,0,0,0,Healthy,0
NB08001,Male,37.93,5.2,151,43,92.1,53.07,34.35,5.23,52.96,33.07,8,8,4,0.2,36.06,8,0,0,0,Healthy,0
NB08002,Female,36.89,5.2,127,51,96.1,49.96,34.61,5.32,49.57,34.57,9,7,3,3.89,36.97,9,0,0,0,Healthy,0
NB08003,Male,37.62,5.2,135,66,94.3,50.61,32.13,5.31,52.28,30.99,7,9,5,2.77,37.16,7,0,0,1,Healthy,0
NB08004,Male,39.57,5.2,136,22,99.4,49.22,36.26,4.75,50.58,36.83,7,9,2,6.29,36.17,8,0,0,2,Healthy,0
NB08005,Female,40.81,5.2,140,34,92.5,55.67,32.97,5.27,56.4,33.28,7,7,3,1.16,36.27,8,0,0,0,Healthy,0
NB08006,Female,39.26,5.2,143,44,95.6,53.48,34.74,5.32,52.65,34.34,7,5,3,6.67,36.37,8,0,0,0,Healthy,0
NB08007,Male,38.22,5.2,117,52,94.3,48.11,33.14,5.22,49.51,33.72,9,2,1,4.73,36.23,10,0,0,1,Healthy,0
NB08008,Female,41.3,5.2,146,45,94.0,51.62,34.0,4.99,50.78,34.8,6,6,3,3.2,36.98,9,0,0,0,Healthy,0
NB08009,Female,37.31,5.2,134,53,94.7,51.49,31.98,5.49,51.38,32.09,5,9,1,1.95,36.49,9,0,0,0,Healthy,0
NB08010,Female,40.27,5.2,160,27,100.0,55.23,34.43,5.22,55.67,34.39,9,7,2,1.9,36.91,9,0,0,0,Healthy,0
NB08011,Female,37.37,5.2,155,39,98.0,46.5,33.06,5.19,44.6,33.12,9,7,0,3.04,36.46,8,0,0,0,Healthy,0
NB08012,Female,38.95,5.2,164,57,93.4,48.45,33.68,5.2,48.89,34.85,12,7,1,5.22,36.65,6,0,1,6,At Risk,0
NB08013,Male,37.75,5.2,123,33,92.9,49.09,33.75,4.94,48.45,33.89,13,2,5,1.15,37.27,6,0,1,7,At Risk,0
NB08014,Female,37.88,5.2,163,15,92.3,45.15,32.47,5.5,44.88,32.92,11,7,5,2.95,36.28,9,0,0,2,Healthy,0
NB08015,Female,37.17,5.2,142,34,95.4,48.89,32.5,5.46,47.9,33.77,9,7,3,1.84,36.55,10,0,0,0,Healthy,0
NB08016,Female,40.96,5.2,152,46,89.7,54.63,35.44,5.09,55.9,34.95,8,6,3,2.55,36.99,7,1,0,4,At Risk,0
NB08017,Female,36.39,5.2,152,41,94.2,45.27,32.94,4.85,45.12,31.28,6,8,1,4.49,36.66,8,0,0,0,Healthy,0
NB08018,Female,36.37,5.2,148,29,96.3,48.39,33.93,5.34,48.59,34.09,12,3,0,3.08,36.88,10,0,0,1,Healthy,0
NB08019,Male,42.0,5.2,120,35,92.5,52.04,37.88,5.38,53.86,38.39,9,4,4,4.0,36.8,9,0,0,0,Healthy,0
NB08020,Male,40.15,5.2,157,29,95.1,54.82,35.66,5.24,55.97,35.25,11,8,4,3.13,36.12,9,0,0,0,Healthy,0
NB08021,Male,32.75,5.2,146,30,95.9,43.74,30.77,5.16,43.99,31.18,8,7,2,0.5,37.43,8,0,0,0,Healthy,0
NB08022,Male,36.76,5.2,113,33,88.8,51.52,33.4,4.9,51.0,34.28,9,10,2,0.2,36.76,9,1,0,4,At Risk,0
NB08023,Female,34.01,5.2,131,43,95.7,44.82,30.54,5.35,44.29,29.58,8,9,3,1.99,37.52,8,0,0,1,Healthy,0
NB08024,Female,35.91,5.2,118,18,93.4,49.26,33.69,4.89,49.9,33.18,7,11,3,5.48,36.95,8,0,0,2,Healthy,0
NB08025,Male,31.1,5.2,114,56,100.0,43.89,27.59,5.29,43.16,27.92,9,10,4,5.3,37.39,10,0,0,3,At Risk,0
NB08026,Male,37.7,5.2,155,41,95.7,49.05,30.52,5.38,47.37,30.03,13,8,2,2.35,37.26,9,0,0,0,Healthy,0
NB08027,Male,35.49,5.2,113,31,91.8,45.76,30.48,5.17,45.18,30.3,7,10,2,4.36,37.35,10,0,0,0,Healthy,0
NB08028,Male,38.13,5.2,116,32,88.6,50.36,36.0,5.18,50.97,36.3,8,4,2,4.57,36.7,10,1,0,4,At Risk,0
NB08029,Female,34.42,5.2,176,36,94.8,45.5,30.85,4.73,45.08,30.24,4,9,6,5.08,37.6,9,0,0,0,Healthy,0
NB08030,Female,38.18,5.2,132,42,99.6,48.38,34.34,5.04,49.62,33.31,9,4,2,3.56,36.59,7,0,0,0,Healthy,0
NB08031,Female,37.09,5.2,152,44,92.9,51.72,32.75,5.13,51.27,32.55,9,11,3,1.8,36.96,6,0,1,6,At Risk,0
NB08032,Male,41.3,5.2,160,40,96.1,53.67,36.96,4.91,53.68,37.21,9,7,0,6.95,37.19,10,0,0,0,Healthy,0
NB08033,Male,41.1,5.2,154,34,97.6,53.68,36.08,5.49,53.11,36.63,7,7,2,4.16,38.23,9,0,0,1,Healthy,0
NB08034,Male,39.73,5.2,143,42,97.4,50.37,34.91,5.07,50.43,34.24,7,5,2,3.25,37.29,8,0,0,0,Healthy,0
NB08035,Male,37.28,5.2,139,21,95.0,48.58,34.22,5.14,47.65,33.78,8,0,6,3.27,36.56,6,0,1,9,High Risk,0
NB08036,Male,42.0,5.2,150,30,92.7,52.7,35.9,5.5,54.2,36.45,9,7,5,3.29,36.92,10,0,0,0,Healthy,0
NB08037,Male,34.58,5.2,136,35,94.1,47.2,31.97,5.43,48.37,31.35,8,4,1,4.8,36.19,9,0,0,0,Healthy,0
NB08038,Female,34.91,5.2,153,29,91.3,48.1,31.38,5.5,46.97,30.9,7,12,4,1.99,37.46,9,0,0,0,Healthy,0
NB08039,Female,37.82,5.2,135,40,91.7,49.37,33.51,5.49,50.61,34.47,5,7,2,4.9,35.39,9,0,0,2,Healthy,0
NB08040,Male,42.0,5.2,137,29,98.5,51.61,35.37,5.37,53.22,35.21,10,10,3,2.66,36.72,9,0,0,1,Healthy,0
NB08041,Female,37.55,5.2,174,59,96.2,50.72,33.16,5.07,51.5,32.57,8,10,1,2.19,37.79,9,0,0,0,Healthy,0
NB08042,Female,37.6,5.2,131,27,96.0,49.3,32.71,4.94,50.71,32.89,5,11,3,4.07,37.14,7,0,0,0,Healthy,0
NB08043,Female,34.83,5.2,140,57,92.5,43.86,33.27,5.39,44.16,33.74,9,11,3,6.39,37.02,10,0,0,0,Healthy,0
NB08044,Female,40.08,5.2,148,22,99.2,47.2,32.73,5.12,48.04,33.11,9,9,0,5.04,36.26,10,0,0,2,Healthy,0
NB08045,Male,40.1,5.2,149,62,94.2,52.08,36.6,4.76,52.77,36.64,7,7,4,2.66,37.4,10,0,0,0,Healthy,0
NB08046,Female,39.74,5.2,145,48,95.5,49.5,32.4,5.32,48.78,32.02,6,3,4,7.5,36.39,8,0,0,0,Healthy,0
NB08047,Male,36.62,5.2,117,50,99.1,49.22,33.64,5.28,50.28,34.72,10,6,2,4.46,36.39,9,0,0,0,Healthy,0
NB08048,Male,36.45,5.2,143,28,92.5,46.65,31.46,4.97,47.21,32.18,7,6,4,4.73,37.4,9,0,0,0,Healthy,0
NB08049,Male,35.16,5.2,144,39,92.8,47.31,32.66,5.5,46.45,32.37,3,8,4,2.94,36.37,10,0,0,1,Healthy,0
NB08050,Female,38.18,5.2,161,39,98.6,49.01,33.75,5.06,47.58,33.84,8,12,2,2.02,36.14,10,0,0,0,Healthy,0
NB08051,Female,35.62,5.2,153,41,97.8,50.96,29.99,5.5,51.43,29.59,8,7,1,2.43,36.37,9,0,0,0,Healthy,0
NB08052,Female,35.41,5.2,162,55,96.2,49.17,34.02,5.49,49.22,34.24,8,6,4,4.18,36.89,7,0,0,0,Healthy,0
NB08053,Male,37.07,5.2,122,49,87.4,51.46,34.31,5.43,50.41,34.5,7,7,4,5.47,36.57,8,1,0,4,At Risk,0
NB08054,Female,36.92,5.2,122,40,99.5,48.68,33.8,5.11,50.1,34.1,8,3,5,3.5,37.62,8,0,0,0,Healthy,0
NB08055,Female,36.82,5.2,146,52,92.9,50.18,32.01,5.26,50.84,32.97,9,8,3,3.71,36.82,10,0,0,0,Healthy,0
NB08056,Female,39.03,5.2,160,54,93.0,50.71,35.73,5.28,51.37,36.27,4,5,4,4.95,36.24,10,0,0,1,Healthy,0
NB08057,Female,38.17,5.2,136,36,94.3,52.7,32.0,5.17,53.05,31.63,9,7,2,0.2,35.96,10,0,0,2,Healthy,0
NB08058,Male,37.37,5.2,127,36,90.8,48.88,30.01,5.23,47.86,29.46,10,5,2,0.2,37.21,10,0,0,0,Healthy,0
NB08059,Male,38.4,5.2,111,64,99.3,47.17,31.74,5.5,46.3,32.0,7,7,4,2.81,36.94,10,0,0,0,Healthy,0
NB08060,Male,35.82,5.2,147,40,95.6,43.64,30.89,5.09,45.06,31.41,5,8,4,0.2,37.07,6,0,1,6,At Risk,0
NB08061,Male,38.23,5.2,138,36,97.4,53.15,32.83,5.32,53.57,34.25,10,9,1,1.28,36.61,7,0,0,0,Healthy,0
NB08062,Female,38.33,5.2,132,40,92.3,50.86,33.38,5.12,50.0,32.67,11,9,3,3.28,36.87,7,0,0,0,Healthy,0
NB08063,Female,34.69,5.2,156,53,98.5,47.71,30.9,4.92,47.82,31.52,6,9,2,1.63,37.34,9,0,0,0,Healthy,0
NB08064,Male,40.19,5.2,138,49,100.0,54.55,34.36,5.44,55.24,34.16,8,7,4,1.53,36.8,9,0,0,0,Healthy,0
NB08065,Female,36.06,5.2,140,41,90.5,44.55,29.27,5.31,44.22,30.42,6,5,3,5.24,36.28,6,0,1,6,At Risk,0
NB08066,Male,38.2,5.2,156,48,91.1,49.06,34.23,5.43,49.47,34.11,7,6,3,3.73,37.13,9,0,0,1,Healthy,0
NB08067,Female,40.56,5.2,179,45,92.2,51.43,35.2,5.04,52.67,36.0,8,8,4,0.2,36.64,9,0,0,0,Healthy,0
NB08068,Female,40.04,5.2,132,41,98.2,52.92,34.18,5.11,54.86,35.79,10,10,4,5.02,37.23,8,0,0,1,Healthy,0
NB08069,Female,38.08,5.2,124,39,95.6,48.28,35.95,5.31,46.68,36.34,9,8,1,3.28,36.81,10,0,0,0,Healthy,0
NB08070,Female,37.2,5.2,122,43,94.8,46.48,32.88,5.38,47.59,32.53,8,10,3,4.8,37.19,10,0,0,0,Healthy,0
NB08071,Male,40.08,5.2,149,38,96.3,49.06,35.35,5.47,49.75,35.09,12,8,3,0.91,37.03,7,0,0,0,Healthy,0
NB08072,Male,39.48,5.2,120,43,100.0,53.23,36.03,5.21,53.76,35.56,5,7,2,3.56,37.38,8,0,0,0,Healthy,0
NB08073,Male,36.64,5.2,133,42,88.9,46.89,30.61,5.33,46.21,30.32,7,8,4,3.02,37.23,9,1,0,4,At Risk,0
NB08074,Male,36.25,5.2,135,27,93.9,46.92,32.54,5.5,47.56,32.21,8,8,4,4.12,36.21,9,0,0,1,Healthy,0
NB08075,Male,33.44,5.2,168,37,84.2,46.77,31.8,5.15,46.45,33.35,7,8,1,3.03,35.96,7,1,1,8,High Risk,0
NB08076,Female,38.34,5.2,161,39,96.8,48.51,33.9,5.29,49.14,33.53,8,9,2,1.04,36.77,10,0,0,0,Healthy,0
NB08077,Female,37.82,5.2,112,61,98.8,46.03,31.72,5.2,46.68,31.91,10,7,3,2.7,37.07,9,0,0,0,Healthy,0
NB08078,Female,40.5,5.2,169,40,93.9,48.69,34.83,5.27,50.15,35.19,6,8,4,3.58,36.47,9,0,0,0,Healthy,0
NB08079,Male,38.79,5.2,118,45,97.3,50.2,34.64,5.5,51.21,34.98,12,7,3,0.2,37.0,7,0,0,0,Healthy,0
NB08080,Male,40.94,5.2,143,64,89.6,53.24,32.69,5.11,51.53,33.89,6,11,4,0.44,36.98,7,1,0,4,At Risk,0
NB08081,Female,36.47,5.2,125,26,96.7,47.81,30.7,5.06,48.06,29.93,7,5,3,2.65,36.77,9,0,0,0,Healthy,0
NB08082,Female,40.5,5.2,133,27,100.0,52.71,38.51,5.41,54.23,37.84,10,5,3,4.57,36.51,10,0,0,0,Healthy,0
NB08083,Female,36.84,5.2,122,34,93.7,45.33,33.71,5.5,44.05,33.26,10,5,4,2.51,36.34,7,0,0,0,Healthy,0
NB08084,Female,39.71,5.2,170,39,96.5,48.05,37.22,4.94,48.13,38.18,7,5,6,0.2,37.92,8,0,0,0,Healthy,0
NB08085,Male,34.79,5.2,137,40,92.9,51.22,32.85,5.16,51.75,33.28,10,6,3,2.73,35.85,7,0,0,2,Healthy,0
NB08086,Male,38.52,5.2,144,37,95.6,52.53,34.75,5.29,50.47,36.03,6,4,3,2.93,36.24,7,0,0,0,Healthy,0
NB08087,Female,33.63,5.2,121,30,98.9,47.21,30.28,5.24,47.75,29.23,4,10,2,1.95,37.97,10,0,0,0,Healthy,0
NB08088,Male,37.41,5.2,115,52,97.1,47.75,33.96,5.26,47.33,34.42,10,8,3,2.9,36.34,9,0,0,0,Healthy,0
NB08089,Male,38.97,5.2,132,37,94.6,50.0,36.65,5.24,50.36,37.03,5,8,1,2.77,36.55,9,0,0,0,Healthy,0
NB08090,Female,36.85,5.2,149,54,94.6,48.57,34.24,5.08,48.99,33.36,8,5,3,2.74,37.11,8,0,0,0,Healthy,0
NB08091,Male,35.69,5.2,138,32,90.8,50.15,32.43,4.72,50.09,32.8,12,7,2,3.55,37.02,10,0,0,0,Healthy,0
NB08092,Male,39.86,5.2,158,62,98.6,52.08,34.84,5.22,52.27,35.24,6,7,3,1.81,37.0,8,0,0,1,Healthy,0
NB08093,Male,37.77,5.2,142,25,97.6,50.45,34.39,5.18,49.6,34.1,5,1,4,0.23,37.47,6,0,1,7,At Risk,0
NB08094,Female,36.92,5.2,140,42,90.6,48.3,32.25,4.93,48.37,32.66,6,4,3,0.2,36.37,8,0,0,0,Healthy,0
NB08095,Female,38.09,5.2,150,32,95.6,51.27,34.61,5.09,50.89,34.06,6,5,5,4.45,36.88,10,0,0,1,Healthy,0
NB08096,Male,42.0,5.2,142,42,91.8,53.8,35.55,5.41,54.38,36.09,6,9,5,1.29,36.78,7,0,0,0,Healthy,0
NB08097,Male,40.54,5.2,157,32,93.4,51.97,35.05,5.19,52.21,35.86,5,6,3,3.76,36.4,9,0,0,0,Healthy,0
NB08098,Male,40.56,5.2,150,21,97.8,50.42,34.05,5.27,49.55,33.65,10,9,4,4.69,36.85,9,0,0,3,At Risk,0
NB08099,Male,38.96,5.2,156,34,98.5,50.24,33.81,5.02,49.65,34.47,5,8,3,2.41,37.05,10,0,0,0,Healthy,0
NB08100,Male,38.37,5.2,153,58,97.5,47.77,33.03,5.35,47.18,32.25,9,2,4,5.48,37.06,9,0,0,1,Healthy,0
NB08101,Male,32.73,5.2,164,32,94.1,44.78,32.65,5.5,44.9,32.82,5,9,3,5.33,37.28,10,0,0,0,Healthy,0
NB08102,Male,36.51,5.2,155,47,96.6,48.43,31.41,5.33,48.76,31.54,8,5,2,5.39,36.78,10,0,0,0,Healthy,0
NB08103,Female,36.94,5.2,171,42,92.3,43.84,33.64,5.32,43.94,33.52,10,8,3,6.11,36.35,8,0,0,1,Healthy,0
NB08104,Male,33.88,5.2,130,37,97.6,45.43,29.49,5.28,45.76,29.37,8,3,2,5.71,36.18,10,0,0,1,Healthy,0
NB08105,Female,35.45,5.2,155,62,94.9,44.96,32.09,5.1,44.61,33.18,6,5,5,4.98,36.59,8,0,0,0,Healthy,0
NB08106,Male,33.64,5.2,115,39,93.3,46.68,31.18,5.42,46.07,29.74,8,4,4,0.2,36.19,8,0,0,0,Healthy,0
NB08107,Female,37.92,5.2,157,44,92.4,50.8,30.96,5.21,49.63,32.0,7,7,7,2.9,36.48,10,0,0,1,Healthy,0
NB08108,Male,39.8,5.2,141,43,97.4,50.37,32.96,5.5,50.2,32.28,8,9,3,4.38,36.27,10,0,0,0,Healthy,0
NB08109,Male,40.43,5.2,157,58,94.5,52.89,34.07,5.5,52.46,35.2,5,4,4,3.03,36.51,9,0,0,0,Healthy,0
NB08110,Male,38.91,5.2,170,27,93.3,51.6,32.48,5.12,54.1,33.19,9,9,6,1.54,37.6,8,0,0,0,Healthy,0
NB08111,Male,35.88,5.2,154,64,93.3,47.23,32.44,5.38,49.46,32.78,7,7,3,4.37,36.74,10,0,0,0,Healthy,0
NB08112,Male,33.75,5.2,133,57,90.6,48.84,31.19,5.11,49.52,32.02,10,12,3,6.82,37.51,8,0,0,0,Healthy,0
NB08113,Male,34.13,5.2,120,46,95.6,44.67,29.5,5.46,43.97,29.31,10,7,3,3.47,36.99,7,0,0,0,Healthy,0
NB08114,Male,35.21,5.2,150,48,96.0,50.03,32.03,5.05,50.15,32.46,9,4,2,2.35,36.52,10,0,0,0,Healthy,0
NB08115,Female,36.04,5.2,135,40,89.8,47.39,31.8,5.28,47.86,31.82,7,9,4,5.2,36.74,7,1,0,4,At Risk,0
NB08116,Female,37.65,5.2,152,44,91.2,47.6,33.4,5.33,45.6,33.7,6,5,4,3.25,36.06,6,0,1,6,At Risk,0
NB08117,Female,35.77,5.2,131,46,89.2,46.89,31.3,5.38,47.06,31.91,6,5,5,4.71,36.65,6,1,1,10,High Risk,1
NB08118,Female,38.75,5.2,123,33,99.2,48.07,35.05,5.03,46.94,35.51,9,6,5,0.2,36.21,7,0,0,0,Healthy,0
NB08119,Female,37.49,5.2,136,57,97.2,50.71,35.89,5.32,50.57,35.76,9,6,1,2.3,37.07,6,0,1,7,At Risk,0
NB08120,Male,38.02,5.2,149,44,98.9,46.42,34.98,5.27,45.76,35.14,8,7,3,2.78,36.6,7,0,0,0,Healthy,0
NB08121,Male,40.51,5.2,142,43,100.0,54.64,37.65,5.0,54.74,37.67,8,5,3,0.62,36.66,10,0,0,0,Healthy,0
NB08122,Male,35.4,5.2,125,33,96.5,45.39,29.88,5.46,45.14,29.59,5,6,4,1.53,36.61,9,0,0,0,Healthy,0
NB08123,Female,38.92,5.2,172,54,94.8,52.1,33.43,5.5,52.51,34.16,8,5,2,2.95,37.2,7,0,0,0,Healthy,0
NB08124,Female,37.97,5.2,138,42,95.7,49.62,34.63,5.24,50.57,35.51,7,8,4,3.47,36.4,9,0,0,0,Healthy,0
NB08125,Female,37.27,5.2,99,37,92.7,49.48,35.55,5.2,50.24,37.07,10,5,3,3.64,36.37,8,1,1,5,At Risk,0
NB08126,Male,39.95,5.2,157,31,92.2,50.17,36.14,5.16,52.23,35.8,9,3,2,4.49,36.95,8,0,0,0,Healthy,0
NB08127,Male,39.93,5.2,140,40,93.5,52.05,33.61,5.5,51.78,34.36,7,4,2,5.61,37.29,9,0,0,1,Healthy,0
NB08128,Male,35.92,5.2,137,30,94.1,48.0,31.69,5.42,49.59,32.02,9,6,1,4.34,36.95,9,0,0,0,Healthy,0
NB08129,Female,37.6,5.2,137,45,89.2,46.32,34.02,5.09,45.51,33.96,12,8,4,0.39,37.78,8,1,0,4,At Risk,0
NB08130,Female,38.62,5.2,137,50,90.7,48.23,33.99,4.91,46.68,34.61,10,9,0,2.98,36.38,6,0,1,6,At Risk,0
NB08131,Female,37.4,5.2,170,38,90.6,47.98,32.18,5.14,48.71,32.32,7,4,4,1.53,35.83,7,0,0,2,Healthy,0
NB08132,Male,39.29,5.2,148,44,90.4,49.25,34.27,5.15,50.95,34.31,9,3,3,1.78,37.02,10,0,0,0,Healthy,0
NB08133,Female,38.62,5.2,145,54,97.2,52.66,34.21,5.28,52.05,34.28,14,7,3,3.61,36.73,6,0,1,7,At Risk,0
NB08134,Female,42.0,5.2,135,40,93.8,53.21,34.97,5.24,53.94,34.65,10,5,4,3.22,37.01,9,0,0,0,Healthy,0
NB08135,Female,34.63,5.2,171,41,94.3,45.01,32.92,5.46,44.42,33.78,8,6,2,4.75,37.19,9,0,0,0,Healthy,0
NB08136,Female,37.73,5.2,155,42,96.3,48.38,32.95,4.69,49.67,33.15,10,11,2,2.12,36.11,8,0,0,0,Healthy,0
NB08137,Male,36.0,5.2,158,38,97.9,46.79,32.29,5.34,48.04,32.87,4,4,1,4.56,36.67,7,0,0,0,Healthy,0
NB08138,Male,39.33,5.2,145,38,96.6,50.22,36.28,5.41,50.78,37.35,6,6,1,2.42,37.06,10,0,0,0,Healthy,0
NB08139,Female,34.44,5.2,158,34,100.0,44.25,31.12,4.87,43.31,30.69,4,8,3,1.75,36.91,10,0,0,0,Healthy,0
NB08140,Male,38.76,5.2,147,46,95.1,48.66,35.8,5.06,49.26,37.41,5,5,6,4.61,36.72,8,0,0,0,Healthy,0
NB08141,Female,36.61,5.2,133,41,95.7,49.89,31.29,5.13,48.41,31.45,8,10,2,6.6,37.13,6,0,1,6,At Risk,0
NB08142,Female,36.38,5.2,147,48,92.9,48.52,33.32,5.33,48.72,33.68,5,11,3,3.32,37.25,10,0,0,0,Healthy,0
NB08143,Male,34.82,5.2,178,52,88.4,46.43,32.83,5.15,45.83,33.41,6,7,1,1.62,35.88,8,1,0,6,At Risk,0
NB08144,Male,36.98,5.2,144,31,95.3,48.68,31.84,5.22,48.99,31.4,5,11,3,4.21,37.51,10,0,0,0,Healthy,0
NB08145,Male,40.39,5.2,163,34,98.0,51.66,35.2,5.07,51.89,34.82,9,7,3,2.78,36.25,9,0,0,0,Healthy,0
NB08146,Male,37.94,5.2,161,49,92.4,49.13,33.52,5.24,49.48,33.47,6,4,4,4.02,37.07,8,0,0,0,Healthy,0
NB08147,Male,39.38,5.2,150,39,93.2,51.88,35.08,5.1,50.53,35.26,10,9,1,3.48,36.65,9,0,0,0,Healthy,0
NB08148,Male,41.66,5.2,170,43,98.4,53.78,37.08,5.05,52.81,36.69,8,4,4,5.74,37.36,10,0,0,0,Healthy,0
NB08149,Male,38.58,5.2,101,43,94.8,46.98,32.84,5.26,48.96,32.11,11,4,1,4.94,37.12,8,0,0,0,Healthy,0
NB08150,Female,36.77,5.2,107,33,91.8,48.23,32.85,5.4,49.27,33.64,7,9,7,4.68,37.07,6,0,1,6,At Risk,0
NB08151,Male,39.03,5.2,171,47,91.6,47.51,36.91,5.28,48.01,36.35,10,5,3,6.28,36.9,8,0,0,0,Healthy,0
NB08152,Male,36.8,5.2,128,44,97.3,49.79,34.54,5.18,48.45,35.19,8,11,6,4.47,36.56,8,0,0,0,Healthy,0
NB08153,Female,36.89,5.2,142,32,94.5,50.14,34.21,5.43,50.65,33.6,9,3,5,4.01,36.35,7,0,0,0,Healthy,0
NB08154,Female,34.66,5.2,172,40,94.5,45.37,31.17,5.14,45.93,30.86,10,9,2,1.65,36.18,9,0,0,1,Healthy,0
NB08155,Female,40.04,5.2,144,41,90.2,51.2,38.42,5.21,50.96,38.41,8,7,1,0.68,36.52,9,0,0,0,Healthy,0
NB08156,Female,37.15,5.2,170,49,96.7,44.61,34.75,5.46,43.63,36.22,9,2,3,4.34,37.21,10,0,0,1,Healthy,0
NB08157,Female,38.4,5.2,133,54,98.6,51.91,34.14,5.14,51.45,34.35,9,10,2,5.94,36.35,9,0,0,0,Healthy,0
NB08158,Male,35.72,5.2,151,42,93.7,48.97,32.54,5.12,50.18,32.8,5,5,5,5.98,37.34,8,0,0,0,Healthy,0
NB08159,Female,38.96,5.2,141,25,96.4,52.76,33.78,5.38,53.72,33.8,9,1,6,2.2,36.34,10,0,0,1,Healthy,0
NB08160,Male,36.32,5.2,167,49,93.6,51.06,33.22,5.03,52.24,32.78,10,12,3,1.16,36.73,9,0,0,0,Healthy,0
NB08161,Female,37.69,5.2,135,64,97.1,46.87,34.47,5.47,47.64,34.98,8,9,4,2.84,37.0,10,0,0,0,Healthy,0
NB08162,Female,39.93,5.2,123,49,96.7,53.11,36.21,4.84,52.4,36.32,5,6,3,0.2,37.26,8,0,0,0,Healthy,0
NB08163,Female,39.74,5.2,132,39,93.7,54.12,34.75,5.24,52.65,35.69,9,10,0,1.09,36.64,10,0,0,0,Healthy,0
NB08164,Female,37.95,5.2,132,46,87.6,46.57,31.56,5.1,46.7,30.97,5,7,6,3.22,37.02,9,1,0,4,At Risk,0
NB08165,Female,34.11,5.2,128,50,92.2,45.76,31.44,5.3,46.92,32.34,5,7,1,3.9,36.9,9,0,0,0,Healthy,0
NB08166,Male,42.0,5.2,128,43,96.2,52.47,37.66,5.5,53.68,37.9,10,11,2,2.84,36.69,9,0,0,0,Healthy,0
NB08167,Female,41.84,5.2,160,55,98.1,54.77,35.02,5.0,53.94,34.65,9,8,5,0.9,36.33,6,0,1,6,At Risk,0
NB08168,Male,39.59,5.2,165,31,92.9,46.24,34.78,4.95,46.77,35.06,6,10,1,5.56,37.0,8,0,0,0,Healthy,0
NB08169,Female,36.34,5.2,147,38,99.7,51.74,34.65,5.46,51.21,34.26,9,6,3,3.01,36.81,8,0,0,0,Healthy,0
NB08170,Female,37.75,5.2,128,47,100.0,49.15,31.82,5.18,49.08,32.64,8,4,2,3.47,36.66,9,0,0,0,Healthy,0
NB08171,Female,36.8,5.2,129,49,97.4,50.36,32.54,5.21,49.28,32.57,10,6,4,1.79,36.85,8,0,0,1,Healthy,0
NB08172,Male,40.78,5.2,103,37,91.0,51.98,37.98,5.18,52.89,37.6,14,9,3,3.45,37.06,9,0,0,1,Healthy,0
NB08173,Male,38.58,5.2,147,37,97.5,51.1,34.44,5.16,51.81,34.21,6,11,5,5.82,36.04,8,0,0,0,Healthy,0
NB08174,Female,36.27,5.2,128,35,93.1,43.4,31.8,5.05,42.42,31.43,7,7,5,2.32,36.55,9,0,0,0,Healthy,0
NB08175,Female,36.96,5.2,166,35,92.9,47.9,33.06,5.18,47.78,34.09,6,12,5,4.48,36.36,9,0,0,0,Healthy,0
NB08176,Female,40.47,5.2,115,47,96.6,53.52,36.77,5.06,52.16,36.19,10,5,5,4.13,36.4,9,0,0,0,Healthy,0
NB08177,Male,41.52,5.2,129,42,96.5,53.35,35.96,5.43,51.85,36.02,8,5,4,1.66,36.44,8,0,0,0,Healthy,0
NB08178,Male,41.36,5.2,138,55,96.6,49.35,37.05,5.12,48.24,37.3,8,7,1,2.7,37.29,8,0,0,0,Healthy,0
NB08179,Female,39.67,5.2,148,31,97.3,51.22,35.32,5.49,51.44,35.15,7,8,6,5.09,36.95,10,0,0,0,Healthy,0
NB08180,Male,37.44,5.2,172,40,94.8,47.46,33.89,5.36,47.15,33.18,7,6,2,5.92,36.31,8,0,0,0,Healthy,0
NB08181,Male,30.87,5.2,115,49,89.9,41.37,29.8,5.03,41.61,31.16,7,6,5,5.54,36.88,7,1,0,8,High Risk,0
NB08182,Female,38.65,5.2,135,45,100.0,47.15,33.82,5.02,46.81,33.72,7,5,3,4.24,36.99,8,0,0,0,Healthy,0
NB08183,Female,38.0,5.2,114,31,93.6,50.83,32.38,5.19,51.81,31.69,10,9,5,2.5,36.64,9,0,0,0,Healthy,0
NB08184,Female,38.31,5.2,154,54,92.5,52.1,34.73,5.08,51.94,34.36,10,7,2,2.17,36.22,10,0,0,0,Healthy,0
NB08185,Male,38.12,5.2,128,43,90.7,53.95,33.68,5.08,55.24,33.86,8,8,4,3.55,36.31,9,0,0,0,Healthy,0
NB08186,Male,35.08,5.2,138,61,95.5,44.03,31.09,5.4,43.74,31.08,11,1,2,2.2,36.09,9,0,0,1,Healthy,0
NB08187,Female,39.23,5.2,137,41,95.1,52.24,35.45,5.28,53.02,34.71,9,10,0,0.73,37.76,8,0,0,0,Healthy,0
NB08188,Female,39.39,5.2,142,54,94.6,52.52,36.69,5.48,52.64,36.97,7,5,3,4.22,36.02,7,0,0,0,Healthy,0
NB08189,Female,39.5,5.2,137,38,100.0,49.79,34.62,5.02,48.75,34.02,10,10,6,3.54,36.24,9,0,0,0,Healthy,0
NB08190,Female,40.08,5.2,123,40,97.3,49.64,35.27,4.86,51.38,35.83,10,4,2,2.93,36.79,10,0,0,0,Healthy,0
NB08191,Female,39.33,5.2,142,47,91.4,48.62,32.96,5.08,50.58,33.29,8,4,4,2.96,35.98,10,0,0,2,Healthy,0
NB08192,Male,37.1,5.2,126,25,100.0,47.73,32.83,5.45,47.86,32.75,7,6,1,4.95,36.28,10,0,0,2,Healthy,0
NB08193,Female,37.84,5.2,155,22,89.7,49.86,34.02,5.1,49.84,36.08,5,8,3,5.54,36.85,9,1,0,6,At Risk,0
NB08194,Female,38.2,5.2,141,35,94.6,52.5,33.91,5.5,53.64,33.67,7,10,3,4.63,36.89,8,0,0,0,Healthy,0
NB08195,Female,38.24,5.2,121,29,92.4,52.02,33.42,5.12,52.19,33.45,4,7,3,4.84,36.98,10,0,0,0,Healthy,0
NB08196,Male,40.2,5.2,183,19,96.3,48.35,36.43,5.35,49.24,37.46,7,5,2,1.62,37.12,10,0,0,3,At Risk,0
NB08197,Female,39.42,5.2,170,49,97.2,49.3,34.88,5.22,49.74,35.46,8,10,1,5.59,36.78,8,0,0,0,Healthy,0
NB08198,Male,42.0,5.2,184,34,93.6,55.8,40.0,4.84,56.16,39.56,10,6,4,2.94,36.49,7,0,0,2,Healthy,0
NB08199,Female,42.0,5.2,134,39,98.7,51.74,36.91,5.1,51.29,37.24,7,6,3,5.0,37.01,8,0,0,0,Healthy,0
NB08200,Male,38.18,5.2,125,43,95.7,49.64,29.8,5.33,49.23,30.51,9,9,0,0.2,37.43,9,0,0,0,Healthy,0
NB08201,Female,29.56,5.2,155,47,100.0,38.59,26.22,5.22,39.84,24.74,10,9,0,5.46,37.08,7,0,0,3,At Risk,0
NB08202,Male,40.72,5.2,160,45,98.3,54.35,36.5,5.14,56.0,36.37,6,9,4,0.54,36.41,7,0,0,0,Healthy,0
NB08203,Male,36.81,5.2,144,44,93.4,44.7,32.0,5.2,45.07,33.2,9,9,3,6.38,37.08,8,0,0,0,Healthy,0
NB08204,Male,36.24,5.2,102,47,98.7,44.73,31.69,5.26,46.2,31.38,5,4,2,1.82,37.05,8,0,0,1,Healthy,0
NB08205,Male,37.12,5.2,122,37,92.7,50.91,31.33,4.69,50.34,32.32,6,8,5,2.77,36.24,9,0,0,0,Healthy,0
NB08206,Female,37.02,5.2,148,35,97.2,52.56,32.4,5.12,53.29,32.04,6,5,2,1.03,36.7,10,0,0,0,Healthy,0
NB08207,Female,39.35,5.2,128,19,96.8,50.23,35.03,5.07,50.18,35.26,7,5,3,1.4,37.05,10,0,0,2,Healthy,0
NB08208,Male,34.57,5.2,115,48,93.2,46.42,31.98,5.37,46.64,32.13,7,9,5,4.85,37.32,10,0,0,0,Healthy,0
NB08209,Female,35.63,5.2,135,35,88.0,49.28,30.61,5.38,49.24,30.27,9,10,4,3.07,36.51,6,1,1,10,High Risk,1
NB08210,Male,38.75,5.2,82,62,100.0,50.86,35.54,5.26,50.84,34.58,8,13,4,1.27,36.14,10,1,1,5,At Risk,0
NB08211,Female,39.37,5.2,129,49,96.5,50.09,32.97,5.25,47.67,33.57,6,7,3,3.33,37.03,8,0,0,1,Healthy,0
NB08212,Male,39.41,5.2,132,52,95.1,49.9,35.44,4.83,48.81,35.19,5,4,1,3.94,36.69,9,0,0,0,Healthy,0
NB08213,Female,36.27,5.2,146,49,95.1,44.91,33.09,5.05,43.35,34.41,9,9,3,3.31,36.91,10,0,0,0,Healthy,0
NB08214,Female,35.85,5.2,150,47,98.4,48.13,30.89,5.16,47.85,30.82,10,5,4,3.35,36.89,9,0,0,0,Healthy,0
NB08215,Male,36.89,5.2,147,47,100.0,48.41,31.44,5.21,47.55,31.46,8,6,1,2.26,36.87,6,0,1,6,At Risk,0
NB08216,Male,38.53,5.2,156,48,98.2,49.2,34.74,5.23,47.66,35.13,2,9,2,1.93,36.61,6,0,1,7,At Risk,0
NB08217,Female,41.27,5.2,137,44,96.3,50.54,35.25,4.84,49.71,34.89,7,7,3,0.2,37.21,8,0,0,0,Healthy,0
NB08218,Female,33.5,5.2,114,36,96.0,43.75,30.36,5.43,43.73,30.44,7,8,3,6.79,36.42,7,0,0,0,Healthy,0
NB08219,Female,37.51,5.2,141,30,96.3,50.4,34.49,5.03,53.58,33.6,7,7,3,5.6,36.92,8,0,0,0,Healthy,0
NB08220,Female,35.07,5.2,124,46,91.5,48.72,32.47,4.78,48.78,33.1,11,9,0,2.44,36.98,9,0,0,0,Healthy,0
NB08221,Female,34.37,5.2,116,55,97.0,45.67,29.88,5.39,45.5,29.05,9,6,2,0.45,36.71,9,0,0,0,Healthy,0
NB08222,Male,40.13,5.2,150,41,90.4,50.65,35.21,5.05,49.45,35.83,10,4,5,2.61,37.16,8,0,0,0,Healthy,0
NB08223,Male,39.2,5.2,115,44,96.5,48.97,33.24,5.37,48.08,33.14,10,10,2,1.72,36.59,10,0,0,0,Healthy,0
NB08224,Male,38.99,5.2,152,29,93.3,52.36,35.8,4.88,53.43,35.5,7,5,2,2.77,37.83,8,0,0,0,Healthy,0
NB08225,Male,40.03,5.2,117,37,98.0,51.49,37.52,5.15,53.11,37.35,7,8,0,3.39,36.91,9,0,0,1,Healthy,0
NB08226,Male,36.94,5.2,135,30,96.3,49.39,31.79,5.04,48.66,32.17,8,8,4,1.78,37.36,8,0,0,0,Healthy,0
NB08227,Male,37.05,5.2,130,30,93.8,49.46,33.09,5.31,49.82,33.44,7,7,3,2.25,37.2,9,0,0,0,Healthy,0
NB08228,Female,42.0,5.2,160,43,91.5,52.58,37.98,5.05,55.34,37.82,7,7,1,4.79,37.44,9,0,0,0,Healthy,0
NB08229,Female,37.46,5.2,151,41,100.0,46.78,33.46,5.31,48.87,33.06,10,7,3,6.61,36.84,9,0,0,0,Healthy,0
NB08230,Male,39.62,5.2,125,50,94.7,49.06,35.77,5.15,49.51,35.16,9,1,6,3.92,37.31,8,0,0,2,Healthy,0
NB08231,Female,38.01,5.2,137,50,100.0,51.87,33.89,5.1,51.11,32.58,4,7,3,2.18,37.46,10,0,0,0,Healthy,0
NB08232,Male,33.93,5.2,164,33,90.7,44.49,29.37,5.41,43.68,30.21,8,8,6,4.75,36.93,5,0,1,6,At Risk,0
NB08233,Female,33.5,5.2,167,23,94.1,44.73,30.83,5.5,42.79,31.11,10,10,1,2.53,36.49,8,0,0,2,Healthy,0
NB08234,Female,36.73,5.2,115,33,87.1,46.18,34.6,5.16,46.37,35.45,10,4,3,4.19,37.62,10,1,0,4,At Risk,0
NB08235,Male,40.32,5.2,164,35,97.6,49.26,35.9,5.08,51.21,36.6,8,8,1,2.42,36.81,10,0,0,0,Healthy,0
NB08236,Male,39.73,5.2,162,48,97.9,49.62,37.45,5.2,49.12,38.17,11,4,3,3.62,36.84,8,0,0,1,Healthy,0
NB08237,Female,40.01,5.2,143,48,92.9,54.79,32.55,5.25,54.7,32.36,7,10,3,3.52,36.92,7,0,0,0,Healthy,0
NB08238,Female,35.83,5.2,138,42,92.7,48.96,32.85,4.87,49.09,33.04,8,6,5,2.72,36.45,8,0,0,0,Healthy,0
NB08239,Female,41.55,5.2,130,49,93.6,51.75,35.32,5.03,51.96,34.82,4,9,4,0.95,36.95,8,0,0,0,Healthy,0
NB08240,Female,35.88,5.2,117,68,94.2,49.86,31.0,4.93,49.15,31.44,8,11,4,2.98,36.96,7,0,0,1,Healthy,0
NB08241,Female,38.47,5.2,146,41,93.0,49.72,36.13,5.0,49.76,36.33,12,7,1,3.07,36.8,10,0,0,0,Healthy,0
NB08242,Female,37.98,5.2,137,40,98.8,52.29,33.4,5.5,52.8,33.79,8,5,4,3.92,36.77,8,0,0,0,Healthy,0
NB08243,Female,37.62,5.2,148,34,93.4,53.68,33.0,4.77,54.35,33.04,8,6,0,3.89,36.7,10,0,0,0,Healthy,0
NB08244,Female,40.94,5.2,148,45,88.4,54.31,36.38,5.3,54.85,37.16,8,10,4,5.27,36.63,7,1,0,4,At Risk,0
NB08245,Female,36.45,5.2,185,53,94.1,48.39,29.49,5.16,47.79,29.28,9,9,4,2.07,37.13,7,0,0,1,Healthy,0
NB08246,Male,35.03,5.2,162,37,93.2,48.33,33.75,5.28,48.46,33.28,7,9,4,4.25,36.93,10,0,0,0,Healthy,0
NB08247,Female,38.04,5.2,150,38,90.4,49.67,36.69,5.0,50.18,37.7,12,11,4,3.3,37.22,10,0,0,0,Healthy,0
NB08248,Female,37.12,5.2,102,37,95.7,45.14,34.56,5.14,46.38,34.99,10,7,6,2.3,36.57,7,0,0,0,Healthy,0
NB08249,Female,42.0,5.2,147,30,88.3,51.89,37.22,5.47,52.62,37.11,9,7,4,4.34,37.31,9,1,0,4,At Risk,0
NB08250,Male,39.49,5.2,168,43,96.3,49.04,34.52,5.14,48.19,33.64,10,8,3,2.43,37.2,7,0,0,0,Healthy,0
NB08251,Male,37.1,5.2,132,44,94.9,47.44,31.56,5.5,47.7,31.4,8,4,3,2.28,36.69,6,0,1,6,At Risk,0
NB08252,Male,35.68,5.2,179,42,93.0,51.1,33.96,4.68,51.7,32.76,7,10,1,0.2,36.5,7,0,0,0,Healthy,0
NB08253,Male,33.86,5.2,150,60,91.0,48.12,32.28,5.34,48.8,31.82,9,5,4,6.51,37.07,8,0,0,0,Healthy,0
NB08254,Female,35.74,5.2,145,46,89.9,48.45,32.9,5.24,49.26,32.72,10,8,2,2.02,36.09,9,1,0,4,At Risk,0
NB08255,Female,38.25,5.2,122,31,98.1,51.45,34.48,4.94,52.2,34.97,7,9,6,4.82,36.61,6,0,1,6,At Risk,0
NB08256,Male,41.14,5.2,167,48,94.0,48.64,36.45,5.41,47.28,36.54,7,6,2,1.75,36.92,9,0,0,0,Healthy,0
NB08257,Male,40.47,5.2,125,39,89.1,53.28,34.74,5.08,52.47,34.32,8,5,2,1.9,36.73,9,1,0,4,At Risk,0
NB08258,Female,38.5,5.2,130,39,95.0,51.93,37.9,5.28,53.31,38.72,4,7,4,2.8,36.32,8,0,0,1,Healthy,0
NB08259,Male,37.29,5.2,106,40,94.0,44.48,32.87,5.03,43.71,32.32,6,9,2,4.48,36.84,10,0,0,0,Healthy,0
NB08260,Male,38.59,5.2,156,39,99.9,51.66,33.57,5.13,52.15,32.47,7,9,2,4.88,36.35,10,0,0,0,Healthy,0
NB08261,Male,36.86,5.2,151,45,93.6,45.72,34.68,5.37,45.3,35.31,10,7,4,3.64,36.92,10,0,0,1,Healthy,0
NB08262,Female,41.78,5.2,140,63,98.4,49.06,36.4,5.5,50.25,36.23,9,4,4,4.17,36.62,8,0,0,0,Healthy,0
NB08263,Male,37.58,5.2,153,38,94.2,51.88,33.48,5.05,53.16,34.02,6,4,4,4.0,36.74,9,0,0,0,Healthy,0
NB08264,Female,37.81,5.2,152,43,90.9,47.41,35.79,5.48,46.69,35.43,9,9,2,3.98,36.43,9,0,0,1,Healthy,0
NB08265,Male,33.13,5.2,133,44,96.7,43.78,31.41,5.5,44.68,31.05,8,7,4,3.48,37.15,8,0,0,0,Healthy,0
NB08266,Female,37.57,5.2,126,37,99.3,51.19,34.59,5.36,52.26,33.96,7,9,0,2.28,36.73,9,0,0,0,Healthy,0
NB08267,Male,39.84,5.2,109,38,98.2,50.65,32.96,5.38,51.43,33.18,7,6,1,3.0,36.47,7,0,0,1,Healthy,0
NB08268,Female,35.65,5.2,137,52,96.1,47.13,32.76,5.09,47.09,33.27,13,7,4,4.92,36.75,8,0,0,1,Healthy,0
NB08269,Female,36.35,5.2,116,37,98.5,47.71,31.14,5.04,46.19,31.82,4,8,2,3.94,37.58,8,0,0,0,Healthy,0
NB08270,Female,39.74,5.2,143,33,95.6,51.86,34.34,5.14,53.23,35.32,7,10,3,4.18,36.95,9,0,0,1,Healthy,0
NB08271,Male,34.75,5.2,137,60,95.3,46.22,31.79,5.28,45.8,32.2,10,9,4,4.55,37.28,7,0,0,0,Healthy,0
NB08272,Female,40.33,5.2,133,30,89.8,51.92,35.37,5.17,51.9,34.87,6,5,2,5.73,36.07,9,1,0,4,At Risk,0
NB08273,Male,36.83,5.2,159,51,95.7,47.54,33.96,5.08,48.21,34.83,7,7,2,4.18,36.71,8,0,0,0,Healthy,0
NB08274,Male,37.15,5.2,122,40,100.0,49.53,34.36,5.09,48.72,34.55,6,9,1,2.19,36.35,9,0,0,0,Healthy,0
NB08275,Female,35.53,5.2,107,30,89.3,48.0,33.34,5.17,47.09,33.97,9,10,4,4.08,36.57,9,1,0,4,At Risk,0
NB08276,Female,38.83,5.2,136,38,90.4,54.14,32.37,5.4,53.49,32.22,9,14,4,0.2,36.46,8,0,0,0,Healthy,0
NB08277,Male,42.0,5.2,127,40,93.9,52.44,40.0,5.01,51.71,40.18,6,5,5,3.69,37.38,10,0,0,0,Healthy,0
NB08278,Male,39.72,5.2,142,26,90.3,50.78,34.97,5.34,49.88,35.15,11,9,1,2.29,37.12,7,0,0,0,Healthy,0
NB08279,Male,36.1,5.2,124,46,97.4,48.37,34.29,5.34,48.56,33.73,6,9,1,3.84,36.46,8,0,0,1,Healthy,0
NB08280,Female,40.5,5.2,148,45,89.0,53.78,31.78,5.13,54.19,30.8,9,8,1,4.35,36.59,7,1,0,4,At Risk,0
NB08281,Male,37.3,5.2,122,39,97.4,46.79,32.91,5.29,46.29,32.76,5,7,1,2.34,36.96,6,0,1,6,At Risk,0
NB08282,Female,41.02,5.2,122,47,98.5,52.53,33.73,5.47,52.79,34.7,9,6,5,2.58,37.2,7,0,0,0,Healthy,0
NB08283,Female,39.77,5.2,151,44,97.3,46.18,33.75,5.17,43.64,33.68,9,7,1,4.89,37.27,8,0,0,0,Healthy,0
NB08284,Female,31.53,5.2,139,55,95.1,43.23,29.34,5.08,43.72,29.44,7,8,2,3.78,37.09,9,0,0,3,At Risk,0
NB08285,Female,35.79,5.2,119,31,96.9,49.76,31.75,5.04,50.02,31.81,9,8,3,1.38,37.62,9,0,0,0,Healthy,0
NB08286,Female,40.08,5.2,123,39,91.0,50.02,37.23,5.06,51.31,37.92,9,10,2,5.71,36.99,10,0,0,0,Healthy,0
NB08287,Female,38.33,5.2,133,52,95.9,50.25,36.69,5.39,50.83,36.08,8,7,4,3.56,36.6,9,0,0,1,Healthy,0
NB08288,Male,35.75,5.2,119,47,92.8,46.52,30.77,5.22,47.26,31.36,10,8,3,3.02,36.43,9,0,0,0,Healthy,0
NB08289,Female,36.61,5.2,135,19,98.1,46.63,32.09,4.91,46.13,32.08,6,10,2,2.44,36.31,10,0,0,2,Healthy,0
NB08290,Male,33.81,5.2,135,25,97.5,47.77,29.32,5.48,46.21,29.4,10,8,5,1.47,36.26,7,0,0,0,Healthy,0
NB08291,Female,37.81,5.2,123,42,92.2,47.33,35.4,5.19,47.52,35.76,9,10,4,2.04,37.1,10,0,0,0,Healthy,0
NB08292,Female,42.0,5.2,152,58,96.2,53.79,36.84,5.33,52.45,36.9,5,7,5,1.26,37.52,9,0,0,0,Healthy,0
NB08293,Male,39.77,5.2,122,38,96.4,51.81,35.09,5.35,52.07,35.36,9,7,0,3.09,36.85,10,0,0,0,Healthy,0
NB08294,Male,42.0,5.2,162,48,93.3,51.5,37.07,5.06,52.18,36.8,8,1,3,1.68,37.62,9,0,0,1,Healthy,0
NB08295,Male,39.94,5.2,136,43,95.1,51.66,34.69,4.98,51.75,35.5,7,8,2,1.88,36.81,6,0,1,6,At Risk,0
NB08296,Female,40.26,5.2,128,48,96.8,49.76,34.1,5.04,48.99,34.26,10,4,3,5.89,37.07,7,0,0,0,Healthy,0
NB08297,Male,42.0,5.2,150,53,93.4,54.24,36.68,5.19,56.17,37.38,10,5,3,1.37,36.09,8,0,0,0,Healthy,0
NB08298,Female,38.83,5.2,141,51,91.9,47.72,33.98,5.32,47.63,34.41,3,10,3,2.38,37.17,7,0,0,1,Healthy,0
NB08299,Female,37.59,5.2,154,51,95.8,48.55,34.03,5.5,49.75,34.68,8,10,4,3.68,36.51,7,0,0,0,Healthy,0
NB08300,Male,40.27,5.2,104,36,100.0,51.14,32.94,5.41,52.88,33.6,8,8,3,3.94,37.17,7,0,0,1,Healthy,0
NB08301,Male,41.2,5.2,149,40,94.5,54.7,36.32,4.84,56.19,36.57,7,8,2,3.32,37.38,6,0,1,6,At Risk,0
NB08302,Female,36.94,5.2,131,47,93.8,48.93,32.03,5.2,49.81,32.68,8,9,3,2.32,36.94,9,0,0,0,Healthy,0
NB08303,Female,36.41,5.2,141,47,92.2,50.08,32.92,4.78,52.03,33.27,10,9,2,0.51,36.99,9,0,0,0,Healthy,0
NB08304,Female,38.31,5.2,138,48,99.0,50.98,35.37,5.42,51.54,36.68,5,6,4,3.26,36.85,8,0,0,1,Healthy,0
NB08305,Female,39.83,5.2,164,24,98.1,52.34,34.25,5.19,53.55,34.44,7,8,5,5.28,37.09,10,0,0,2,Healthy,0
NB08306,Female,39.76,5.2,107,54,94.5,50.52,36.82,5.24,50.93,37.16,7,5,5,0.5,37.64,6,0,1,6,At Risk,0
NB08307,Female,34.87,5.2,169,25,92.2,48.82,29.0,5.18,48.17,29.55,9,8,2,2.86,36.81,10,0,0,2,Healthy,0
NB08308,Female,42.0,5.2,153,34,92.2,52.49,38.92,5.25,52.87,38.73,7,6,2,0.2,36.87,9,0,0,0,Healthy,0
NB08309,Male,36.59,5.2,143,44,92.0,44.87,34.67,5.09,43.64,35.3,10,7,3,4.31,36.0,6,0,1,8,High Risk,0
NB08310,Male,37.42,5.2,114,42,93.3,48.65,32.06,5.25,48.95,31.92,10,5,5,4.29,36.99,9,0,0,1,Healthy,0
NB08311,Female,36.01,5.2,110,56,93.0,48.72,31.09,5.04,48.55,30.93,8,8,2,2.02,36.45,9,0,0,0,Healthy,0
NB08312,Male,42.0,5.2,130,30,92.4,49.99,34.36,5.29,51.07,34.18,8,6,3,3.24,36.71,10,0,0,1,Healthy,0
NB08313,Female,38.53,5.2,151,38,98.9,48.31,35.55,5.28,49.86,34.3,8,14,1,4.02,37.01,8,0,0,0,Healthy,0
NB08314,Male,36.13,5.2,140,22,100.0,45.45,31.99,5.33,44.58,32.35,12,5,7,3.89,36.07,7,0,0,2,Healthy,0
NB08315,Male,39.9,5.2,150,43,91.2,52.88,34.52,5.21,53.48,34.65,6,11,3,3.78,37.01,8,0,0,0,Healthy,0
NB08316,Female,39.69,5.2,114,40,93.0,54.47,33.3,5.44,55.08,33.46,5,7,6,3.46,36.91,9,0,0,0,Healthy,0
NB08317,Female,37.59,5.2,141,30,91.7,48.81,36.23,5.5,50.34,36.64,3,8,2,6.88,37.12,7,0,0,1,Healthy,0
NB08318,Male,39.85,5.2,160,55,96.1,52.33,33.64,4.92,53.43,33.73,8,9,5,5.27,36.51,9,0,0,0,Healthy,0
NB08319,Female,36.18,5.2,166,53,93.8,48.98,32.57,4.98,50.3,33.09,8,5,2,3.47,37.3,10,0,0,1,Healthy,0
NB08320,Female,36.92,5.2,117,43,91.4,51.73,33.36,5.2,52.32,33.1,6,10,4,3.22,36.94,9,0,0,1,Healthy,0
NB08321,Male,33.58,5.2,134,53,100.0,44.31,30.11,5.14,43.3,29.52,6,7,3,3.84,36.48,9,0,0,0,Healthy,0
NB08322,Male,35.09,5.2,134,41,96.7,46.54,30.86,5.32,46.02,30.83,10,2,2,5.87,36.18,10,0,0,1,Healthy,0
NB08323,Male,41.98,5.2,129,49,91.6,52.5,36.03,5.33,53.13,36.24,10,8,4,4.46,36.56,9,0,0,0,Healthy,0
NB08324,Male,41.61,5.2,156,51,100.0,53.0,37.18,5.29,51.94,37.47,8,7,3,6.21,37.19,9,0,0,1,Healthy,0
NB08325,Female,38.14,5.2,192,31,91.0,54.74,33.38,4.9,54.43,33.66,7,6,1,4.59,37.0,8,0,0,1,Healthy,0
NB08326,Female,41.66,5.2,120,46,97.2,52.95,38.8,5.27,52.79,40.32,7,7,3,3.54,35.83,8,0,0,2,Healthy,0
NB08327,Male,37.65,5.2,148,44,100.0,47.57,32.39,5.5,47.67,31.21,9,11,1,1.87,36.65,10,0,0,0,Healthy,0
NB08328,Male,37.46,5.2,145,32,94.5,46.81,34.56,5.33,47.4,34.84,9,9,2,5.24,36.86,9,0,0,0,Healthy,0
NB08329,Female,38.12,5.2,146,29,94.0,52.22,31.25,5.22,52.73,31.12,10,4,2,2.13,37.66,7,0,0,0,Healthy,0
NB08330,Female,37.73,5.2,164,47,95.6,47.63,32.44,5.35,48.45,32.94,9,3,3,6.41,37.38,9,0,0,0,Healthy,0
NB08331,Female,37.53,5.2,147,39,100.0,50.5,32.24,5.06,49.78,32.62,6,6,3,1.01,36.72,10,0,0,1,Healthy,0
NB08332,Female,40.52,5.2,102,27,100.0,50.5,33.9,5.31,50.31,33.86,8,11,4,0.97,36.88,6,0,1,6,At Risk,0
NB08333,Male,38.33,5.2,114,48,93.4,47.36,34.46,5.23,48.03,33.91,9,10,4,3.53,36.19,8,0,0,0,Healthy,0
NB08334,Female,39.57,5.2,121,51,96.1,52.22,34.73,5.0,51.28,34.54,7,5,4,3.6,35.62,8,0,0,2,Healthy,0
NB08335,Male,40.27,5.2,127,30,98.2,50.38,31.97,5.28,51.33,31.89,8,5,4,5.59,36.62,10,0,0,0,Healthy,0
NB08336,Male,38.85,5.2,137,42,93.5,51.22,37.39,5.24,51.53,36.79,7,8,2,5.17,37.25,8,0,0,0,Healthy,0
NB08337,Male,35.87,5.2,136,57,91.0,48.68,32.57,5.39,47.57,33.26,6,7,5,4.19,36.88,9,0,0,0,Healthy,0
NB08338,Female,35.02,5.2,107,33,98.8,48.01,31.72,5.26,49.06,32.63,6,3,1,3.81,36.46,9,0,0,0,Healthy,0
NB08339,Male,38.33,5.2,111,59,96.8,49.36,35.99,5.27,49.79,35.66,6,7,1,3.47,37.21,10,0,0,1,Healthy,0
NB08340,Male,37.62,5.2,102,39,96.1,50.63,35.02,5.26,52.64,34.04,7,5,4,4.13,37.61,10,0,0,0,Healthy,0
NB08341,Male,38.19,5.2,112,41,98.9,47.93,33.49,5.26,49.27,33.25,7,4,6,3.23,36.13,8,0,0,0,Healthy,0
NB08342,Male,37.96,5.2,158,28,91.0,44.66,30.85,5.46,43.24,30.04,10,5,3,1.23,36.78,7,0,0,0,Healthy,0
NB08343,Female,42.0,5.2,135,28,94.2,54.61,37.45,5.37,54.54,37.91,7,4,5,0.2,36.56,6,0,1,6,At Risk,0
NB08344,Female,35.07,5.2,123,35,100.0,47.3,30.31,5.04,47.65,29.98,8,7,3,3.21,36.82,8,0,0,1,Healthy,0
NB08345,Female,33.62,5.2,105,51,97.0,44.44,32.59,5.2,44.91,31.74,8,4,2,2.65,36.59,10,0,0,0,Healthy,0
NB08346,Female,38.73,5.2,122,65,97.2,47.32,33.15,4.95,46.59,32.52,6,6,4,0.2,38.06,7,0,0,2,Healthy,0
NB08347,Male,37.17,5.2,151,68,95.4,44.78,32.54,5.5,45.07,31.8,7,8,4,6.0,36.75,10,0,0,1,Healthy,0
NB08348,Female,38.7,5.2,149,41,88.6,50.33,32.27,5.09,50.25,32.81,3,9,6,1.82,36.94,9,1,0,5,At Risk,0
NB08349,Male,39.28,5.2,135,38,92.1,54.05,32.81,5.08,53.4,32.43,10,6,3,2.89,36.88,6,0,1,6,At Risk,0
NB08350,Female,40.83,5.2,135,32,98.2,51.87,35.61,5.5,51.57,35.61,9,11,2,2.17,36.24,8,0,0,0,Healthy,0
NB08351,Female,34.68,5.2,108,53,93.1,45.89,31.18,5.11,45.62,31.32,14,9,3,2.93,36.89,9,0,0,0,Healthy,0
NB08352,Male,36.78,5.2,126,35,94.4,48.45,32.23,5.04,50.49,31.65,8,10,4,4.78,36.14,10,0,0,0,Healthy,0
NB08353,Female,38.94,5.2,150,40,96.0,54.81,37.54,5.36,56.18,36.71,9,9,4,3.36,37.61,6,0,1,6,At Risk,0
NB08354,Female,39.7,5.2,128,47,91.6,52.63,35.89,5.23,53.12,35.84,10,7,3,5.67,37.21,10,0,0,0,Healthy,0
NB08355,Female,42.0,5.2,169,47,90.5,51.33,36.62,5.05,49.85,37.44,8,6,1,2.96,36.54,9,0,0,0,Healthy,0
NB08356,Female,40.1,5.2,162,36,95.0,51.55,31.14,5.3,53.16,30.91,5,7,4,0.65,36.72,9,0,0,0,Healthy,0
NB08357,Female,37.88,5.2,132,41,93.7,50.15,34.95,5.36,48.33,36.2,12,9,2,2.03,37.26,10,0,0,0,Healthy,0
NB08358,Female,36.04,5.2,135,36,95.8,45.72,36.92,5.4,44.64,36.8,8,7,5,0.51,36.92,8,0,0,0,Healthy,0
NB08359,Male,36.76,5.2,180,34,90.0,50.0,32.65,5.28,48.68,32.11,7,3,4,2.93,36.06,8,1,0,6,At Risk,0
NB08360,Female,36.7,5.2,155,32,93.1,46.79,31.67,5.41,46.05,31.42,8,5,2,2.23,36.88,10,0,0,0,Healthy,0
NB08361,Male,39.44,5.2,141,27,97.4,47.88,35.05,5.4,49.76,33.86,11,0,2,3.54,37.29,8,0,0,2,Healthy,0
NB08362,Male,38.57,5.2,143,46,100.0,50.26,32.05,5.14,51.24,32.42,10,6,2,2.75,35.75,8,0,0,3,At Risk,0
NB08363,Female,35.09,5.2,143,40,95.4,46.81,32.45,5.5,47.27,32.37,10,6,3,0.2,36.86,6,0,1,6,At Risk,0
NB08364,Female,37.04,5.2,140,31,97.3,48.73,35.38,5.36,48.94,35.01,8,6,4,3.67,36.42,10,0,0,0,Healthy,0
NB08365,Male,39.93,5.2,121,30,96.7,49.81,34.15,5.5,49.07,35.18,11,8,3,2.72,37.37,7,0,0,0,Healthy,0
NB08366,Male,38.77,5.2,133,30,96.0,49.05,33.38,5.2,50.07,33.14,8,11,3,2.88,36.6,9,0,0,0,Healthy,0
NB08367,Female,39.25,5.2,114,36,97.4,52.98,34.56,5.4,54.64,35.13,5,5,6,2.24,36.55,10,0,0,0,Healthy,0
NB08368,Male,38.84,5.2,153,53,91.6,51.24,33.64,5.28,52.34,33.65,8,8,6,5.0,37.17,8,0,0,0,Healthy,0
NB08369,Female,41.58,5.2,138,35,93.7,50.91,34.04,5.42,51.73,34.66,8,3,2,1.03,36.4,10,0,0,1,Healthy,0
NB08370,Male,38.52,5.2,154,48,95.9,46.17,33.59,5.15,47.38,33.87,6,8,5,3.89,36.84,6,0,1,6,At Risk,0
NB08371,Female,37.15,5.2,117,58,91.6,47.01,32.33,5.12,47.27,32.73,7,7,3,1.66,36.93,9,0,0,0,Healthy,0
NB08372,Male,35.99,5.2,166,44,96.5,48.1,34.44,5.48,46.31,34.25,7,13,2,6.49,36.71,9,0,0,0,Healthy,0
NB08373,Female,38.55,5.2,163,34,88.3,48.83,35.92,5.28,50.17,36.15,11,6,5,5.23,36.21,10,1,0,4,At Risk,0
NB08374,Female,32.63,5.2,112,41,97.8,43.35,32.14,5.43,42.5,32.0,7,7,2,4.21,36.41,9,0,0,0,Healthy,0
NB08375,Male,37.59,5.2,131,42,94.5,48.06,34.72,4.95,48.29,34.08,9,4,2,5.13,36.74,8,0,0,0,Healthy,0
NB08376,Male,37.55,5.2,133,59,97.4,49.05,33.79,5.07,51.06,33.27,9,10,1,5.5,35.95,10,0,0,2,Healthy,0
NB08377,Male,35.0,5.2,114,25,98.5,48.47,30.39,5.13,48.64,30.17,10,5,3,1.11,36.84,9,0,0,2,Healthy,0
NB08378,Female,35.96,5.2,135,53,99.9,47.76,34.36,5.49,49.6,34.58,9,9,2,4.06,36.68,9,0,0,0,Healthy,0
NB08379,Female,39.78,5.2,150,25,95.9,51.33,35.57,5.48,51.68,36.0,9,11,5,2.55,37.06,9,0,0,2,Healthy,0
NB08380,Male,38.51,5.2,132,50,88.9,49.61,32.28,5.25,48.97,32.97,3,3,3,5.64,37.09,8,1,0,5,At Risk,0
NB08381,Male,38.22,5.2,109,38,88.8,48.8,32.59,5.33,48.93,33.64,4,7,3,1.23,36.29,9,1,0,4,At Risk,0
NB08382,Female,38.67,5.2,154,60,90.6,52.0,32.38,5.26,51.66,32.08,6,7,2,4.16,36.57,8,0,0,0,Healthy,0
NB08383,Male,38.2,5.2,126,49,97.5,51.27,30.86,5.03,52.56,31.8,7,3,2,1.82,36.38,10,0,0,0,Healthy,0
NB08384,Female,40.73,5.2,128,48,90.1,56.15,36.3,5.24,56.17,35.69,7,3,2,6.01,36.56,6,0,1,7,At Risk,0
NB08385,Female,38.27,5.2,170,33,94.2,51.07,32.13,5.05,51.98,32.27,8,2,7,2.97,36.69,9,0,0,1,Healthy,0
NB08386,Female,34.79,5.2,147,60,93.5,45.72,30.42,5.15,46.31,29.81,8,3,3,3.92,37.3,7,0,0,0,Healthy,0
NB08387,Male,41.59,5.2,125,70,96.3,51.02,36.37,5.19,49.38,36.04,5,9,2,4.36,36.53,8,0,0,1,Healthy,0
NB08388,Female,38.81,5.2,119,62,97.5,52.24,34.09,5.5,51.7,33.33,10,2,3,1.36,37.2,7,0,0,1,Healthy,0
NB08389,Female,36.7,5.2,157,32,95.3,46.8,31.82,5.26,47.05,31.93,9,8,4,3.67,36.92,8,0,0,0,Healthy,0
NB08390,Female,35.24,5.2,156,40,97.8,48.74,34.15,5.15,48.58,33.73,7,10,1,5.61,37.42,7,0,0,0,Healthy,0
NB08391,Female,38.87,5.2,131,30,91.1,48.86,32.12,5.35,49.22,31.85,8,9,2,4.01,36.64,8,0,0,0,Healthy,0
NB08392,Female,37.74,5.2,117,36,98.6,50.07,31.39,5.1,50.83,31.12,10,4,4,1.1,36.43,8,0,0,0,Healthy,0
NB08393,Female,41.46,5.2,147,45,95.5,50.6,36.91,5.5,51.88,36.68,8,13,2,2.14,36.86,8,0,0,0,Healthy,0
NB08394,Male,37.24,5.2,151,49,97.7,50.47,32.33,5.32,51.01,32.83,9,8,1,6.19,36.08,10,0,0,0,Healthy,0
NB08395,Female,36.16,5.2,133,47,93.2,45.47,31.51,4.74,45.79,32.32,5,6,2,5.05,36.87,8,0,0,0,Healthy,0
NB08396,Male,39.97,5.2,120,25,87.8,51.92,33.56,5.07,52.72,32.92,8,12,2,4.81,37.05,9,1,0,6,At Risk,0
NB08397,Female,40.04,5.2,140,42,97.3,51.04,35.73,5.5,50.62,35.83,7,10,5,1.9,37.29,10,0,0,1,Healthy,0
NB08398,Male,38.37,5.2,148,47,94.5,50.14,34.4,5.26,50.57,34.67,7,6,4,3.16,36.98,7,0,0,0,Healthy,0
NB08399,Female,39.49,5.2,131,51,99.2,50.15,35.02,5.14,50.77,35.13,8,8,0,2.38,36.74,9,0,0,0,Healthy,0
NB08400,Male,37.92,5.2,145,46,96.5,48.69,32.87,5.31,48.99,34.24,9,9,2,1.69,37.67,7,0,0,0,Healthy,0
NB08401,Female,38.51,5.2,146,47,100.0,50.37,33.03,4.91,50.56,33.0,8,10,4,4.74,36.8,9,0,0,0,Healthy,0
NB08402,Female,40.56,5.2,161,40,99.4,49.9,35.35,5.04,50.79,34.67,9,5,4,2.1,36.32,7,0,0,0,Healthy,0
NB08403,Male,39.38,5.2,132,45,94.1,48.82,36.21,4.95,48.04,35.96,3,11,2,1.56,36.78,9,0,0,1,Healthy,0
NB08404,Female,37.63,5.2,119,68,89.5,48.55,35.89,5.16,47.91,36.1,9,5,4,5.07,36.2,10,1,0,5,At Risk,0
NB08405,Female,40.98,5.2,139,54,92.0,51.48,37.55,5.5,51.47,37.9,9,8,2,6.31,36.24,9,0,0,0,Healthy,0
NB08406,Male,32.8,5.2,170,46,91.7,42.91,30.92,5.35,44.18,30.76,6,5,2,3.31,36.91,8,0,0,0,Healthy,0
NB08407,Female,42.0,5.2,108,49,93.2,55.05,38.07,5.33,53.83,38.27,9,2,2,0.9,36.2,9,0,0,1,Healthy,0
NB08408,Female,34.25,5.2,98,43,94.6,45.55,29.4,5.1,46.77,30.37,10,5,5,3.17,36.52,6,1,1,9,High Risk,0
NB08409,Male,36.62,5.2,138,43,96.1,47.91,31.76,5.39,49.52,33.02,8,7,3,1.32,36.27,9,0,0,0,Healthy,0
NB08410,Male,37.91,5.2,133,52,99.8,46.86,34.52,5.07,47.28,35.41,8,10,2,2.44,36.86,8,0,0,0,Healthy,0
NB08411,Male,37.68,5.2,136,36,92.0,53.45,33.4,5.19,52.6,34.14,8,7,2,3.29,36.48,10,0,0,0,Healthy,0
NB08412,Female,40.21,5.2,136,41,90.1,56.45,35.86,5.38,54.99,36.39,6,10,3,4.59,37.04,9,0,0,0,Healthy,0
NB08413,Male,35.67,5.2,158,28,97.9,45.94,33.64,5.21,48.25,33.64,7,8,2,3.52,37.0,6,0,1,6,At Risk,0
NB08414,Female,38.57,5.2,139,50,99.7,52.57,35.44,5.41,51.56,35.48,9,6,2,1.93,36.21,8,0,0,0,Healthy,0
NB08415,Female,36.73,5.2,155,53,93.3,48.27,31.27,5.19,47.96,31.92,11,10,2,5.82,37.21,6,0,1,6,At Risk,0
NB08416,Female,38.65,5.2,95,48,98.6,53.39,34.27,5.5,51.76,34.91,10,8,3,4.36,36.72,9,1,1,5,At Risk,0
NB08417,Female,37.86,5.2,130,40,97.7,50.14,32.32,5.31,48.28,32.73,4,5,8,5.93,36.25,7,0,0,0,Healthy,0
NB08418,Male,38.2,5.2,125,42,89.0,49.98,32.78,5.05,50.86,33.51,6,7,2,3.23,36.97,10,1,0,4,At Risk,0
NB08419,Male,36.79,5.2,99,43,92.8,43.51,30.39,5.12,43.13,29.38,7,7,3,3.99,37.59,7,1,1,5,At Risk,0
NB08420,Male,36.88,5.2,142,53,93.3,46.83,33.21,5.19,47.88,33.53,9,7,2,1.04,36.71,9,0,0,0,Healthy,0
NB08421,Male,38.63,5.2,138,52,100.0,50.21,31.57,5.42,50.07,30.9,8,5,6,4.61,36.06,9,0,0,0,Healthy,0
NB08422,Male,40.08,5.2,132,28,96.8,51.87,35.84,5.5,53.28,35.79,14,9,3,1.43,37.22,10,0,0,0,Healthy,0
NB08423,Female,36.68,5.2,138,33,93.2,45.99,34.92,4.93,45.86,35.0,9,4,4,2.29,37.51,7,0,0,1,Healthy,0
NB08424,Female,36.09,5.2,142,46,92.6,46.42,33.26,5.15,47.58,33.15,9,7,4,2.45,36.31,9,0,0,0,Healthy,0
NB08425,Female,39.35,5.2,158,29,89.5,51.92,34.82,5.48,51.13,34.44,9,8,7,3.69,36.44,8,1,0,4,At Risk,0
NB08426,Male,37.93,5.2,152,51,98.7,46.77,36.05,5.22,46.18,36.66,8,5,4,1.51,36.82,10,0,0,0,Healthy,0
NB08427,Male,39.83,5.2,146,39,96.4,51.51,35.57,5.2,50.75,36.01,10,7,3,7.37,35.93,10,0,0,2,Healthy,0
NB08428,Male,36.01,5.2,182,49,97.2,50.28,31.11,5.34,49.86,31.95,8,5,3,1.21,37.74,8,0,0,2,Healthy,0
NB08429,Female,34.09,5.2,127,42,90.5,46.85,31.25,4.96,45.4,31.16,6,4,3,0.2,36.78,8,0,0,0,Healthy,0
NB08430,Male,36.83,5.2,116,41,97.6,49.22,35.92,5.35,48.4,35.95,9,11,2,3.05,36.82,7,0,0,0,Healthy,0
NB08431,Male,36.31,5.2,161,31,94.2,44.04,30.98,5.29,43.26,32.65,10,9,3,3.81,36.96,6,0,1,6,At Risk,0
NB08432,Male,37.83,5.2,174,37,92.5,47.8,31.61,5.27,49.94,31.5,8,7,5,5.5,36.68,10,0,0,0,Healthy,0
NB08433,Male,36.6,5.2,129,41,96.8,52.45,33.74,5.45,52.51,32.91,7,9,2,4.93,36.57,10,0,0,0,Healthy,0
NB08434,Male,39.63,5.2,165,41,90.8,49.87,34.61,5.22,49.67,35.22,13,9,2,4.74,36.38,8,0,0,0,Healthy,0
NB08435,Female,37.37,5.2,130,49,95.6,51.56,32.56,5.24,52.5,33.24,6,6,3,4.52,36.27,7,0,0,1,Healthy,0
NB08436,Male,38.33,5.2,151,36,94.1,48.68,32.14,5.27,48.42,32.93,8,10,2,4.47,36.98,8,0,0,1,Healthy,0
NB08437,Female,38.35,5.2,152,42,98.8,49.36,31.12,4.82,49.86,31.86,9,5,3,3.38,37.41,9,0,0,0,Healthy,0
NB08438,Male,38.43,5.2,129,57,98.1,51.02,31.92,5.44,51.88,31.48,8,9,3,1.28,37.23,10,0,0,0,Healthy,0
NB08439,Male,37.95,5.2,173,50,95.3,49.75,36.19,5.35,50.56,36.69,8,3,1,1.31,36.67,7,0,0,0,Healthy,0
NB08440,Female,39.12,5.2,175,43,96.0,51.37,34.57,5.34,51.54,34.97,7,6,2,2.7,36.71,9,0,0,0,Healthy,0
NB08441,Female,36.25,5.2,122,27,97.1,46.39,29.63,5.3,46.69,30.15,9,4,3,3.01,37.53,8,0,0,0,Healthy,0
NB08442,Male,41.08,5.2,144,28,95.0,50.1,37.73,5.5,50.65,37.76,8,8,2,5.13,36.44,7,0,0,0,Healthy,0
NB08443,Female,37.48,5.2,156,48,92.1,47.36,35.29,5.27,48.09,36.02,9,10,1,3.46,36.05,10,0,0,0,Healthy,0
NB08444,Male,35.11,5.2,106,49,93.3,45.94,33.62,5.19,46.48,34.03,7,9,1,2.5,36.91,10,0,0,0,Healthy,0
NB08445,Male,38.41,5.2,140,23,90.7,49.51,33.46,4.88,49.87,33.78,9,6,3,7.48,37.18,8,0,0,2,Healthy,0
NB08446,Male,36.13,5.2,110,49,98.2,49.99,32.09,4.98,49.25,31.9,5,4,2,4.53,35.68,9,0,0,2,Healthy,0
NB08447,Female,39.46,5.2,152,36,96.4,51.09,35.03,5.17,51.85,35.63,9,15,4,2.04,36.98,7,0,0,0,Healthy,0
NB08448,Female,42.0,5.2,142,38,93.5,54.17,38.7,5.25,53.16,38.73,13,14,5,2.53,36.29,9,0,0,0,Healthy,0
NB08449,Female,36.27,5.2,133,51,92.5,48.33,31.76,5.11,48.55,32.02,9,4,2,0.2,36.16,10,0,0,0,Healthy,0
NB08450,Female,38.73,5.2,112,49,95.8,48.03,33.18,5.18,48.37,33.23,8,9,2,6.36,36.67,10,0,0,0,Healthy,0
NB08451,Male,34.14,5.2,129,41,90.1,46.16,32.14,5.05,44.89,32.7,9,4,4,5.02,36.28,8,0,0,1,Healthy,0
NB08452,Female,39.0,5.2,149,49,91.3,50.76,36.31,5.42,50.23,36.51,8,4,3,4.77,36.0,6,0,1,7,At Risk,0
NB08453,Female,36.05,5.2,139,38,94.9,49.37,32.36,5.17,50.85,31.9,11,7,5,2.32,36.85,9,0,0,0,Healthy,0
NB08454,Female,36.63,5.2,161,34,100.0,46.23,33.84,5.47,45.61,34.52,10,7,3,6.09,36.78,8,0,0,0,Healthy,0
NB08455,Female,35.58,5.2,160,55,96.6,43.34,32.27,5.18,44.12,32.87,8,9,3,3.67,36.03,8,0,0,0,Healthy,0
NB08456,Male,39.61,5.2,160,55,95.6,51.4,34.55,5.3,50.41,34.93,6,2,4,0.2,36.17,9,0,0,1,Healthy,0
NB08457,Male,40.22,5.2,130,36,90.9,52.3,34.11,5.32,51.11,34.35,8,7,2,2.94,37.01,9,0,0,0,Healthy,0
NB08458,Female,38.05,5.2,145,37,91.7,49.29,32.11,5.26,50.24,31.72,8,8,0,2.14,37.04,7,0,0,0,Healthy,0
NB08459,Female,36.1,5.2,123,51,99.7,47.94,31.55,5.01,49.26,31.67,9,14,6,2.17,35.61,9,0,0,2,Healthy,0
NB08460,Female,41.5,5.2,117,35,93.4,54.5,34.78,5.16,54.72,34.48,10,5,5,0.2,36.23,8,0,0,1,Healthy,0
NB08461,Female,36.35,5.2,161,50,95.2,47.2,33.07,4.81,47.79,33.47,12,8,2,3.72,36.76,7,0,0,0,Healthy,0
NB08462,Male,33.24,5.2,119,32,97.1,44.76,32.3,5.5,46.3,32.82,7,11,2,1.04,36.99,7,0,0,0,Healthy,0
NB08463,Female,39.01,5.2,117,39,93.5,50.67,34.81,4.56,50.66,35.59,5,12,0,5.11,36.98,8,0,0,0,Healthy,0
NB08464,Male,35.57,5.2,142,52,93.2,44.97,30.72,5.4,45.25,30.91,6,11,4,1.42,37.07,8,0,0,0,Healthy,0
NB08465,Female,40.17,5.2,135,32,89.0,51.25,36.61,5.25,51.23,37.01,7,7,2,1.56,36.48,6,1,1,10,High Risk,1
NB08466,Male,37.16,5.2,137,36,90.7,48.72,33.66,4.88,48.17,33.55,10,7,5,1.21,36.88,9,0,0,0,Healthy,0
NB08467,Female,39.33,5.2,182,46,97.1,54.07,35.47,5.28,52.76,34.88,4,5,2,4.86,36.62,10,0,0,2,Healthy,0
NB08468,Male,41.08,5.2,122,24,93.5,51.78,35.18,5.01,51.11,34.91,8,11,1,3.18,36.55,6,0,1,8,High Risk,0
NB08469,Male,35.34,5.2,149,43,97.3,47.61,33.64,5.32,48.96,34.11,6,6,2,3.02,36.12,6,0,1,6,At Risk,0
NB08470,Female,36.75,5.2,142,54,89.5,50.32,34.62,5.22,52.14,34.56,8,6,4,2.95,36.93,10,1,0,4,At Risk,0
NB08471,Female,37.83,5.2,158,51,97.8,47.78,33.41,5.28,46.9,32.57,7,8,0,4.89,36.06,9,0,0,0,Healthy,0
NB08472,Female,41.38,5.2,126,42,94.9,55.4,37.25,5.16,56.34,37.3,4,4,5,5.76,36.27,7,0,0,0,Healthy,0
NB08473,Female,36.55,5.2,136,42,89.9,51.82,34.44,5.5,51.78,34.34,9,8,2,2.71,37.11,6,1,1,10,High Risk,1
NB08474,Male,36.69,5.2,142,57,99.0,48.37,32.19,5.03,50.09,32.18,6,5,3,0.51,36.73,10,0,0,0,Healthy,0
NB08475,Male,39.05,5.2,114,56,90.1,49.47,34.41,5.1,49.63,34.77,9,9,0,4.27,37.27,9,0,0,0,Healthy,0
NB08476,Female,36.73,5.2,108,41,98.8,51.71,33.03,5.2,51.25,34.37,12,14,1,4.02,36.65,8,0,0,0,Healthy,0
NB08477,Female,38.34,5.2,140,36,94.9,51.49,32.39,5.21,51.9,31.81,6,10,4,1.34,36.55,8,0,0,0,Healthy,0
NB08478,Female,34.59,5.2,164,51,91.9,46.69,32.07,5.0,45.41,33.06,9,3,2,0.2,37.32,8,0,0,0,Healthy,0
NB08479,Female,42.0,5.2,134,53,100.0,56.05,38.13,4.83,56.4,38.29,7,8,4,1.75,36.62,9,0,0,0,Healthy,0
NB08480,Female,35.04,5.2,136,56,96.4,49.57,31.51,5.3,49.47,32.28,5,5,2,6.54,36.93,7,0,0,0,Healthy,0
NB08481,Male,37.29,5.2,161,48,99.3,48.29,33.81,5.3,48.19,34.16,11,8,2,0.88,36.73,8,0,0,1,Healthy,0
NB08482,Male,37.93,5.2,137,38,96.5,50.03,35.85,5.5,49.6,35.97,8,9,1,3.55,36.85,10,0,0,0,Healthy,0
NB08483,Female,42.0,5.2,154,25,94.2,54.35,35.99,5.48,53.76,36.35,9,6,3,5.59,36.7,8,0,0,0,Healthy,0
NB08484,Female,35.09,5.2,188,61,92.0,47.03,32.3,5.24,47.53,31.53,5,8,2,1.33,37.2,9,0,0,1,Healthy,0
NB08485,Male,42.0,5.2,130,58,94.4,50.42,35.75,5.09,50.7,35.55,7,9,4,2.89,36.83,9,0,0,0,Healthy,0
NB08486,Female,39.67,5.2,137,34,95.6,49.22,34.07,5.46,49.21,34.31,7,6,5,3.41,36.65,10,0,0,0,Healthy,0
NB08487,Female,38.92,5.2,147,44,97.9,47.71,34.96,5.06,48.28,34.26,8,9,4,4.72,36.91,8,0,0,0,Healthy,0
NB08488,Male,35.83,5.2,167,40,93.6,48.64,32.65,5.41,48.74,32.78,10,3,5,1.9,36.1,10,0,0,0,Healthy,0
NB08489,Male,39.26,5.2,138,43,96.8,48.36,35.51,4.94,48.32,35.09,9,9,3,0.73,37.26,9,0,0,0,Healthy,0
NB08490,Male,36.41,5.2,153,38,100.0,48.55,32.8,5.5,48.06,33.17,7,13,5,5.31,36.12,9,0,0,0,Healthy,0
NB08491,Female,40.79,5.2,146,49,95.6,55.77,36.45,5.02,57.05,36.83,6,9,6,3.14,36.5,8,0,0,0,Healthy,0
NB08492,Female,35.86,5.2,139,31,88.1,50.53,34.8,5.03,53.0,35.7,7,10,2,1.01,36.6,9,1,0,5,At Risk,0
NB08493,Male,37.75,5.2,132,38,95.2,45.7,35.22,4.85,43.5,35.54,8,12,2,4.47,36.91,10,0,0,0,Healthy,0
NB08494,Female,36.78,5.2,129,51,94.7,45.94,33.45,5.15,45.9,32.9,7,7,1,4.11,37.53,10,0,0,0,Healthy,0
NB08495,Female,35.83,5.2,195,22,94.6,46.09,33.04,5.32,46.12,32.8,8,9,1,6.3,37.26,9,0,0,3,At Risk,0
NB08496,Female,39.63,5.2,112,45,89.4,48.73,34.49,5.11,49.09,33.82,10,7,3,1.1,36.14,9,1,0,5,At Risk,0
NB08497,Male,39.18,5.2,114,37,96.0,47.35,34.39,5.05,50.33,34.71,7,8,3,2.04,36.4,10,0,0,1,Healthy,0
NB08498,Female,40.66,5.2,144,58,93.1,51.97,36.4,4.94,52.23,36.22,6,12,2,3.82,36.17,8,0,0,1,Healthy,0
NB08499,Female,34.08,5.2,144,45,94.6,47.49,31.19,5.29,47.34,31.3,9,9,5,5.7,36.22,9,0,0,0,Healthy,0
NB08500,Male,40.34,5.2,148,34,98.3,53.62,36.63,5.37,54.43,36.63,6,3,3,5.83,36.53,10,0,0,0,Healthy,0
NB08501,Male,42.0,5.2,124,57,92.2,52.25,38.5,5.26,53.28,37.83,8,5,5,4.84,37.39,10,0,0,1,Healthy,0
NB08502,Male,37.01,5.2,122,42,94.6,48.16,32.95,5.37,47.76,33.24,5,5,4,2.0,36.69,9,0,0,0,Healthy,0
NB08503,Male,42.0,5.2,135,43,94.3,53.91,33.59,4.99,54.02,34.2,8,8,5,2.02,36.75,8,0,0,0,Healthy,0
NB08504,Female,37.42,5.2,156,51,94.4,48.86,36.45,5.1,49.02,36.11,7,8,1,3.73,36.9,9,0,0,0,Healthy,0
NB08505,Male,34.98,5.2,122,36,93.4,48.5,30.71,5.19,50.32,30.62,6,7,5,0.2,36.38,9,0,0,0,Healthy,0
NB08506,Male,37.33,5.2,143,56,93.6,49.86,33.62,5.49,50.19,34.15,7,9,3,5.95,36.77,10,0,0,0,Healthy,0
NB08507,Female,40.31,5.2,131,48,100.0,50.92,36.51,5.48,51.58,36.17,7,12,3,4.38,36.91,9,0,0,0,Healthy,0
NB08508,Male,36.16,5.2,113,36,93.5,44.23,34.62,5.39,43.83,34.66,12,4,3,6.23,37.91,9,0,0,0,Healthy,0
NB08509,Male,36.68,5.2,117,38,95.9,51.41,35.58,5.38,52.07,35.95,7,12,6,1.52,37.22,9,0,0,0,Healthy,0
NB08510,Male,39.31,5.2,156,29,95.4,49.4,34.17,5.07,49.45,34.84,12,5,4,1.73,37.54,9,0,0,0,Healthy,0
NB08511,Female,38.01,5.2,129,45,95.3,50.32,35.59,5.25,50.26,35.79,9,0,4,5.91,36.81,9,0,0,1,Healthy,0
NB08512,Female,39.29,5.2,162,40,96.7,46.92,35.0,4.9,46.55,34.64,6,9,5,2.76,37.04,9,0,0,0,Healthy,0
NB08513,Male,38.52,5.2,139,45,92.8,50.05,38.28,5.38,50.46,38.55,8,8,3,4.43,36.92,7,0,0,0,Healthy,0
NB08514,Male,39.06,5.2,115,25,99.9,50.75,36.19,5.18,50.8,36.02,9,6,4,0.2,36.0,7,0,0,4,At Risk,0
NB08515,Male,37.05,5.2,149,37,91.8,49.04,32.87,5.5,48.28,32.91,10,11,3,2.4,35.69,8,0,0,2,Healthy,0
NB08516,Female,38.51,5.2,126,32,94.4,56.09,32.97,5.28,55.38,32.41,7,0,3,3.0,36.29,10,0,0,1,Healthy,0
NB08517,Male,35.96,5.2,133,47,90.8,46.5,28.43,5.08,46.91,28.01,10,9,3,4.14,37.36,7,0,0,0,Healthy,0
NB08518,Male,40.83,5.2,160,36,98.1,53.79,36.8,5.18,54.09,37.24,10,4,3,3.77,36.62,10,0,0,0,Healthy,0
NB08519,Female,36.6,5.2,117,47,91.8,49.39,34.34,5.1,50.22,34.58,6,10,0,3.67,37.15,9,0,0,0,Healthy,0
NB08520,Female,40.48,5.2,132,37,97.6,50.48,36.66,5.11,50.81,36.53,6,4,3,3.78,37.39,10,0,0,0,Healthy,0
NB08521,Male,37.49,5.2,120,58,95.9,50.75,29.91,5.23,49.85,29.5,5,5,3,3.71,36.22,10,0,0,0,Healthy,0
NB08522,Male,38.44,5.2,119,43,95.6,49.67,32.22,5.03,50.44,33.06,10,4,2,2.13,37.46,10,0,0,0,Healthy,0
NB08523,Female,36.91,5.2,131,51,98.9,50.37,33.76,5.22,49.71,34.16,5,8,2,2.43,36.28,9,0,0,0,Healthy,0
NB08524,Male,35.76,5.2,125,41,92.9,51.51,34.91,4.84,52.74,36.3,10,7,3,5.19,36.71,5,0,1,6,At Risk,0
NB08525,Female,34.16,5.2,135,51,100.0,46.45,31.03,5.26,47.61,30.64,11,5,5,3.06,36.31,10,0,0,0,Healthy,0
NB08526,Female,35.68,5.2,151,34,93.7,46.95,33.81,5.08,46.55,33.09,12,3,5,1.94,36.91,8,0,0,0,Healthy,0
NB08527,Female,37.29,5.2,126,42,96.5,51.06,31.75,4.96,50.43,32.07,9,7,5,4.98,36.73,10,0,0,0,Healthy,0
NB08528,Female,38.47,5.2,114,37,94.3,52.81,34.44,5.37,51.81,34.46,10,3,7,2.5,37.16,10,0,0,0,Healthy,0
NB08529,Female,40.22,5.2,152,61,97.2,49.83,34.94,4.88,48.74,34.93,8,9,6,4.54,37.25,6,0,1,6,At Risk,0
NB08530,Male,37.02,5.2,126,30,91.5,47.81,34.89,5.35,49.64,34.34,5,8,3,2.0,37.51,8,0,0,0,Healthy,0
NB08531,Male,36.06,5.2,173,63,95.4,49.2,31.63,5.32,48.6,31.75,6,6,2,0.44,37.14,6,0,1,6,At Risk,0
NB08532,Female,34.83,5.2,133,28,95.1,46.48,34.09,5.05,46.28,33.83,7,12,0,2.58,37.17,7,0,0,0,Healthy,0
NB08533,Male,39.06,5.2,138,49,96.5,48.64,34.08,5.18,51.32,33.6,9,5,1,1.78,36.6,9,0,0,1,Healthy,0
NB08534,Female,41.04,5.2,99,36,96.4,53.42,34.33,5.28,54.77,34.07,7,8,1,2.76,36.72,10,1,1,5,At Risk,0
NB08535,Female,40.79,5.2,119,45,92.0,53.45,34.2,5.28,54.68,33.39,7,9,3,2.62,36.94,10,0,0,0,Healthy,0
NB08536,Female,39.56,5.2,99,40,99.6,50.34,33.96,5.41,51.21,34.63,11,8,2,3.73,36.24,7,1,1,5,At Risk,0
NB08537,Female,39.4,5.2,145,34,94.8,50.99,35.34,5.38,52.23,35.38,7,3,3,2.84,37.31,10,0,0,0,Healthy,0
NB08538,Female,41.73,5.2,139,43,97.6,51.81,35.5,5.44,49.65,35.52,6,5,4,3.25,36.74,10,0,0,1,Healthy,0
NB08539,Female,38.73,5.2,151,38,90.6,48.07,33.08,5.46,48.14,33.95,10,2,4,0.37,36.89,10,0,0,2,Healthy,0
NB08540,Female,39.42,5.2,155,48,93.5,49.89,36.13,5.25,49.4,35.89,10,8,2,6.18,36.12,9,0,0,0,Healthy,0
NB08541,Male,37.29,5.2,157,32,98.8,49.11,28.49,5.17,47.74,27.93,10,8,4,5.93,36.64,7,0,0,0,Healthy,0
NB08542,Female,35.0,5.2,136,47,100.0,43.95,31.06,5.21,42.69,31.49,7,6,4,4.46,37.19,9,0,0,0,Healthy,0
NB08543,Female,36.5,5.2,142,51,96.5,47.4,30.75,5.16,47.44,30.18,7,6,3,3.99,36.99,8,0,0,0,Healthy,0
NB08544,Male,37.98,5.2,150,41,94.7,49.76,32.48,5.5,48.55,31.3,11,6,4,3.44,37.17,10,0,0,0,Healthy,0
NB08545,Female,38.13,5.2,126,29,91.3,52.11,34.26,5.08,52.09,34.72,7,5,3,0.23,36.65,9,0,0,0,Healthy,0
NB08546,Male,42.0,5.2,123,59,97.8,52.57,36.29,5.46,52.32,36.52,8,4,4,6.7,36.86,7,0,0,0,Healthy,0
NB08547,Male,38.18,5.2,168,47,96.1,47.27,33.48,5.13,49.09,33.35,11,9,2,1.46,36.75,9,0,0,0,Healthy,0
NB08548,Female,40.59,5.2,107,35,86.8,51.51,37.4,5.45,52.36,36.75,7,5,2,2.27,37.1,7,1,0,4,At Risk,0
NB08549,Male,37.04,5.2,149,47,88.9,47.61,33.11,5.38,48.67,33.52,7,8,4,4.4,36.92,9,1,0,4,At Risk,0
NB08550,Male,37.31,5.2,146,25,96.2,50.09,36.03,5.22,49.2,35.84,7,4,3,6.67,36.63,8,0,0,0,Healthy,0
NB08551,Female,35.08,5.2,120,54,92.1,46.29,32.82,5.28,47.77,33.37,9,5,3,4.45,35.65,9,0,0,2,Healthy,0
NB08552,Male,36.37,5.2,128,63,91.4,42.71,31.21,5.01,43.5,31.64,6,9,3,3.51,36.88,6,0,1,6,At Risk,0
NB08553,Female,39.16,5.2,134,50,94.6,58.0,37.51,5.35,58.11,37.12,6,7,3,2.58,36.04,9,0,0,0,Healthy,0
NB08554,Female,38.02,5.2,144,32,96.2,49.9,34.23,5.42,48.65,33.55,7,5,4,4.57,37.11,9,0,0,0,Healthy,0
NB08555,Male,40.07,5.2,146,22,100.0,51.65,38.06,5.5,52.24,38.41,9,7,3,2.78,37.17,9,0,0,2,Healthy,0
NB08556,Male,38.4,5.2,139,56,92.1,46.88,33.68,5.17,46.77,33.99,9,10,2,1.72,35.77,8,0,0,2,Healthy,0
NB08557,Male,37.22,5.2,143,41,96.5,45.97,33.67,5.5,45.5,33.96,7,10,2,0.49,36.93,8,0,0,0,Healthy,0
NB08558,Female,42.0,5.2,152,38,91.4,53.02,37.25,5.17,53.45,37.34,9,8,4,4.26,36.92,8,0,0,0,Healthy,0
NB08559,Female,37.79,5.2,151,54,93.3,50.09,33.4,5.14,49.91,34.08,6,9,2,4.85,36.97,9,0,0,0,Healthy,0
NB08560,Female,40.56,5.2,168,36,95.7,53.31,37.5,5.2,53.4,39.51,8,8,4,2.06,36.25,10,0,0,0,Healthy,0
NB08561,Female,37.12,5.2,159,50,94.5,49.28,36.08,5.2,48.25,37.19,8,5,2,4.74,37.01,8,0,0,0,Healthy,0
NB08562,Male,39.56,5.2,140,42,90.2,48.63,31.45,4.94,47.27,31.71,11,4,1,5.04,36.23,10,0,0,0,Healthy,0
NB08563,Female,40.04,5.2,152,44,96.8,46.43,36.45,5.0,48.08,37.01,9,12,1,0.2,37.11,8,0,0,0,Healthy,0
NB08564,Female,38.46,5.2,148,58,97.6,49.81,32.78,4.99,48.81,32.74,4,3,3,0.3,37.0,10,0,0,0,Healthy,0
NB08565,Male,32.82,5.2,143,37,100.0,43.87,26.28,5.28,42.91,25.08,5,8,3,3.19,36.65,10,0,0,0,Healthy,0
NB08566,Male,38.04,5.2,124,36,95.8,47.11,34.6,5.5,46.7,35.62,9,4,4,2.63,36.99,7,0,0,0,Healthy,0
NB08567,Male,40.71,5.2,143,40,95.6,53.69,36.47,5.1,54.73,36.16,4,7,2,3.27,36.37,9,0,0,0,Healthy,0
NB08568,Female,39.16,5.2,103,30,96.1,47.49,35.63,5.2,47.03,34.94,8,3,3,2.54,36.55,8,0,0,0,Healthy,0
NB08569,Male,38.98,5.2,159,51,90.2,51.72,35.04,5.07,51.76,35.78,7,12,4,3.25,37.32,10,0,0,0,Healthy,0
NB08570,Male,34.21,5.2,146,50,90.5,43.37,32.46,5.36,42.66,34.0,8,9,4,2.89,37.31,10,0,0,0,Healthy,0
NB08571,Female,36.41,5.2,137,42,94.7,48.44,31.79,5.28,49.79,32.18,7,10,5,3.44,36.31,8,0,0,0,Healthy,0
NB08572,Female,38.9,5.2,132,33,87.0,52.28,34.83,5.41,50.38,34.79,10,9,4,3.02,36.52,8,1,0,4,At Risk,0
NB08573,Female,38.9,5.2,152,15,91.0,49.74,35.48,5.03,50.17,36.21,7,6,2,2.74,36.55,8,0,0,2,Healthy,0
NB08574,Male,40.67,5.2,173,34,93.3,55.38,37.7,5.22,57.51,38.01,9,9,3,6.4,36.83,9,0,0,0,Healthy,0
NB08575,Male,37.68,5.2,147,40,98.5,53.15,33.64,5.18,53.07,32.96,9,4,4,0.7,36.74,9,0,0,0,Healthy,0
NB08576,Male,38.89,5.2,174,23,95.9,50.88,34.1,5.2,50.15,33.59,6,5,6,7.09,37.38,9,0,0,2,Healthy,0
NB08577,Male,38.04,5.2,154,67,89.7,50.72,33.74,5.43,48.74,33.55,9,3,2,1.71,37.49,8,1,0,5,At Risk,0
NB08578,Male,35.83,5.2,126,46,94.9,49.77,30.49,5.12,50.32,30.82,7,7,1,2.55,37.61,7,0,0,1,Healthy,0
NB08579,Male,33.04,5.2,149,47,97.0,46.22,31.48,5.14,47.34,32.06,9,4,4,2.53,37.77,9,0,0,0,Healthy,0
NB08580,Female,38.95,5.2,147,41,97.5,51.33,32.28,5.07,52.65,32.15,6,10,4,5.69,36.09,9,0,0,1,Healthy,0
NB08581,Male,38.38,5.2,125,49,98.7,48.9,34.65,5.5,50.57,35.38,7,9,3,4.03,36.71,9,0,0,0,Healthy,0
NB08582,Male,36.64,5.2,133,39,99.2,45.0,32.97,5.04,45.97,33.94,9,8,4,4.4,36.49,5,0,1,6,At Risk,0
NB08583,Female,34.44,5.2,132,40,97.0,43.61,28.98,5.35,42.19,28.99,9,12,2,5.74,36.4,8,0,0,1,Healthy,0
NB08584,Female,39.39,5.2,142,56,96.7,55.61,32.53,4.96,57.02,31.78,6,7,3,1.63,37.43,6,0,1,6,At Risk,0
NB08585,Female,37.41,5.2,135,53,95.8,49.72,32.11,5.32,49.07,32.64,9,10,4,3.56,36.99,9,0,0,0,Healthy,0
NB08586,Female,39.23,5.2,145,42,97.9,50.21,34.14,5.0,50.0,35.33,9,6,3,6.56,36.08,6,0,1,6,At Risk,0
NB08587,Female,42.0,5.2,148,62,92.2,55.73,38.82,5.26,56.65,38.65,5,3,0,1.52,37.97,9,0,0,0,Healthy,0
NB08588,Male,33.29,5.2,163,41,94.3,43.86,30.34,5.29,44.4,31.44,5,7,1,5.06,35.98,9,0,0,2,Healthy,0
NB08589,Female,36.46,5.2,150,37,92.6,49.38,33.54,5.22,48.73,33.29,9,10,3,2.41,36.64,10,0,0,0,Healthy,0
NB08590,Female,37.54,5.2,127,43,96.5,49.34,35.38,5.37,49.91,35.39,6,2,2,3.03,36.84,8,0,0,1,Healthy,0
NB08591,Female,41.2,5.2,178,45,94.1,53.4,37.65,5.32,50.88,38.5,8,9,2,4.25,36.29,9,0,0,0,Healthy,0
NB08592,Male,34.4,5.2,127,30,98.5,45.69,31.27,5.09,46.77,31.21,8,8,4,1.85,37.05,9,0,0,0,Healthy,0
NB08593,Female,42.0,5.2,133,47,95.2,51.27,35.54,5.33,50.99,34.82,7,6,5,4.19,36.52,9,0,0,0,Healthy,0
NB08594,Male,38.3,5.2,151,63,98.7,48.22,34.76,5.28,50.41,35.27,11,6,0,4.05,37.17,10,0,0,0,Healthy,0
NB08595,Male,37.79,5.2,192,52,87.6,47.84,32.62,5.42,47.71,31.97,6,6,2,4.21,36.98,10,1,0,5,At Risk,0
NB08596,Female,37.56,5.2,147,49,92.5,49.2,36.22,4.94,50.63,36.88,6,6,1,3.09,35.67,8,0,0,2,Healthy,0
NB08597,Male,37.04,5.2,128,47,98.3,45.62,34.43,5.25,46.74,35.0,9,6,2,1.6,36.1,8,0,0,0,Healthy,0
NB08598,Male,40.31,5.2,110,32,95.1,49.18,35.73,5.25,50.17,36.72,9,5,4,3.54,37.18,9,0,0,0,Healthy,0
NB08599,Female,35.65,5.2,109,32,98.7,47.76,32.92,5.16,48.76,32.49,8,11,3,3.65,36.98,9,0,0,0,Healthy,0
NB08600,Female,38.76,5.2,140,44,95.9,50.03,34.6,5.44,50.72,34.18,9,9,2,5.62,36.34,8,0,0,0,Healthy,0
NB08601,Male,37.15,5.2,150,38,91.7,49.22,32.66,5.09,50.07,32.75,7,5,4,5.58,36.5,6,0,1,6,At Risk,0
NB08602,Female,36.32,5.2,114,28,100.0,48.0,33.37,5.37,48.94,33.22,6,7,2,2.16,36.76,10,0,0,0,Healthy,0
NB08603,Female,42.0,5.2,144,38,92.7,58.0,36.24,5.09,57.94,35.36,11,7,3,5.25,35.89,7,0,0,3,At Risk,0
NB08604,Female,38.92,5.2,116,47,92.4,50.68,37.35,5.5,50.24,37.28,6,11,3,3.67,37.82,8,0,0,0,Healthy,0
NB08605,Male,39.35,5.2,123,48,97.9,50.06,33.71,5.31,49.77,33.83,4,5,4,5.28,36.36,7,0,0,0,Healthy,0
NB08606,Male,40.5,5.2,151,34,91.8,52.06,36.32,4.92,51.94,36.72,7,9,3,4.57,36.81,7,0,0,0,Healthy,0
NB08607,Male,34.87,5.2,127,42,90.5,48.83,30.44,5.46,49.23,30.66,10,5,6,5.24,37.55,10,0,0,0,Healthy,0
NB08608,Male,41.86,5.2,164,46,92.3,52.97,35.31,5.34,53.93,35.28,4,5,3,2.47,36.72,8,0,0,0,Healthy,0
NB08609,Female,32.48,5.2,129,29,97.9,46.0,27.26,5.25,46.28,28.3,6,7,0,3.05,36.94,8,0,0,0,Healthy,0
NB08610,Female,36.31,5.2,160,34,100.0,48.87,33.23,5.1,50.02,33.13,10,3,2,3.46,36.37,10,0,0,0,Healthy,0
NB08611,Male,36.99,5.2,181,42,95.0,48.11,32.29,5.06,48.32,32.02,5,4,3,3.08,36.55,9,0,0,1,Healthy,0
NB08612,Female,39.28,5.2,127,33,92.5,50.97,36.32,5.33,53.35,36.3,8,7,4,5.22,36.38,8,0,0,1,Healthy,0
NB08613,Male,38.48,5.2,184,39,99.3,53.23,34.76,4.92,53.51,35.2,8,7,5,3.62,37.38,8,0,0,1,Healthy,0
NB08614,Male,37.63,5.2,140,67,92.8,49.76,33.77,5.09,49.9,33.58,8,7,4,5.13,36.5,8,0,0,1,Healthy,0
NB08615,Male,37.97,5.2,129,27,93.4,47.6,31.67,5.37,47.14,32.08,9,9,3,4.35,36.47,10,0,0,1,Healthy,0
NB08616,Female,35.85,5.2,135,56,96.5,47.02,33.17,4.95,48.36,33.6,5,6,3,2.53,36.41,10,0,0,0,Healthy,0
NB08617,Male,34.71,5.2,133,45,99.0,42.41,30.5,4.96,43.66,30.21,10,6,4,5.07,36.97,8,0,0,0,Healthy,0
NB08618,Female,39.6,5.2,165,30,95.2,51.31,32.77,5.33,53.1,32.58,6,9,4,1.13,37.06,8,0,0,0,Healthy,0
NB08619,Female,39.53,5.2,164,49,93.8,53.6,35.51,5.18,55.11,36.74,7,6,1,3.7,35.9,10,0,0,2,Healthy,0
NB08620,Female,41.49,5.2,164,42,100.0,50.05,34.35,5.5,50.3,34.53,7,9,0,3.84,36.83,8,0,0,0,Healthy,0
NB08621,Male,36.26,5.2,117,54,92.7,48.34,29.45,5.17,47.36,27.99,9,2,3,4.17,36.94,10,0,0,2,Healthy,0
NB08622,Male,39.52,5.2,143,49,93.0,52.94,36.81,4.92,53.33,36.47,5,8,2,3.91,37.43,6,0,1,6,At Risk,0
NB08623,Female,37.38,5.2,112,44,93.6,51.22,32.52,5.46,52.47,32.98,11,8,2,4.25,36.25,10,0,0,0,Healthy,0
NB08624,Female,40.62,5.2,158,39,96.9,54.52,33.02,4.96,54.64,33.09,7,11,4,4.69,36.3,9,0,0,1,Healthy,0
NB08625,Female,40.25,5.2,131,54,93.4,47.89,33.93,5.03,47.66,34.03,10,9,4,2.61,37.09,9,0,0,1,Healthy,0
NB08626,Female,38.46,5.2,149,38,97.9,51.03,33.04,5.16,50.92,33.57,6,10,2,4.25,36.77,10,0,0,0,Healthy,0
NB08627,Female,37.25,5.2,131,28,94.8,45.92,34.99,5.26,47.39,34.61,7,7,2,3.29,37.42,8,0,0,0,Healthy,0
NB08628,Male,40.11,5.2,108,23,93.9,49.51,32.79,5.31,49.35,32.98,3,8,0,1.06,37.3,10,0,0,3,At Risk,0
NB08629,Female,39.42,5.2,156,30,93.0,52.52,32.79,5.42,53.41,32.78,10,4,1,2.88,36.93,10,0,0,0,Healthy,0
NB08630,Female,36.49,5.2,157,50,94.9,48.56,34.22,4.71,49.67,34.45,6,6,3,6.25,36.77,7,0,0,0,Healthy,0
NB08631,Male,35.08,5.2,143,38,96.6,48.42,31.08,5.04,49.21,30.96,6,8,4,0.56,36.73,9,0,0,0,Healthy,0
NB08632,Female,37.37,5.2,102,34,94.9,47.17,33.7,5.44,46.73,33.6,9,12,5,3.84,36.79,9,0,0,1,Healthy,0
NB08633,Male,41.33,5.2,154,38,95.8,55.55,35.4,5.05,55.47,35.77,2,9,2,4.54,36.83,7,0,0,1,Healthy,0
NB08634,Female,40.52,5.2,127,50,92.3,53.25,38.6,5.22,51.86,38.14,8,9,5,2.26,37.44,8,0,0,0,Healthy,0
NB08635,Female,35.55,5.2,149,48,92.5,49.18,30.15,5.5,49.0,29.9,12,10,2,2.65,35.88,8,0,0,2,Healthy,0
NB08636,Female,35.43,5.2,131,44,95.0,45.13,32.42,5.2,43.6,33.48,6,8,3,0.31,36.61,8,0,0,0,Healthy,0
NB08637,Female,40.8,5.2,133,36,95.4,54.47,38.02,5.18,55.7,38.43,6,7,5,5.51,36.89,7,0,0,0,Healthy,0
NB08638,Female,35.5,5.2,149,38,95.2,46.72,31.49,5.2,45.64,32.11,10,7,3,3.75,36.53,10,0,0,0,Healthy,0
NB08639,Male,39.12,5.2,125,41,92.9,49.39,33.45,5.49,48.52,33.58,6,5,3,5.7,36.67,10,0,0,0,Healthy,0
NB08640,Female,36.64,5.2,137,33,95.3,49.63,34.0,4.91,49.54,34.19,11,4,3,3.34,36.6,9,0,0,0,Healthy,0
NB08641,Male,41.56,5.2,149,41,95.1,53.97,37.8,5.5,53.63,37.4,10,7,3,0.78,37.39,9,0,0,0,Healthy,0
NB08642,Female,36.31,5.2,179,33,94.6,46.38,31.41,5.18,48.53,31.67,9,7,4,4.22,36.61,10,0,0,0,Healthy,0
NB08643,Male,40.52,5.2,139,46,92.7,55.98,37.75,5.16,57.36,38.02,6,5,1,5.11,36.48,9,0,0,0,Healthy,0
NB08644,Female,38.41,5.2,155,47,96.8,53.59,34.16,5.07,53.56,34.77,8,8,4,2.83,37.15,8,0,0,0,Healthy,0
NB08645,Male,38.55,5.2,119,53,95.0,51.31,34.95,5.0,53.07,34.89,7,10,1,6.16,36.56,10,0,0,0,Healthy,0
NB08646,Male,33.67,5.2,171,45,92.4,46.56,33.0,4.76,47.2,33.09,8,6,6,3.07,36.72,10,0,0,0,Healthy,0
NB08647,Male,33.15,5.2,125,44,94.6,45.9,31.56,5.47,46.07,33.26,9,7,5,3.73,36.3,9,0,0,0,Healthy,0
NB08648,Female,37.51,5.2,138,34,93.0,46.06,33.46,4.79,45.35,33.58,7,5,4,5.42,36.62,8,0,0,0,Healthy,0
NB08649,Male,38.54,5.2,149,42,95.0,50.31,33.17,5.22,49.91,32.78,7,9,3,2.25,36.78,9,0,0,0,Healthy,0
NB08650,Female,35.52,5.2,126,32,100.0,47.57,36.13,5.14,49.96,36.55,9,8,2,3.34,36.23,7,0,0,0,Healthy,0
NB08651,Female,35.6,5.2,159,25,95.5,46.29,30.94,5.29,46.96,31.13,13,5,4,0.32,36.75,8,0,0,2,Healthy,0
NB08652,Female,39.24,5.2,128,39,95.7,50.09,35.14,4.83,50.06,34.72,6,8,4,3.57,37.03,8,0,0,0,Healthy,0
NB08653,Male,39.24,5.2,155,37,100.0,45.95,35.43,5.06,46.23,35.78,10,1,0,2.92,35.9,8,0,0,3,At Risk,0
NB08654,Male,37.7,5.2,159,48,95.9,47.13,34.42,5.32,47.47,35.13,9,9,4,3.06,36.51,10,0,0,0,Healthy,0
NB08655,Female,39.72,5.2,150,32,96.5,52.99,38.19,5.27,53.14,37.89,9,5,4,4.38,37.95,7,0,0,1,Healthy,0
NB08656,Male,35.42,5.2,153,70,95.5,50.74,32.06,5.1,48.48,32.92,8,4,3,1.52,36.71,10,0,0,1,Healthy,0
NB08657,Female,37.22,5.2,186,37,93.7,47.01,33.11,5.25,48.06,32.82,7,5,1,2.91,37.31,8,0,0,1,Healthy,0
NB08658,Male,41.63,5.2,147,41,96.6,53.23,38.67,5.5,55.21,38.28,8,5,0,4.85,36.79,9,0,0,0,Healthy,0
NB08659,Male,38.15,5.2,142,36,100.0,51.93,33.7,5.45,52.42,33.88,7,4,4,5.65,36.65,9,0,0,0,Healthy,0
NB08660,Male,38.28,5.2,146,50,90.4,48.81,35.31,5.42,49.46,35.85,9,10,1,2.5,37.22,8,0,0,1,Healthy,0
NB08661,Female,42.0,5.2,163,40,93.4,54.55,36.89,5.34,53.93,37.5,9,7,3,6.24,37.34,8,0,0,0,Healthy,0
NB08662,Female,34.92,5.2,182,32,92.0,46.76,33.03,5.27,46.58,33.32,3,9,2,6.08,36.4,8,0,0,2,Healthy,0
NB08663,Female,39.75,5.2,137,24,92.4,53.56,36.11,5.09,54.14,35.53,8,9,4,2.18,36.31,10,0,0,2,Healthy,0
NB08664,Female,41.66,5.2,124,48,99.3,50.33,35.76,5.24,50.71,35.33,8,7,1,3.46,36.18,8,0,0,0,Healthy,0
NB08665,Male,37.29,5.2,161,48,94.4,46.75,30.53,5.5,46.77,30.43,10,11,0,4.28,36.4,9,0,0,0,Healthy,0
NB08666,Female,39.89,5.2,115,45,97.5,51.86,32.61,5.41,53.11,33.04,8,11,5,1.5,37.31,8,0,0,0,Healthy,0
NB08667,Male,35.84,5.2,145,40,92.7,47.85,29.53,5.16,48.23,29.39,7,8,1,1.28,36.81,9,0,0,0,Healthy,0
NB08668,Male,36.49,5.2,145,39,92.7,48.13,32.61,4.81,48.9,33.3,10,8,3,3.71,37.33,7,0,0,0,Healthy,0
NB08669,Female,38.85,5.2,138,50,91.4,51.51,30.86,5.38,51.19,32.1,7,5,3,4.04,36.33,7,0,0,0,Healthy,0
NB08670,Male,39.76,5.2,139,41,100.0,49.32,34.79,5.42,50.39,34.33,5,7,1,2.91,36.35,8,0,0,0,Healthy,0
NB08671,Female,40.47,5.2,110,53,97.7,49.08,35.73,5.12,48.25,35.86,9,7,4,1.49,36.62,10,0,0,0,Healthy,0
NB08672,Male,41.45,5.2,124,41,91.3,51.71,37.5,5.1,51.91,37.95,11,5,5,4.4,36.93,7,0,0,0,Healthy,0
NB08673,Female,37.85,5.2,157,41,99.0,48.69,34.45,4.84,49.26,35.05,7,10,2,2.89,36.74,7,0,0,0,Healthy,0
NB08674,Male,40.63,5.2,103,46,94.1,51.4,36.99,5.48,51.18,37.22,7,7,3,3.39,37.11,10,0,0,0,Healthy,0
NB08675,Male,37.25,5.2,138,56,96.6,51.46,33.89,5.15,51.7,33.93,10,5,3,1.37,36.99,7,0,0,0,Healthy,0
NB08676,Male,39.98,5.2,134,54,95.2,52.93,34.7,5.28,53.81,33.87,9,4,4,3.98,37.02,6,0,1,6,At Risk,0
NB08677,Male,38.46,5.2,104,42,90.0,51.08,33.96,5.01,51.98,33.82,7,11,3,3.36,37.11,7,1,0,5,At Risk,0
NB08678,Male,38.98,5.2,170,38,92.1,50.93,33.21,4.94,51.1,33.67,9,5,2,2.5,37.29,7,0,0,0,Healthy,0
NB08679,Female,38.93,5.2,121,30,99.7,49.57,34.79,5.5,49.36,35.7,6,6,3,0.2,35.69,7,0,0,2,Healthy,0
NB08680,Female,34.47,5.2,150,49,98.3,44.71,28.95,5.15,45.34,28.38,9,10,2,6.14,36.79,10,0,0,0,Healthy,0
NB08681,Female,35.53,5.2,132,24,91.4,44.98,33.67,5.08,47.28,34.52,4,5,3,1.78,37.18,9,0,0,2,Healthy,0
NB08682,Male,38.23,5.2,125,59,95.7,48.41,32.52,5.5,49.19,33.23,6,7,4,6.75,37.94,8,0,0,0,Healthy,0
NB08683,Male,34.29,5.2,136,50,94.2,46.17,31.43,5.43,48.07,31.65,8,9,3,2.83,36.75,9,0,0,0,Healthy,0
NB08684,Female,39.83,5.2,134,35,99.0,48.94,35.56,5.09,49.36,35.19,8,5,2,4.8,35.81,9,0,0,2,Healthy,0
NB08685,Female,39.92,5.2,137,54,94.3,51.66,36.89,5.38,52.19,37.83,7,3,3,4.46,37.44,9,0,0,0,Healthy,0
NB08686,Male,38.72,5.2,126,47,92.3,49.86,31.78,4.91,47.81,31.83,10,7,1,1.19,36.25,10,0,0,0,Healthy,0
NB08687,Male,35.53,5.2,122,47,97.6,46.59,31.59,5.17,46.62,31.97,8,1,2,6.09,37.01,10,0,0,2,Healthy,0
NB08688,Female,41.04,5.2,158,39,99.2,54.66,36.75,5.06,55.84,36.37,7,3,3,2.87,37.04,9,0,0,0,Healthy,0
NB08689,Female,42.0,5.2,140,48,96.4,48.28,39.23,5.31,48.76,38.47,8,9,2,4.74,36.86,9,0,0,0,Healthy,0
NB08690,Female,38.32,5.2,139,28,97.0,49.12,33.97,5.5,49.24,34.47,9,7,3,0.2,35.84,6,0,1,8,High Risk,0
NB08691,Male,39.12,5.2,124,43,90.8,45.91,33.69,4.89,46.16,34.03,9,7,4,2.36,36.64,9,0,0,0,Healthy,0
NB08692,Male,38.44,5.2,168,35,90.5,50.48,37.15,5.5,52.43,37.53,7,9,5,2.99,36.09,10,0,0,0,Healthy,0
NB08693,Female,39.17,5.2,138,39,90.3,52.17,35.82,5.38,51.74,35.28,11,7,2,4.61,37.0,8,0,0,0,Healthy,0
NB08694,Female,37.74,5.2,106,35,98.7,46.66,35.68,5.03,47.89,36.25,6,9,3,3.13,36.4,8,0,0,0,Healthy,0
NB08695,Female,37.92,5.2,145,36,93.6,47.09,31.93,5.03,48.91,32.47,11,6,4,6.19,35.84,8,0,0,2,Healthy,0
NB08696,Female,39.99,5.2,126,55,97.9,48.0,35.98,5.09,48.89,37.57,5,11,4,0.22,37.12,8,0,0,0,Healthy,0
NB08697,Female,42.0,5.2,156,28,92.9,53.33,34.98,5.06,52.64,34.92,6,4,1,1.59,36.23,5,0,1,6,At Risk,0
NB08698,Female,34.92,5.2,159,46,94.9,46.15,29.69,5.06,46.97,28.76,6,11,2,1.89,36.86,9,0,0,0,Healthy,0
NB08699,Male,37.77,5.2,157,31,92.2,48.84,34.51,4.87,49.58,34.35,10,6,4,1.18,36.47,8,0,0,0,Healthy,0
NB08700,Male,35.4,5.2,132,55,93.9,46.53,32.96,5.19,48.26,32.82,7,5,3,2.78,37.19,10,0,0,0,Healthy,0
NB08701,Female,41.5,5.2,138,46,89.0,50.81,35.53,5.38,50.85,35.7,7,10,1,0.21,37.17,7,1,0,4,At Risk,0
NB08702,Male,36.71,5.2,144,28,93.9,50.7,35.04,5.12,48.76,35.54,5,6,2,0.88,36.91,10,0,0,0,Healthy,0
NB08703,Male,34.82,5.2,156,45,93.6,47.29,31.02,5.29,46.52,30.79,7,5,4,0.2,36.75,9,0,0,0,Healthy,0
NB08704,Female,39.4,5.2,121,35,89.1,48.49,34.38,5.46,48.51,35.11,8,1,4,4.46,36.6,7,1,0,5,At Risk,0
NB08705,Female,41.84,5.2,142,44,96.5,51.65,36.43,4.93,51.87,36.53,9,8,4,1.78,36.26,8,0,0,0,Healthy,0
NB08706,Female,39.46,5.2,174,29,97.0,49.17,34.46,5.1,50.18,33.28,9,11,2,2.84,36.54,10,0,0,0,Healthy,0
NB08707,Female,38.45,5.2,130,54,92.7,52.82,36.03,4.93,52.92,36.1,7,8,1,3.8,37.02,5,0,1,6,At Risk,0
NB08708,Female,38.9,5.2,140,22,90.8,51.83,32.87,4.95,51.49,32.59,5,7,4,2.53,37.68,8,0,0,2,Healthy,0
NB08709,Male,41.11,5.2,187,34,100.0,52.15,34.85,5.5,51.53,35.03,7,10,5,0.2,37.06,9,0,0,1,Healthy,0
NB08710,Female,36.08,5.2,136,31,95.9,51.28,30.67,5.13,51.33,31.39,12,7,2,4.39,37.12,9,0,0,0,Healthy,0
NB08711,Female,37.75,5.2,112,46,86.7,52.28,36.45,5.32,52.66,35.85,9,6,5,2.58,36.75,9,1,0,4,At Risk,0
NB08712,Female,37.0,5.2,139,37,93.5,48.24,32.62,5.26,48.7,32.62,6,4,1,6.35,37.04,8,0,0,1,Healthy,0
NB08713,Male,35.43,5.2,170,40,92.7,46.47,30.85,5.37,47.35,31.93,5,6,4,3.17,35.83,9,0,0,2,Healthy,0
NB08714,Male,37.28,5.2,159,36,92.5,48.23,32.86,5.26,48.71,32.73,6,6,2,3.48,36.48,7,0,0,0,Healthy,0
NB08715,Male,40.44,5.2,122,28,98.8,49.89,36.78,5.25,48.58,36.5,7,9,2,2.33,37.12,8,0,0,0,Healthy,0
NB08716,Male,39.25,5.2,147,40,95.9,54.19,35.67,4.93,53.06,36.89,10,7,1,3.42,37.12,9,0,0,0,Healthy,0
NB08717,Female,39.42,5.2,137,29,97.2,48.86,33.93,5.24,48.67,34.33,3,9,3,4.86,36.56,10,0,0,1,Healthy,0
NB08718,Female,38.32,5.2,155,24,94.5,51.63,33.43,5.23,51.47,34.38,9,4,2,5.76,36.21,7,0,0,2,Healthy,0
NB08719,Male,39.15,5.2,129,48,98.0,52.02,32.42,5.04,53.65,32.11,6,5,2,4.95,36.77,9,0,0,0,Healthy,0
NB08720,Female,36.24,5.2,149,30,93.7,47.41,32.78,4.82,46.73,32.62,9,8,3,0.2,36.6,10,0,0,0,Healthy,0
NB08721,Male,37.32,5.2,174,57,95.8,52.61,35.25,5.28,53.35,34.75,8,3,5,2.19,37.22,7,0,0,0,Healthy,0
NB08722,Male,38.42,5.2,93,56,96.7,46.86,33.22,5.47,48.67,33.63,12,5,5,1.42,37.12,9,1,1,5,At Risk,0
NB08723,Female,38.61,5.2,151,51,92.8,49.99,35.18,4.88,50.88,34.87,8,10,0,4.15,37.5,8,0,0,0,Healthy,0
NB08724,Male,38.7,5.2,164,31,87.7,49.26,33.42,5.2,50.42,32.98,11,9,5,1.54,37.3,8,1,0,4,At Risk,0
NB08725,Female,37.7,5.2,112,63,89.1,51.25,31.94,4.78,52.92,32.13,6,3,1,3.3,36.68,9,1,0,4,At Risk,0
NB08726,Female,37.17,5.2,127,18,100.0,49.56,34.24,5.36,50.2,34.54,7,6,4,1.45,36.96,7,0,0,2,Healthy,0
NB08727,Male,42.0,5.2,133,33,97.3,49.75,40.0,5.47,50.77,40.06,4,9,1,4.45,37.72,7,0,0,1,Healthy,0
NB08728,Female,39.99,5.2,127,50,97.4,53.87,36.01,5.21,54.16,36.18,8,7,3,4.24,36.62,9,0,0,1,Healthy,0
NB08729,Male,38.91,5.2,125,50,100.0,51.39,33.82,5.35,53.48,34.85,7,9,5,3.15,36.88,10,0,0,0,Healthy,0
NB08730,Female,37.49,5.2,133,35,91.1,47.07,32.92,5.24,47.65,33.64,9,6,1,4.61,36.8,8,0,0,0,Healthy,0
NB08731,Female,37.01,5.2,155,34,92.5,48.01,35.97,5.04,47.5,36.04,8,11,4,5.04,36.81,10,0,0,0,Healthy,0
NB08732,Male,37.71,5.2,167,40,91.1,46.74,34.06,5.2,46.12,34.54,11,5,3,3.26,36.41,9,0,0,0,Healthy,0
NB08733,Female,38.64,5.2,163,41,100.0,49.84,33.1,5.22,49.55,33.72,8,7,6,4.85,37.39,10,0,0,0,Healthy,0
NB08734,Female,33.86,5.2,158,37,91.5,46.18,30.81,5.2,44.84,31.11,9,6,2,5.68,36.39,7,0,0,0,Healthy,0
NB08735,Female,34.55,5.2,173,59,99.4,45.82,31.71,5.3,47.51,31.35,11,8,3,3.94,37.64,10,0,0,0,Healthy,0
NB08736,Female,36.6,5.2,177,35,92.7,47.44,33.52,5.26,49.12,32.52,12,13,5,2.88,37.54,8,0,0,0,Healthy,0
NB08737,Male,38.46,5.2,143,57,95.3,46.78,36.39,5.19,47.91,37.58,9,2,1,4.79,36.91,9,0,0,1,Healthy,0
NB08738,Female,37.47,5.2,166,46,99.4,49.8,35.35,5.1,50.06,35.47,8,11,4,4.3,36.8,10,0,0,0,Healthy,0
NB08739,Female,41.25,5.2,148,52,96.0,48.68,36.37,5.33,47.84,36.76,9,10,4,1.36,36.45,10,0,0,0,Healthy,0
NB08740,Male,34.74,5.2,136,27,94.5,46.73,31.45,5.32,46.36,31.03,11,8,5,2.18,36.83,9,0,0,0,Healthy,0
NB08741,Female,36.35,5.2,139,52,100.0,44.51,33.24,5.27,45.23,33.2,8,7,3,5.47,37.29,8,0,0,0,Healthy,0
NB08742,Female,41.34,5.2,158,52,88.6,52.71,35.23,5.06,52.52,34.85,8,5,2,3.52,36.49,7,1,0,4,At Risk,0
NB08743,Female,38.29,5.2,166,35,91.7,49.85,35.47,5.0,50.05,34.97,6,9,3,3.95,37.46,7,0,0,1,Healthy,0
NB08744,Male,39.95,5.2,150,50,93.9,52.16,34.86,5.37,51.07,35.16,6,9,4,2.88,37.26,8,0,0,0,Healthy,0
NB08745,Female,42.0,5.2,133,27,98.7,54.92,37.34,5.05,54.14,37.64,9,4,0,5.74,36.75,8,0,0,0,Healthy,0
NB08746,Male,36.47,5.2,131,37,93.2,50.32,35.3,5.16,49.97,35.48,6,11,2,1.77,37.16,8,0,0,0,Healthy,0
NB08747,Female,37.78,5.2,107,54,98.4,46.18,34.48,4.92,47.5,34.64,9,7,1,4.74,36.39,9,0,0,1,Healthy,0
NB08748,Male,37.4,5.2,146,40,89.0,48.94,33.73,5.32,49.37,34.15,7,3,3,4.86,36.75,9,1,0,4,At Risk,0
NB08749,Male,33.7,5.2,145,39,99.0,49.75,30.01,4.98,49.2,28.48,7,10,5,5.51,37.8,8,0,0,0,Healthy,0
NB08750,Female,37.32,5.2,121,56,98.1,49.22,33.2,4.97,49.07,33.78,6,4,4,3.41,37.34,9,0,0,1,Healthy,0
NB08751,Male,39.94,5.2,149,22,91.2,49.68,33.45,5.03,51.28,34.91,13,8,2,4.79,37.02,10,0,0,2,Healthy,0
NB08752,Male,39.19,5.2,148,40,94.9,50.51,35.43,5.32,51.43,34.65,9,12,5,4.57,36.83,9,0,0,0,Healthy,0
NB08753,Male,39.36,5.2,113,41,94.1,50.06,31.55,5.19,49.26,30.51,5,6,5,2.79,36.77,9,0,0,0,Healthy,0
NB08754,Female,37.17,5.2,134,34,96.6,46.5,34.67,5.1,46.86,33.76,13,8,3,4.29,36.79,8,0,0,0,Healthy,0
NB08755,Male,36.56,5.2,165,56,99.1,50.04,33.89,5.5,50.38,34.58,8,5,2,3.68,36.45,7,0,0,0,Healthy,0
NB08756,Female,40.79,5.2,129,33,92.6,53.28,35.9,5.33,54.25,35.29,7,11,2,5.77,37.09,10,0,0,0,Healthy,0
NB08757,Female,36.91,5.2,140,33,96.3,45.95,32.23,4.83,45.0,32.45,8,9,3,3.02,37.27,9,0,0,0,Healthy,0
NB08758,Female,38.65,5.2,143,17,95.9,50.0,34.23,5.06,49.74,34.63,11,7,3,4.58,36.69,7,0,0,2,Healthy,0
NB08759,Female,38.36,5.2,140,53,95.4,48.79,31.39,4.83,50.02,31.38,7,4,1,4.42,37.01,7,0,0,0,Healthy,0
NB08760,Female,41.22,5.2,152,39,100.0,49.29,37.29,5.13,50.26,37.1,7,7,3,1.77,36.47,10,0,0,0,Healthy,0
NB08761,Female,40.14,5.2,157,39,95.6,48.69,35.05,5.44,48.31,34.96,9,9,2,2.27,36.77,10,0,0,0,Healthy,0
NB08762,Female,35.15,5.2,163,40,90.7,44.5,34.08,5.28,45.17,33.4,8,8,4,1.58,36.42,9,0,0,0,Healthy,0
NB08763,Female,35.39,5.2,134,54,97.6,47.13,32.56,5.18,46.88,33.15,11,7,3,3.91,36.7,8,0,0,0,Healthy,0
NB08764,Female,39.27,5.2,149,58,100.0,49.83,35.04,5.14,50.41,35.8,6,9,4,4.76,36.85,9,0,0,0,Healthy,0
NB08765,Female,37.86,5.2,155,25,95.5,47.55,34.3,5.29,48.54,34.53,7,8,3,4.11,37.07,8,0,0,2,Healthy,0
NB08766,Male,37.0,5.2,138,37,99.7,47.91,31.64,4.89,47.4,31.22,7,9,1,4.75,36.52,9,0,0,0,Healthy,0
NB08767,Female,40.23,5.2,127,31,93.5,53.11,34.69,5.21,52.95,34.75,7,8,1,4.06,37.01,10,0,0,0,Healthy,0
NB08768,Female,38.41,5.2,143,40,96.4,50.68,34.29,5.26,50.98,34.27,9,8,3,0.89,36.37,6,0,1,6,At Risk,0
NB08769,Male,38.12,5.2,129,41,89.5,51.71,33.43,4.98,51.42,33.17,8,6,1,3.5,36.94,8,1,0,4,At Risk,0
NB08770,Male,39.72,5.2,127,25,92.9,50.69,34.14,5.05,50.28,34.25,7,10,4,4.06,37.79,7,0,0,2,Healthy,0
NB08771,Male,37.17,5.2,144,46,95.6,52.06,32.8,5.5,52.62,32.73,9,3,3,5.0,36.63,10,0,0,1,Healthy,0
NB08772,Male,41.45,5.2,137,38,97.3,53.4,36.28,5.34,54.68,37.06,6,7,4,4.01,36.2,9,0,0,0,Healthy,0
NB08773,Male,36.27,5.2,143,50,96.5,47.06,36.06,4.89,46.68,35.62,10,5,5,4.76,37.2,7,0,0,0,Healthy,0
NB08774,Male,39.45,5.2,112,42,99.5,51.09,34.32,5.08,50.54,34.29,4,8,1,4.25,36.93,8,0,0,0,Healthy,0
NB08775,Female,41.15,5.2,137,25,89.6,49.94,34.99,5.22,49.31,34.57,8,9,3,3.59,37.01,8,1,0,6,At Risk,0
NB08776,Female,34.97,5.2,99,48,100.0,46.26,31.45,5.5,46.37,31.52,8,5,5,0.2,37.37,7,1,1,5,At Risk,0
NB08777,Male,37.24,5.2,121,29,92.5,49.78,35.52,5.41,51.32,35.78,9,9,3,3.78,36.48,7,0,0,0,Healthy,0
NB08778,Female,40.51,5.2,138,30,90.7,53.08,37.92,5.45,52.89,37.86,9,7,3,4.71,36.49,5,0,1,6,At Risk,0
NB08779,Female,40.55,5.2,162,39,98.6,51.07,38.51,5.31,52.59,39.13,8,4,2,1.14,37.05,7,0,0,0,Healthy,0
NB08780,Male,37.62,5.2,150,39,91.1,54.73,33.63,5.03,54.44,34.73,12,8,3,1.59,37.27,6,0,1,6,At Risk,0
NB08781,Female,36.38,5.2,142,24,99.9,47.8,33.63,5.5,46.69,31.77,9,10,4,4.49,36.91,10,0,0,2,Healthy,0
NB08782,Male,40.1,5.2,133,41,87.4,48.14,33.7,5.4,50.04,34.33,12,7,4,4.99,36.77,8,1,0,4,At Risk,0
NB08783,Male,40.6,5.2,135,41,92.4,54.37,35.09,5.49,54.43,35.16,9,7,2,0.78,36.95,7,0,0,0,Healthy,0
NB08784,Female,35.44,5.2,164,41,98.1,48.51,30.33,5.5,49.65,30.43,7,6,4,3.12,37.13,9,0,0,0,Healthy,0
NB08785,Female,35.35,5.2,120,25,97.4,47.68,32.66,5.5,48.7,32.6,4,0,3,4.33,36.15,8,0,0,1,Healthy,0
NB08786,Female,38.5,5.2,127,43,85.8,49.12,34.2,5.23,49.96,34.67,9,7,4,2.59,36.35,6,1,1,10,High Risk,1
NB08787,Male,39.38,5.2,159,48,92.7,51.63,35.11,5.28,51.61,35.25,9,7,2,3.55,36.76,8,0,0,0,Healthy,0
NB08788,Female,37.34,5.2,134,29,89.0,52.25,32.07,5.27,52.87,32.65,5,5,4,0.2,37.11,8,1,0,4,At Risk,0
NB08789,Male,39.49,5.2,175,31,95.5,51.35,36.12,5.42,51.31,36.23,8,2,4,5.01,37.78,10,0,0,1,Healthy,0
NB08790,Female,36.44,5.2,152,50,95.2,45.25,29.1,5.3,44.06,29.52,5,6,4,2.07,36.75,9,0,0,0,Healthy,0
NB08791,Female,33.35,5.2,161,58,94.1,38.51,30.17,5.26,38.34,30.73,10,5,1,4.03,36.91,9,0,0,0,Healthy,0
NB08792,Male,37.07,5.2,111,40,94.6,49.53,32.99,5.21,50.53,33.01,9,9,5,2.44,36.5,7,0,0,0,Healthy,0
NB08793,Female,38.14,5.2,159,38,91.1,47.75,30.86,5.2,49.02,31.42,4,8,2,0.2,37.1,9,0,0,0,Healthy,0
NB08794,Female,37.39,5.2,125,44,92.4,48.85,33.95,5.29,50.12,34.35,5,1,3,0.3,36.31,8,0,0,1,Healthy,0
NB08795,Male,35.45,5.2,153,56,98.7,45.69,31.76,5.49,45.87,31.97,4,4,3,3.01,36.79,9,0,0,0,Healthy,0
NB08796,Male,34.01,5.2,133,33,93.3,44.24,31.85,5.04,45.71,31.53,9,7,3,3.51,36.37,7,0,0,0,Healthy,0
NB08797,Female,36.87,5.2,144,37,93.0,47.05,36.01,5.24,46.27,35.6,9,8,5,4.07,35.85,9,0,0,2,Healthy,0
NB08798,Female,39.97,5.2,120,37,99.0,50.03,35.67,5.3,52.89,36.0,10,5,0,2.69,38.01,9,0,0,1,Healthy,0
NB08799,Male,40.76,5.2,109,28,90.9,53.64,37.19,5.5,53.81,37.68,6,9,4,0.21,37.16,6,0,1,7,At Risk,0
NB08800,Female,40.61,5.2,143,51,100.0,53.1,37.7,5.14,53.39,37.6,7,9,4,0.89,37.16,7,0,0,0,Healthy,0
NB08801,Male,36.2,5.2,135,45,100.0,45.57,33.28,5.07,44.57,33.81,6,6,3,2.16,37.21,7,0,0,1,Healthy,0
NB08802,Male,35.46,5.2,124,22,91.4,45.17,30.72,5.5,44.9,30.4,6,6,3,2.94,37.44,10,0,0,2,Healthy,0
NB08803,Female,39.09,5.2,110,42,98.2,51.34,32.1,5.33,52.25,32.13,6,4,1,4.29,36.87,10,0,0,0,Healthy,0
NB08804,Female,39.4,5.2,92,59,87.4,52.96,35.34,5.15,53.68,35.09,5,8,3,2.83,37.19,6,1,1,13,High Risk,1
NB08805,Female,38.88,5.2,149,45,95.4,52.47,33.82,5.44,51.23,33.52,9,6,6,1.64,36.57,8,0,0,0,Healthy,0
NB08806,Female,33.57,5.2,135,58,91.5,43.61,32.62,4.85,44.12,32.24,11,4,5,1.38,36.72,8,0,0,1,Healthy,0
NB08807,Male,36.09,5.2,129,36,96.8,49.86,31.75,5.22,48.39,33.91,10,8,3,3.67,36.11,8,0,0,1,Healthy,0
NB08808,Female,37.93,5.2,144,52,96.1,45.99,33.73,5.29,47.42,34.51,7,5,2,3.63,36.89,9,0,0,0,Healthy,0
NB08809,Male,39.07,5.2,158,55,94.0,50.16,32.81,5.35,51.6,33.2,8,8,4,2.5,36.56,10,0,0,0,Healthy,0
NB08810,Female,39.69,5.2,145,41,91.2,52.09,34.47,5.06,51.26,34.33,9,10,4,2.26,36.74,10,0,0,1,Healthy,0
NB08811,Male,38.32,5.2,132,38,98.2,45.73,32.61,5.06,46.14,32.03,8,10,0,2.79,37.17,10,0,0,0,Healthy,0
NB08812,Female,38.73,5.2,178,53,94.9,54.44,33.03,5.5,53.23,32.22,6,6,1,6.25,36.94,10,0,0,0,Healthy,0
NB08813,Male,38.19,5.2,129,47,92.5,52.42,33.85,5.23,52.18,33.85,9,6,7,1.68,37.26,8,0,0,0,Healthy,0
NB08814,Female,39.51,5.2,115,52,93.2,52.25,33.95,5.26,52.7,34.6,9,7,1,0.45,36.53,10,0,0,0,Healthy,0
NB08815,Female,38.69,5.2,142,46,94.7,48.29,38.23,5.08,48.59,37.7,6,7,3,2.5,36.97,9,0,0,0,Healthy,0
NB08816,Male,38.14,5.2,135,41,94.7,49.59,35.16,5.05,50.1,35.59,8,11,4,3.72,36.51,10,0,0,0,Healthy,0
NB08817,Male,37.41,5.2,157,41,96.1,50.65,35.01,5.12,51.03,35.23,8,8,3,1.99,36.72,7,0,0,0,Healthy,0
NB08818,Male,38.18,5.2,131,38,98.3,47.52,33.76,5.47,48.08,33.95,9,6,2,4.68,36.66,9,0,0,0,Healthy,0
NB08819,Female,39.07,5.2,137,46,98.7,50.2,34.7,5.11,49.78,36.4,7,3,5,0.67,36.34,9,0,0,0,Healthy,0
NB08820,Male,38.59,5.2,124,40,94.2,51.95,33.57,5.18,51.97,33.83,12,4,4,2.75,36.61,10,0,0,0,Healthy,0
NB08821,Female,38.84,5.2,155,45,96.5,47.36,38.32,5.5,47.6,38.55,5,5,4,3.03,37.06,8,0,0,0,Healthy,0
NB08822,Female,40.95,5.2,143,34,94.3,52.92,35.7,5.5,52.95,35.46,12,9,1,3.59,36.39,8,0,0,0,Healthy,0
NB08823,Male,38.58,5.2,135,33,99.2,46.62,33.3,4.94,49.52,33.01,6,5,3,3.09,36.5,9,0,0,0,Healthy,0
NB08824,Male,36.57,5.2,137,48,94.5,46.43,31.67,4.8,46.72,31.11,9,5,5,2.66,37.36,8,0,0,0,Healthy,0
NB08825,Male,39.94,5.2,140,46,95.4,50.34,35.66,5.09,49.16,34.97,6,8,3,1.69,37.44,10,0,0,0,Healthy,0
NB08826,Male,34.99,5.2,114,38,94.9,47.92,33.83,5.03,47.03,33.78,6,3,3,3.33,37.17,8,0,0,1,Healthy,0
NB08827,Female,35.62,5.2,161,56,96.6,46.06,33.77,5.33,46.5,34.18,6,8,3,0.87,37.57,10,0,0,0,Healthy,0
NB08828,Female,38.74,5.2,160,34,97.2,50.52,33.18,5.23,50.6,32.16,7,7,4,0.74,37.41,7,0,0,0,Healthy,0
NB08829,Female,39.14,5.2,141,46,99.8,49.25,33.42,5.2,49.27,33.44,6,6,3,1.46,36.76,9,0,0,0,Healthy,0
NB08830,Female,35.26,5.2,139,47,99.2,46.07,33.75,5.41,44.71,33.38,12,9,3,2.03,37.7,9,0,0,0,Healthy,0
NB08831,Female,37.16,5.2,122,43,95.2,51.34,36.36,4.8,50.17,36.93,10,7,1,3.35,37.5,10,0,0,1,Healthy,0
NB08832,Male,36.67,5.2,171,55,94.8,46.1,32.65,5.11,45.18,32.51,7,7,3,6.07,36.77,8,0,0,0,Healthy,0
NB08833,Female,36.93,5.2,167,58,94.2,50.15,34.86,5.21,49.37,35.46,10,9,1,3.19,36.91,8,0,0,0,Healthy,0
NB08834,Male,40.08,5.2,147,30,98.5,51.47,33.05,5.44,50.33,32.8,13,9,4,3.45,36.5,9,0,0,0,Healthy,0
NB08835,Male,39.55,5.2,155,19,95.9,49.85,33.62,5.22,50.75,34.01,10,9,2,2.56,36.76,10,0,0,2,Healthy,0
NB08836,Female,37.96,5.2,162,37,100.0,47.13,32.26,5.31,47.5,32.36,11,6,2,3.87,36.1,10,0,0,1,Healthy,0
NB08837,Male,36.8,5.2,158,32,94.8,46.23,33.58,5.16,47.28,33.96,11,0,2,2.49,36.54,8,0,0,1,Healthy,0
NB08838,Male,35.03,5.2,125,38,100.0,45.45,31.45,5.22,46.99,32.16,11,10,3,1.48,37.16,7,0,0,0,Healthy,0
NB08839,Female,41.12,5.2,134,60,100.0,52.11,36.34,5.17,52.55,37.56,10,11,4,2.11,36.34,8,0,0,0,Healthy,0
NB08840,Female,39.3,5.2,148,69,100.0,51.98,36.54,5.18,51.4,36.71,6,3,5,2.37,36.66,7,0,0,1,Healthy,0
NB08841,Female,36.45,5.2,144,33,93.8,47.6,31.73,5.25,48.6,31.81,11,11,4,5.19,37.05,6,0,1,6,At Risk,0
NB08842,Male,39.58,5.2,154,44,94.7,50.56,35.05,5.5,49.42,36.0,8,8,3,3.51,36.67,8,0,0,0,Healthy,0
NB08843,Male,37.85,5.2,152,44,94.4,49.29,31.68,5.31,48.94,31.38,9,3,4,5.32,37.32,8,0,0,0,Healthy,0
NB08844,Female,37.37,5.2,144,45,100.0,49.99,35.1,5.19,49.96,35.49,4,7,2,2.64,37.34,9,0,0,1,Healthy,0
NB08845,Male,38.96,5.2,93,28,93.4,51.75,36.11,5.34,52.14,35.86,6,6,3,3.97,36.52,10,1,1,6,At Risk,0
NB08846,Female,36.37,5.2,161,54,93.0,45.36,33.2,5.27,46.74,33.22,10,6,6,3.59,36.6,8,0,0,0,Healthy,0
NB08847,Female,37.24,5.2,155,51,97.4,48.36,33.45,5.35,47.68,33.12,10,8,1,1.1,36.82,10,0,0,0,Healthy,0
NB08848,Male,38.27,5.2,177,37,90.4,52.3,33.22,5.15,51.15,33.72,10,7,4,3.96,36.5,7,0,0,1,Healthy,0
NB08849,Male,36.9,5.2,131,54,97.7,45.98,30.94,5.33,47.72,30.9,5,5,3,2.34,37.54,10,0,0,0,Healthy,0
NB08850,Male,39.47,5.2,107,28,91.0,51.07,35.29,5.33,52.28,34.66,8,11,1,4.08,36.61,9,0,0,0,Healthy,0
NB08851,Male,42.0,5.2,137,25,93.6,52.86,37.73,4.95,56.06,37.08,8,8,3,6.14,37.21,8,0,0,0,Healthy,0
NB08852,Male,36.34,5.2,148,45,99.0,46.97,35.67,5.15,45.64,35.85,9,5,5,2.28,36.13,8,0,0,0,Healthy,0
NB08853,Female,34.34,5.2,132,46,93.1,49.48,30.65,5.2,49.84,31.39,8,11,6,2.61,36.45,9,0,0,0,Healthy,0
NB08854,Female,33.6,5.2,165,40,96.1,45.71,31.12,5.16,44.45,30.11,6,6,4,4.24,36.31,8,0,0,0,Healthy,0
NB08855,Female,37.67,5.2,128,53,99.2,52.32,35.24,5.02,54.17,35.18,7,8,4,3.79,36.24,8,0,0,0,Healthy,0
NB08856,Male,36.54,5.2,138,35,91.0,48.3,34.5,4.74,46.64,34.23,3,10,2,1.41,36.57,8,0,0,2,Healthy,0
NB08857,Female,38.46,5.2,136,54,95.6,50.93,33.19,5.44,50.18,33.82,7,8,3,5.92,36.97,9,0,0,0,Healthy,0
NB08858,Male,38.29,5.2,190,50,97.3,48.71,33.59,4.8,49.2,33.11,8,10,3,1.13,37.49,7,0,0,1,Healthy,0
NB08859,Female,34.47,5.2,124,61,90.0,45.29,30.54,5.5,45.63,30.63,5,11,2,3.16,36.71,8,0,0,0,Healthy,0
NB08860,Male,34.01,5.2,151,24,91.4,46.83,29.65,5.18,46.99,28.99,7,7,0,5.26,36.84,9,0,0,2,Healthy,0
NB08861,Female,38.65,5.2,118,37,100.0,51.04,36.46,5.1,51.69,37.28,13,12,2,2.4,36.95,9,0,0,0,Healthy,0
NB08862,Male,38.3,5.2,146,33,91.0,51.06,34.1,4.92,52.32,33.64,6,4,2,4.74,36.47,9,0,0,0,Healthy,0
NB08863,Male,37.06,5.2,123,50,93.8,49.51,33.03,4.9,50.14,33.83,10,9,3,1.91,36.79,9,0,0,0,Healthy,0
NB08864,Female,34.35,5.2,160,58,87.9,43.65,31.62,5.05,43.44,31.75,8,7,2,2.96,37.74,7,1,0,4,At Risk,0
NB08865,Male,39.04,5.2,156,38,92.2,48.92,34.61,5.27,48.29,34.17,8,9,5,2.03,36.97,7,0,0,0,Healthy,0
NB08866,Male,40.8,5.2,145,48,97.7,53.82,35.43,5.5,54.32,35.89,10,8,4,4.95,37.74,10,0,0,0,Healthy,0
NB08867,Female,38.61,5.2,115,56,98.4,46.23,33.09,4.92,46.88,33.64,3,10,1,3.93,36.81,9,0,0,1,Healthy,0
NB08868,Male,36.14,5.2,139,45,97.8,48.51,34.84,5.3,49.31,35.97,9,7,2,2.44,36.52,9,0,0,0,Healthy,0
NB08869,Female,38.1,5.2,135,49,94.9,49.46,33.01,4.86,49.36,33.45,6,11,2,2.53,37.27,9,0,0,0,Healthy,0
NB08870,Male,34.99,5.2,155,22,91.2,48.59,30.3,5.05,47.08,30.8,9,8,3,4.95,37.37,8,0,0,2,Healthy,0
NB08871,Male,40.33,5.2,124,58,96.4,52.53,35.31,5.33,53.35,35.92,9,6,4,4.56,36.58,9,0,0,0,Healthy,0
NB08872,Male,38.18,5.2,161,39,93.5,48.43,37.16,5.03,48.12,35.24,5,8,3,1.09,36.96,7,0,0,1,Healthy,0
NB08873,Male,34.11,5.2,157,69,89.4,44.68,29.84,5.5,45.03,30.18,11,6,2,3.34,36.77,8,1,0,5,At Risk,0
NB08874,Male,37.34,5.2,115,33,95.1,47.96,34.4,5.38,48.23,35.11,9,4,5,0.2,36.18,8,0,0,0,Healthy,0
NB08875,Male,39.02,5.2,136,47,99.4,51.68,34.14,5.33,50.53,34.38,8,6,1,5.36,36.2,9,0,0,0,Healthy,0
NB08876,Male,37.27,5.2,139,50,98.9,44.34,33.65,5.12,44.51,33.45,13,10,5,5.82,36.71,8,0,0,0,Healthy,0
NB08877,Male,37.39,5.2,158,17,99.1,49.37,34.76,5.06,49.91,34.44,6,7,4,1.57,37.32,7,0,0,2,Healthy,0
NB08878,Female,35.31,5.2,128,60,96.1,45.41,29.33,5.14,46.42,29.41,8,9,3,5.61,37.18,7,0,0,0,Healthy,0
NB08879,Female,39.25,5.2,144,49,91.7,51.1,33.33,5.28,49.42,33.35,10,9,1,1.13,36.39,9,0,0,0,Healthy,0
NB08880,Male,36.57,5.2,160,27,97.1,49.01,34.16,5.28,47.66,34.39,10,3,6,3.44,36.29,9,0,0,0,Healthy,0
NB08881,Male,33.26,5.2,145,46,95.5,42.01,30.63,5.07,41.64,30.73,9,8,5,3.71,36.41,7,0,0,1,Healthy,0
NB08882,Female,37.18,5.2,107,46,94.1,48.41,33.55,5.08,48.3,34.03,6,6,1,1.12,36.37,9,0,0,0,Healthy,0
NB08883,Male,40.16,5.2,131,41,97.3,51.85,36.38,4.92,50.38,35.69,9,7,4,2.46,36.4,10,0,0,0,Healthy,0
NB08884,Male,37.15,5.2,156,36,96.6,49.01,31.87,5.5,48.56,32.45,14,8,2,3.86,35.89,9,0,0,3,At Risk,0
NB08885,Male,41.82,5.2,154,41,92.8,52.8,38.06,5.05,51.7,38.92,10,5,3,0.2,35.7,9,0,0,2,Healthy,0
NB08886,Male,38.94,5.2,100,51,92.7,48.01,35.69,4.89,47.06,34.78,9,8,5,6.4,35.65,8,1,1,8,High Risk,0
NB08887,Female,38.75,5.2,144,50,91.0,48.13,34.68,4.73,48.38,34.52,14,5,4,3.31,36.1,10,0,0,1,Healthy,0
NB08888,Male,37.72,5.2,157,42,95.9,46.59,34.3,5.1,46.22,34.91,10,12,5,0.88,37.32,8,0,0,0,Healthy,0
NB08889,Male,37.85,5.2,150,44,98.2,50.57,35.44,5.31,49.57,35.79,9,5,5,1.34,38.42,8,0,0,1,Healthy,0
NB08890,Female,37.42,5.2,152,41,92.9,48.85,32.5,5.21,49.81,31.91,7,10,6,4.91,37.71,9,0,0,0,Healthy,0
NB08891,Female,37.34,5.2,177,32,91.3,48.9,34.33,5.19,48.33,34.78,7,6,1,4.35,36.91,7,0,0,0,Healthy,0
NB08892,Female,39.17,5.2,139,41,96.8,47.24,37.23,5.38,48.79,36.21,6,8,6,3.95,36.45,8,0,0,0,Healthy,0
NB08893,Female,35.94,5.2,145,35,100.0,47.68,33.32,5.35,46.04,33.72,8,9,1,1.92,36.61,10,0,0,1,Healthy,0
NB08894,Male,35.63,5.2,123,32,100.0,48.74,31.81,5.05,49.58,32.72,7,3,4,3.3,36.86,9,0,0,0,Healthy,0
NB08895,Female,35.53,5.2,129,18,100.0,43.69,35.55,5.28,43.86,35.63,8,12,2,3.25,37.73,7,0,0,2,Healthy,0
NB08896,Female,42.0,5.2,134,38,94.8,52.13,36.95,5.24,52.02,37.53,9,11,6,3.59,36.35,8,0,0,0,Healthy,0
NB08897,Male,39.17,5.2,155,50,91.8,47.51,36.71,5.11,47.47,37.01,7,13,5,5.32,36.8,7,0,0,0,Healthy,0
NB08898,Male,38.67,5.2,127,54,97.1,49.36,33.64,5.5,49.52,33.29,10,5,3,5.41,36.84,10,0,0,0,Healthy,0
NB08899,Male,35.67,5.2,162,46,94.8,45.7,33.77,5.07,46.05,33.53,8,6,3,1.63,36.76,9,0,0,0,Healthy,0
NB08900,Male,39.37,5.2,120,29,94.3,51.6,33.94,5.11,53.07,33.85,7,3,4,2.59,35.9,7,0,0,2,Healthy,0
NB08901,Female,37.74,5.2,152,40,100.0,49.71,34.11,5.13,49.76,34.06,9,6,3,4.68,36.68,10,0,0,0,Healthy,0
NB08902,Male,38.47,5.2,150,30,99.8,52.61,33.22,5.42,54.02,34.02,8,4,6,3.8,36.19,9,0,0,0,Healthy,0
NB08903,Male,35.85,5.2,145,61,97.2,47.56,35.15,5.45,47.44,36.14,6,9,2,8.79,37.83,6,0,1,7,At Risk,0
NB08904,Female,38.35,5.2,158,38,94.7,50.59,33.72,5.5,50.87,34.34,5,12,4,4.15,37.06,9,0,0,0,Healthy,0
NB08905,Female,37.07,5.2,127,37,95.0,47.65,31.49,5.38,47.61,32.47,7,3,5,4.36,37.3,9,0,0,0,Healthy,0
NB08906,Female,36.32,5.2,132,51,89.6,45.88,32.76,5.21,44.33,33.03,11,11,1,4.58,36.4,9,1,0,4,At Risk,0
NB08907,Male,39.62,5.2,123,42,98.7,52.72,35.74,5.42,52.12,34.23,9,5,4,2.24,36.6,8,0,0,0,Healthy,0
NB08908,Male,34.62,5.2,140,53,99.5,49.04,31.39,5.31,50.81,31.49,9,7,4,3.33,37.72,7,0,0,0,Healthy,0
NB08909,Female,39.24,5.2,138,31,92.3,52.13,33.45,5.21,51.47,33.08,8,9,3,1.93,37.26,7,0,0,0,Healthy,0
NB08910,Female,39.51,5.2,155,43,92.8,51.22,36.41,5.14,52.21,36.91,9,11,0,8.15,36.99,10,0,0,1,Healthy,0
NB08911,Male,36.06,5.2,147,47,98.4,45.91,34.33,5.2,43.94,34.35,10,9,4,0.2,37.4,9,0,0,0,Healthy,0
NB08912,Male,36.2,5.2,152,16,93.9,50.26,30.06,5.13,50.05,30.35,8,8,1,3.03,37.68,8,0,0,2,Healthy,0
NB08913,Female,37.51,5.2,136,35,99.0,50.32,32.14,5.31,50.94,32.27,5,7,5,6.74,37.48,7,0,0,0,Healthy,0
NB08914,Female,38.62,5.2,147,36,92.3,54.21,34.0,5.19,54.35,33.76,6,10,0,1.71,37.27,7,0,0,0,Healthy,0
NB08915,Male,37.66,5.2,173,43,93.9,46.99,32.77,5.33,47.56,32.36,6,4,5,6.23,37.32,7,0,0,1,Healthy,0
NB08916,Male,38.95,5.2,116,39,96.8,52.18,35.26,5.33,49.89,35.06,13,6,2,1.69,36.65,8,0,0,0,Healthy,0
NB08917,Female,41.88,5.2,107,45,93.9,54.19,39.27,5.23,53.36,39.64,9,7,2,1.09,36.89,10,0,0,0,Healthy,0
NB08918,Female,36.88,5.2,151,40,93.7,47.91,32.45,5.14,47.48,33.37,8,6,2,5.95,37.11,5,0,1,6,At Risk,0
NB08919,Male,34.23,5.2,125,53,93.6,48.93,33.52,5.05,48.11,33.89,5,7,2,2.54,36.94,8,0,0,0,Healthy,0
NB08920,Male,39.82,5.2,115,63,97.4,52.04,32.87,5.21,52.11,34.5,10,10,4,1.99,37.03,7,0,0,0,Healthy,0
NB08921,Male,41.7,5.2,150,27,98.4,51.06,37.08,5.29,49.44,37.56,9,7,2,0.99,36.74,7,0,0,0,Healthy,0
NB08922,Female,38.86,5.2,122,42,96.7,50.14,33.51,4.96,50.0,33.74,8,5,3,6.35,35.57,10,0,0,2,Healthy,0
NB08923,Female,35.61,5.2,168,53,92.6,45.55,32.84,4.87,47.69,33.62,9,9,2,5.41,37.1,10,0,0,1,Healthy,0
NB08924,Female,37.73,5.2,143,35,99.8,48.42,30.97,5.21,48.25,30.22,6,9,4,2.3,36.85,10,0,0,0,Healthy,0
NB08925,Male,35.54,5.2,136,45,95.9,48.79,30.15,5.05,47.35,29.86,8,8,5,4.47,36.86,8,0,0,0,Healthy,0
NB08926,Male,39.41,5.2,125,38,98.7,52.85,35.5,5.43,54.05,35.97,8,9,2,2.56,37.79,8,0,0,0,Healthy,0
NB08927,Male,35.03,5.2,144,32,90.5,47.37,30.77,5.49,46.97,30.44,10,7,3,1.64,36.96,9,0,0,0,Healthy,0
NB08928,Male,37.34,5.2,111,32,99.1,47.51,32.85,5.03,46.15,33.81,10,7,3,4.35,36.44,7,0,0,0,Healthy,0
NB08929,Male,35.79,5.2,96,17,93.7,48.37,35.01,4.89,48.37,34.81,3,6,1,2.66,37.11,7,1,1,8,High Risk,0
NB08930,Female,38.28,5.2,112,44,93.5,51.3,34.2,5.35,50.94,34.79,8,2,2,3.08,36.84,10,0,0,1,Healthy,0
NB08931,Male,37.19,5.2,160,44,96.4,44.93,34.59,5.27,45.24,34.75,10,5,1,5.06,37.3,7,0,0,0,Healthy,0
NB08932,Male,38.39,5.2,123,32,87.8,50.18,32.93,5.31,50.41,34.2,11,11,3,3.31,36.53,10,1,0,4,At Risk,0
NB08933,Male,38.05,5.2,114,39,96.2,49.26,31.82,5.38,49.97,32.37,6,9,4,1.53,36.43,7,0,0,0,Healthy,0
NB08934,Male,35.83,5.2,138,28,94.0,49.55,32.16,5.15,49.9,32.61,8,7,0,3.52,36.56,9,0,0,0,Healthy,0
NB08935,Female,39.38,5.2,180,47,99.9,51.61,32.53,5.19,54.07,32.42,9,8,3,0.2,36.02,8,0,0,1,Healthy,0
NB08936,Female,37.89,5.2,160,38,95.9,50.47,32.68,5.39,49.98,32.44,9,4,3,3.29,36.6,8,0,0,0,Healthy,0
NB08937,Male,35.83,5.2,126,50,91.5,46.68,32.63,5.32,45.51,32.78,6,11,4,3.53,37.52,7,0,0,1,Healthy,0
NB08938,Male,42.0,5.2,125,39,92.2,53.2,36.43,5.5,52.46,36.87,6,11,4,1.57,36.47,9,0,0,0,Healthy,0
NB08939,Male,39.05,5.2,126,32,86.4,52.43,35.04,5.29,53.75,35.34,4,6,4,4.47,36.19,10,1,0,4,At Risk,0
NB08940,Female,37.66,5.2,124,37,100.0,49.17,34.46,5.28,47.67,33.69,7,8,3,2.12,36.56,10,0,0,0,Healthy,0
NB08941,Male,41.11,5.2,150,57,86.2,52.75,34.19,5.41,53.9,34.08,6,5,2,3.08,36.9,7,1,0,4,At Risk,0
NB08942,Male,42.0,5.2,134,63,93.1,50.13,35.19,5.5,52.46,35.48,4,8,3,2.69,36.46,10,0,0,0,Healthy,0
NB08943,Male,37.68,5.2,120,27,97.6,49.18,30.31,5.37,50.74,29.83,9,9,4,5.26,36.83,10,0,0,0,Healthy,0
NB08944,Female,38.76,5.2,116,51,100.0,46.26,33.78,5.17,46.01,34.12,7,7,2,0.75,36.91,6,0,1,6,At Risk,0
NB08945,Female,35.83,5.2,181,31,100.0,46.61,33.38,5.1,47.47,33.22,9,8,4,2.98,36.8,9,0,0,1,Healthy,0
NB08946,Female,37.68,5.2,153,34,94.7,49.44,35.81,5.26,50.51,36.27,9,5,3,2.03,36.76,10,0,0,0,Healthy,0
NB08947,Male,37.56,5.2,125,44,96.8,50.74,33.78,5.01,50.5,33.75,10,10,3,6.23,37.59,9,0,0,0,Healthy,0
NB08948,Male,38.41,5.2,162,47,93.9,47.97,36.14,5.36,47.07,36.27,7,9,2,3.12,36.88,8,0,0,0,Healthy,0
NB08949,Male,38.73,5.2,119,35,89.6,51.01,34.89,5.29,51.13,35.09,8,3,4,1.22,36.44,6,1,1,10,High Risk,1
NB08950,Female,39.23,5.2,138,48,91.3,53.65,34.82,5.33,54.72,35.24,8,8,2,2.38,37.14,7,0,0,0,Healthy,0
NB08951,Female,38.52,5.2,136,54,89.0,48.79,33.25,4.87,50.32,33.86,10,10,2,5.2,36.77,9,1,0,4,At Risk,0
NB08952,Male,35.34,5.2,143,49,96.1,44.11,28.36,5.5,44.4,27.75,9,7,2,3.95,36.83,7,0,0,0,Healthy,0
NB08953,Male,35.94,5.2,123,32,93.8,48.32,34.19,5.01,48.31,34.28,9,8,4,1.88,37.26,8,0,0,0,Healthy,0
NB08954,Male,36.8,5.2,142,38,94.3,46.13,32.88,4.98,46.21,33.06,5,7,4,2.23,37.4,9,0,0,0,Healthy,0
NB08955,Male,37.38,5.2,109,51,97.4,47.4,35.45,4.83,49.52,37.42,12,4,3,5.04,36.29,8,0,0,0,Healthy,0
NB08956,Female,40.31,5.2,133,58,95.9,53.53,33.99,5.11,53.91,34.63,7,9,3,0.57,37.58,7,0,0,0,Healthy,0
NB08957,Male,35.44,5.2,164,29,97.3,51.05,35.65,5.26,51.97,35.83,7,7,3,4.34,36.77,7,0,0,0,Healthy,0
NB08958,Female,37.21,5.2,158,45,100.0,46.89,32.88,5.21,48.25,32.24,11,8,1,3.44,36.77,10,0,0,0,Healthy,0
NB08959,Male,40.1,5.2,127,49,92.2,50.01,34.23,5.37,49.95,34.22,8,8,2,1.53,36.35,8,0,0,0,Healthy,0
NB08960,Female,37.34,5.2,113,28,88.4,48.13,33.02,5.49,47.68,34.5,7,5,4,3.87,37.14,7,1,0,4,At Risk,0
NB08961,Female,39.01,5.2,101,52,93.0,49.42,34.76,5.5,49.8,33.97,9,5,2,1.69,36.16,6,0,1,6,At Risk,0
NB08962,Male,37.69,5.2,151,63,94.3,53.19,33.48,5.18,52.62,33.45,6,7,3,0.45,37.04,10,0,0,0,Healthy,0
NB08963,Male,38.56,5.2,145,49,96.5,49.05,33.42,5.2,48.74,34.31,5,11,4,2.76,37.54,8,0,0,0,Healthy,0
NB08964,Male,37.5,5.2,147,48,97.5,48.37,30.74,5.2,46.51,32.17,7,5,1,2.66,36.66,9,0,0,0,Healthy,0
NB08965,Female,39.47,5.2,170,34,91.3,54.15,33.62,5.15,55.37,33.61,12,9,5,5.83,37.29,10,0,0,0,Healthy,0
NB08966,Female,34.6,5.2,143,37,90.8,47.69,33.03,5.5,47.01,33.51,6,7,5,1.3,36.84,8,0,0,0,Healthy,0
NB08967,Female,37.2,5.2,144,36,99.8,50.85,31.92,5.29,52.27,32.61,7,5,3,0.2,36.17,7,0,0,0,Healthy,0
NB08968,Female,38.65,5.2,115,33,96.1,48.37,31.68,5.33,47.62,32.2,8,6,3,0.69,36.85,7,0,0,0,Healthy,0
NB08969,Female,39.17,5.2,169,40,96.2,49.6,33.04,5.37,48.43,33.33,9,9,2,3.15,36.72,9,0,0,0,Healthy,0
NB08970,Male,41.28,5.2,137,45,95.9,50.48,35.97,5.47,48.94,36.91,9,8,4,1.52,37.2,10,0,0,0,Healthy,0
NB08971,Female,37.14,5.2,125,33,95.5,50.43,32.06,5.18,48.4,32.88,6,5,2,1.02,36.64,8,0,0,0,Healthy,0
NB08972,Female,41.25,5.2,144,39,94.2,54.98,35.66,5.33,56.73,36.06,11,7,3,2.7,37.02,9,0,0,1,Healthy,0
NB08973,Male,36.55,5.2,176,45,92.5,47.1,31.59,5.35,48.07,32.73,8,5,4,2.3,36.32,8,0,0,0,Healthy,0
NB08974,Female,40.92,5.2,178,21,93.1,51.5,37.36,4.92,51.87,37.57,10,12,2,4.6,36.99,8,0,0,3,At Risk,0
NB08975,Male,39.8,5.2,123,51,100.0,50.58,35.8,5.13,52.16,36.04,6,5,1,4.59,36.81,10,0,0,0,Healthy,0
NB08976,Female,35.99,5.2,161,44,100.0,44.7,35.72,5.2,43.99,35.7,9,7,4,2.4,36.74,9,0,0,0,Healthy,0
NB08977,Female,38.68,5.2,146,44,98.2,48.86,33.7,5.43,48.05,32.38,9,5,3,2.91,36.81,8,0,0,0,Healthy,0
NB08978,Female,37.89,5.2,158,54,94.8,51.05,33.29,5.5,51.4,33.55,6,8,0,6.79,36.67,8,0,0,0,Healthy,0
NB08979,Male,39.38,5.2,145,51,97.0,49.09,36.54,5.14,48.73,36.76,9,10,0,7.67,36.86,8,0,0,0,Healthy,0
NB08980,Female,37.51,5.2,151,48,90.0,49.34,34.04,5.13,50.78,33.45,5,7,2,7.67,36.71,7,0,0,0,Healthy,0
NB08981,Female,37.32,5.2,164,45,98.5,46.38,31.91,5.32,49.66,31.61,6,5,6,3.48,36.36,9,0,0,0,Healthy,0
NB08982,Female,41.01,5.2,109,42,94.2,52.02,36.74,4.88,53.32,37.46,9,9,1,2.66,36.22,6,0,1,6,At Risk,0
NB08983,Male,37.78,5.2,146,36,95.1,48.28,34.24,4.87,48.8,33.55,5,7,3,0.96,36.58,7,0,0,0,Healthy,0
NB08984,Female,39.82,5.2,119,32,95.3,48.79,32.38,5.2,49.05,32.47,9,7,3,4.91,36.66,7,0,0,0,Healthy,0
NB08985,Female,37.5,5.2,132,46,94.4,50.73,32.48,5.12,52.6,33.1,6,3,1,3.89,35.45,9,0,0,2,Healthy,0
NB08986,Male,41.67,5.2,140,46,97.8,54.59,36.65,5.45,54.87,36.1,10,10,0,2.12,36.81,7,0,0,0,Healthy,0
NB08987,Female,36.51,5.2,122,43,100.0,46.32,34.92,5.16,47.09,35.08,4,11,2,3.81,37.79,10,0,0,0,Healthy,0
NB08988,Female,36.65,5.2,130,29,98.0,47.95,33.9,4.97,47.15,34.24,7,6,3,2.25,37.11,8,0,0,1,Healthy,0
NB08989,Female,41.35,5.2,115,15,95.2,52.71,35.3,5.03,52.4,35.93,9,6,7,1.87,36.72,8,0,0,2,Healthy,0
NB08990,Male,37.02,5.2,129,43,91.3,45.09,32.05,5.47,45.79,32.33,12,8,7,3.98,36.43,9,0,0,0,Healthy,0
NB08991,Female,41.52,5.2,149,24,95.1,49.98,37.46,5.08,51.36,37.84,6,8,4,5.87,36.04,8,0,0,2,Healthy,0
NB08992,Female,39.96,5.2,156,45,94.7,53.94,31.53,5.16,53.95,31.35,4,5,4,5.66,37.2,10,0,0,0,Healthy,0
NB08993,Female,37.66,5.2,126,61,97.9,47.16,32.35,5.17,47.85,32.71,6,8,3,0.2,36.99,8,0,0,0,Healthy,0
NB08994,Male,34.01,5.2,164,45,92.7,48.53,33.12,5.11,47.7,33.7,9,8,2,3.94,36.24,9,0,0,0,Healthy,0
NB08995,Female,37.96,5.2,150,38,91.9,46.87,34.22,5.29,47.49,33.48,12,8,2,3.25,37.23,8,0,0,0,Healthy,0
NB08996,Male,38.22,5.2,166,32,96.0,51.12,32.82,5.5,52.42,33.2,7,6,1,3.23,37.18,8,0,0,0,Healthy,0
NB08997,Female,40.57,5.2,108,36,98.2,51.29,33.79,5.34,51.54,35.55,10,12,2,3.27,36.5,8,0,0,0,Healthy,0
NB08998,Male,41.49,5.2,146,42,95.5,52.4,37.51,5.39,52.45,37.28,8,4,4,2.72,36.67,8,0,0,0,Healthy,0
NB08999,Female,36.49,5.2,151,53,98.4,51.96,32.86,5.04,51.7,33.06,9,7,2,0.2,36.91,8,0,0,0,Healthy,0
NB09000,Female,39.76,5.2,109,43,90.5,48.68,34.71,5.3,48.42,34.35,8,7,2,4.19,37.05,9,0,0,0,Healthy,0
NB09001,Male,39.68,5.2,183,39,96.7,52.31,35.54,5.5,53.86,36.38,6,4,2,4.6,36.31,7,0,0,1,Healthy,0
NB09002,Female,40.36,5.2,129,49,90.5,52.83,35.7,5.18,52.49,36.1,11,9,1,4.06,37.06,9,0,0,0,Healthy,0
NB09003,Female,39.1,5.2,150,57,100.0,57.3,34.7,5.23,57.47,34.76,7,8,2,2.9,36.83,9,0,0,0,Healthy,0
NB09004,Male,33.73,5.2,157,45,99.7,43.6,28.82,5.38,42.87,29.41,6,11,2,0.77,37.3,10,0,0,0,Healthy,0
NB09005,Male,37.66,5.2,142,44,96.3,48.04,32.02,5.5,48.2,32.69,8,5,2,3.47,37.14,8,0,0,1,Healthy,0
NB09006,Male,35.46,5.2,165,25,89.4,48.94,33.14,5.47,50.14,32.54,8,8,7,2.79,36.83,9,1,0,4,At Risk,0
NB09007,Male,37.55,5.2,176,28,90.2,48.8,34.33,4.98,47.88,34.7,12,7,3,7.18,37.21,8,0,0,0,Healthy,0
NB09008,Female,40.16,5.2,120,27,100.0,50.61,35.88,5.3,49.86,36.2,8,6,4,2.33,36.12,10,0,0,0,Healthy,0
NB09009,Female,38.67,5.2,142,40,90.9,52.12,33.39,5.11,53.82,33.5,8,11,3,5.81,36.63,8,0,0,0,Healthy,0
NB09010,Male,40.53,5.2,156,34,96.8,51.34,36.72,5.17,51.01,36.82,10,6,1,2.88,36.36,9,0,0,0,Healthy,0
NB09011,Male,38.75,5.2,111,37,100.0,48.49,33.77,4.97,49.54,34.36,8,10,4,0.88,36.55,10,0,0,0,Healthy,0
NB09012,Male,35.14,5.2,159,34,95.4,48.48,33.75,5.18,48.21,33.0,9,5,2,2.74,36.54,10,0,0,0,Healthy,0
NB09013,Female,32.45,5.2,171,34,90.8,45.36,28.8,5.06,44.8,28.6,9,11,2,3.22,36.23,6,0,1,6,At Risk,0
NB09014,Female,38.33,5.2,163,23,88.8,49.27,33.24,5.2,51.72,33.41,10,7,3,2.45,37.23,8,1,0,7,At Risk,0
NB09015,Male,37.53,5.2,148,44,96.3,48.46,33.24,5.33,48.46,33.03,10,5,3,2.71,37.14,9,0,0,1,Healthy,0
NB09016,Male,35.85,5.2,168,49,91.1,45.84,33.57,5.29,46.7,33.62,6,12,5,3.71,36.53,7,0,0,0,Healthy,0
NB09017,Male,34.26,5.2,146,43,95.0,47.68,31.13,5.41,47.76,31.03,6,8,3,3.09,35.76,10,0,0,2,Healthy,0
NB09018,Male,36.38,5.2,116,46,91.3,47.42,32.73,5.13,47.44,33.46,6,9,1,4.46,36.57,6,0,1,6,At Risk,0
NB09019,Male,37.57,5.2,131,47,92.9,47.68,32.91,4.89,49.13,33.02,9,5,3,4.47,36.78,10,0,0,0,Healthy,0
NB09020,Female,39.46,5.2,135,46,93.0,48.35,35.23,5.5,48.17,36.37,11,7,5,2.68,37.41,8,0,0,0,Healthy,0
NB09021,Female,38.41,5.2,139,50,94.1,50.76,33.98,5.34,50.0,34.09,4,6,3,1.06,36.55,7,0,0,0,Healthy,0
NB09022,Male,41.54,5.2,138,54,92.4,51.77,35.1,5.35,51.69,35.86,12,7,3,3.32,37.24,9,0,0,1,Healthy,0
NB09023,Male,35.72,5.2,134,58,96.0,43.52,32.4,5.34,43.78,32.84,10,5,1,4.26,36.57,8,0,0,0,Healthy,0
NB09024,Male,39.94,5.2,144,23,98.5,48.94,35.38,5.28,48.67,36.35,6,7,4,2.13,37.06,10,0,0,2,Healthy,0
NB09025,Female,38.1,5.2,167,47,93.7,49.23,37.4,5.43,48.78,37.31,7,5,5,2.36,37.16,9,0,0,0,Healthy,0
NB09026,Female,39.53,5.2,144,30,95.9,50.56,33.95,5.1,49.51,34.19,6,10,3,4.02,37.06,9,0,0,1,Healthy,0
NB09027,Female,37.04,5.2,151,56,91.7,48.25,31.87,5.39,47.92,31.19,10,3,3,5.25,36.37,8,0,0,0,Healthy,0
NB09028,Female,40.36,5.2,101,43,89.5,50.96,35.87,5.3,49.7,35.11,9,9,4,7.57,36.64,6,1,1,10,High Risk,1
NB09029,Male,38.65,5.2,142,45,96.4,47.23,32.77,5.26,46.46,33.38,7,7,3,3.97,37.06,6,0,1,6,At Risk,0
NB09030,Male,36.51,5.2,160,43,98.1,46.51,31.14,5.13,47.49,30.81,8,10,1,3.49,36.09,9,0,0,0,Healthy,0
NB09031,Male,37.97,5.2,162,44,88.3,51.94,31.63,5.28,53.2,32.33,10,9,2,2.1,37.16,10,1,0,4,At Risk,0
NB09032,Female,37.47,5.2,161,58,94.7,51.2,32.27,5.19,51.44,32.35,7,10,3,6.87,36.25,7,0,0,0,Healthy,0
NB09033,Male,39.08,5.2,145,54,96.5,51.72,33.43,5.4,50.42,34.07,6,7,1,6.87,36.19,8,0,0,0,Healthy,0
NB09034,Male,35.4,5.2,147,58,96.0,48.24,30.06,5.14,47.96,30.64,8,12,4,3.75,36.56,9,0,0,0,Healthy,0
NB09035,Female,37.94,5.2,128,40,92.9,51.35,33.38,5.02,52.7,32.02,9,1,1,1.62,36.49,7,0,0,1,Healthy,0
NB09036,Female,38.87,5.2,155,21,95.2,48.14,30.86,5.34,48.79,30.79,6,7,5,0.2,36.88,10,0,0,2,Healthy,0
NB09037,Female,38.07,5.2,128,49,98.2,49.73,34.59,5.5,48.75,34.06,7,10,4,2.98,36.92,9,0,0,0,Healthy,0
NB09038,Female,40.96,5.2,152,31,92.0,50.03,35.04,5.28,51.03,33.26,8,5,1,1.62,36.83,8,0,0,0,Healthy,0
NB09039,Female,39.7,5.2,141,38,100.0,48.93,34.38,5.2,48.75,34.07,8,7,0,5.99,36.36,10,0,0,0,Healthy,0
NB09040,Male,37.98,5.2,140,41,90.1,50.32,34.67,5.5,49.9,33.78,11,0,5,2.54,37.34,9,0,0,1,Healthy,0
NB09041,Female,38.48,5.2,158,42,98.1,51.92,34.69,5.32,52.45,34.77,9,3,3,4.48,36.83,9,0,0,0,Healthy,0
NB09042,Male,38.65,5.2,150,48,95.2,49.8,33.31,5.2,49.91,32.96,9,5,1,4.22,37.22,8,0,0,0,Healthy,0
NB09043,Male,38.89,5.2,145,33,93.2,53.7,35.1,5.5,55.65,35.5,6,9,7,0.2,35.77,8,0,0,2,Healthy,0
NB09044,Female,33.98,5.2,131,48,88.6,46.41,33.31,5.08,47.31,33.47,7,7,4,3.27,37.04,8,1,0,5,At Risk,0
NB09045,Male,37.34,5.2,169,40,99.2,47.45,31.82,5.16,47.58,32.46,9,5,3,3.88,36.54,7,0,0,1,Healthy,0
NB09046,Male,34.73,5.2,146,68,91.7,44.49,32.64,5.3,45.32,33.26,8,6,1,4.78,37.14,10,0,0,1,Healthy,0
NB09047,Male,40.81,5.2,153,26,94.9,54.17,34.1,5.5,53.47,34.7,10,10,4,0.2,37.6,7,0,0,0,Healthy,0
NB09048,Female,37.87,5.2,141,43,96.6,49.74,35.47,5.04,51.49,35.75,9,7,3,7.49,36.27,9,0,0,0,Healthy,0
NB09049,Female,37.57,5.2,128,48,100.0,50.57,32.43,5.0,51.16,32.33,4,8,3,2.26,37.19,7,0,0,1,Healthy,0
NB09050,Male,39.97,5.2,146,38,93.8,46.06,34.06,5.28,48.53,33.86,8,11,4,0.2,36.53,9,0,0,0,Healthy,0
NB09051,Female,38.93,5.2,129,36,95.2,50.93,36.17,5.5,50.4,35.86,9,2,2,3.3,35.96,9,0,0,3,At Risk,0
NB09052,Male,35.52,5.2,148,55,96.4,46.34,33.14,5.41,44.49,33.12,4,3,2,3.06,37.22,7,0,0,0,Healthy,0
NB09053,Male,37.84,5.2,81,50,95.4,46.67,32.67,5.1,46.64,33.3,9,7,4,2.49,37.62,9,1,1,5,At Risk,0
NB09054,Male,37.26,5.2,133,34,92.3,48.81,33.47,5.0,46.87,34.16,14,11,4,3.17,37.75,7,0,0,1,Healthy,0
NB09055,Male,34.16,5.2,140,27,100.0,48.33,30.05,5.1,50.83,29.23,7,6,2,5.72,36.94,9,0,0,1,Healthy,0
NB09056,Female,36.48,5.2,123,48,93.4,52.77,30.35,5.25,52.9,30.56,7,7,6,1.3,36.15,5,0,1,6,At Risk,0
NB09057,Male,37.6,5.2,147,45,96.6,49.72,33.8,5.29,48.62,33.94,8,7,4,6.45,36.71,9,0,0,0,Healthy,0
NB09058,Female,37.75,5.2,132,48,94.2,47.95,33.09,5.18,47.56,32.56,10,9,2,4.99,36.75,9,0,0,0,Healthy,0
NB09059,Male,34.74,5.2,140,41,92.9,45.13,30.1,5.18,43.7,30.65,10,8,2,4.49,37.29,10,0,0,0,Healthy,0
NB09060,Male,40.53,5.2,130,51,98.7,53.81,37.53,5.18,53.06,38.79,6,9,2,1.76,36.79,9,0,0,0,Healthy,0
NB09061,Male,37.78,5.2,157,58,95.9,47.4,32.27,5.35,49.26,32.11,9,4,4,3.9,35.87,7,0,0,2,Healthy,0
NB09062,Male,38.08,5.2,150,57,87.4,50.92,34.07,5.3,51.62,34.15,7,8,4,6.5,37.08,6,1,1,10,High Risk,1
NB09063,Female,38.88,5.2,145,34,96.0,50.98,36.04,5.35,51.76,36.45,7,6,5,4.42,36.83,10,0,0,0,Healthy,0
NB09064,Female,36.27,5.2,141,67,92.8,48.41,32.2,5.3,48.93,33.79,10,7,0,1.1,37.21,10,0,0,2,Healthy,0
NB09065,Female,39.0,5.2,186,49,89.4,47.37,33.4,4.86,47.58,34.04,13,6,3,0.53,36.91,6,1,1,11,High Risk,1
NB09066,Male,37.19,5.2,137,28,98.3,48.16,33.68,5.23,46.9,33.39,8,9,3,0.48,37.11,8,0,0,0,Healthy,0
NB09067,Male,36.03,5.2,127,46,92.3,44.91,33.1,5.1,45.4,32.74,7,4,4,5.49,36.81,9,0,0,0,Healthy,0
NB09068,Female,39.26,5.2,119,44,95.9,49.56,36.0,5.5,52.09,36.1,6,7,4,1.39,36.93,8,0,0,0,Healthy,0
NB09069,Male,41.28,5.2,156,41,98.2,54.39,38.9,5.0,55.54,38.96,10,8,4,3.45,36.39,9,0,0,0,Healthy,0
NB09070,Male,39.59,5.2,169,40,94.2,53.5,34.23,4.85,54.07,34.79,12,9,3,4.95,36.96,9,0,0,0,Healthy,0
NB09071,Female,40.03,5.2,125,49,95.9,51.86,35.52,5.39,51.82,35.62,5,7,5,3.8,36.72,10,0,0,0,Healthy,0
NB09072,Female,36.85,5.2,135,49,92.6,47.43,31.09,5.28,46.87,31.32,7,6,2,0.2,37.02,9,0,0,1,Healthy,0
NB09073,Female,34.49,5.2,134,36,98.9,49.61,32.34,5.26,53.21,31.99,4,7,5,2.09,36.27,8,0,0,1,Healthy,0
NB09074,Male,41.28,5.2,138,37,94.4,51.38,36.37,5.31,52.37,36.38,9,4,5,3.7,37.43,9,0,0,0,Healthy,0
NB09075,Female,42.0,5.2,108,36,96.9,50.93,36.33,5.21,51.16,36.73,7,8,1,2.69,36.91,7,0,0,0,Healthy,0
NB09076,Female,41.39,5.2,155,40,100.0,54.05,35.25,5.14,54.03,36.66,6,12,0,5.68,37.16,8,0,0,0,Healthy,0
NB09077,Male,37.26,5.2,161,51,88.5,49.85,32.76,5.26,49.17,32.84,7,5,3,2.63,36.8,9,1,0,4,At Risk,0
NB09078,Male,35.46,5.2,106,54,92.6,46.23,32.38,5.02,47.99,32.64,5,7,0,4.12,37.07,8,0,0,0,Healthy,0
NB09079,Female,35.66,5.2,172,40,94.4,47.69,30.71,5.5,48.15,30.51,10,5,1,4.11,35.79,7,0,0,2,Healthy,0
NB09080,Female,34.3,5.2,169,53,95.4,47.15,30.75,5.1,47.94,30.38,10,7,2,2.83,36.75,8,0,0,0,Healthy,0
NB09081,Male,37.76,5.2,85,46,97.2,49.79,33.66,4.99,48.78,34.07,11,4,1,3.15,36.44,8,1,1,5,At Risk,0
NB09082,Male,41.53,5.2,101,43,99.3,53.7,33.96,5.31,54.43,34.35,7,9,0,2.75,36.64,7,0,0,0,Healthy,0
NB09083,Female,37.69,5.2,138,61,92.4,48.31,32.0,5.06,48.48,31.32,9,9,3,6.44,37.25,7,0,0,0,Healthy,0
NB09084,Male,38.67,5.2,164,45,94.3,51.25,33.28,5.47,51.83,32.56,9,0,5,5.05,36.08,7,0,0,1,Healthy,0
NB09085,Male,41.03,5.2,145,41,98.9,52.36,38.27,4.83,52.26,38.94,9,13,5,7.07,37.13,9,0,0,0,Healthy,0
NB09086,Male,37.11,5.2,140,50,96.2,47.86,31.93,4.9,47.95,31.57,7,7,0,2.99,37.01,7,0,0,0,Healthy,0
NB09087,Male,42.0,5.2,150,30,89.0,52.71,36.52,5.16,53.41,36.7,9,9,2,0.2,37.38,7,1,0,5,At Risk,0
NB09088,Female,42.0,5.2,125,40,88.8,53.0,35.04,5.26,52.26,35.31,10,5,3,0.2,35.87,10,1,0,6,At Risk,0
NB09089,Female,37.71,5.2,163,45,93.3,46.45,32.43,5.08,45.66,32.63,8,8,5,0.94,37.07,7,0,0,0,Healthy,0
NB09090,Female,36.73,5.2,138,49,96.9,47.18,30.75,5.18,45.62,30.7,8,6,3,4.14,36.91,10,0,0,0,Healthy,0
NB09091,Female,39.53,5.2,111,44,96.9,51.11,35.88,5.5,51.45,36.36,12,8,3,4.59,36.78,10,0,0,0,Healthy,0
NB09092,Female,37.24,5.2,126,29,91.9,46.21,31.28,5.09,46.84,32.09,10,5,3,4.54,37.45,8,0,0,0,Healthy,0
NB09093,Female,35.46,5.2,147,33,97.3,46.07,33.38,4.91,45.29,33.48,6,10,0,7.85,35.85,9,0,0,2,Healthy,0
NB09094,Male,40.82,5.2,135,38,95.9,56.91,36.47,5.18,55.83,35.74,7,4,2,1.08,36.86,7,0,0,1,Healthy,0
NB09095,Male,40.68,5.2,133,44,91.2,49.75,35.56,5.0,49.87,34.98,11,9,4,2.97,37.26,7,0,0,0,Healthy,0
NB09096,Female,38.34,5.2,144,29,92.9,49.14,35.45,5.34,49.99,36.4,13,8,3,4.88,36.07,10,0,0,0,Healthy,0
NB09097,Male,35.22,5.2,146,56,88.2,45.43,36.51,5.33,43.95,36.14,7,7,0,3.23,37.07,10,1,0,4,At Risk,0
NB09098,Female,35.3,5.2,118,45,90.8,46.93,32.62,5.2,46.66,33.29,9,6,2,0.93,36.95,9,0,0,0,Healthy,0
NB09099,Male,38.24,5.2,162,45,88.4,48.18,32.29,5.31,49.5,31.58,9,5,4,4.6,35.84,8,1,0,6,At Risk,0
NB09100,Female,36.9,5.2,138,40,89.6,48.12,35.26,5.02,47.55,34.61,9,4,2,2.79,37.29,8,1,0,5,At Risk,0
NB09101,Female,37.25,5.2,148,28,100.0,47.49,33.55,5.42,47.1,33.91,6,7,3,2.78,36.4,8,0,0,1,Healthy,0
NB09102,Female,40.25,5.2,142,43,93.6,53.73,38.54,5.12,54.65,38.21,9,12,0,2.24,37.51,10,0,0,0,Healthy,0
NB09103,Female,39.61,5.2,133,49,88.8,51.21,34.17,5.5,51.24,35.06,6,2,4,1.98,37.06,8,1,0,5,At Risk,0
NB09104,Male,41.03,5.2,156,40,96.5,50.32,37.85,5.17,50.94,37.93,4,8,4,4.45,36.93,8,0,0,0,Healthy,0
NB09105,Male,35.82,5.2,141,53,96.0,49.32,32.27,5.14,50.36,31.84,10,6,2,5.29,37.26,9,0,0,0,Healthy,0
NB09106,Male,37.24,5.2,141,41,95.7,47.0,37.26,5.19,48.69,36.6,12,11,3,7.04,37.2,10,0,0,0,Healthy,0
NB09107,Male,39.67,5.2,95,49,91.9,47.97,34.55,5.35,49.3,35.77,7,3,2,2.24,35.92,8,1,1,7,At Risk,0
NB09108,Male,38.99,5.2,155,41,97.2,50.48,38.99,5.5,52.54,38.98,8,7,1,3.8,36.03,8,0,0,0,Healthy,0
NB09109,Male,41.37,5.2,137,46,91.2,56.45,36.82,5.3,58.61,36.87,6,8,3,4.79,36.74,8,0,0,0,Healthy,0
NB09110,Male,38.93,5.2,154,51,97.8,46.78,35.72,5.5,47.6,35.69,8,2,1,5.79,36.32,10,0,0,1,Healthy,0
NB09111,Female,42.0,5.2,170,31,98.1,50.54,39.15,5.07,50.88,39.38,8,12,3,1.65,37.55,9,0,0,0,Healthy,0
NB09112,Male,39.19,5.2,155,48,94.8,52.17,33.45,5.19,52.14,33.69,6,9,7,2.89,36.35,7,0,0,0,Healthy,0
NB09113,Female,40.34,5.2,141,53,89.9,50.42,36.89,5.01,49.92,37.01,7,8,3,3.18,36.84,10,1,0,5,At Risk,0
NB09114,Female,37.29,5.2,135,64,97.8,50.18,32.86,5.13,48.65,31.92,4,10,3,2.03,37.06,9,0,0,0,Healthy,0
NB09115,Male,38.03,5.2,185,43,93.0,47.95,34.05,5.1,47.65,34.59,5,4,3,2.31,37.9,9,0,0,1,Healthy,0
NB09116,Female,40.0,5.2,149,21,96.0,51.69,35.33,4.94,53.05,35.27,4,9,0,1.27,37.32,8,0,0,2,Healthy,0
NB09117,Female,41.55,5.2,144,24,97.4,56.28,37.14,5.42,55.7,37.88,7,6,2,5.22,36.5,8,0,0,2,Healthy,0
NB09118,Female,39.6,5.2,137,33,92.2,48.65,35.72,5.35,50.27,36.8,7,3,0,2.78,37.04,6,0,1,6,At Risk,0
NB09119,Female,37.82,5.2,124,55,100.0,51.48,32.81,5.15,51.65,32.9,9,9,4,2.23,37.11,10,0,0,1,Healthy,0
NB09120,Male,41.03,5.2,105,64,94.8,53.69,36.11,5.29,54.99,36.32,10,1,2,1.47,37.08,8,0,0,1,Healthy,0
NB09121,Male,33.18,5.2,167,38,92.7,42.28,26.92,5.15,43.54,26.83,5,8,2,3.77,36.36,8,0,0,0,Healthy,0
NB09122,Female,34.87,5.2,126,43,98.5,47.9,33.1,5.19,47.45,32.41,10,8,2,6.13,37.71,8,0,0,0,Healthy,0
NB09123,Male,39.5,5.2,137,16,100.0,51.1,37.39,5.33,53.05,38.35,7,13,3,2.94,36.25,8,0,0,2,Healthy,0
NB09124,Male,38.03,5.2,138,49,87.8,49.81,34.11,5.23,51.91,33.97,9,4,5,3.45,37.11,10,1,0,5,At Risk,0
NB09125,Female,39.33,5.2,166,43,90.2,51.47,32.32,5.23,52.25,32.55,9,7,1,3.85,36.4,7,0,0,0,Healthy,0
NB09126,Male,38.14,5.2,126,39,92.3,49.03,35.01,4.85,47.0,34.08,8,7,2,3.19,36.98,8,0,0,0,Healthy,0
NB09127,Male,39.26,5.2,145,32,100.0,50.87,33.53,5.39,50.23,32.97,9,8,0,0.43,36.71,7,0,0,0,Healthy,0
NB09128,Male,36.21,5.2,149,38,93.3,48.47,32.82,5.49,47.14,31.57,9,9,4,2.84,36.21,7,0,0,0,Healthy,0
NB09129,Male,39.26,5.2,115,29,100.0,52.22,35.71,5.44,52.27,35.89,13,7,1,2.35,35.69,8,0,0,2,Healthy,0
NB09130,Male,40.19,5.2,113,33,95.8,48.51,36.15,5.12,48.08,35.71,14,8,4,4.28,37.2,10,0,0,0,Healthy,0
NB09131,Female,40.69,5.2,127,29,89.9,54.6,37.3,5.43,55.24,37.12,7,8,3,3.93,36.55,8,1,0,4,At Risk,0
NB09132,Female,42.0,5.2,144,32,98.1,50.89,36.82,5.32,49.85,37.0,11,9,2,2.96,36.86,9,0,0,0,Healthy,0
NB09133,Female,38.54,5.2,142,30,96.1,51.61,34.44,5.06,49.45,33.61,8,8,5,3.95,37.61,7,0,0,0,Healthy,0
NB09134,Male,38.6,5.2,138,48,92.0,50.3,35.33,5.17,51.47,35.1,9,6,5,3.11,37.08,8,0,0,0,Healthy,0
NB09135,Female,34.65,5.2,152,31,92.7,44.02,31.35,5.21,45.27,31.59,7,13,3,1.4,35.5,8,0,0,2,Healthy,0
NB09136,Female,36.83,5.2,125,41,91.3,49.6,31.95,4.76,47.5,32.13,10,5,3,2.18,36.25,5,0,1,6,At Risk,0
NB09137,Male,37.58,5.2,137,31,92.8,47.33,34.18,5.27,46.99,32.97,9,5,1,3.71,35.97,8,0,0,2,Healthy,0
NB09138,Male,40.31,5.2,138,31,97.3,53.82,33.72,5.01,53.61,34.08,10,7,5,2.1,36.42,10,0,0,1,Healthy,0
NB09139,Female,36.66,5.2,125,31,91.8,46.97,32.74,5.02,46.57,32.16,7,6,3,5.58,36.68,8,0,0,0,Healthy,0
NB09140,Male,39.75,5.2,181,52,95.3,48.19,32.96,5.26,49.67,33.17,3,14,5,2.5,37.95,10,0,0,2,Healthy,0
NB09141,Female,38.0,5.2,101,40,96.1,52.66,32.97,5.16,53.02,33.19,12,5,5,1.45,37.25,10,0,0,0,Healthy,0
NB09142,Female,37.61,5.2,162,35,94.8,49.61,32.76,5.03,48.03,33.68,7,6,3,6.25,36.96,7,0,0,0,Healthy,0
NB09143,Male,38.55,5.2,154,32,89.3,51.83,32.71,5.26,52.74,32.81,8,7,1,3.87,37.0,8,1,0,4,At Risk,0
NB09144,Female,37.14,5.2,155,29,97.6,47.12,34.85,5.06,47.45,34.67,12,11,3,6.27,37.01,6,0,1,6,At Risk,0
NB09145,Male,37.06,5.2,142,35,90.9,44.97,34.67,5.06,45.23,34.15,6,4,2,3.9,36.01,8,0,0,0,Healthy,0
NB09146,Female,34.25,5.2,164,28,93.0,49.57,33.15,5.47,50.43,33.46,9,10,3,2.06,36.17,10,0,0,0,Healthy,0
NB09147,Female,37.45,5.2,132,38,93.4,49.1,33.14,5.26,47.37,32.35,12,9,4,3.14,37.0,10,0,0,0,Healthy,0
NB09148,Male,36.94,5.2,147,35,94.9,49.63,32.41,5.3,49.81,32.05,9,8,5,2.42,36.8,9,0,0,1,Healthy,0
NB09149,Male,36.86,5.2,141,34,95.3,49.89,34.21,5.5,50.6,32.52,12,5,2,5.23,36.94,8,0,0,0,Healthy,0
NB09150,Female,38.92,5.2,136,54,97.4,49.75,34.63,5.18,49.37,33.83,8,5,7,3.51,37.52,10,0,0,1,Healthy,0
NB09151,Male,39.45,5.2,142,40,93.9,51.36,35.0,5.1,51.1,35.66,10,6,1,8.34,36.49,7,0,0,1,Healthy,0
NB09152,Female,38.51,5.2,123,40,90.7,53.25,30.34,5.11,53.0,29.92,8,8,2,3.65,36.63,9,0,0,0,Healthy,0
NB09153,Male,40.19,5.2,128,55,98.8,51.51,36.47,5.5,52.59,36.37,6,9,5,7.76,36.91,6,0,1,6,At Risk,0
NB09154,Female,39.27,5.2,168,28,93.6,52.62,35.62,5.21,51.73,35.16,8,6,2,2.49,36.03,6,0,1,6,At Risk,0
NB09155,Female,37.35,5.2,192,37,94.4,45.03,33.34,5.04,45.03,34.05,3,4,5,1.68,36.14,7,0,0,2,Healthy,0
NB09156,Male,36.98,5.2,149,27,91.5,50.93,34.31,5.26,50.64,34.18,6,5,3,3.95,37.41,8,0,0,0,Healthy,0
NB09157,Male,38.69,5.2,155,43,92.0,47.18,35.18,5.11,48.81,35.3,8,6,2,2.42,36.67,9,0,0,1,Healthy,0
NB09158,Female,39.26,5.2,145,48,100.0,52.75,33.64,5.15,53.08,33.26,9,8,5,5.41,36.58,9,0,0,0,Healthy,0
NB09159,Male,41.08,5.2,148,18,90.2,53.15,35.62,5.5,53.32,36.92,12,5,2,4.17,36.91,7,0,0,2,Healthy,0
NB09160,Male,40.62,5.2,150,51,90.7,51.77,34.12,5.26,49.87,33.41,7,4,4,1.83,36.05,9,0,0,0,Healthy,0
NB09161,Female,36.81,5.2,159,45,93.4,48.33,35.16,4.97,47.17,34.93,7,6,5,3.38,36.66,10,0,0,1,Healthy,0
NB09162,Male,37.78,5.2,168,42,96.1,48.89,35.11,5.14,49.82,36.05,9,8,0,6.17,36.54,8,0,0,0,Healthy,0
NB09163,Female,39.48,5.2,124,30,91.6,49.29,33.61,4.86,49.29,33.61,7,8,3,4.93,36.97,9,0,0,0,Healthy,0
NB09164,Female,40.35,5.2,191,50,89.5,51.3,36.37,5.08,52.11,36.74,5,6,6,0.85,35.85,9,1,0,7,At Risk,0
NB09165,Female,40.07,5.2,142,59,90.7,55.88,35.66,5.43,56.88,36.14,7,7,3,6.2,36.44,10,0,0,0,Healthy,0
NB09166,Male,37.86,5.2,142,38,93.5,52.08,32.67,5.09,53.47,33.09,6,4,1,5.13,36.59,6,0,1,6,At Risk,0
NB09167,Female,35.24,5.2,133,39,91.5,45.38,32.06,5.5,44.44,32.81,10,6,6,4.22,36.58,8,0,0,0,Healthy,0
NB09168,Male,35.8,5.2,133,42,100.0,48.16,33.55,4.71,50.11,34.12,7,7,4,5.66,37.27,10,0,0,0,Healthy,0
NB09169,Male,38.6,5.2,151,38,100.0,50.33,35.63,5.14,50.87,34.56,10,11,3,3.71,36.45,5,0,1,6,At Risk,0
NB09170,Female,38.75,5.2,151,40,99.1,49.99,37.83,5.25,50.63,38.36,7,10,3,2.2,38.18,8,0,0,1,Healthy,0
NB09171,Male,35.58,5.2,150,52,96.3,45.42,32.25,5.24,43.8,32.12,9,8,2,5.82,37.14,10,0,0,0,Healthy,0
NB09172,Male,38.1,5.2,132,41,96.3,50.58,33.51,5.34,51.4,33.91,9,4,4,1.26,36.58,8,0,0,0,Healthy,0
NB09173,Male,39.39,5.2,91,45,99.6,52.54,35.62,5.18,51.9,35.01,7,8,6,1.96,37.07,10,1,1,5,At Risk,0
NB09174,Male,35.47,5.2,108,62,95.5,45.65,31.75,5.48,45.97,32.31,6,5,2,6.55,37.13,8,0,0,0,Healthy,0
NB09175,Male,40.43,5.2,140,57,92.1,55.7,34.62,4.98,57.75,34.46,10,1,4,1.85,36.66,10,0,0,1,Healthy,0
NB09176,Female,37.17,5.2,146,32,100.0,51.9,31.83,5.18,52.49,31.65,6,9,5,4.02,37.32,10,0,0,0,Healthy,0
NB09177,Female,40.77,5.2,132,59,97.0,53.19,30.6,5.01,53.6,31.21,5,9,3,3.76,36.36,8,0,0,0,Healthy,0
NB09178,Female,36.83,5.2,128,56,100.0,46.08,34.08,5.13,46.69,33.85,6,5,2,0.99,37.06,10,0,0,0,Healthy,0
NB09179,Male,35.74,5.2,145,57,100.0,48.37,29.76,5.18,47.82,29.87,7,8,2,2.45,36.75,7,0,0,0,Healthy,0
NB09180,Male,36.99,5.2,138,36,88.8,49.26,31.77,5.35,47.9,31.96,10,7,3,1.04,36.93,10,1,0,4,At Risk,0
NB09181,Male,37.79,5.2,131,44,92.0,50.44,34.09,5.03,51.25,34.34,4,6,2,3.48,36.9,10,0,0,0,Healthy,0
NB09182,Male,37.15,5.2,111,38,94.3,52.01,32.72,5.17,52.33,32.63,11,8,4,2.15,36.81,10,0,0,0,Healthy,0
NB09183,Female,37.52,5.2,125,43,96.8,48.82,36.69,5.23,50.32,36.59,6,10,0,4.81,37.69,10,0,0,0,Healthy,0
NB09184,Female,38.73,5.2,157,60,98.2,54.36,32.05,5.26,53.64,31.85,9,6,4,6.85,36.54,10,0,0,0,Healthy,0
NB09185,Female,37.62,5.2,123,43,94.8,50.07,36.89,5.01,48.99,37.52,10,5,2,2.61,36.44,8,0,0,0,Healthy,0
NB09186,Male,37.85,5.2,152,25,99.5,48.89,35.77,5.28,49.8,35.96,8,10,2,4.73,36.76,10,0,0,2,Healthy,0
NB09187,Male,34.24,5.2,165,38,97.1,51.01,32.53,5.46,50.56,33.21,6,11,2,0.2,37.39,10,0,0,0,Healthy,0
NB09188,Male,38.86,5.2,126,35,97.1,52.04,36.56,5.46,50.68,37.11,12,11,0,4.25,36.82,8,0,0,0,Healthy,0
NB09189,Female,37.8,5.2,132,60,94.0,48.51,34.27,5.17,48.13,34.77,7,9,2,5.34,36.77,8,0,0,0,Healthy,0
NB09190,Female,41.54,5.2,158,34,96.1,52.96,33.72,5.33,52.11,33.53,7,4,2,2.58,36.55,8,0,0,1,Healthy,0
NB09191,Male,35.93,5.2,162,38,96.1,49.01,33.13,5.2,47.68,33.27,12,4,4,0.2,36.58,7,0,0,0,Healthy,0
NB09192,Female,34.02,5.2,128,38,98.4,45.72,28.79,5.44,46.34,27.73,7,10,3,4.21,37.28,8,0,0,1,Healthy,0
NB09193,Male,39.36,5.2,111,58,90.4,51.09,33.96,5.37,51.87,33.15,4,8,1,3.83,36.77,10,0,0,0,Healthy,0
NB09194,Male,38.76,5.2,163,52,97.5,48.65,34.22,5.0,48.54,32.44,11,9,3,4.38,36.91,9,0,0,0,Healthy,0
NB09195,Female,35.78,5.2,151,48,89.2,44.23,30.88,5.2,46.28,30.78,6,3,3,3.52,36.49,10,1,0,4,At Risk,0
NB09196,Female,34.63,5.2,147,44,92.0,46.78,32.86,5.1,46.73,33.73,12,8,2,3.68,37.15,7,0,0,0,Healthy,0
NB09197,Female,41.38,5.2,156,44,97.1,52.92,35.85,5.21,53.76,36.33,8,9,5,1.15,37.35,8,0,0,0,Healthy,0
NB09198,Male,41.11,5.2,119,43,92.1,53.45,36.59,5.0,52.12,36.27,8,4,1,4.47,36.38,8,0,0,1,Healthy,0
NB09199,Male,32.53,5.2,147,63,95.1,43.52,29.96,5.21,42.57,30.87,5,9,3,6.11,36.39,9,0,0,0,Healthy,0
NB09200,Male,36.99,5.2,135,29,91.8,46.01,33.28,5.2,47.29,33.24,9,5,4,1.23,36.42,8,0,0,0,Healthy,0
NB09201,Female,41.66,5.2,151,15,97.1,50.96,35.03,5.2,52.35,36.02,6,6,4,3.06,37.27,7,0,0,3,At Risk,0
NB09202,Female,36.95,5.2,154,46,95.2,50.77,31.31,5.28,50.75,30.43,9,8,1,1.96,36.37,8,0,0,0,Healthy,0
NB09203,Male,36.92,5.2,158,56,94.9,47.3,32.81,4.92,48.11,32.93,8,9,4,2.34,36.65,10,0,0,0,Healthy,0
NB09204,Male,37.38,5.2,151,44,98.8,48.16,31.92,5.39,48.67,31.41,11,6,3,3.6,36.36,8,0,0,0,Healthy,0
NB09205,Male,35.53,5.2,145,22,96.5,46.76,34.16,5.4,47.51,34.19,6,12,2,3.7,37.56,9,0,0,2,Healthy,0
NB09206,Female,34.25,5.2,145,49,96.7,44.99,29.11,5.5,44.18,28.12,5,9,4,2.51,36.56,8,0,0,0,Healthy,0
NB09207,Male,40.32,5.2,147,31,98.9,50.3,38.93,5.21,53.07,38.61,7,8,2,5.7,37.55,8,0,0,0,Healthy,0
NB09208,Male,33.95,5.2,129,29,99.2,44.21,31.41,5.28,47.67,32.07,9,5,3,4.63,36.79,9,0,0,0,Healthy,0
NB09209,Female,38.54,5.2,133,32,91.7,52.89,34.28,5.44,52.47,34.71,11,10,4,4.23,36.58,10,0,0,0,Healthy,0
NB09210,Female,39.95,5.2,147,26,97.6,52.72,34.35,5.09,52.78,34.77,7,3,3,6.37,37.16,10,0,0,0,Healthy,0
NB09211,Female,34.81,5.2,152,44,96.5,49.22,32.55,5.33,50.21,32.58,8,4,2,3.07,36.78,9,0,0,0,Healthy,0
NB09212,Male,35.97,5.2,128,36,99.6,50.67,32.07,5.08,51.82,31.81,8,6,0,2.31,37.43,10,0,0,0,Healthy,0
NB09213,Female,40.67,5.2,121,29,90.5,47.3,36.12,5.33,47.0,36.06,6,6,3,4.35,36.7,7,0,0,0,Healthy,0
NB09214,Male,39.17,5.2,110,66,92.6,51.34,35.88,5.31,52.27,36.24,5,4,2,2.72,36.6,8,0,0,1,Healthy,0
NB09215,Male,36.64,5.2,117,37,94.3,47.21,33.85,5.05,47.24,34.29,8,9,3,5.89,36.59,8,0,0,0,Healthy,0
NB09216,Female,40.64,5.2,130,43,99.9,54.21,37.51,5.33,53.27,36.66,10,4,3,2.97,37.36,9,0,0,0,Healthy,0
NB09217,Female,40.65,5.2,132,58,94.0,50.51,36.46,5.14,50.4,36.63,7,11,3,4.8,36.91,10,0,0,0,Healthy,0
NB09218,Female,38.59,5.2,135,49,94.9,48.02,32.79,5.2,48.53,33.11,10,8,1,1.65,36.47,7,0,0,0,Healthy,0
NB09219,Male,36.02,5.2,118,61,92.6,44.95,29.29,5.39,45.56,28.98,5,7,3,1.71,36.15,8,0,0,0,Healthy,0
NB09220,Female,37.09,5.2,107,35,97.7,48.18,33.48,5.45,47.56,33.91,8,7,2,2.32,36.9,8,0,0,0,Healthy,0
NB09221,Female,38.63,5.2,142,52,97.4,52.0,34.58,5.31,51.92,34.02,4,4,3,3.65,36.38,10,0,0,0,Healthy,0
NB09222,Female,37.59,5.2,142,47,93.1,49.74,36.4,5.23,50.78,36.69,9,11,3,4.92,36.0,9,0,0,0,Healthy,0
NB09223,Female,40.07,5.2,151,52,91.3,49.05,35.07,5.37,49.85,33.55,6,1,4,6.17,37.29,10,0,0,1,Healthy,0
NB09224,Male,34.63,5.2,155,50,97.7,50.88,32.01,5.16,51.07,31.79,10,7,0,2.72,36.25,8,0,0,1,Healthy,0
NB09225,Male,34.71,5.2,147,34,96.8,47.94,32.66,5.41,48.07,32.35,2,7,2,3.26,36.0,9,0,0,3,At Risk,0
NB09226,Male,38.4,5.2,142,70,92.7,51.51,34.85,5.11,52.92,35.75,10,8,4,2.75,36.74,9,0,0,1,Healthy,0
NB09227,Female,36.92,5.2,156,19,97.4,51.2,34.31,5.19,52.58,34.21,5,8,2,3.13,36.67,7,0,0,2,Healthy,0
NB09228,Female,36.62,5.2,166,33,97.2,45.08,31.61,5.04,44.85,31.09,7,3,5,2.27,36.41,8,0,0,0,Healthy,0
NB09229,Female,34.11,5.2,128,49,99.3,44.28,29.61,5.21,41.57,30.32,6,6,4,1.03,36.9,8,0,0,0,Healthy,0
NB09230,Female,38.04,5.2,154,45,98.0,51.28,33.41,5.5,49.82,33.54,9,6,3,3.25,36.67,9,0,0,0,Healthy,0
NB09231,Male,37.88,5.2,129,43,93.8,47.87,30.46,5.5,46.6,30.73,8,10,0,2.49,37.79,10,0,0,1,Healthy,0
NB09232,Female,39.44,5.2,144,49,92.3,50.34,34.75,5.5,50.42,34.46,10,6,5,4.52,36.71,8,0,0,0,Healthy,0
NB09233,Female,38.15,5.2,159,34,100.0,49.58,32.92,5.1,50.37,33.86,9,7,2,2.16,36.23,9,0,0,0,Healthy,0
NB09234,Female,37.71,5.2,135,50,93.2,46.78,34.08,5.5,47.71,33.97,7,9,4,2.07,36.94,8,0,0,1,Healthy,0
NB09235,Male,40.59,5.2,123,41,88.6,51.21,35.21,5.47,50.5,35.13,6,2,1,3.57,36.97,7,1,0,5,At Risk,0
NB09236,Male,35.11,5.2,132,56,90.8,48.83,30.26,5.43,48.45,30.59,9,2,4,1.68,36.65,8,0,0,2,Healthy,0
NB09237,Male,39.18,5.2,123,39,87.9,52.12,36.59,5.28,52.21,36.99,9,7,3,4.07,36.05,9,1,0,4,At Risk,0
NB09238,Male,34.32,5.2,121,47,99.3,48.52,31.35,4.92,48.6,32.87,7,8,4,4.79,37.5,9,0,0,0,Healthy,0
NB09239,Male,36.16,5.2,162,48,100.0,49.96,33.8,5.1,49.67,34.56,6,8,4,2.23,36.23,9,0,0,0,Healthy,0
NB09240,Male,35.33,5.2,150,51,95.9,48.01,32.21,5.15,50.77,32.45,9,4,4,0.2,37.2,8,0,0,0,Healthy,0
NB09241,Male,39.72,5.2,127,42,89.4,51.8,35.7,5.2,52.32,35.17,11,8,2,4.34,37.35,7,1,0,4,At Risk,0
NB09242,Female,37.86,5.2,122,39,99.2,49.98,31.66,5.14,49.09,31.12,8,5,3,2.74,36.66,7,0,0,0,Healthy,0
NB09243,Male,37.97,5.2,124,34,96.6,48.32,35.7,5.22,48.51,35.83,8,6,2,1.13,37.2,7,0,0,1,Healthy,0
NB09244,Male,35.57,5.2,127,47,99.3,45.35,33.41,5.33,45.12,34.61,7,10,4,0.61,37.24,6,0,1,6,At Risk,0
NB09245,Male,37.34,5.2,161,23,97.1,47.63,33.31,5.25,47.55,34.23,5,9,3,3.94,36.32,8,0,0,2,Healthy,0
NB09246,Female,36.32,5.2,138,45,90.2,47.44,33.06,5.19,46.75,33.46,10,10,1,1.47,37.46,8,0,0,0,Healthy,0
NB09247,Female,38.84,5.2,178,46,97.3,49.05,35.89,5.18,48.4,35.11,8,5,6,6.98,36.95,6,0,1,6,At Risk,0
NB09248,Female,35.82,5.2,139,61,89.6,48.47,31.72,5.5,46.73,31.2,6,11,3,1.5,35.83,8,1,0,7,At Risk,0
NB09249,Female,40.93,5.2,130,35,92.3,52.64,33.47,5.15,52.6,33.35,5,6,5,3.8,36.89,8,0,0,0,Healthy,0
NB09250,Female,34.31,5.2,157,44,98.6,46.9,30.69,5.39,47.13,30.75,10,9,2,3.49,36.55,10,0,0,0,Healthy,0
NB09251,Female,36.23,5.2,110,44,98.4,48.71,32.79,5.23,48.33,32.64,10,11,4,0.82,37.0,8,0,0,0,Healthy,0
NB09252,Female,41.69,5.2,143,31,91.7,55.31,36.33,4.86,56.41,37.14,8,5,4,5.8,36.51,10,0,0,0,Healthy,0
NB09253,Male,37.04,5.2,118,42,91.0,48.72,35.11,5.5,48.88,36.04,9,5,5,1.56,36.51,10,0,0,0,Healthy,0
NB09254,Male,35.11,5.2,101,29,95.1,49.01,30.34,5.48,49.26,30.2,8,10,1,7.48,36.33,8,0,0,0,Healthy,0
NB09255,Male,38.48,5.2,138,52,100.0,51.07,32.89,5.5,51.51,32.72,6,8,1,1.43,36.9,7,0,0,0,Healthy,0
NB09256,Male,36.95,5.2,155,48,97.0,50.92,31.48,5.41,51.08,31.35,11,8,4,6.0,37.03,7,0,0,0,Healthy,0
NB09257,Male,36.16,5.2,144,46,100.0,51.17,33.16,5.24,51.43,32.98,10,7,2,2.08,36.8,8,0,0,0,Healthy,0
NB09258,Male,35.59,5.2,142,36,94.4,48.58,29.82,5.34,47.39,30.16,6,5,5,5.19,36.67,7,0,0,0,Healthy,0
NB09259,Female,42.0,5.2,93,56,98.1,53.41,37.72,5.13,54.73,37.64,10,4,6,3.96,36.84,10,1,1,5,At Risk,0
NB09260,Female,37.45,5.2,137,31,93.9,49.3,32.01,5.06,48.14,32.76,10,9,2,0.2,37.28,10,0,0,0,Healthy,0
NB09261,Female,33.76,5.2,137,43,92.2,44.85,29.67,5.5,45.97,29.64,8,4,2,6.4,36.33,6,0,1,6,At Risk,0
NB09262,Male,41.29,5.2,151,30,91.7,51.55,38.76,5.17,52.09,38.39,7,8,2,1.07,36.2,10,0,0,0,Healthy,0
NB09263,Male,39.34,5.2,121,40,96.2,52.61,36.59,5.26,52.27,36.69,9,7,3,3.21,36.26,10,0,0,0,Healthy,0
NB09264,Female,36.31,5.2,155,55,99.5,46.16,32.8,5.32,46.75,32.79,8,7,4,1.73,36.06,9,0,0,0,Healthy,0
NB09265,Female,35.95,5.2,131,47,93.9,50.98,30.4,5.18,50.89,30.51,7,7,3,3.34,36.34,7,0,0,0,Healthy,0
NB09266,Male,39.48,5.2,135,33,100.0,50.63,37.86,5.42,51.81,37.81,10,5,6,4.48,37.31,9,0,0,0,Healthy,0
NB09267,Male,37.46,5.2,150,37,100.0,54.84,33.13,5.21,54.32,32.02,10,8,5,2.7,36.04,9,0,0,0,Healthy,0
NB09268,Male,33.76,5.2,119,38,98.0,44.4,31.21,5.5,44.58,30.92,9,7,4,0.94,36.69,10,0,0,1,Healthy,0
NB09269,Female,41.93,5.2,155,34,96.1,53.64,37.92,4.85,53.1,38.54,7,7,3,2.16,37.1,8,0,0,0,Healthy,0
NB09270,Male,37.05,5.2,116,45,92.7,48.04,30.19,5.1,47.27,29.97,11,4,0,3.42,36.81,9,0,0,0,Healthy,0
NB09271,Male,41.29,5.2,152,64,99.6,50.98,35.14,5.45,51.06,34.14,7,6,5,1.56,37.19,8,0,0,1,Healthy,0
NB09272,Male,40.81,5.2,136,36,91.0,54.26,35.67,4.92,55.85,35.82,9,7,3,4.54,36.54,7,0,0,0,Healthy,0
NB09273,Male,35.8,5.2,137,61,97.1,45.41,32.45,5.27,46.09,33.1,7,8,4,1.4,36.58,9,0,0,0,Healthy,0
NB09274,Male,40.27,5.2,85,42,90.5,50.29,33.44,5.16,50.35,34.52,11,7,3,4.18,36.62,8,1,1,5,At Risk,0
NB09275,Female,36.57,5.2,129,45,91.3,49.48,33.29,5.21,49.57,33.81,7,7,0,2.13,37.05,8,0,0,0,Healthy,0
NB09276,Male,33.89,5.2,136,45,94.8,47.39,30.98,5.47,46.0,31.7,7,6,3,7.32,38.03,7,0,0,1,Healthy,0
NB09277,Male,37.07,5.2,168,25,97.5,45.98,35.65,5.26,45.32,36.23,8,6,4,4.17,36.8,10,0,0,0,Healthy,0
NB09278,Female,38.87,5.2,139,47,98.5,51.55,35.91,5.08,50.98,36.1,6,8,1,4.81,36.69,9,0,0,0,Healthy,0
NB09279,Male,36.98,5.2,128,18,95.0,48.94,32.68,5.43,49.3,32.1,12,10,4,2.49,36.37,9,0,0,2,Healthy,0
NB09280,Female,37.32,5.2,155,44,93.5,47.16,33.03,5.28,48.33,33.07,9,12,3,4.7,37.58,8,0,0,1,Healthy,0
NB09281,Male,40.52,5.2,131,44,92.2,50.29,37.08,4.95,50.33,37.6,8,10,1,3.19,36.63,7,0,0,0,Healthy,0
NB09282,Female,38.23,5.2,159,27,97.5,45.74,34.39,5.1,46.15,34.52,7,9,2,2.91,36.52,7,0,0,0,Healthy,0
NB09283,Male,36.14,5.2,145,43,97.3,51.37,30.44,5.21,51.6,31.25,9,11,1,4.03,36.71,8,0,0,1,Healthy,0
NB09284,Male,39.54,5.2,124,39,95.6,53.02,38.02,5.38,53.37,38.26,6,8,3,0.99,37.62,9,0,0,0,Healthy,0
NB09285,Female,38.43,5.2,157,40,96.1,47.41,32.62,5.2,47.63,32.51,5,8,1,2.34,36.55,10,0,0,0,Healthy,0
NB09286,Male,32.45,5.2,151,41,100.0,46.21,33.64,5.42,46.8,33.99,6,6,6,2.03,36.79,7,0,0,0,Healthy,0
NB09287,Female,38.94,5.2,156,36,98.6,49.3,35.1,5.24,48.79,34.74,10,7,3,6.59,35.67,5,0,1,9,High Risk,0
NB09288,Female,38.86,5.2,137,43,90.0,52.21,33.45,5.09,53.29,33.59,10,7,3,5.62,37.24,9,0,0,0,Healthy,0
NB09289,Female,38.04,5.2,151,51,98.1,48.65,30.28,5.24,47.78,30.21,8,6,4,2.0,36.67,8,0,0,0,Healthy,0
NB09290,Female,39.96,5.2,175,40,99.8,50.64,36.34,5.38,49.27,35.81,8,5,2,4.45,37.21,9,0,0,1,Healthy,0
NB09291,Female,36.52,5.2,143,41,92.1,47.69,30.44,5.19,48.08,30.98,8,7,3,2.57,37.09,9,0,0,0,Healthy,0
NB09292,Male,38.74,5.2,133,48,98.3,48.95,34.85,5.01,49.08,34.39,9,6,3,4.47,36.87,9,0,0,1,Healthy,0
NB09293,Female,34.55,5.2,168,65,100.0,49.3,34.29,5.27,49.17,34.55,4,4,2,4.91,36.6,8,0,0,0,Healthy,0
NB09294,Female,38.9,5.2,152,40,96.7,52.2,32.72,5.05,52.01,32.6,9,11,2,2.81,36.83,10,0,0,0,Healthy,0
NB09295,Female,42.0,5.2,132,25,94.2,53.42,37.71,5.5,54.28,38.0,10,5,4,1.89,36.2,6,0,1,9,High Risk,0
NB09296,Male,35.81,5.2,171,33,94.6,49.68,31.05,5.46,49.04,31.17,10,8,3,3.49,36.9,6,0,1,6,At Risk,0
NB09297,Male,36.33,5.2,118,48,95.5,44.84,34.33,5.18,44.04,34.07,9,8,2,3.08,37.05,6,0,1,6,At Risk,0
NB09298,Female,36.44,5.2,150,57,89.5,45.74,32.81,5.32,46.46,32.88,9,4,6,3.59,36.84,8,1,0,4,At Risk,0
NB09299,Male,38.29,5.2,161,33,89.3,50.81,33.97,5.21,51.81,34.12,11,8,5,4.29,36.82,9,1,0,4,At Risk,0
NB09300,Male,35.66,5.2,159,42,95.9,48.97,33.97,5.5,48.36,34.83,7,8,2,3.68,36.53,6,0,1,7,At Risk,0
NB09301,Female,38.93,5.2,124,42,94.8,50.99,35.39,4.91,52.46,36.6,8,7,2,4.39,36.73,10,0,0,0,Healthy,0
NB09302,Female,39.86,5.2,118,34,97.3,47.51,33.9,5.27,47.44,33.41,8,7,5,2.75,36.31,10,0,0,0,Healthy,0
NB09303,Male,39.18,5.2,144,57,94.0,48.53,37.3,5.04,48.38,37.0,10,6,5,3.42,36.55,9,0,0,0,Healthy,0
NB09304,Male,34.11,5.2,153,54,95.3,46.93,28.77,5.31,47.31,27.48,7,14,4,1.91,37.73,9,0,0,0,Healthy,0
NB09305,Female,40.19,5.2,121,45,98.3,56.42,35.75,4.85,56.71,35.15,6,7,4,2.43,36.84,4,0,1,6,At Risk,0
NB09306,Male,40.06,5.2,145,38,87.0,53.89,34.01,5.3,54.9,33.55,7,8,3,4.63,37.02,8,1,0,4,At Risk,0
NB09307,Male,39.83,5.2,114,52,91.8,54.4,32.85,5.5,56.97,31.67,5,6,1,0.2,36.79,8,0,0,0,Healthy,0
NB09308,Male,38.82,5.2,159,47,93.2,51.02,32.67,5.12,50.2,31.81,8,4,2,5.3,36.83,10,0,0,1,Healthy,0
NB09309,Female,38.48,5.2,130,38,94.4,50.7,34.07,4.93,50.53,33.99,8,7,3,3.54,36.86,8,0,0,0,Healthy,0
NB09310,Male,40.27,5.2,137,52,90.0,49.58,35.91,5.36,49.43,35.7,5,5,3,1.36,36.69,10,0,0,0,Healthy,0
NB09311,Female,42.0,5.2,156,46,91.8,55.1,38.19,5.17,57.23,38.02,7,9,0,4.47,37.07,10,0,0,0,Healthy,0
NB09312,Female,35.9,5.2,154,25,97.4,47.57,34.55,5.42,46.09,34.12,7,6,3,3.7,36.48,10,0,0,0,Healthy,0
NB09313,Male,40.37,5.2,149,32,96.6,53.12,35.88,5.45,53.15,37.66,10,7,5,4.08,36.13,9,0,0,0,Healthy,0
NB09314,Male,37.81,5.2,159,29,85.2,49.49,33.0,5.44,50.22,33.33,6,2,7,3.51,36.89,5,1,1,11,High Risk,1
NB09315,Male,37.71,5.2,147,52,94.2,49.9,35.16,5.22,51.19,35.23,6,8,2,2.07,37.3,9,0,0,1,Healthy,0
NB09316,Female,34.62,5.2,166,35,94.5,46.38,30.51,5.5,46.26,31.38,7,9,3,2.81,36.51,10,0,0,0,Healthy,0
NB09317,Female,37.37,5.2,109,48,91.8,49.49,30.97,5.39,50.95,30.96,9,7,2,3.38,37.15,10,0,0,0,Healthy,0
NB09318,Male,35.81,5.2,139,64,94.5,49.63,33.67,5.09,48.99,32.94,8,9,4,4.24,37.1,10,0,0,0,Healthy,0
NB09319,Female,36.98,5.2,138,50,96.4,46.15,35.07,5.1,45.89,34.72,9,9,1,2.24,37.5,7,0,0,0,Healthy,0
NB09320,Male,35.58,5.2,136,38,97.5,44.44,30.88,5.49,42.86,31.94,7,9,1,2.29,37.64,7,0,0,0,Healthy,0
NB09321,Female,37.01,5.2,149,35,95.4,49.56,36.05,5.36,50.59,35.94,9,7,3,5.42,37.06,8,0,0,0,Healthy,0
NB09322,Female,37.11,5.2,144,39,97.3,51.68,34.05,5.09,50.98,33.09,9,6,4,3.6,36.75,10,0,0,0,Healthy,0
NB09323,Male,38.21,5.2,155,32,95.0,53.18,34.6,5.16,53.17,35.16,6,3,1,3.52,36.07,9,0,0,1,Healthy,0
NB09324,Male,34.45,5.2,119,31,87.0,43.95,30.54,5.22,45.62,30.84,6,6,0,6.8,37.24,10,1,0,4,At Risk,0
NB09325,Male,34.82,5.2,181,34,94.5,45.93,33.1,5.39,45.16,32.84,4,7,5,4.5,37.31,9,0,0,1,Healthy,0
NB09326,Female,38.8,5.2,133,47,90.7,47.36,32.07,5.19,48.73,32.28,9,6,3,6.17,36.68,9,0,0,0,Healthy,0
NB09327,Male,36.25,5.2,145,37,95.4,46.92,32.06,5.49,48.17,32.96,6,6,2,4.22,36.96,6,0,1,7,At Risk,0
NB09328,Male,40.36,5.2,136,40,94.2,53.97,34.36,5.3,54.06,34.89,7,7,3,3.98,36.34,7,0,0,0,Healthy,0
NB09329,Male,38.5,5.2,141,47,94.2,50.02,32.18,5.5,50.16,32.15,8,6,1,6.84,36.53,9,0,0,0,Healthy,0
NB09330,Female,39.33,5.2,130,49,92.1,50.05,36.03,5.0,49.65,36.83,9,8,1,2.02,36.21,6,0,1,6,At Risk,0
NB09331,Female,41.1,5.2,144,23,93.6,53.48,36.48,5.5,53.59,37.49,7,10,5,1.38,36.92,8,0,0,2,Healthy,0
NB09332,Male,37.32,5.2,150,25,96.1,47.4,34.53,5.46,46.95,34.04,8,9,3,4.9,36.62,8,0,0,2,Healthy,0
NB09333,Female,36.74,5.2,97,38,91.8,51.65,32.5,5.25,53.48,33.91,10,7,3,2.67,37.36,10,1,1,5,At Risk,0
NB09334,Female,39.92,5.2,134,31,92.8,51.34,36.62,5.12,51.68,36.78,11,4,2,3.8,36.91,9,0,0,1,Healthy,0
NB09335,Male,39.12,5.2,133,51,88.9,49.81,34.7,5.49,51.02,35.2,9,5,5,3.6,36.96,10,1,0,5,At Risk,0
NB09336,Male,37.59,5.2,182,37,96.0,50.4,32.8,5.14,49.91,32.97,10,10,3,2.55,36.81,9,0,0,2,Healthy,0
NB09337,Female,41.06,5.2,155,60,90.5,54.23,34.98,5.23,55.79,35.44,9,7,5,2.39,37.51,10,0,0,0,Healthy,0
NB09338,Female,37.53,5.2,167,37,95.1,52.37,30.5,5.33,53.45,30.92,8,5,2,3.47,37.45,9,0,0,0,Healthy,0
NB09339,Male,38.07,5.2,150,45,97.5,49.24,35.6,5.0,49.91,35.39,9,4,2,2.39,36.72,7,0,0,0,Healthy,0
NB09340,Female,38.05,5.2,141,35,99.4,51.81,35.41,5.19,52.62,35.65,7,1,1,4.1,36.93,8,0,0,1,Healthy,0
NB09341,Female,35.94,5.2,147,47,93.9,47.95,36.75,5.05,48.2,37.53,6,6,4,3.58,37.44,8,0,0,0,Healthy,0
NB09342,Male,38.17,5.2,160,47,97.2,48.53,33.42,4.92,49.47,33.2,6,10,4,5.51,36.27,9,0,0,1,Healthy,0
NB09343,Male,41.07,5.2,172,51,95.0,50.81,34.95,5.5,51.78,35.66,6,9,2,3.12,36.94,9,0,0,0,Healthy,0
NB09344,Female,38.98,5.2,145,41,88.4,48.29,31.93,5.1,49.08,31.16,8,8,3,4.48,36.64,8,1,0,5,At Risk,0
NB09345,Male,38.07,5.2,129,55,89.8,48.18,35.29,5.35,48.99,35.8,8,10,3,4.31,37.46,9,1,0,4,At Risk,0
NB09346,Female,37.64,5.2,157,45,98.0,51.51,34.65,5.5,51.9,36.41,3,9,5,4.74,37.04,7,0,0,1,Healthy,0
NB09347,Female,38.73,5.2,125,36,99.1,51.67,36.64,5.1,50.33,37.0,7,4,2,4.55,36.02,9,0,0,0,Healthy,0
NB09348,Male,39.65,5.2,147,36,87.6,48.6,33.58,4.98,48.65,32.87,10,11,3,2.83,36.61,9,1,0,4,At Risk,0
NB09349,Male,39.34,5.2,152,49,96.2,47.31,35.81,5.5,46.72,36.44,11,6,5,1.71,37.43,8,0,0,0,Healthy,0
NB09350,Male,37.27,5.2,138,55,95.9,46.72,32.51,5.04,45.59,33.55,10,5,3,3.47,37.2,6,0,1,6,At Risk,0
NB09351,Female,38.71,5.2,124,31,92.2,48.69,36.32,5.15,49.28,36.74,5,6,2,4.39,36.33,10,0,0,0,Healthy,0
NB09352,Male,39.06,5.2,132,50,92.2,49.94,35.34,5.12,51.79,35.21,8,7,3,1.51,36.36,6,0,1,6,At Risk,0
NB09353,Female,35.78,5.2,134,27,91.3,49.95,29.92,5.26,47.89,29.46,8,7,3,4.39,36.84,9,0,0,0,Healthy,0
NB09354,Male,38.37,5.2,121,36,88.3,48.84,33.86,4.87,48.11,34.01,11,7,4,2.77,36.78,9,1,0,4,At Risk,0
NB09355,Female,33.25,5.2,133,47,91.3,48.68,27.55,5.35,48.86,28.0,5,7,3,4.83,36.68,6,0,1,6,At Risk,0
NB09356,Male,39.06,5.2,114,34,97.4,47.2,32.8,5.32,47.89,31.81,9,6,4,3.7,36.62,10,0,0,0,Healthy,0
NB09357,Male,39.45,5.2,151,57,93.8,50.21,33.16,5.4,50.09,34.08,11,7,3,5.5,36.54,8,0,0,0,Healthy,0
NB09358,Female,39.64,5.2,146,48,97.6,52.65,33.99,5.4,53.39,32.32,4,9,1,6.14,37.81,9,0,0,0,Healthy,0
NB09359,Female,37.13,5.2,145,30,88.0,50.51,32.8,5.32,51.94,33.49,7,6,2,1.59,36.64,9,1,0,4,At Risk,0
NB09360,Female,38.68,5.2,133,49,96.5,49.54,34.52,5.17,50.02,35.09,6,8,4,1.92,36.5,8,0,0,0,Healthy,0
NB09361,Male,41.13,5.2,135,29,97.7,54.42,36.16,5.24,55.03,36.91,9,2,5,4.2,37.03,7,0,0,2,Healthy,0
NB09362,Male,41.11,5.2,125,42,85.9,54.02,35.94,5.1,52.65,35.24,9,6,4,4.46,36.75,6,1,1,10,High Risk,1
NB09363,Male,37.94,5.2,149,51,93.2,48.18,34.25,5.27,46.14,34.98,10,11,6,2.95,36.39,8,0,0,0,Healthy,0
NB09364,Female,38.31,5.2,116,49,96.2,50.51,32.14,5.07,50.11,33.68,6,8,2,3.35,36.69,10,0,0,1,Healthy,0
NB09365,Male,40.44,5.2,142,41,99.6,53.21,35.62,5.26,53.47,35.64,8,2,5,1.58,36.77,9,0,0,1,Healthy,0
NB09366,Female,34.7,5.2,129,39,90.2,45.41,33.64,5.14,45.85,33.9,7,6,4,1.92,36.99,10,0,0,0,Healthy,0
NB09367,Female,37.29,5.2,172,30,99.9,52.35,33.05,5.07,52.77,32.31,9,8,3,3.01,36.94,9,0,0,0,Healthy,0
NB09368,Female,40.94,5.2,149,44,96.5,50.57,36.6,5.44,50.2,36.23,9,9,0,5.88,36.34,8,0,0,0,Healthy,0
NB09369,Female,40.15,5.2,140,50,91.5,51.82,35.9,5.39,52.37,35.83,5,10,3,2.0,37.07,9,0,0,0,Healthy,0
NB09370,Female,38.81,5.2,120,63,98.5,47.83,35.66,5.24,47.98,34.97,8,11,3,4.66,37.2,8,0,0,0,Healthy,0
NB09371,Female,34.69,5.2,115,37,100.0,46.83,31.91,4.88,47.13,31.37,4,8,1,3.33,36.32,6,0,1,6,At Risk,0
NB09372,Female,37.89,5.2,149,50,93.8,47.37,34.99,5.05,47.72,34.84,9,7,3,6.49,36.45,9,0,0,0,Healthy,0
NB09373,Male,36.7,5.2,172,50,93.5,47.84,33.65,5.21,47.47,34.09,5,7,3,2.79,36.72,7,0,0,0,Healthy,0
NB09374,Male,38.73,5.2,147,37,91.7,47.08,35.3,5.32,46.88,34.54,9,7,3,3.86,36.9,7,0,0,0,Healthy,0
NB09375,Female,36.22,5.2,143,49,100.0,49.6,33.22,5.33,51.71,33.29,7,3,2,2.77,36.92,9,0,0,1,Healthy,0
NB09376,Male,35.74,5.2,143,34,92.4,48.28,30.71,5.28,49.25,29.86,9,5,3,3.47,36.78,9,0,0,0,Healthy,0
NB09377,Male,33.46,5.2,142,45,91.6,47.69,28.86,5.24,47.64,28.93,10,7,2,5.19,36.16,9,0,0,1,Healthy,0
NB09378,Female,40.69,5.2,144,40,92.8,51.32,35.15,5.19,51.63,36.1,6,8,3,0.2,37.26,9,0,0,0,Healthy,0
NB09379,Female,37.12,5.2,128,46,92.9,51.08,35.51,5.1,50.95,35.77,10,8,1,5.82,36.35,9,0,0,0,Healthy,0
NB09380,Male,38.35,5.2,122,47,93.0,49.99,33.78,5.5,50.36,34.62,6,7,2,2.63,37.41,8,0,0,0,Healthy,0
NB09381,Male,38.0,5.2,142,37,92.2,49.82,34.26,5.44,50.2,34.38,8,5,3,1.75,37.33,8,0,0,0,Healthy,0
NB09382,Female,35.65,5.2,167,42,92.5,51.71,29.21,5.35,51.29,29.52,6,4,2,7.29,36.3,9,0,0,0,Healthy,0
NB09383,Male,35.23,5.2,154,41,95.5,46.14,32.15,5.0,46.7,31.75,5,8,3,3.22,36.96,9,0,0,0,Healthy,0
NB09384,Female,35.79,5.2,118,31,99.7,50.06,32.38,4.99,50.46,32.9,9,7,3,4.56,37.41,8,0,0,1,Healthy,0
NB09385,Female,36.41,5.2,135,38,91.5,49.13,28.68,5.22,48.78,28.4,10,8,4,3.44,37.06,6,0,1,6,At Risk,0
NB09386,Male,38.81,5.2,153,36,90.4,49.18,34.8,5.13,50.2,34.17,7,4,3,3.7,36.04,9,0,0,0,Healthy,0
NB09387,Male,36.25,5.2,167,31,96.1,45.39,30.1,5.0,44.96,30.17,10,10,3,2.34,36.78,8,0,0,0,Healthy,0
NB09388,Female,41.84,5.2,172,34,96.9,50.99,35.4,5.25,50.22,34.6,6,9,3,5.3,37.18,9,0,0,0,Healthy,0
NB09389,Male,40.26,5.2,136,39,100.0,53.9,36.87,4.85,54.9,37.35,9,5,4,7.19,37.56,8,0,0,0,Healthy,0
NB09390,Male,39.78,5.2,155,43,99.9,54.67,35.28,5.21,53.92,36.54,2,4,2,2.13,36.74,8,0,0,1,Healthy,0
NB09391,Female,37.74,5.2,144,30,89.5,49.55,32.94,5.33,50.29,32.87,10,7,2,6.5,36.05,10,1,0,4,At Risk,0
NB09392,Male,41.33,5.2,138,54,88.0,52.89,35.33,5.33,54.88,35.29,7,3,3,4.21,37.78,7,1,0,5,At Risk,0
NB09393,Male,37.52,5.2,141,48,97.0,50.72,32.84,4.87,52.01,33.24,6,12,5,1.49,36.74,10,0,0,0,Healthy,0
NB09394,Male,37.93,5.2,141,41,96.9,49.68,33.99,4.86,49.37,34.45,7,5,3,0.82,37.45,7,0,0,0,Healthy,0
NB09395,Female,38.37,5.2,161,30,100.0,52.14,32.26,5.19,51.69,32.44,12,9,4,4.97,36.68,8,0,0,1,Healthy,0
NB09396,Female,39.54,5.2,115,40,96.4,51.57,36.57,5.1,52.72,35.69,9,8,4,2.26,37.05,9,0,0,0,Healthy,0
NB09397,Female,39.4,5.2,148,39,93.0,51.13,33.06,4.99,51.56,33.88,8,12,5,3.95,36.49,10,0,0,1,Healthy,0
NB09398,Male,36.95,5.2,168,31,98.6,47.26,30.48,4.8,45.83,31.22,13,5,1,4.43,36.5,10,0,0,0,Healthy,0
NB09399,Male,36.83,5.2,166,30,91.3,46.65,34.47,5.05,47.51,33.83,9,9,5,5.76,37.61,10,0,0,0,Healthy,0
NB09400,Female,39.41,5.2,150,50,100.0,44.55,34.13,5.21,44.53,32.55,9,4,5,2.63,37.22,10,0,0,0,Healthy,0
NB09401,Female,39.57,5.2,126,39,96.0,53.48,35.01,5.18,53.8,36.74,10,6,4,2.75,36.79,8,0,0,1,Healthy,0
NB09402,Male,37.13,5.2,154,51,92.4,48.53,34.18,4.99,48.91,33.84,10,1,3,4.84,37.22,10,0,0,1,Healthy,0
NB09403,Male,34.51,5.2,164,42,91.9,45.66,30.28,5.03,46.19,29.53,7,7,3,3.82,36.49,6,0,1,6,At Risk,0
NB09404,Male,37.54,5.2,131,50,95.7,45.29,33.69,5.16,47.61,32.04,6,4,3,3.78,36.8,10,0,0,0,Healthy,0
NB09405,Female,39.37,5.2,146,49,94.7,49.55,35.73,5.06,51.31,35.53,6,0,4,3.51,36.85,9,0,0,1,Healthy,0
NB09406,Male,41.97,5.2,136,47,94.5,51.63,39.05,5.29,50.37,39.48,8,5,2,2.63,36.46,10,0,0,0,Healthy,0
NB09407,Female,35.36,5.2,129,54,90.4,45.64,31.19,5.34,46.33,32.44,8,7,2,4.76,36.4,8,0,0,0,Healthy,0
NB09408,Male,37.06,5.2,134,43,94.4,49.42,32.45,5.32,48.06,32.32,7,7,5,4.46,35.95,8,0,0,2,Healthy,0
NB09409,Female,37.14,5.2,142,27,97.9,49.07,34.05,5.01,50.6,33.05,6,6,4,6.39,36.36,7,0,0,0,Healthy,0
NB09410,Male,40.98,5.2,123,29,92.4,49.56,36.2,5.3,50.9,36.56,10,6,3,1.66,37.62,8,0,0,0,Healthy,0
NB09411,Male,37.92,5.2,121,35,95.9,46.94,33.54,5.3,46.42,33.82,7,11,3,4.82,36.0,8,0,0,0,Healthy,0
NB09412,Female,36.0,5.2,124,49,98.9,45.2,34.79,5.5,45.27,34.47,6,4,4,3.46,36.78,7,0,0,0,Healthy,0
NB09413,Male,39.23,5.2,146,38,97.2,54.33,32.14,5.5,55.4,32.05,7,7,3,6.84,36.87,6,0,1,6,At Risk,0
NB09414,Female,37.11,5.2,114,44,90.8,51.78,31.04,5.48,51.81,31.24,6,6,1,3.37,36.69,8,0,0,0,Healthy,0
NB09415,Female,35.31,5.2,100,47,96.1,45.47,29.41,5.14,45.11,29.99,6,5,4,3.8,37.19,8,0,0,0,Healthy,0
NB09416,Male,36.04,5.2,165,44,100.0,43.88,34.23,5.08,44.12,34.66,8,7,6,1.92,36.68,9,0,0,0,Healthy,0
NB09417,Female,41.81,5.2,122,19,96.7,53.29,37.24,5.19,54.89,37.5,9,9,3,3.03,37.23,7,0,0,2,Healthy,0
NB09418,Male,38.85,5.2,137,30,99.1,50.45,32.34,5.12,49.13,32.46,14,8,5,5.82,37.05,7,0,0,1,Healthy,0
NB09419,Male,38.24,5.2,157,60,98.4,50.45,33.78,5.5,49.8,35.05,12,9,1,2.82,36.19,8,0,0,0,Healthy,0
NB09420,Male,37.45,5.2,114,45,91.0,50.59,33.37,5.42,50.19,33.8,5,6,4,3.51,37.32,10,0,0,0,Healthy,0
NB09421,Male,38.64,5.2,114,15,100.0,51.08,30.94,5.35,53.15,31.7,8,6,1,3.69,36.66,10,0,0,2,Healthy,0
NB09422,Male,38.62,5.2,129,43,99.4,47.92,34.51,5.39,49.47,35.14,9,4,3,3.17,35.99,8,0,0,2,Healthy,0
NB09423,Female,38.64,5.2,157,60,94.0,50.77,32.48,5.5,50.08,32.8,9,10,4,4.16,37.01,8,0,0,0,Healthy,0
NB09424,Male,38.25,5.2,140,45,99.5,51.54,35.04,5.35,51.65,36.03,7,6,1,4.91,36.67,6,0,1,6,At Risk,0
NB09425,Female,39.91,5.2,140,42,94.6,49.87,33.42,5.19,50.95,33.06,10,7,2,5.16,37.53,9,0,0,0,Healthy,0
NB09426,Male,38.05,5.2,135,24,94.7,50.25,34.16,5.38,51.26,34.76,6,5,2,3.74,37.29,8,0,0,2,Healthy,0
NB09427,Male,35.85,5.2,150,39,91.9,46.56,34.24,5.38,46.9,33.55,7,12,4,2.59,36.39,8,0,0,0,Healthy,0
NB09428,Male,36.65,5.2,166,26,91.4,52.38,34.32,5.01,52.62,34.46,7,10,3,3.19,37.23,8,0,0,0,Healthy,0
NB09429,Male,33.65,5.2,194,30,95.5,43.03,31.51,5.5,45.2,30.45,7,7,3,6.24,36.49,10,0,0,1,Healthy,0
NB09430,Female,42.0,5.2,137,27,94.1,55.51,36.48,5.11,55.57,35.82,11,7,4,1.3,36.05,9,0,0,1,Healthy,0
NB09431,Male,39.9,5.2,167,59,89.8,47.97,32.88,5.5,46.58,32.72,9,7,4,4.52,36.52,9,1,0,4,At Risk,0
NB09432,Male,36.17,5.2,158,49,96.2,51.54,31.86,5.2,51.91,33.06,9,9,2,2.66,36.2,10,0,0,1,Healthy,0
NB09433,Male,37.38,5.2,145,56,96.8,46.76,33.03,5.46,47.26,33.03,7,6,6,1.14,36.79,7,0,0,0,Healthy,0
NB09434,Male,36.6,5.2,100,29,96.0,48.72,32.37,5.24,48.81,32.91,13,9,5,1.72,37.67,10,0,0,0,Healthy,0
NB09435,Male,41.39,5.2,133,44,96.0,49.4,33.88,4.94,48.35,34.88,5,5,6,3.3,36.84,8,0,0,0,Healthy,0
NB09436,Male,34.88,5.2,134,32,96.4,44.09,32.27,5.44,44.67,32.23,10,9,3,4.75,37.01,7,0,0,0,Healthy,0
NB09437,Male,38.25,5.2,146,33,95.6,51.62,32.2,5.5,50.85,33.34,12,7,4,4.87,36.35,9,0,0,0,Healthy,0
NB09438,Male,37.76,5.2,136,47,96.2,51.44,35.95,5.23,51.64,36.03,9,3,3,6.71,36.56,10,0,0,0,Healthy,0
NB09439,Male,39.82,5.2,130,44,96.8,51.72,35.3,5.4,51.44,34.78,8,12,5,0.63,37.05,9,0,0,0,Healthy,0
NB09440,Female,37.77,5.2,177,45,93.0,50.88,35.11,5.09,52.08,35.87,7,5,1,4.39,36.77,7,0,0,0,Healthy,0
NB09441,Male,34.13,5.2,164,29,90.6,48.21,32.53,5.24,46.85,33.01,9,7,6,0.2,36.48,7,0,0,0,Healthy,0
NB09442,Male,37.45,5.2,104,43,96.1,47.73,36.53,5.45,46.77,36.45,8,6,4,3.87,37.25,9,0,0,0,Healthy,0
NB09443,Female,35.86,5.2,135,45,95.5,44.88,32.58,5.31,45.15,32.1,11,3,3,5.43,36.86,8,0,0,0,Healthy,0
NB09444,Female,38.18,5.2,151,35,96.6,49.73,33.34,5.33,49.93,34.04,7,6,2,5.37,37.72,7,0,0,0,Healthy,0
NB09445,Male,41.16,5.2,164,39,99.0,51.29,35.45,5.44,51.25,34.89,7,4,4,1.31,37.1,10,0,0,0,Healthy,0
NB09446,Female,34.17,5.2,132,26,94.9,46.93,33.37,5.5,47.48,32.16,6,10,3,0.2,36.29,8,0,0,1,Healthy,0
NB09447,Male,36.24,5.2,136,20,94.5,49.11,30.59,5.46,49.5,31.39,11,4,4,0.89,36.85,8,0,0,2,Healthy,0
NB09448,Female,36.78,5.2,142,62,96.6,47.14,31.63,5.3,48.24,32.26,9,7,5,0.93,36.26,10,0,0,0,Healthy,0
NB09449,Female,37.16,5.2,152,44,91.4,50.25,33.57,5.23,50.61,34.08,11,8,4,2.13,37.7,9,0,0,0,Healthy,0
NB09450,Female,39.63,5.2,112,38,95.1,52.37,34.71,5.27,54.32,34.64,7,4,5,4.87,36.36,10,0,0,1,Healthy,0
NB09451,Male,37.62,5.2,104,50,94.6,50.7,34.98,4.97,49.82,35.49,5,7,1,2.62,37.3,9,0,0,0,Healthy,0
NB09452,Female,38.91,5.2,163,33,98.1,49.61,32.43,5.28,51.42,32.08,10,4,5,3.03,37.23,10,0,0,0,Healthy,0
NB09453,Female,36.62,5.2,122,43,93.4,49.92,32.74,5.0,50.15,32.94,10,5,1,4.44,36.49,6,0,1,7,At Risk,0
NB09454,Male,38.51,5.2,178,53,95.3,51.1,33.87,5.16,49.47,35.04,7,5,3,3.14,36.95,10,0,0,0,Healthy,0
NB09455,Female,39.71,5.2,124,31,94.5,52.42,33.39,5.38,50.21,33.47,6,10,0,4.77,36.92,10,0,0,0,Healthy,0
NB09456,Male,36.39,5.2,137,37,86.3,51.51,33.99,5.15,51.14,34.37,7,9,3,2.94,37.17,9,1,0,4,At Risk,0
NB09457,Male,39.72,5.2,147,28,93.2,51.8,34.87,5.5,52.69,34.16,8,3,4,1.83,36.88,8,0,0,0,Healthy,0
NB09458,Male,38.12,5.2,102,50,95.0,48.49,33.68,5.22,49.6,33.49,8,7,2,3.34,36.5,8,0,0,1,Healthy,0
NB09459,Female,40.3,5.2,192,44,91.9,49.45,34.17,5.47,48.75,34.14,9,8,5,3.33,37.05,6,0,1,7,At Risk,0
NB09460,Male,37.56,5.2,133,54,94.6,51.46,32.94,5.17,51.03,33.7,7,8,1,4.3,37.05,10,0,0,1,Healthy,0
NB09461,Female,38.84,5.2,125,50,99.7,51.07,32.85,5.21,52.47,34.19,12,10,2,3.44,36.38,8,0,0,0,Healthy,0
NB09462,Female,37.91,5.2,119,39,98.4,52.86,35.03,5.46,51.47,35.34,12,11,0,2.07,35.76,9,0,0,2,Healthy,0
NB09463,Female,37.79,5.2,147,46,88.5,45.35,35.2,5.19,44.77,34.26,9,7,3,1.15,37.07,10,1,0,4,At Risk,0
NB09464,Female,38.57,5.2,145,46,97.7,51.93,36.72,5.3,52.79,36.11,9,13,1,3.86,36.97,8,0,0,0,Healthy,0
NB09465,Female,39.18,5.2,120,49,97.0,50.14,35.28,5.15,49.58,36.07,7,4,2,1.9,36.99,8,0,0,0,Healthy,0
NB09466,Male,35.25,5.2,115,57,94.7,46.42,31.37,4.77,46.95,31.05,10,7,6,3.61,37.39,9,0,0,1,Healthy,0
NB09467,Female,41.15,5.2,159,31,86.8,50.91,35.3,5.11,50.82,35.87,8,7,0,3.7,37.19,10,1,0,4,At Risk,0
NB09468,Female,33.91,5.2,128,23,97.7,47.72,31.67,5.5,47.33,31.99,5,4,1,5.62,37.38,8,0,0,2,Healthy,0
NB09469,Female,36.49,5.2,109,31,93.5,49.47,33.05,5.3,48.7,33.17,7,8,0,3.68,37.15,6,0,1,7,At Risk,0
NB09470,Female,37.79,5.2,137,47,95.7,47.13,33.39,5.41,46.78,33.66,8,4,4,3.21,36.86,6,0,1,6,At Risk,0
NB09471,Female,38.91,5.2,133,46,91.6,50.75,34.04,5.42,53.24,34.25,10,11,4,2.44,36.25,8,0,0,0,Healthy,0
NB09472,Female,41.47,5.2,175,36,92.4,54.13,37.98,5.39,53.7,37.29,3,2,1,4.08,37.49,7,0,0,2,Healthy,0
NB09473,Male,33.91,5.2,131,39,98.3,46.28,30.29,5.5,46.68,30.22,9,3,4,2.89,36.71,6,0,1,6,At Risk,0
NB09474,Female,36.88,5.2,134,34,100.0,50.81,35.04,5.17,51.44,36.42,8,7,4,1.64,36.53,9,0,0,0,Healthy,0
NB09475,Male,33.32,5.2,144,41,93.5,44.81,30.8,5.5,47.69,30.24,7,3,3,1.19,37.09,10,0,0,0,Healthy,0
NB09476,Female,38.07,5.2,130,35,100.0,45.15,33.3,5.36,46.9,32.72,7,2,0,1.83,35.97,9,0,0,3,At Risk,0
NB09477,Male,38.6,5.2,148,58,93.5,50.51,33.04,5.32,49.02,32.87,10,7,1,1.72,36.47,9,0,0,0,Healthy,0
NB09478,Female,41.5,5.2,122,55,93.5,53.11,36.02,4.82,53.9,37.25,8,3,3,4.21,36.52,8,0,0,0,Healthy,0
NB09479,Male,38.27,5.2,136,49,90.0,50.46,34.74,5.31,51.45,34.3,3,6,2,3.36,36.5,9,0,0,1,Healthy,0
NB09480,Male,40.3,5.2,147,42,96.7,53.88,34.84,5.41,55.34,34.65,8,5,1,1.93,37.67,7,0,0,0,Healthy,0
NB09481,Male,39.28,5.2,160,53,94.3,46.85,35.97,5.28,45.56,35.46,9,10,4,0.2,36.76,10,0,0,0,Healthy,0
NB09482,Female,37.04,5.2,129,43,94.5,48.26,32.49,5.48,48.4,32.28,7,7,3,1.77,36.51,7,0,0,1,Healthy,0
NB09483,Female,34.9,5.2,129,44,93.7,44.96,31.44,5.49,44.8,31.38,5,7,5,3.26,36.78,7,0,0,1,Healthy,0
NB09484,Male,38.61,5.2,168,25,91.5,47.73,32.29,5.17,48.35,32.69,10,6,5,3.94,37.18,7,0,0,2,Healthy,0
NB09485,Male,34.72,5.2,130,45,97.2,46.5,32.34,5.25,46.29,31.46,7,7,2,1.35,35.94,7,0,0,2,Healthy,0
NB09486,Female,40.85,5.2,139,29,94.8,53.57,35.39,5.18,53.42,35.64,8,7,0,3.94,36.85,7,0,0,0,Healthy,0
NB09487,Female,37.64,5.2,171,38,97.8,49.88,35.92,5.15,48.67,35.43,4,3,4,3.51,36.6,7,0,0,0,Healthy,0
NB09488,Female,40.63,5.2,141,44,91.7,50.59,36.7,5.25,51.54,37.07,10,4,1,3.0,36.92,8,0,0,0,Healthy,0
NB09489,Female,36.94,5.2,136,33,95.8,48.36,33.19,5.28,48.41,32.39,5,4,3,3.86,36.28,8,0,0,0,Healthy,0
NB09490,Female,38.59,5.2,137,47,100.0,51.99,36.05,4.81,51.9,35.99,11,5,4,4.8,36.72,8,0,0,0,Healthy,0
NB09491,Female,38.46,5.2,127,53,92.5,51.38,34.73,5.22,51.28,34.28,7,6,3,3.78,36.74,9,0,0,0,Healthy,0
NB09492,Female,37.9,5.2,148,33,93.3,48.41,35.24,5.31,48.2,35.4,9,5,4,2.25,36.23,10,0,0,0,Healthy,0
NB09493,Male,37.05,5.2,123,43,93.3,47.51,31.84,5.26,48.61,32.88,10,7,4,1.36,37.64,8,0,0,1,Healthy,0
NB09494,Male,38.86,5.2,154,30,91.4,46.94,35.1,5.22,47.65,35.55,5,6,2,5.14,36.99,10,0,0,0,Healthy,0
NB09495,Female,35.96,5.2,140,30,100.0,46.91,33.13,5.03,45.09,33.6,9,7,1,3.57,37.21,6,0,1,6,At Risk,0
NB09496,Male,35.34,5.2,144,45,86.9,43.73,29.62,4.97,42.43,29.68,9,6,3,4.16,36.64,9,1,0,4,At Risk,0
NB09497,Male,40.73,5.2,171,49,90.7,56.19,37.97,5.12,54.54,37.96,4,6,3,3.37,36.9,9,0,0,0,Healthy,0
NB09498,Male,39.6,5.2,114,27,96.6,49.33,33.18,4.87,47.09,33.2,7,8,3,4.21,36.26,9,0,0,0,Healthy,0
NB09499,Male,38.14,5.2,140,62,92.4,51.95,31.95,5.22,53.28,31.9,5,10,3,3.64,36.51,9,0,0,1,Healthy,0
NB09500,Male,41.66,5.2,151,37,94.9,56.53,32.09,5.06,57.43,31.82,4,6,5,4.84,36.4,8,0,0,0,Healthy,0
NB09501,Female,37.41,5.2,129,44,94.9,49.5,34.1,5.27,51.25,33.76,8,5,1,0.43,36.93,9,0,0,0,Healthy,0
NB09502,Female,40.91,5.2,157,37,96.7,52.02,33.37,5.12,51.88,33.02,7,11,3,4.13,37.57,9,0,0,0,Healthy,0
NB09503,Male,38.39,5.2,130,39,95.3,47.3,33.3,4.84,48.44,33.22,7,6,2,0.65,37.21,8,0,0,0,Healthy,0
NB09504,Male,35.75,5.2,145,57,93.6,46.56,33.48,5.03,47.29,33.01,6,8,4,4.27,37.62,10,0,0,0,Healthy,0
NB09505,Female,42.0,5.2,138,57,95.5,56.41,36.89,5.27,54.65,37.11,5,8,4,2.73,37.16,10,0,0,0,Healthy,0
NB09506,Male,40.18,5.2,143,25,94.4,52.26,34.39,5.39,53.58,33.58,8,5,3,2.39,36.99,7,0,0,0,Healthy,0
NB09507,Female,37.73,5.2,141,36,100.0,49.42,31.23,5.18,49.14,31.54,9,2,7,3.11,36.38,9,0,0,1,Healthy,0
NB09508,Female,39.6,5.2,139,72,93.0,53.66,34.76,5.28,54.3,34.84,9,6,3,4.72,36.95,8,0,0,1,Healthy,0
NB09509,Male,37.11,5.2,131,38,96.9,50.19,34.46,5.19,49.9,35.55,5,6,2,2.83,36.59,9,0,0,0,Healthy,0
NB09510,Male,39.82,5.2,128,46,98.2,50.95,36.13,5.19,49.61,37.01,9,5,6,2.39,37.17,9,0,0,1,Healthy,0
NB09511,Female,32.74,5.2,146,53,90.4,45.3,32.8,5.07,45.82,32.26,10,5,3,6.52,36.19,9,0,0,1,Healthy,0
NB09512,Female,35.76,5.2,141,51,91.1,46.04,31.25,5.22,47.85,31.34,13,6,1,0.58,36.75,8,0,0,0,Healthy,0
NB09513,Female,40.15,5.2,128,15,100.0,50.42,33.33,5.11,49.4,33.63,7,4,3,3.02,36.81,7,0,0,2,Healthy,0
NB09514,Male,37.45,5.2,146,45,92.6,48.69,33.88,5.5,49.1,33.62,9,7,1,3.34,37.6,7,0,0,0,Healthy,0
NB09515,Male,38.46,5.2,132,59,95.0,51.13,34.44,5.09,52.58,33.99,11,8,4,3.01,36.34,10,0,0,0,Healthy,0
NB09516,Female,35.04,5.2,168,42,94.4,44.44,31.72,5.27,42.11,31.96,9,7,3,2.68,37.33,10,0,0,0,Healthy,0
NB09517,Female,42.0,5.2,185,32,94.9,53.35,35.48,5.02,52.55,35.98,14,2,4,0.73,37.17,9,0,0,2,Healthy,0
NB09518,Female,40.62,5.2,165,32,93.7,51.18,31.65,5.19,51.37,31.77,7,4,3,4.4,36.68,8,0,0,0,Healthy,0
NB09519,Male,37.56,5.2,164,40,95.4,47.4,31.98,5.03,47.14,31.98,7,7,3,3.26,36.98,9,0,0,0,Healthy,0
NB09520,Male,37.11,5.2,155,49,92.2,48.03,34.01,5.12,47.59,34.0,4,8,3,0.31,36.69,10,0,0,0,Healthy,0
NB09521,Male,40.27,5.2,136,71,94.2,47.0,35.81,5.43,45.96,35.23,8,6,0,0.2,36.81,9,0,0,1,Healthy,0
NB09522,Female,42.0,5.2,106,39,88.1,51.68,38.05,5.22,51.96,38.57,8,10,4,2.69,37.14,7,1,0,4,At Risk,0
NB09523,Male,40.1,5.2,122,48,94.6,49.29,35.79,5.4,48.58,36.01,9,8,1,1.61,37.95,8,0,0,0,Healthy,0
NB09524,Female,42.0,5.2,128,27,96.2,52.64,37.7,5.19,51.57,37.88,9,8,6,0.78,37.23,8,0,0,0,Healthy,0
NB09525,Female,35.97,5.2,162,25,98.4,43.21,33.53,5.38,42.2,33.91,8,8,3,3.51,36.91,8,0,0,0,Healthy,0
NB09526,Male,36.2,5.2,145,37,99.0,48.36,32.57,5.39,49.79,34.25,9,7,2,3.73,37.44,9,0,0,0,Healthy,0
NB09527,Male,35.38,5.2,128,46,93.7,49.06,32.01,5.37,48.45,33.24,7,7,4,2.35,36.16,7,0,0,0,Healthy,0
NB09528,Female,38.97,5.2,107,41,97.9,50.24,30.12,5.42,50.9,30.49,9,7,3,2.99,36.62,10,0,0,0,Healthy,0
NB09529,Female,38.39,5.2,182,43,91.0,50.95,33.09,5.33,50.55,32.82,5,11,2,2.73,36.83,10,0,0,2,Healthy,0
NB09530,Female,37.67,5.2,150,39,93.2,48.27,32.65,5.14,46.81,33.26,7,8,3,2.99,36.33,8,0,0,0,Healthy,0
NB09531,Female,39.78,5.2,156,42,100.0,48.09,34.88,4.95,47.51,34.85,9,4,5,4.82,36.56,7,0,0,0,Healthy,0
NB09532,Female,40.71,5.2,130,39,95.6,52.04,34.3,5.08,51.66,34.48,9,7,2,2.48,36.05,9,0,0,0,Healthy,0
NB09533,Male,34.64,5.2,138,29,95.8,47.94,32.86,5.31,48.18,33.47,8,4,3,2.97,36.22,7,0,0,1,Healthy,0
NB09534,Female,36.69,5.2,134,27,94.4,45.77,31.56,5.45,46.1,31.97,7,5,4,2.69,36.69,8,0,0,0,Healthy,0
NB09535,Male,39.8,5.2,141,56,100.0,50.29,36.72,5.33,49.26,36.93,8,3,3,2.9,36.38,8,0,0,0,Healthy,0
NB09536,Female,36.97,5.2,173,34,96.9,48.18,31.64,5.17,49.73,32.09,6,13,3,2.34,36.99,9,0,0,1,Healthy,0
NB09537,Female,36.24,5.2,118,40,100.0,53.72,31.67,5.14,55.35,32.42,8,6,1,3.81,36.92,8,0,0,0,Healthy,0
NB09538,Female,40.24,5.2,139,54,92.9,52.06,34.35,5.24,52.31,33.66,10,8,4,0.2,36.96,9,0,0,0,Healthy,0
NB09539,Female,35.16,5.2,146,39,91.6,43.24,31.07,5.35,43.74,31.5,8,6,2,6.33,36.57,9,0,0,1,Healthy,0
NB09540,Male,37.34,5.2,138,51,92.3,44.7,35.1,5.24,44.06,34.66,7,7,4,4.4,37.29,8,0,0,0,Healthy,0
NB09541,Male,38.72,5.2,158,33,97.2,51.71,33.82,5.13,50.36,34.18,8,8,4,0.38,37.03,9,0,0,0,Healthy,0
NB09542,Male,36.74,5.2,109,58,100.0,53.43,32.46,5.06,53.58,31.86,12,10,3,4.28,36.9,8,0,0,0,Healthy,0
NB09543,Male,39.72,5.2,174,44,97.6,50.59,33.89,5.09,50.39,34.01,10,7,4,4.88,36.9,10,0,0,1,Healthy,0
NB09544,Female,36.75,5.2,115,42,98.1,47.79,32.53,5.09,49.59,32.71,10,5,5,3.8,36.71,10,0,0,0,Healthy,0
NB09545,Female,41.1,5.2,120,40,95.6,53.25,36.29,5.22,55.87,36.34,9,5,6,4.51,37.39,7,0,0,0,Healthy,0
NB09546,Female,37.72,5.2,132,50,90.5,47.75,33.28,5.07,47.12,33.78,9,4,2,2.45,37.31,9,0,0,0,Healthy,0
NB09547,Male,39.48,5.2,128,44,100.0,45.84,34.61,5.12,46.17,34.52,10,6,1,6.03,36.64,8,0,0,1,Healthy,0
NB09548,Male,39.64,5.2,148,15,97.3,53.15,36.47,5.37,54.2,36.43,11,14,4,4.46,36.87,8,0,0,2,Healthy,0
NB09549,Female,36.62,5.2,146,38,96.8,47.13,33.24,5.35,47.78,33.29,8,9,3,4.39,36.62,8,0,0,0,Healthy,0
NB09550,Male,33.48,5.2,142,45,98.1,47.63,28.91,5.5,48.23,28.61,8,6,2,4.16,37.91,7,0,0,0,Healthy,0
NB09551,Female,38.79,5.2,114,32,89.0,48.79,34.23,5.3,50.28,34.06,11,10,2,1.92,36.69,9,1,0,4,At Risk,0
NB09552,Male,38.16,5.2,137,37,93.2,49.99,33.1,4.95,51.58,33.64,8,6,3,1.61,37.34,10,0,0,1,Healthy,0
NB09553,Male,39.22,5.2,140,38,97.2,52.41,35.44,4.92,52.96,36.0,10,10,1,1.84,38.01,7,0,0,1,Healthy,0
NB09554,Male,37.5,5.2,162,58,94.5,51.29,33.61,5.26,53.73,33.23,7,8,4,4.02,36.94,7,0,0,0,Healthy,0
NB09555,Male,37.05,5.2,144,48,94.7,49.21,34.83,5.22,50.27,35.34,5,10,3,2.99,36.02,6,0,1,6,At Risk,0
NB09556,Male,42.0,5.2,147,45,99.5,53.57,35.49,5.18,53.05,34.71,5,8,2,4.38,37.48,7,0,0,0,Healthy,0
NB09557,Male,34.76,5.2,175,30,95.4,47.92,31.24,4.99,49.11,31.15,11,5,5,0.47,36.57,10,0,0,0,Healthy,0
NB09558,Female,39.61,5.2,119,35,100.0,51.98,33.33,5.04,51.47,32.75,14,8,5,3.34,36.49,10,0,0,0,Healthy,0
NB09559,Male,36.74,5.2,133,51,94.9,45.88,32.85,5.45,46.23,33.0,8,9,2,2.83,37.6,10,0,0,0,Healthy,0
NB09560,Female,37.26,5.2,120,49,97.8,46.39,30.98,5.43,47.42,31.08,7,10,1,2.5,36.21,9,0,0,0,Healthy,0
NB09561,Female,37.3,5.2,169,28,96.7,44.75,33.79,5.28,44.33,34.73,9,6,3,3.69,37.45,9,0,0,0,Healthy,0
NB09562,Female,36.23,5.2,170,56,93.0,49.54,32.48,5.35,50.54,33.37,7,7,3,4.59,36.7,10,0,0,0,Healthy,0
NB09563,Female,39.26,5.2,168,33,91.4,49.94,34.91,5.0,50.37,34.74,12,10,3,2.22,35.97,8,0,0,2,Healthy,0
NB09564,Male,41.06,5.2,150,46,95.1,53.99,37.12,5.29,53.02,37.25,6,9,3,3.18,37.2,9,0,0,1,Healthy,0
NB09565,Female,39.03,5.2,147,69,100.0,51.34,34.86,5.1,49.75,34.43,5,8,2,2.09,35.79,6,0,1,10,High Risk,1
NB09566,Male,38.23,5.2,132,38,93.6,47.8,32.04,5.48,46.26,31.75,8,7,2,2.24,36.78,10,0,0,0,Healthy,0
NB09567,Female,35.83,5.2,154,44,96.8,47.41,31.45,5.33,47.28,30.62,9,6,5,4.89,36.06,9,0,0,0,Healthy,0
NB09568,Male,39.14,5.2,117,36,94.1,49.71,34.48,4.92,49.3,34.91,8,7,5,3.95,36.65,10,0,0,0,Healthy,0
NB09569,Female,42.0,5.2,117,44,95.8,51.98,36.11,4.99,53.86,35.77,11,6,1,0.2,37.11,7,0,0,0,Healthy,0
NB09570,Male,37.16,5.2,132,56,99.0,50.68,32.9,5.21,50.69,32.56,8,4,1,4.49,36.99,9,0,0,0,Healthy,0
NB09571,Male,37.17,5.2,174,40,95.4,53.88,35.65,5.05,53.43,35.47,7,10,3,3.22,36.89,8,0,0,0,Healthy,0
NB09572,Female,36.77,5.2,131,39,92.8,50.72,33.09,5.45,51.11,32.89,13,5,2,2.46,37.25,6,0,1,6,At Risk,0
NB09573,Female,36.92,5.2,133,53,100.0,48.58,33.62,4.86,48.87,33.18,9,9,5,3.54,36.8,9,0,0,0,Healthy,0
NB09574,Female,31.96,5.2,145,29,92.9,46.68,26.56,5.22,46.31,27.14,7,5,1,2.97,36.7,9,0,0,3,At Risk,0
NB09575,Female,38.89,5.2,156,43,97.4,53.83,35.54,4.91,54.06,35.67,6,8,3,2.61,36.93,10,0,0,0,Healthy,0
NB09576,Male,36.14,5.2,163,35,89.8,45.14,36.78,5.15,45.09,36.47,6,3,1,4.07,36.5,9,1,0,4,At Risk,0
NB09577,Male,34.46,5.2,120,40,99.5,48.86,33.34,4.98,48.58,33.4,2,8,2,5.75,37.19,9,0,0,1,Healthy,0
NB09578,Male,39.66,5.2,138,33,100.0,52.63,34.3,5.22,52.34,34.28,11,7,3,2.38,36.83,8,0,0,0,Healthy,0
NB09579,Female,35.62,5.2,144,28,94.9,49.83,35.56,5.05,50.57,35.55,8,9,0,6.72,37.12,8,0,0,0,Healthy,0
NB09580,Female,37.25,5.2,146,20,91.4,50.56,33.32,5.09,50.13,33.77,10,5,2,2.16,36.72,10,0,0,2,Healthy,0
NB09581,Female,41.23,5.2,156,37,97.7,52.05,36.52,5.44,50.77,36.84,8,13,3,2.89,37.02,10,0,0,0,Healthy,0
NB09582,Male,34.9,5.2,155,44,95.3,50.88,31.23,5.14,50.94,32.48,3,2,2,4.58,37.1,10,0,0,2,Healthy,0
NB09583,Female,34.63,5.2,140,50,100.0,47.24,31.0,4.68,47.35,30.51,8,7,3,4.13,35.89,7,0,0,3,At Risk,0
NB09584,Male,38.59,5.2,161,29,92.9,49.26,30.84,5.2,48.76,31.95,8,5,3,5.37,36.14,9,0,0,0,Healthy,0
NB09585,Male,40.53,5.2,157,44,90.3,52.89,36.75,5.5,55.53,37.06,11,10,7,0.2,36.55,7,0,0,0,Healthy,0
NB09586,Female,34.54,5.2,156,48,96.1,48.43,30.93,5.3,49.38,30.98,10,5,4,2.6,36.74,10,0,0,0,Healthy,0
NB09587,Female,38.9,5.2,130,46,97.0,50.6,34.15,5.41,50.57,33.7,8,6,2,2.82,37.37,7,0,0,0,Healthy,0
NB09588,Male,39.28,5.2,153,45,92.3,51.54,35.1,5.11,51.0,34.85,8,7,1,6.23,37.0,7,0,0,0,Healthy,0
NB09589,Male,33.47,5.2,162,20,98.4,45.7,30.01,5.36,44.6,30.18,6,7,4,4.09,37.04,10,0,0,2,Healthy,0
NB09590,Female,39.76,5.2,131,41,95.2,49.86,35.43,5.14,48.88,34.88,6,6,1,0.53,37.49,9,0,0,0,Healthy,0
NB09591,Female,39.93,5.2,142,41,94.1,49.69,36.95,5.29,49.6,37.0,6,10,4,4.11,37.42,7,0,0,1,Healthy,0
NB09592,Male,37.31,5.2,168,47,96.9,46.18,33.93,5.46,47.21,35.15,8,4,5,5.21,36.35,9,0,0,0,Healthy,0
NB09593,Female,40.76,5.2,147,56,94.0,55.12,35.5,5.02,56.17,35.76,8,9,4,2.78,37.35,10,0,0,0,Healthy,0
NB09594,Male,40.5,5.2,138,39,92.4,51.4,35.36,4.87,51.91,35.74,7,5,4,1.88,36.85,8,0,0,0,Healthy,0
NB09595,Male,38.23,5.2,166,39,89.4,42.95,34.26,5.15,43.84,33.74,9,2,4,3.51,36.57,8,1,0,5,At Risk,0
NB09596,Female,37.01,5.2,132,43,92.8,49.5,31.86,5.3,49.95,32.25,7,8,4,2.28,36.67,7,0,0,0,Healthy,0
NB09597,Female,35.86,5.2,109,42,100.0,48.43,32.61,5.5,49.21,31.78,9,5,1,3.73,36.52,8,0,0,0,Healthy,0
NB09598,Female,37.92,5.2,126,46,95.1,45.79,34.77,5.25,45.93,33.5,12,4,6,3.64,36.86,8,0,0,0,Healthy,0
NB09599,Female,39.25,5.2,160,47,91.4,49.06,34.81,5.36,48.53,35.18,11,9,6,4.61,36.76,10,0,0,0,Healthy,0
NB09600,Female,37.29,5.2,149,40,99.4,47.21,32.66,5.09,47.35,32.84,6,3,1,2.93,37.36,9,0,0,0,Healthy,0
NB09601,Male,33.17,5.2,141,47,94.8,43.76,29.99,5.1,43.36,30.91,7,5,3,0.2,37.67,9,0,0,0,Healthy,0
NB09602,Female,40.79,5.2,159,40,96.0,54.54,36.73,5.3,55.05,35.76,11,9,4,3.66,36.62,9,0,0,0,Healthy,0
NB09603,Female,38.42,5.2,143,27,96.0,49.68,32.44,5.5,48.82,33.04,5,4,4,3.05,36.22,10,0,0,0,Healthy,0
NB09604,Female,37.16,5.2,136,30,100.0,47.99,31.99,5.23,48.2,31.95,7,4,6,3.47,37.1,8,0,0,1,Healthy,0
NB09605,Female,39.89,5.2,155,19,90.3,53.54,32.71,5.28,55.35,33.23,8,7,4,2.7,37.22,8,0,0,2,Healthy,0
NB09606,Female,41.35,5.2,133,59,100.0,53.61,36.2,5.09,55.83,35.45,7,6,4,3.09,36.97,9,0,0,0,Healthy,0
NB09607,Male,31.84,5.2,149,55,97.6,40.57,30.78,5.12,41.73,31.16,8,7,3,1.76,36.11,10,0,0,3,At Risk,0
NB09608,Male,38.96,5.2,126,52,95.3,49.23,36.47,5.45,50.66,35.63,9,6,3,2.56,36.44,10,0,0,0,Healthy,0
NB09609,Female,34.86,5.2,121,40,92.0,47.42,33.93,4.94,46.75,34.85,8,4,4,3.72,36.87,8,0,0,0,Healthy,0
NB09610,Male,39.1,5.2,124,52,94.1,48.72,33.53,5.08,48.34,33.29,6,8,4,1.86,36.52,8,0,0,0,Healthy,0
NB09611,Female,38.28,5.2,140,51,95.1,53.91,34.37,5.18,54.53,34.35,11,9,3,6.75,36.35,10,0,0,0,Healthy,0
NB09612,Female,39.4,5.2,128,27,100.0,51.08,34.18,5.25,53.26,34.49,8,5,3,0.51,37.76,9,0,0,0,Healthy,0
NB09613,Male,36.9,5.2,129,34,100.0,47.1,35.5,5.21,48.81,35.06,9,11,3,1.91,36.35,8,0,0,0,Healthy,0
NB09614,Male,33.88,5.2,137,47,93.6,43.65,32.87,5.39,42.86,33.41,7,11,2,2.36,37.34,10,0,0,1,Healthy,0
NB09615,Male,37.01,5.2,139,37,100.0,50.56,33.36,5.5,50.97,34.15,8,13,1,0.2,36.99,5,0,1,6,At Risk,0
NB09616,Male,38.9,5.2,112,35,98.3,49.11,33.5,5.02,50.2,32.65,6,6,2,4.45,37.07,9,0,0,0,Healthy,0
NB09617,Female,40.23,5.2,95,50,96.6,52.37,30.19,5.28,53.99,30.01,6,7,4,3.63,37.31,8,1,1,5,At Risk,0
NB09618,Male,35.42,5.2,147,34,94.0,44.98,29.84,5.1,44.94,29.59,9,6,3,5.5,36.49,7,0,0,0,Healthy,0
NB09619,Male,40.26,5.2,143,67,93.0,51.77,32.6,5.42,51.86,32.08,6,8,4,0.2,36.67,10,0,0,1,Healthy,0
NB09620,Male,36.57,5.2,115,58,96.9,47.05,30.63,5.5,47.52,30.7,7,4,4,1.85,37.01,9,0,0,0,Healthy,0
NB09621,Female,38.8,5.2,148,40,96.3,49.69,37.18,5.22,48.75,37.51,12,6,6,0.96,35.97,8,0,0,3,At Risk,0
NB09622,Male,36.88,5.2,148,54,93.6,47.0,31.07,5.43,47.1,30.67,11,9,2,5.04,37.54,10,0,0,0,Healthy,0
NB09623,Female,38.4,5.2,135,44,98.9,52.01,32.49,5.04,52.86,33.56,6,5,3,3.66,36.85,8,0,0,0,Healthy,0
NB09624,Female,39.96,5.2,175,38,95.6,50.38,33.79,5.48,50.23,33.89,9,6,0,2.11,36.38,9,0,0,0,Healthy,0
NB09625,Male,35.3,5.2,163,62,96.5,46.88,35.81,5.5,48.86,35.99,5,8,2,2.84,37.29,7,0,0,0,Healthy,0
NB09626,Male,36.5,5.2,133,46,98.8,48.06,32.66,5.2,48.78,32.88,11,7,3,4.73,36.84,10,0,0,0,Healthy,0
NB09627,Female,38.41,5.2,133,33,97.9,53.19,35.58,5.36,52.01,34.83,8,6,4,1.96,36.48,8,0,0,0,Healthy,0
NB09628,Male,42.0,5.2,114,47,89.3,54.98,36.86,4.98,54.62,36.02,10,9,3,0.2,37.23,7,1,0,4,At Risk,0
NB09629,Male,36.1,5.2,162,59,97.7,49.47,29.49,5.11,47.74,30.32,9,7,2,1.61,35.75,9,0,0,3,At Risk,0
NB09630,Female,42.0,5.2,144,42,95.1,50.04,38.9,5.34,50.07,39.78,7,8,6,2.19,36.99,10,0,0,0,Healthy,0
NB09631,Male,42.0,5.2,155,44,93.4,51.89,37.2,5.5,51.14,37.88,7,5,2,0.88,37.39,7,0,0,1,Healthy,0
NB09632,Female,37.79,5.2,102,39,95.2,51.78,33.47,4.87,52.03,33.3,7,6,0,3.9,36.43,7,0,0,1,Healthy,0
NB09633,Female,37.34,5.2,154,46,93.9,46.67,35.98,5.27,46.65,35.63,9,9,0,7.79,36.22,9,0,0,0,Healthy,0
NB09634,Male,36.48,5.2,131,32,95.4,48.4,32.21,5.48,49.0,31.98,6,11,5,3.82,36.99,7,0,0,0,Healthy,0
NB09635,Male,37.85,5.2,151,34,94.9,47.33,33.48,5.5,48.95,32.33,8,6,4,4.51,36.5,10,0,0,0,Healthy,0
NB09636,Female,34.91,5.2,149,39,97.4,44.88,31.12,5.19,46.37,31.03,8,9,4,3.0,37.81,8,0,0,0,Healthy,0
NB09637,Male,37.83,5.2,140,44,89.6,52.81,35.3,5.49,54.65,35.34,5,8,2,2.42,36.56,9,1,0,5,At Risk,0
NB09638,Female,41.29,5.2,127,53,95.6,54.0,37.33,5.38,54.1,37.33,6,9,0,4.81,36.71,8,0,0,0,Healthy,0
NB09639,Male,36.66,5.2,147,41,94.9,50.36,33.28,5.5,50.26,32.95,5,7,1,3.74,37.03,8,0,0,0,Healthy,0
NB09640,Female,37.47,5.2,125,50,100.0,50.69,31.85,5.19,50.13,32.08,7,9,0,1.23,35.98,8,0,0,2,Healthy,0
NB09641,Male,34.26,5.2,159,38,88.1,45.95,30.62,5.25,45.53,31.34,8,8,3,4.41,36.83,10,1,0,4,At Risk,0
NB09642,Female,38.82,5.2,127,48,98.2,48.96,32.8,5.11,49.58,32.29,9,6,5,3.63,37.3,10,0,0,0,Healthy,0
NB09643,Male,38.58,5.2,140,54,96.5,49.32,35.95,5.17,48.22,35.73,6,6,1,5.48,36.76,10,0,0,0,Healthy,0
NB09644,Female,38.14,5.2,127,41,97.7,49.34,31.54,5.17,49.17,29.37,5,13,3,3.5,36.28,9,0,0,0,Healthy,0
NB09645,Male,37.52,5.2,143,46,93.4,52.72,35.86,5.07,51.65,36.71,7,9,4,2.31,36.6,8,0,0,0,Healthy,0
NB09646,Female,37.36,5.2,121,36,96.1,46.35,35.28,5.5,46.58,35.05,9,8,1,2.81,35.94,8,0,0,3,At Risk,0
NB09647,Male,39.1,5.2,125,48,95.5,49.49,33.2,5.24,48.66,33.35,11,6,4,3.31,36.67,6,0,1,6,At Risk,0
NB09648,Female,37.94,5.2,181,15,100.0,47.72,33.13,5.13,46.54,32.92,8,6,3,2.08,37.3,6,0,1,10,High Risk,1
NB09649,Male,38.69,5.2,155,26,93.9,52.34,33.22,5.15,52.41,33.37,6,8,2,1.17,36.52,8,0,0,0,Healthy,0
NB09650,Male,38.47,5.2,147,48,92.3,53.73,34.78,4.92,52.38,35.2,9,5,5,1.0,37.11,9,0,0,0,Healthy,0
NB09651,Female,40.47,5.2,149,26,100.0,52.44,37.65,5.35,52.9,37.35,8,3,4,1.14,36.13,8,0,0,0,Healthy,0
NB09652,Male,39.49,5.2,146,37,96.2,51.72,36.62,5.06,51.41,36.99,8,9,4,3.48,37.65,9,0,0,0,Healthy,0
NB09653,Female,38.42,5.2,138,56,96.8,50.16,33.45,5.11,50.47,32.48,5,11,3,3.63,37.31,10,0,0,0,Healthy,0
NB09654,Female,41.34,5.2,154,51,98.9,53.48,38.02,5.46,51.81,38.55,9,11,5,3.93,36.58,9,0,0,0,Healthy,0
NB09655,Male,38.92,5.2,125,66,95.3,51.98,36.2,5.12,53.51,35.78,7,9,0,3.11,36.2,10,0,0,1,Healthy,0
NB09656,Female,40.87,5.2,169,43,93.5,53.04,35.53,5.32,52.07,35.97,7,6,3,3.75,36.57,9,0,0,0,Healthy,0
NB09657,Male,39.34,5.2,142,41,95.5,51.8,34.72,5.12,53.79,35.11,10,11,2,3.51,36.93,8,0,0,0,Healthy,0
NB09658,Male,33.95,5.2,154,42,92.1,47.5,33.28,5.13,47.27,34.99,9,11,2,4.75,37.29,8,0,0,0,Healthy,0
NB09659,Male,40.87,5.2,168,33,89.9,48.63,37.4,5.1,50.13,38.03,6,8,2,3.17,35.85,8,1,0,7,At Risk,0
NB09660,Female,38.3,5.2,149,40,92.0,49.87,35.85,5.19,51.03,36.67,11,10,4,3.95,37.34,10,0,0,0,Healthy,0
NB09661,Male,37.89,5.2,125,29,86.7,50.11,37.6,4.95,49.86,37.86,10,2,2,6.36,36.92,8,1,0,5,At Risk,0
NB09662,Female,38.62,5.2,162,54,93.7,50.99,35.05,5.38,51.88,35.25,6,8,3,3.13,36.28,10,0,0,1,Healthy,0
NB09663,Female,37.24,5.2,171,49,93.3,48.58,33.76,5.5,48.46,32.71,4,8,7,6.0,35.65,8,0,0,2,Healthy,0
NB09664,Female,38.5,5.2,105,30,97.1,50.37,36.19,5.35,50.34,37.12,9,6,3,4.63,36.86,9,0,0,0,Healthy,0
NB09665,Male,36.7,5.2,138,35,95.5,46.99,35.87,5.05,47.93,37.14,9,6,2,5.39,36.9,8,0,0,1,Healthy,0
NB09666,Female,40.8,5.2,145,46,94.5,48.57,34.85,5.37,47.22,34.94,6,10,2,4.61,36.52,8,0,0,0,Healthy,0
NB09667,Male,37.75,5.2,135,45,99.1,51.34,33.32,4.92,50.95,33.0,12,8,3,0.74,37.21,8,0,0,0,Healthy,0
NB09668,Female,37.16,5.2,118,32,93.5,46.57,31.68,5.08,47.23,31.43,8,9,3,2.49,37.72,8,0,0,0,Healthy,0
NB09669,Male,35.97,5.2,124,43,91.1,47.45,32.89,5.14,48.56,32.88,8,10,6,1.68,36.62,10,0,0,0,Healthy,0
NB09670,Male,38.59,5.2,107,48,86.2,48.63,35.55,5.44,49.01,35.17,9,8,3,3.07,36.46,6,1,1,10,High Risk,1
NB09671,Male,38.41,5.2,157,48,95.1,53.14,32.66,5.37,52.67,32.92,10,8,2,0.76,37.57,10,0,0,0,Healthy,0
NB09672,Male,38.85,5.2,165,59,94.8,50.21,36.1,4.94,50.88,36.77,9,8,6,6.59,36.7,10,0,0,0,Healthy,0
NB09673,Male,35.74,5.2,164,45,99.4,46.95,31.54,5.39,46.81,31.56,8,3,2,5.27,37.1,6,0,1,6,At Risk,0
NB09674,Male,34.48,5.2,139,30,92.0,47.93,30.53,5.12,50.33,30.91,5,9,1,0.2,36.53,8,0,0,1,Healthy,0
NB09675,Female,39.38,5.2,145,31,97.6,55.15,36.46,5.35,55.53,37.14,8,8,2,3.26,37.31,9,0,0,0,Healthy,0
NB09676,Female,41.27,5.2,159,55,86.3,53.35,35.15,5.08,51.9,35.02,11,9,0,5.39,36.24,7,1,0,4,At Risk,0
NB09677,Male,35.74,5.2,136,58,90.5,46.81,30.11,5.21,46.53,31.19,7,7,4,6.62,36.87,6,0,1,7,At Risk,0
NB09678,Male,41.5,5.2,123,42,96.3,54.14,37.36,5.07,53.44,38.62,8,8,3,1.67,36.93,9,0,0,0,Healthy,0
NB09679,Male,38.62,5.2,130,46,97.4,47.02,34.04,5.21,45.83,34.94,2,10,4,2.67,36.72,10,0,0,1,Healthy,0
NB09680,Male,37.98,5.2,143,43,89.2,49.68,35.59,4.99,48.69,35.84,11,3,2,4.64,36.51,8,1,0,4,At Risk,0
NB09681,Female,37.13,5.2,127,39,92.2,52.8,34.44,5.06,52.83,33.93,8,1,3,3.31,37.61,10,0,0,2,Healthy,0
NB09682,Male,34.95,5.2,149,27,95.2,47.17,29.05,5.1,46.54,29.49,8,10,5,2.65,37.16,9,0,0,0,Healthy,0
NB09683,Male,40.17,5.2,116,47,94.7,51.77,37.29,5.04,52.24,37.63,9,7,4,3.47,36.41,7,0,0,0,Healthy,0
NB09684,Female,36.29,5.2,136,60,96.9,48.11,35.46,5.15,48.58,36.66,9,2,4,2.26,35.95,6,0,1,9,High Risk,0
NB09685,Female,36.28,5.2,147,44,98.2,47.27,34.15,5.25,47.24,34.04,9,6,4,0.33,37.47,8,0,0,0,Healthy,0
NB09686,Female,40.18,5.2,142,39,90.5,52.19,36.94,5.5,52.36,36.6,6,8,5,4.5,36.38,10,0,0,0,Healthy,0
NB09687,Female,33.86,5.2,127,38,96.6,47.42,30.53,5.01,49.43,31.72,11,7,3,2.94,36.83,8,0,0,0,Healthy,0
NB09688,Female,34.65,5.2,153,47,92.5,45.92,30.74,5.02,47.63,30.7,10,7,3,2.28,36.84,5,0,1,6,At Risk,0
NB09689,Female,37.96,5.2,145,54,96.2,44.58,34.09,5.24,44.96,34.2,9,8,3,2.97,36.93,8,0,0,0,Healthy,0
NB09690,Female,38.65,5.2,102,47,93.4,51.11,35.63,4.9,51.5,35.35,11,5,2,1.95,36.04,9,0,0,0,Healthy,0
NB09691,Female,39.07,5.2,148,23,98.8,54.83,35.89,5.28,55.54,36.11,8,4,3,1.72,36.64,9,0,0,2,Healthy,0
NB09692,Female,37.34,5.2,132,59,97.1,48.25,32.68,5.23,48.84,32.78,7,9,5,0.2,36.79,10,0,0,0,Healthy,0
NB09693,Female,42.0,5.2,131,50,91.5,50.26,35.79,5.34,50.88,35.89,9,10,2,2.92,36.78,8,0,0,0,Healthy,0
NB09694,Male,37.5,5.2,125,40,89.1,50.5,31.21,5.5,49.14,31.4,10,7,3,1.92,37.12,8,1,0,5,At Risk,0
NB09695,Male,37.49,5.2,122,37,99.2,52.63,34.41,5.24,52.88,34.54,7,1,4,1.78,36.87,7,0,0,1,Healthy,0
NB09696,Male,36.25,5.2,144,38,92.5,49.08,31.99,5.12,50.03,31.34,7,6,3,5.12,37.0,10,0,0,0,Healthy,0
NB09697,Male,38.27,5.2,150,51,92.9,53.29,33.54,5.42,53.28,34.33,6,4,3,0.46,36.53,8,0,0,0,Healthy,0
NB09698,Male,39.35,5.2,143,22,97.6,52.4,37.34,5.23,51.74,37.95,8,6,4,3.26,37.57,9,0,0,2,Healthy,0
NB09699,Male,40.65,5.2,157,47,91.4,53.4,36.55,5.2,53.48,36.99,8,7,4,3.19,36.67,6,0,1,6,At Risk,0
NB09700,Female,34.72,5.2,150,45,95.7,45.62,31.99,5.5,45.88,31.66,6,11,1,3.46,36.95,8,0,0,0,Healthy,0
NB09701,Male,37.46,5.2,104,45,95.1,49.68,34.67,5.38,48.49,35.44,4,9,4,7.79,36.85,8,0,0,0,Healthy,0
NB09702,Female,38.98,5.2,124,30,94.7,50.43,36.62,5.04,50.08,36.68,7,1,3,0.2,37.0,9,0,0,1,Healthy,0
NB09703,Female,39.29,5.2,161,25,99.2,50.63,32.28,5.05,51.55,32.14,9,4,1,3.78,37.34,5,0,1,8,High Risk,0
NB09704,Male,38.01,5.2,117,64,96.6,49.11,32.96,4.96,49.7,32.95,11,10,4,3.44,36.42,9,0,0,0,Healthy,0
NB09705,Female,39.19,5.2,91,43,98.4,51.13,34.29,5.01,51.61,34.3,10,5,5,4.27,37.17,10,1,1,5,At Risk,0
NB09706,Male,36.22,5.2,173,61,94.1,45.41,31.09,5.46,47.14,30.48,13,8,3,2.02,37.13,8,0,0,1,Healthy,0
NB09707,Female,41.43,5.2,145,51,92.5,54.31,35.8,5.13,54.66,36.37,7,5,4,4.93,36.88,7,0,0,0,Healthy,0
NB09708,Female,40.18,5.2,128,43,98.6,49.81,33.0,4.87,50.16,33.2,9,9,4,2.84,36.9,10,0,0,0,Healthy,0
NB09709,Male,35.04,5.2,125,44,93.0,46.44,33.11,5.32,47.81,33.74,8,8,5,4.01,36.28,7,0,0,0,Healthy,0
NB09710,Female,35.63,5.2,151,53,95.4,48.13,31.37,5.26,48.32,31.13,13,9,4,5.17,36.65,10,0,0,0,Healthy,0
NB09711,Male,35.7,5.2,149,54,96.5,45.67,32.49,5.14,46.36,32.83,9,2,3,2.02,35.94,10,0,0,3,At Risk,0
NB09712,Female,39.49,5.2,146,47,92.3,47.01,34.92,5.1,45.4,34.97,3,8,1,4.06,36.66,9,0,0,2,Healthy,0
NB09713,Male,35.17,5.2,137,53,92.3,46.29,32.66,5.23,47.0,32.5,7,4,2,3.03,36.77,9,0,0,0,Healthy,0
NB09714,Female,37.27,5.2,117,53,94.0,46.08,29.6,5.24,45.93,29.91,5,9,4,4.21,36.17,9,0,0,1,Healthy,0
NB09715,Male,39.0,5.2,139,45,97.6,51.92,35.18,5.31,52.04,35.69,11,12,4,2.55,36.93,8,0,0,0,Healthy,0
NB09716,Male,37.85,5.2,159,36,96.2,47.16,33.29,4.88,48.84,33.02,6,3,1,3.24,37.34,10,0,0,0,Healthy,0
NB09717,Male,38.57,5.2,130,47,90.3,53.08,34.81,5.01,53.66,35.86,9,8,2,4.61,36.9,9,0,0,0,Healthy,0
NB09718,Female,35.66,5.2,151,35,100.0,47.48,30.39,5.14,48.08,30.34,8,4,2,0.2,36.8,8,0,0,0,Healthy,0
NB09719,Female,39.31,5.2,133,38,96.3,50.9,35.34,4.96,50.61,36.75,7,5,5,6.59,36.56,8,0,0,0,Healthy,0
NB09720,Male,36.65,5.2,154,46,93.5,44.42,34.8,5.33,44.44,34.46,6,6,2,2.63,36.97,8,0,0,0,Healthy,0
NB09721,Male,37.29,5.2,122,41,94.5,49.25,33.58,5.37,50.81,33.48,7,9,1,5.14,36.34,7,0,0,0,Healthy,0
NB09722,Female,38.52,5.2,140,55,94.2,49.91,33.09,5.11,50.55,31.94,8,9,5,4.83,35.71,9,0,0,2,Healthy,0
NB09723,Male,38.23,5.2,148,35,93.7,47.21,32.95,5.36,49.07,33.05,7,9,3,3.27,37.51,9,0,0,0,Healthy,0
NB09724,Male,38.05,5.2,128,21,99.1,49.82,34.7,5.28,49.15,35.53,9,5,3,1.87,37.23,8,0,0,3,At Risk,0
NB09725,Female,36.35,5.2,147,55,100.0,47.32,33.5,5.28,46.01,32.99,5,8,2,3.56,36.31,8,0,0,0,Healthy,0
NB09726,Male,37.34,5.2,139,42,93.2,48.57,33.87,4.65,48.54,34.36,5,5,2,6.81,36.15,10,0,0,1,Healthy,0
NB09727,Male,38.0,5.2,139,43,93.4,49.66,33.75,5.19,50.83,33.45,10,7,4,0.2,36.85,9,0,0,0,Healthy,0
NB09728,Female,34.97,5.2,128,34,94.7,45.93,31.99,5.11,46.38,32.27,6,5,3,5.07,36.83,7,0,0,0,Healthy,0
NB09729,Male,36.98,5.2,158,23,90.2,49.18,32.99,5.2,48.13,33.61,5,8,2,2.33,37.17,7,0,0,2,Healthy,0
NB09730,Male,38.85,5.2,123,34,96.8,50.19,33.83,5.14,49.91,35.26,9,5,2,0.2,36.65,10,0,0,0,Healthy,0
NB09731,Male,35.19,5.2,145,48,95.7,48.02,32.97,4.99,48.82,33.8,8,7,4,0.2,37.32,7,0,0,0,Healthy,0
NB09732,Male,40.54,5.2,125,40,95.5,50.83,36.05,5.16,52.01,35.97,10,8,5,1.5,36.7,7,0,0,0,Healthy,0
NB09733,Male,40.79,5.2,139,39,88.5,49.98,37.69,5.15,49.48,36.87,3,3,2,1.2,37.35,8,1,0,5,At Risk,0
NB09734,Female,35.26,5.2,152,25,87.1,45.72,33.56,5.41,47.23,33.96,5,10,3,2.87,36.72,10,1,0,5,At Risk,0
NB09735,Female,40.99,5.2,135,60,93.7,55.17,36.31,5.2,56.07,37.27,9,12,4,3.46,36.41,10,0,0,1,Healthy,0
NB09736,Female,37.68,5.2,85,41,97.3,51.23,34.47,5.12,50.73,34.6,9,4,3,4.47,36.63,7,1,1,5,At Risk,0
NB09737,Male,38.92,5.2,116,65,88.8,52.86,33.01,4.98,54.91,32.85,10,2,3,4.75,37.09,6,1,1,12,High Risk,1
NB09738,Male,36.91,5.2,101,46,98.1,51.18,32.92,5.5,50.84,33.5,9,8,3,2.27,36.96,8,0,0,0,Healthy,0
NB09739,Female,40.03,5.2,141,58,93.9,50.49,35.74,5.43,50.34,35.74,8,9,4,5.86,36.82,9,0,0,0,Healthy,0
NB09740,Female,38.89,5.2,140,35,92.1,51.0,32.05,5.26,52.05,31.99,7,3,2,4.51,36.33,10,0,0,0,Healthy,0
NB09741,Female,36.21,5.2,134,27,95.3,48.14,33.19,4.95,48.07,33.48,4,6,3,6.2,36.77,7,0,0,0,Healthy,0
NB09742,Male,35.44,5.2,129,40,90.5,48.61,30.57,4.93,50.35,31.12,12,8,5,4.27,36.51,10,0,0,0,Healthy,0
NB09743,Male,34.79,5.2,144,48,86.1,46.13,30.28,5.5,47.46,29.73,6,6,4,2.06,36.49,9,1,0,4,At Risk,0
NB09744,Female,38.41,5.2,114,49,99.2,50.16,33.3,5.5,50.76,32.35,10,9,5,2.02,37.25,9,0,0,0,Healthy,0
NB09745,Male,39.26,5.2,157,46,94.8,50.88,34.64,5.28,51.92,34.02,7,8,3,1.0,36.46,9,0,0,0,Healthy,0
NB09746,Male,39.43,5.2,141,65,92.5,51.95,32.81,5.07,51.65,32.42,8,5,4,1.73,36.43,10,0,0,0,Healthy,0
NB09747,Male,37.74,5.2,123,46,93.0,50.68,34.9,5.12,50.52,36.17,6,9,7,3.12,36.94,10,0,0,0,Healthy,0
NB09748,Male,35.45,5.2,132,39,92.3,47.5,32.28,5.06,46.33,32.11,8,7,4,2.01,36.39,8,0,0,0,Healthy,0
NB09749,Male,36.5,5.2,138,40,93.8,48.5,35.64,5.5,49.07,36.05,9,4,1,2.7,36.55,7,0,0,0,Healthy,0
NB09750,Female,40.54,5.2,115,34,94.6,52.33,36.02,5.19,54.71,35.78,5,6,2,4.08,37.67,10,0,0,0,Healthy,0
NB09751,Male,36.93,5.2,152,45,97.4,51.93,33.91,5.39,51.55,33.6,9,8,3,2.58,36.72,7,0,0,0,Healthy,0
NB09752,Female,38.32,5.2,157,53,92.6,46.42,32.74,5.42,44.74,33.49,11,4,3,8.62,37.1,8,0,0,1,Healthy,0
NB09753,Female,35.63,5.2,142,56,91.3,45.53,30.37,4.97,46.45,29.39,9,4,4,2.66,37.93,8,0,0,0,Healthy,0
NB09754,Male,38.74,5.2,157,39,93.1,51.61,35.25,5.25,52.14,36.13,10,11,1,7.28,36.89,9,0,0,0,Healthy,0
NB09755,Female,36.99,5.2,188,41,100.0,49.23,31.46,5.17,49.98,31.55,8,5,1,1.95,37.04,9,0,0,1,Healthy,0
NB09756,Female,40.3,5.2,106,36,95.5,52.2,36.37,5.49,52.05,36.54,7,10,3,1.93,36.94,7,0,0,0,Healthy,0
NB09757,Female,39.7,5.2,141,52,96.4,52.47,37.55,5.35,50.93,38.3,8,3,3,6.45,36.65,10,0,0,0,Healthy,0
NB09758,Male,36.91,5.2,116,30,94.1,49.05,34.46,5.22,48.31,35.41,6,8,1,4.91,36.86,10,0,0,0,Healthy,0
NB09759,Female,37.72,5.2,168,35,100.0,48.23,34.46,5.26,46.5,34.03,7,9,6,2.97,36.72,9,0,0,0,Healthy,0
NB09760,Male,36.79,5.2,144,15,98.0,49.77,33.36,5.09,50.89,32.54,5,4,4,1.68,36.39,8,0,0,2,Healthy,0
NB09761,Female,34.88,5.2,127,30,91.4,46.83,31.04,5.04,47.6,30.14,6,5,3,4.96,37.17,7,0,0,0,Healthy,0
NB09762,Female,36.11,5.2,135,36,95.6,47.01,32.31,5.08,46.91,32.42,10,10,4,3.44,35.99,8,0,0,2,Healthy,0
NB09763,Male,38.44,5.2,164,37,93.6,51.37,33.26,5.33,50.47,32.8,3,12,2,5.69,36.8,8,0,0,1,Healthy,0
NB09764,Female,38.72,5.2,148,29,96.4,51.55,32.33,5.41,51.45,31.66,9,9,6,1.46,36.67,6,0,1,6,At Risk,0
NB09765,Female,38.33,5.2,150,31,98.5,50.32,34.08,5.36,48.8,34.49,12,7,2,2.79,36.33,10,0,0,0,Healthy,0
NB09766,Female,37.34,5.2,167,55,90.7,52.44,35.0,4.92,52.09,35.45,8,7,3,4.31,37.08,10,0,0,0,Healthy,0
NB09767,Female,40.05,5.2,157,34,96.3,54.1,33.3,5.29,56.53,33.25,6,4,6,4.0,36.34,8,0,0,1,Healthy,0
NB09768,Female,38.14,5.2,160,24,92.2,51.73,36.0,5.35,52.12,35.94,9,2,2,1.85,36.62,9,0,0,3,At Risk,0
NB09769,Male,39.55,5.2,138,32,100.0,56.13,36.71,5.5,58.71,36.96,5,9,3,3.77,37.13,10,0,0,0,Healthy,0
NB09770,Female,34.1,5.2,99,32,98.4,45.79,31.66,4.96,44.17,31.03,6,2,3,3.31,35.93,7,1,1,8,High Risk,0
NB09771,Male,29.37,5.2,142,41,88.0,40.9,28.37,5.44,40.91,28.8,5,6,1,1.27,37.28,6,1,1,13,High Risk,1
NB09772,Female,38.62,5.2,128,46,91.1,51.88,33.96,5.5,50.99,34.52,5,7,4,5.54,36.78,8,0,0,0,Healthy,0
NB09773,Male,34.87,5.2,154,28,90.3,46.27,31.67,5.01,45.89,32.56,10,5,4,0.2,36.66,10,0,0,0,Healthy,0
NB09774,Male,37.53,5.2,108,45,94.8,49.2,32.78,5.36,49.39,31.78,8,9,4,2.24,36.18,8,0,0,0,Healthy,0
NB09775,Male,37.34,5.2,155,56,96.1,47.03,33.38,4.89,46.78,33.79,9,7,3,4.71,36.84,8,0,0,0,Healthy,0
NB09776,Female,41.49,5.2,143,52,97.8,53.96,36.45,5.22,53.05,36.9,8,6,0,4.43,36.81,7,0,0,0,Healthy,0
NB09777,Female,38.88,5.2,146,48,94.1,47.45,37.24,5.02,47.11,38.3,5,8,4,2.84,37.05,6,0,1,6,At Risk,0
NB09778,Female,38.36,5.2,151,46,94.0,49.74,34.9,5.37,48.97,34.89,7,8,2,0.67,36.59,10,0,0,0,Healthy,0
NB09779,Female,39.84,5.2,139,39,96.0,51.23,34.77,5.22,51.72,34.76,6,9,1,1.54,36.36,10,0,0,0,Healthy,0
NB09780,Female,38.81,5.2,134,56,100.0,49.46,34.22,5.16,50.56,34.18,7,6,3,1.35,36.94,10,0,0,0,Healthy,0
NB09781,Male,36.99,5.2,160,46,89.7,45.18,32.03,5.35,46.57,31.89,8,9,2,0.2,36.54,9,1,0,4,At Risk,0
NB09782,Male,40.36,5.2,151,34,88.4,48.19,34.63,5.06,48.56,34.19,7,8,2,5.92,37.03,8,1,0,4,At Risk,0
NB09783,Male,35.56,5.2,152,40,93.1,45.91,33.46,5.23,46.07,32.94,8,9,5,6.67,36.34,10,0,0,0,Healthy,0
NB09784,Female,38.71,5.2,139,35,92.5,51.32,33.56,5.37,50.0,33.24,8,9,3,1.95,37.16,9,0,0,0,Healthy,0
NB09785,Female,34.6,5.2,142,41,92.4,47.11,30.49,5.16,47.23,30.86,6,9,2,0.2,37.47,7,0,0,0,Healthy,0
NB09786,Male,38.45,5.2,140,54,95.0,49.97,33.23,5.26,50.4,32.79,8,7,4,3.48,36.73,6,0,1,6,At Risk,0
NB09787,Male,38.42,5.2,109,40,90.9,48.21,33.0,5.18,48.09,33.48,11,8,3,3.28,37.41,7,0,0,0,Healthy,0
NB09788,Male,41.69,5.2,115,34,92.9,53.6,38.07,5.5,52.63,38.15,7,9,4,4.81,37.14,8,0,0,0,Healthy,0
NB09789,Male,34.56,5.2,138,52,94.0,42.9,31.6,5.5,43.87,32.03,5,5,0,3.61,36.95,9,0,0,0,Healthy,0
NB09790,Female,36.68,5.2,106,55,94.1,43.62,32.45,5.21,42.99,32.97,8,8,0,3.43,36.79,9,0,0,0,Healthy,0
NB09791,Male,39.81,5.2,138,34,94.5,50.74,35.11,5.21,51.83,35.04,10,2,2,1.38,36.56,8,0,0,1,Healthy,0
NB09792,Male,38.74,5.2,124,57,94.5,49.17,34.64,5.03,50.18,35.45,9,7,3,2.9,37.34,9,0,0,0,Healthy,0
NB09793,Male,38.4,5.2,139,52,92.2,51.98,32.96,5.5,50.06,33.75,9,1,5,4.99,37.25,10,0,0,2,Healthy,0
NB09794,Female,35.9,5.2,143,36,94.1,48.02,30.24,5.39,49.06,29.64,11,5,1,6.09,36.33,9,0,0,0,Healthy,0
NB09795,Female,36.7,5.2,107,54,95.0,51.73,34.9,5.41,51.74,34.58,11,3,1,3.48,36.85,7,0,0,0,Healthy,0
NB09796,Female,40.74,5.2,146,30,98.4,50.97,37.2,5.5,49.51,37.1,10,10,5,3.92,36.43,7,0,0,0,Healthy,0
NB09797,Male,37.89,5.2,132,37,89.8,50.47,34.29,5.22,50.06,35.0,7,5,2,2.81,37.01,6,1,1,10,High Risk,1
NB09798,Female,38.83,5.2,98,31,95.1,49.84,35.76,5.18,51.02,36.64,14,4,1,4.05,37.14,7,1,1,5,At Risk,0
NB09799,Male,37.75,5.2,132,32,95.6,52.14,36.49,5.5,52.34,36.77,7,8,4,0.51,36.1,9,0,0,1,Healthy,0
NB09800,Male,35.4,5.2,147,51,95.6,46.85,31.17,5.12,46.4,32.13,10,5,0,4.68,36.76,9,0,0,0,Healthy,0
NB09801,Male,40.05,5.2,133,42,95.8,53.16,33.56,5.19,53.46,33.45,7,4,4,6.37,36.99,10,0,0,0,Healthy,0
NB09802,Male,39.11,5.2,132,31,90.4,48.44,35.57,5.29,48.5,36.57,10,6,5,2.96,36.84,10,0,0,0,Healthy,0
NB09803,Male,42.0,5.2,143,36,95.6,52.37,34.4,5.01,51.36,35.07,9,3,3,3.82,37.6,9,0,0,0,Healthy,0
NB09804,Male,35.77,5.2,131,35,95.4,47.42,32.29,5.39,46.39,32.5,7,12,3,1.39,36.09,9,0,0,0,Healthy,0
NB09805,Male,39.81,5.2,135,45,96.9,53.76,34.62,5.34,54.16,35.11,4,7,4,5.46,37.41,6,0,1,6,At Risk,0
NB09806,Female,35.11,5.2,116,65,94.4,42.61,32.79,5.12,43.44,33.61,12,9,3,2.62,36.4,6,0,1,7,At Risk,0
NB09807,Male,38.35,5.2,131,44,93.1,49.25,33.32,5.46,49.04,33.15,11,10,0,1.76,35.84,10,0,0,2,Healthy,0
NB09808,Male,40.15,5.2,174,45,98.5,50.8,37.1,5.0,51.24,36.83,11,10,0,3.57,36.94,7,0,0,0,Healthy,0
NB09809,Male,33.44,5.2,143,57,90.7,41.34,29.49,5.16,40.76,29.92,5,9,4,2.34,36.74,10,0,0,0,Healthy,0
NB09810,Female,37.55,5.2,145,37,90.2,48.27,34.54,5.5,50.34,34.53,10,6,1,2.01,36.84,7,0,0,0,Healthy,0
NB09811,Male,36.76,5.2,128,55,90.7,45.4,31.93,5.2,45.59,32.03,8,8,3,1.75,37.03,10,0,0,0,Healthy,0
NB09812,Female,36.46,5.2,133,38,96.2,43.55,33.54,4.93,41.91,34.57,7,7,4,0.2,37.05,9,0,0,0,Healthy,0
NB09813,Female,38.85,5.2,136,38,92.5,49.84,32.87,5.28,49.01,32.49,6,7,3,1.24,36.56,10,0,0,0,Healthy,0
NB09814,Male,40.47,5.2,156,39,94.6,51.23,35.49,5.17,51.12,36.12,11,8,1,5.57,37.17,6,0,1,6,At Risk,0
NB09815,Male,37.71,5.2,162,41,99.8,48.85,35.58,5.33,50.08,35.84,9,7,3,4.78,35.89,10,0,0,3,At Risk,0
NB09816,Female,38.45,5.2,132,40,90.9,50.51,34.29,5.45,51.36,33.72,8,6,2,3.04,36.76,6,0,1,6,At Risk,0
NB09817,Female,38.25,5.2,140,46,89.0,48.07,35.75,5.22,47.61,35.08,9,14,3,3.08,37.31,9,1,0,4,At Risk,0
NB09818,Female,38.0,5.2,136,38,97.9,53.19,33.76,4.76,51.81,32.47,8,4,3,0.84,36.93,8,0,0,0,Healthy,0
NB09819,Female,35.6,5.2,154,43,92.1,47.38,31.36,5.34,47.35,31.2,10,8,2,4.95,36.82,10,0,0,0,Healthy,0
NB09820,Female,40.44,5.2,148,26,90.9,54.37,35.76,5.03,53.88,35.22,4,9,4,2.21,36.65,8,0,0,0,Healthy,0
NB09821,Female,38.65,5.2,138,50,94.6,46.82,35.18,5.33,46.82,35.31,7,10,5,4.4,36.96,7,0,0,0,Healthy,0
NB09822,Female,38.87,5.2,158,53,94.3,48.71,31.55,5.4,48.85,31.76,5,7,3,2.53,36.67,8,0,0,1,Healthy,0
NB09823,Female,36.23,5.2,149,44,92.0,49.38,33.34,5.44,49.84,32.42,8,9,2,1.94,37.08,8,0,0,0,Healthy,0
NB09824,Female,36.99,5.2,126,49,97.0,48.24,31.68,5.4,48.29,30.53,5,6,2,6.06,36.57,8,0,0,0,Healthy,0
NB09825,Female,37.61,5.2,140,34,92.3,47.1,31.75,5.17,45.14,32.18,6,10,2,3.08,37.49,8,0,0,0,Healthy,0
NB09826,Female,34.62,5.2,137,57,92.1,42.89,32.25,5.21,43.34,32.1,9,8,3,4.64,37.05,7,0,0,0,Healthy,0
NB09827,Female,34.29,5.2,122,44,88.5,47.72,33.21,5.32,48.35,32.79,7,9,2,3.92,37.62,10,1,0,4,At Risk,0
NB09828,Female,36.68,5.2,136,26,86.4,49.71,33.2,5.39,49.33,33.13,9,8,4,1.92,36.63,8,1,0,4,At Risk,0
NB09829,Male,39.15,5.2,161,54,95.8,51.12,32.57,5.03,49.92,32.94,6,6,3,5.13,37.35,9,0,0,0,Healthy,0
NB09830,Male,36.56,5.2,160,49,90.4,47.31,31.79,5.41,48.05,32.47,8,4,2,1.44,36.23,10,0,0,0,Healthy,0
NB09831,Female,35.76,5.2,156,61,94.5,45.36,31.6,4.87,45.28,31.69,8,4,5,2.19,37.12,7,0,0,1,Healthy,0
NB09832,Female,36.21,5.2,154,59,100.0,47.88,32.84,4.81,47.26,33.09,5,5,2,1.39,36.75,9,0,0,0,Healthy,0
NB09833,Female,37.0,5.2,144,55,96.6,46.07,32.99,4.9,46.38,33.64,7,7,2,2.92,36.85,8,0,0,0,Healthy,0
NB09834,Male,37.22,5.2,129,47,95.1,47.4,34.0,5.33,48.65,34.64,8,9,1,3.3,37.13,8,0,0,0,Healthy,0
NB09835,Female,42.0,5.2,150,49,96.5,55.72,38.1,5.35,55.41,38.88,7,7,7,1.21,37.13,9,0,0,0,Healthy,0
NB09836,Male,40.32,5.2,110,31,100.0,47.99,35.94,5.27,47.93,35.27,6,9,4,1.84,37.18,9,0,0,0,Healthy,0
NB09837,Female,40.25,5.2,128,39,88.4,52.98,36.73,5.12,52.86,35.14,8,10,5,2.93,36.96,9,1,0,4,At Risk,0
NB09838,Female,40.57,5.2,160,72,94.5,54.9,35.2,5.32,53.85,34.82,7,6,3,5.03,37.04,10,0,0,1,Healthy,0
NB09839,Female,35.8,5.2,131,25,100.0,49.25,37.21,5.1,49.36,37.87,9,11,2,1.6,36.7,8,0,0,2,Healthy,0
NB09840,Female,35.31,5.2,152,45,96.1,47.98,32.75,5.16,49.8,32.81,9,0,3,4.56,36.51,9,0,0,1,Healthy,0
NB09841,Female,35.56,5.2,133,42,99.2,46.48,33.12,5.06,44.9,33.98,9,8,2,1.87,36.88,8,0,0,0,Healthy,0
NB09842,Male,40.94,5.2,150,51,92.8,50.95,38.49,5.36,50.92,37.84,8,8,3,4.01,35.83,9,0,0,2,Healthy,0
NB09843,Female,36.8,5.2,112,44,90.6,44.02,33.09,5.11,45.02,32.73,8,8,3,5.26,36.99,9,0,0,0,Healthy,0
NB09844,Male,35.25,5.2,163,54,100.0,47.2,30.9,5.31,46.23,31.26,8,10,5,5.15,37.19,9,0,0,0,Healthy,0
NB09845,Male,37.05,5.2,120,42,95.3,47.94,35.1,5.25,48.33,35.32,11,9,4,3.24,37.08,6,0,1,6,At Risk,0
NB09846,Female,37.48,5.2,115,50,97.9,47.73,35.48,5.5,48.81,35.71,7,9,4,3.28,36.52,9,0,0,0,Healthy,0
NB09847,Female,38.59,5.2,162,46,98.1,50.09,34.44,5.24,48.78,34.45,11,2,5,0.32,35.88,9,0,0,3,At Risk,0
NB09848,Male,38.55,5.2,140,39,99.5,50.22,36.83,5.48,51.97,36.86,7,5,1,5.24,37.1,9,0,0,0,Healthy,0
NB09849,Female,36.18,5.2,134,38,96.0,46.69,32.4,5.39,46.77,33.5,9,6,2,1.79,36.45,10,0,0,0,Healthy,0
NB09850,Male,39.51,5.2,168,55,96.2,54.18,36.25,5.01,53.95,36.29,8,9,5,2.35,36.22,8,0,0,1,Healthy,0
NB09851,Male,36.59,5.2,153,48,96.7,49.8,35.09,5.12,48.47,35.84,9,9,2,4.12,37.23,8,0,0,0,Healthy,0
NB09852,Female,37.66,5.2,132,52,92.8,51.08,33.71,5.18,50.63,33.78,2,5,1,0.83,36.19,7,0,0,1,Healthy,0
NB09853,Female,39.51,5.2,138,55,98.7,50.75,35.54,5.34,49.2,36.3,9,8,1,3.38,36.72,7,0,0,0,Healthy,0
NB09854,Male,36.59,5.2,159,37,93.0,49.35,34.35,5.39,47.45,34.39,8,5,4,6.12,37.6,10,0,0,0,Healthy,0
NB09855,Male,36.75,5.2,123,39,98.9,46.68,32.37,5.36,47.05,32.35,9,9,5,5.13,36.5,9,0,0,0,Healthy,0
NB09856,Female,39.3,5.2,166,39,97.8,52.1,33.49,5.07,52.42,33.52,9,9,3,2.51,36.32,10,0,0,0,Healthy,0
NB09857,Female,36.11,5.2,132,52,87.3,47.49,34.48,5.23,46.01,35.07,10,10,4,5.42,37.03,8,1,0,4,At Risk,0
NB09858,Female,37.15,5.2,124,43,97.8,46.79,33.67,5.15,47.19,32.87,6,4,3,3.76,36.95,7,0,0,0,Healthy,0
NB09859,Female,39.22,5.2,160,44,95.8,50.65,33.9,5.3,49.55,33.75,4,5,3,5.73,36.05,7,0,0,0,Healthy,0
NB09860,Male,42.0,5.2,153,31,99.7,52.62,36.74,4.9,52.96,37.24,5,0,2,0.91,36.82,10,0,0,1,Healthy,0
NB09861,Male,39.33,5.2,108,50,100.0,55.44,35.5,5.23,56.14,35.52,7,9,0,5.23,37.33,6,0,1,7,At Risk,0
NB09862,Female,39.04,5.2,138,51,95.4,51.41,32.17,4.88,49.49,31.8,6,10,2,4.73,37.43,9,0,0,0,Healthy,0
NB09863,Female,39.17,5.2,120,48,96.2,53.81,35.69,5.01,53.97,35.72,9,5,5,3.43,36.68,8,0,0,0,Healthy,0
NB09864,Female,35.64,5.2,154,44,90.5,49.74,32.76,5.5,50.57,33.3,10,5,5,2.68,37.02,5,0,1,7,At Risk,0
NB09865,Female,38.25,5.2,171,52,94.4,49.9,36.46,5.5,48.94,37.27,9,10,2,0.32,37.04,7,0,0,0,Healthy,0
NB09866,Female,37.93,5.2,150,42,100.0,48.65,33.43,5.1,48.5,32.87,7,6,2,4.14,37.25,7,0,0,0,Healthy,0
NB09867,Male,38.71,5.2,126,56,95.0,46.76,36.36,5.33,47.76,37.48,8,10,4,5.16,36.76,8,0,0,0,Healthy,0
NB09868,Female,38.26,5.2,156,49,98.2,48.09,33.91,5.33,47.91,33.59,9,7,6,0.74,37.38,9,0,0,0,Healthy,0
NB09869,Male,38.84,5.2,139,29,94.9,51.68,34.59,5.5,52.9,34.62,11,8,5,4.66,36.47,7,0,0,0,Healthy,0
NB09870,Male,37.31,5.2,139,41,94.6,48.38,33.74,5.28,50.0,33.22,10,5,5,3.23,37.15,8,0,0,0,Healthy,0
NB09871,Female,38.13,5.2,131,45,97.0,50.47,37.03,5.02,52.03,37.27,10,7,1,3.33,36.35,7,0,0,1,Healthy,0
NB09872,Female,35.3,5.2,142,35,84.8,43.11,30.05,5.07,42.77,29.85,9,0,5,3.85,35.99,9,1,1,10,High Risk,1
NB09873,Female,37.3,5.2,139,53,96.3,49.87,34.05,5.31,49.0,33.81,10,12,2,6.45,37.08,9,0,0,0,Healthy,0
NB09874,Male,41.06,5.2,97,22,87.1,54.55,36.01,4.86,55.35,36.35,10,8,2,3.21,38.13,8,1,1,12,High Risk,1
NB09875,Male,38.7,5.2,140,50,94.7,46.68,34.25,4.89,46.73,34.26,5,6,4,3.54,36.94,10,0,0,1,Healthy,0
NB09876,Female,37.95,5.2,138,49,92.1,50.3,34.64,5.4,50.39,34.35,9,6,4,2.97,36.71,8,0,0,0,Healthy,0
NB09877,Male,42.0,5.2,146,22,91.0,55.89,38.26,5.5,58.01,38.07,6,3,4,1.45,37.36,7,0,0,2,Healthy,0
NB09878,Male,35.01,5.2,104,43,100.0,50.27,32.5,5.11,50.3,32.96,6,4,4,2.03,36.6,10,0,0,1,Healthy,0
NB09879,Female,35.56,5.2,149,38,98.9,46.4,33.94,5.2,45.87,33.27,8,8,3,2.92,36.01,8,0,0,1,Healthy,0
NB09880,Male,41.77,5.2,141,56,93.8,54.55,36.06,5.21,51.5,36.35,8,7,5,3.74,37.22,7,0,0,1,Healthy,0
NB09881,Male,38.1,5.2,149,34,100.0,52.55,33.8,5.28,51.65,33.24,8,9,5,7.17,37.5,8,0,0,0,Healthy,0
NB09882,Male,37.47,5.2,111,50,98.5,49.92,31.93,5.06,49.81,32.35,5,4,5,1.91,36.86,8,0,0,0,Healthy,0
NB09883,Female,35.36,5.2,118,52,94.4,49.8,34.93,5.21,50.89,35.84,8,10,5,4.53,36.94,7,0,0,0,Healthy,0
NB09884,Male,38.98,5.2,106,38,88.4,50.41,34.21,5.39,52.0,33.8,6,5,1,5.13,36.53,9,1,0,5,At Risk,0
NB09885,Female,39.2,5.2,143,55,94.7,51.47,34.19,5.11,51.76,33.77,9,4,3,4.18,36.73,10,0,0,0,Healthy,0
NB09886,Female,35.59,5.2,134,38,92.8,46.19,33.02,5.23,45.98,34.3,8,6,3,5.42,36.9,7,0,0,0,Healthy,0
NB09887,Male,37.69,5.2,137,55,93.4,48.99,35.24,5.44,48.66,35.82,9,11,3,3.5,36.82,9,0,0,0,Healthy,0
NB09888,Female,37.26,5.2,115,68,96.4,49.8,32.25,5.22,50.36,32.17,6,9,4,3.21,36.82,10,0,0,1,Healthy,0
NB09889,Female,38.56,5.2,118,51,92.8,48.71,35.97,4.92,48.13,36.03,10,4,3,5.62,35.39,9,0,0,2,Healthy,0
NB09890,Male,35.54,5.2,95,48,99.6,46.94,31.62,4.78,48.0,31.02,8,5,4,1.83,36.87,8,1,1,5,At Risk,0
NB09891,Female,40.75,5.2,116,37,93.1,53.6,37.87,5.0,54.96,36.72,14,1,3,5.11,36.2,9,0,0,1,Healthy,0
NB09892,Male,40.01,5.2,128,61,91.4,55.52,34.4,5.47,56.94,34.48,6,8,1,4.27,37.01,7,0,0,0,Healthy,0
NB09893,Female,37.2,5.2,129,51,97.3,44.78,34.34,5.18,43.52,34.15,11,6,1,6.06,37.28,8,0,0,0,Healthy,0
NB09894,Male,37.52,5.2,139,37,94.9,53.12,33.53,5.3,53.67,34.02,6,5,1,2.1,37.05,10,0,0,0,Healthy,0
NB09895,Female,37.7,5.2,154,57,98.0,48.81,31.9,5.49,48.8,32.01,10,11,1,2.34,36.28,10,0,0,1,Healthy,0
NB09896,Male,36.29,5.2,128,43,95.6,49.99,30.48,4.98,48.43,30.37,9,13,0,3.65,36.42,8,0,0,0,Healthy,0
NB09897,Male,37.02,5.2,149,49,90.1,51.04,32.0,5.5,51.18,31.87,5,8,4,1.93,36.77,10,0,0,0,Healthy,0
NB09898,Female,37.41,5.2,154,38,96.1,52.19,34.87,5.21,52.0,33.96,7,8,5,1.86,37.18,10,0,0,0,Healthy,0
NB09899,Male,41.55,5.2,161,33,91.8,51.34,33.37,5.34,51.07,32.79,10,8,2,5.98,37.25,9,0,0,0,Healthy,0
NB09900,Female,40.08,5.2,149,33,95.5,51.02,35.76,5.09,52.83,35.2,8,7,4,4.03,36.96,6,0,1,6,At Risk,0
NB09901,Male,40.06,5.2,141,38,92.9,51.34,35.61,5.04,50.01,36.16,10,3,5,4.15,36.37,8,0,0,0,Healthy,0
NB09902,Male,38.81,5.2,121,47,94.3,49.62,31.85,5.24,49.75,32.3,9,5,4,1.02,37.33,9,0,0,0,Healthy,0
NB09903,Female,35.54,5.2,145,39,95.2,50.03,30.88,5.11,50.41,31.12,10,7,2,3.01,36.79,7,0,0,0,Healthy,0
NB09904,Female,37.91,5.2,133,34,97.6,49.36,32.54,5.25,46.92,33.68,9,9,3,5.2,36.62,9,0,0,0,Healthy,0
NB09905,Female,40.14,5.2,165,32,93.1,48.28,35.37,4.8,48.54,35.62,6,6,1,4.88,36.58,8,0,0,1,Healthy,0
NB09906,Male,35.23,5.2,142,55,85.2,45.84,34.06,4.96,46.27,34.2,8,11,2,4.71,36.12,9,1,0,4,At Risk,0
NB09907,Male,39.4,5.2,137,41,91.7,47.7,36.39,5.13,48.74,36.19,8,10,2,6.79,37.29,8,0,0,0,Healthy,0
NB09908,Male,42.0,5.2,165,22,95.5,52.74,36.06,5.0,50.16,36.0,8,7,0,0.5,36.74,7,0,0,2,Healthy,0
NB09909,Female,40.34,5.2,131,42,99.1,53.05,34.19,5.5,53.19,33.77,7,7,3,4.62,36.49,9,0,0,0,Healthy,0
NB09910,Female,41.11,5.2,140,38,96.0,51.09,33.64,5.27,50.8,34.46,8,8,0,3.68,37.07,7,0,0,0,Healthy,0
NB09911,Male,38.48,5.2,176,44,98.5,49.23,33.57,5.28,49.77,33.96,9,8,3,1.64,37.15,10,0,0,0,Healthy,0
NB09912,Male,40.13,5.2,145,36,95.6,50.97,33.94,5.01,51.5,33.94,8,7,4,2.6,36.02,10,0,0,0,Healthy,0
NB09913,Female,36.42,5.2,160,55,95.8,48.46,32.64,5.09,48.92,32.62,3,8,4,3.85,37.5,9,0,0,1,Healthy,0
NB09914,Male,39.75,5.2,167,40,94.2,52.21,35.03,5.13,52.53,35.89,11,9,3,1.9,37.8,10,0,0,0,Healthy,0
NB09915,Female,39.44,5.2,130,40,98.7,52.51,34.09,5.46,52.64,34.61,7,7,4,5.41,36.85,10,0,0,0,Healthy,0
NB09916,Female,38.64,5.2,156,39,100.0,54.69,33.56,4.95,55.01,33.2,5,9,5,3.79,36.91,10,0,0,1,Healthy,0
NB09917,Male,40.9,5.2,134,47,91.6,52.45,34.79,5.16,50.8,34.01,8,6,5,3.87,37.88,9,0,0,0,Healthy,0
NB09918,Female,36.81,5.2,177,46,95.8,50.0,32.2,5.32,53.26,32.17,7,5,3,0.53,36.31,7,0,0,0,Healthy,0
NB09919,Male,37.59,5.2,166,38,90.8,46.05,35.67,4.77,46.91,35.92,6,6,2,3.72,36.57,9,0,0,0,Healthy,0
NB09920,Male,38.21,5.2,153,42,100.0,49.03,34.72,4.9,50.9,33.8,8,6,6,2.19,37.06,10,0,0,1,Healthy,0
NB09921,Male,35.73,5.2,159,39,95.6,47.02,33.01,4.95,47.23,32.06,11,4,3,1.83,37.32,8,0,0,0,Healthy,0
NB09922,Female,38.5,5.2,127,50,94.9,48.01,35.67,5.19,48.76,35.53,9,8,2,3.32,36.82,8,0,0,0,Healthy,0
NB09923,Female,34.22,5.2,171,29,91.0,45.12,32.54,5.14,43.71,33.09,5,6,5,3.85,36.43,10,0,0,0,Healthy,0
NB09924,Male,40.3,5.2,124,39,94.2,51.46,37.55,5.42,53.33,37.78,7,5,4,5.75,37.38,10,0,0,0,Healthy,0
NB09925,Female,38.1,5.2,147,40,94.7,48.68,34.75,4.79,50.23,34.91,7,8,5,3.72,36.8,10,0,0,0,Healthy,0
NB09926,Female,36.85,5.2,127,56,91.2,53.77,33.31,5.15,53.02,33.2,9,3,3,5.61,36.8,9,0,0,0,Healthy,0
NB09927,Female,36.16,5.2,155,54,95.5,48.97,31.63,5.47,48.57,32.29,4,7,5,1.19,37.22,6,0,1,6,At Risk,0
NB09928,Male,37.48,5.2,171,46,92.0,53.14,32.2,4.92,53.16,32.73,9,6,2,3.81,37.48,9,0,0,0,Healthy,0
NB09929,Female,39.51,5.2,148,32,96.5,53.95,36.18,5.21,54.55,37.4,6,4,2,4.16,36.91,7,0,0,0,Healthy,0
NB09930,Female,39.21,5.2,146,43,91.5,49.41,34.48,5.38,49.39,34.49,7,8,1,2.49,37.02,8,0,0,1,Healthy,0
NB09931,Male,36.45,5.2,138,61,95.5,48.28,30.67,5.5,49.17,31.49,10,6,6,0.91,37.27,10,0,0,0,Healthy,0
NB09932,Male,36.14,5.2,142,41,94.3,47.06,29.36,4.98,47.5,29.23,9,9,1,4.39,36.7,10,0,0,0,Healthy,0
NB09933,Male,39.45,5.2,134,43,96.1,50.58,38.03,5.3,51.05,37.93,9,8,2,4.89,36.55,5,0,1,6,At Risk,0
NB09934,Female,36.41,5.2,169,44,95.6,46.22,31.21,5.24,46.45,31.51,10,6,4,3.91,36.63,10,0,0,1,Healthy,0
NB09935,Female,38.13,5.2,154,34,95.3,48.84,32.86,5.02,50.42,32.84,7,11,4,3.03,36.39,7,0,0,0,Healthy,0
NB09936,Male,38.27,5.2,134,34,92.4,50.56,35.83,4.98,51.61,35.65,6,7,5,2.18,36.31,6,0,1,6,At Risk,0
NB09937,Female,38.69,5.2,141,34,96.9,50.88,32.47,4.98,50.72,32.9,9,6,2,3.56,37.8,7,0,0,0,Healthy,0
NB09938,Male,39.89,5.2,192,39,96.0,51.81,35.92,5.5,52.93,35.68,10,12,0,5.3,36.4,9,0,0,1,Healthy,0
NB09939,Male,35.22,5.2,145,46,97.2,46.98,34.59,5.47,46.31,35.93,8,6,4,3.24,36.92,8,0,0,0,Healthy,0
NB09940,Female,33.8,5.2,166,44,94.9,47.54,34.03,5.24,47.2,34.38,11,13,6,3.19,36.76,8,0,0,0,Healthy,0
NB09941,Male,36.75,5.2,130,47,94.4,47.96,32.25,5.06,49.04,32.68,7,9,3,3.82,37.27,9,0,0,0,Healthy,0
NB09942,Female,41.96,5.2,149,64,91.4,55.95,36.56,5.34,56.72,36.89,8,12,3,0.2,36.85,7,0,0,0,Healthy,0
NB09943,Female,42.0,5.2,129,68,92.7,49.5,36.01,4.99,49.96,37.23,6,10,6,3.11,37.42,9,0,0,2,Healthy,0
NB09944,Male,42.0,5.2,130,43,93.3,54.51,36.57,5.3,55.19,37.53,6,6,4,4.0,36.74,8,0,0,0,Healthy,0
NB09945,Female,37.58,5.2,154,51,98.4,50.19,35.45,5.4,52.04,36.19,8,8,2,2.66,36.91,10,0,0,0,Healthy,0
NB09946,Female,34.08,5.2,124,49,90.6,44.72,28.96,5.2,44.87,29.95,5,11,1,4.87,37.14,10,0,0,0,Healthy,0
NB09947,Female,32.85,5.2,119,53,90.3,44.25,31.16,5.11,44.45,31.25,8,13,0,2.37,36.89,8,0,0,0,Healthy,0
NB09948,Male,36.65,5.2,152,52,94.8,49.31,32.56,5.13,50.89,33.32,8,8,2,1.85,37.04,9,0,0,0,Healthy,0
NB09949,Female,37.56,5.2,131,37,92.3,51.04,35.55,5.42,50.19,35.84,9,4,4,3.75,36.93,10,0,0,0,Healthy,0
NB09950,Female,40.86,5.2,135,62,93.7,48.68,37.78,5.22,48.41,38.6,10,8,3,7.23,36.16,8,0,0,0,Healthy,0
NB09951,Female,39.91,5.2,108,57,93.5,52.57,34.53,5.5,53.45,34.7,9,6,0,2.64,37.14,10,0,0,0,Healthy,0
NB09952,Female,38.5,5.2,117,52,92.8,49.13,33.98,4.86,48.71,34.21,12,5,3,2.34,37.33,10,0,0,0,Healthy,0
NB09953,Male,36.04,5.2,144,49,92.3,50.09,33.77,4.98,50.34,33.25,8,9,3,2.06,36.74,8,0,0,0,Healthy,0
NB09954,Male,35.89,5.2,136,46,91.7,44.02,33.8,5.25,43.04,33.07,11,6,7,1.0,36.71,8,0,0,0,Healthy,0
NB09955,Male,38.56,5.2,156,44,93.7,54.99,30.48,5.32,55.46,31.19,3,8,2,1.25,36.93,10,0,0,1,Healthy,0
NB09956,Male,39.53,5.2,124,50,89.9,49.21,36.21,5.22,47.82,36.43,9,5,0,3.02,37.68,9,1,0,4,At Risk,0
NB09957,Male,38.86,5.2,137,45,97.1,53.24,36.87,5.5,52.12,37.24,7,6,5,0.41,36.67,10,0,0,0,Healthy,0
NB09958,Male,35.72,5.2,141,46,91.9,47.41,32.59,5.04,47.92,32.87,9,5,4,4.58,37.08,9,0,0,0,Healthy,0
NB09959,Male,39.43,5.2,136,42,96.6,49.25,36.23,5.23,50.33,35.86,9,11,5,6.24,36.72,9,0,0,0,Healthy,0
NB09960,Male,38.94,5.2,151,41,92.7,50.97,36.37,5.45,51.21,35.79,10,5,2,5.76,37.07,8,0,0,0,Healthy,0
NB09961,Male,35.64,5.2,120,61,98.6,49.54,32.48,5.5,51.12,33.23,9,8,6,2.78,36.23,9,0,0,0,Healthy,0
NB09962,Female,36.27,5.2,149,44,95.1,44.94,33.81,5.19,45.55,34.21,8,9,4,3.94,37.61,9,0,0,0,Healthy,0
NB09963,Female,39.51,5.2,161,39,91.2,52.37,34.88,5.5,52.01,35.75,6,6,2,2.41,36.97,8,0,0,0,Healthy,0
NB09964,Female,37.48,5.2,125,45,100.0,49.11,33.36,5.25,50.64,32.82,9,9,4,0.2,36.67,6,0,1,6,At Risk,0
NB09965,Female,41.5,5.2,147,31,93.5,53.9,35.25,5.5,54.65,35.4,6,8,2,4.07,36.69,8,0,0,0,Healthy,0
NB09966,Female,39.1,5.2,146,53,93.1,50.61,34.83,5.16,51.3,35.41,6,11,2,2.07,36.93,7,0,0,0,Healthy,0
NB09967,Female,36.93,5.2,151,43,93.3,47.49,35.88,5.2,49.09,37.06,9,9,1,7.27,37.7,8,0,0,0,Healthy,0
NB09968,Male,37.98,5.2,140,40,96.4,47.35,32.43,5.46,47.18,32.81,8,10,2,2.03,37.5,8,0,0,1,Healthy,0
NB09969,Female,38.14,5.2,166,39,89.9,51.07,34.82,5.39,51.94,35.16,6,9,4,4.16,36.68,8,1,0,4,At Risk,0
NB09970,Male,36.4,5.2,178,27,95.5,49.49,33.16,5.23,49.2,32.85,5,2,2,4.71,36.84,9,0,0,1,Healthy,0
NB09971,Male,35.99,5.2,151,62,89.1,49.12,34.61,5.02,49.32,34.6,8,4,4,4.27,36.86,6,1,1,10,High Risk,1
NB09972,Female,39.54,5.2,146,45,94.7,51.84,37.37,5.5,51.0,36.69,8,9,4,2.77,35.92,10,0,0,2,Healthy,0
NB09973,Female,39.86,5.2,140,61,98.9,53.16,33.72,5.18,53.65,33.43,7,3,4,4.59,36.7,5,0,1,6,At Risk,0
NB09974,Male,39.33,5.2,116,41,93.1,53.61,33.87,5.24,54.57,34.59,9,8,2,4.17,36.89,7,0,0,0,Healthy,0
NB09975,Female,41.33,5.2,114,48,98.1,48.85,35.35,4.84,48.97,35.0,8,9,2,3.22,36.39,8,0,0,1,Healthy,0
NB09976,Male,36.81,5.2,119,51,89.2,43.84,32.24,5.12,44.39,32.36,10,9,3,0.82,37.58,6,1,1,10,High Risk,1
NB09977,Male,41.68,5.2,145,48,92.8,56.35,35.78,5.41,54.33,35.58,9,5,5,4.09,36.29,7,0,0,0,Healthy,0
NB09978,Male,36.02,5.2,137,39,90.7,45.13,32.93,5.2,45.79,33.21,5,8,5,5.44,36.34,10,0,0,0,Healthy,0
NB09979,Female,35.77,5.2,167,26,100.0,45.42,30.96,5.5,44.31,30.7,4,8,4,4.94,37.11,9,0,0,0,Healthy,0
NB09980,Female,34.13,5.2,95,66,93.6,45.54,30.02,5.29,46.77,30.34,10,8,2,5.03,36.93,7,1,1,6,At Risk,0
NB09981,Female,37.02,5.2,141,36,92.7,45.41,31.93,5.11,46.54,32.27,10,7,3,1.72,36.6,8,0,0,1,Healthy,0
NB09982,Male,36.89,5.2,148,69,94.1,47.84,33.76,5.5,47.15,33.47,9,6,5,5.01,37.25,9,0,0,1,Healthy,0
NB09983,Male,39.16,5.2,156,37,95.0,48.75,34.51,5.5,48.4,33.9,6,3,3,0.2,36.91,6,0,1,6,At Risk,0
NB09984,Male,38.54,5.2,143,57,93.7,49.62,33.81,5.5,51.19,33.31,11,11,4,3.44,37.63,5,0,1,6,At Risk,0
NB09985,Female,35.38,5.2,147,49,90.8,47.8,30.7,5.26,49.34,31.21,9,9,2,4.46,36.0,9,0,0,2,Healthy,0
NB09986,Female,37.14,5.2,143,50,99.7,48.14,30.79,5.19,48.78,29.9,10,8,1,3.22,36.57,8,0,0,0,Healthy,0
NB09987,Male,37.18,5.2,148,37,98.8,48.08,35.68,4.9,47.76,35.28,9,8,2,0.2,37.54,8,0,0,0,Healthy,0
NB09988,Female,34.09,5.2,140,39,96.2,46.6,30.63,5.3,44.97,30.74,7,10,1,2.8,37.02,8,0,0,0,Healthy,0
NB09989,Female,35.84,5.2,178,39,96.0,49.75,36.36,5.31,50.69,37.2,8,4,2,4.54,36.75,9,0,0,0,Healthy,0
NB09990,Female,36.3,5.2,150,45,95.8,51.28,33.77,5.0,50.89,34.31,8,4,3,4.87,36.62,8,0,0,0,Healthy,0
NB09991,Female,41.15,5.2,144,41,93.4,52.0,38.75,5.25,52.85,38.58,12,2,3,5.46,36.96,8,0,0,1,Healthy,0
NB09992,Female,38.42,5.2,127,38,93.0,53.63,35.59,5.45,54.65,35.34,9,6,2,2.47,36.28,8,0,0,1,Healthy,0
NB09993,Male,39.46,5.2,134,34,100.0,52.66,35.06,5.17,52.65,35.07,9,7,2,5.18,36.15,9,0,0,0,Healthy,0
NB09994,Male,34.7,5.2,167,35,97.2,44.17,30.6,5.3,44.58,31.56,8,7,1,5.51,37.05,8,0,0,0,Healthy,0
NB09995,Male,40.63,5.2,95,47,90.3,49.44,34.17,4.83,50.96,33.56,5,3,5,1.84,37.18,9,1,1,5,At Risk,0
NB09996,Female,40.86,5.2,141,35,93.4,51.02,37.48,5.5,51.0,36.87,6,4,2,4.52,37.22,10,0,0,0,Healthy,0
NB09997,Female,33.6,5.2,140,31,96.7,48.53,31.12,5.1,48.16,31.17,8,12,3,3.53,36.61,10,0,0,0,Healthy,0
NB09998,Male,36.45,5.2,149,43,96.3,47.2,33.64,5.17,47.81,34.0,4,6,0,2.9,36.59,7,0,0,0,Healthy,0
NB09999,Female,39.09,5.2,145,20,96.8,46.8,35.79,5.28,46.79,35.33,7,6,4,3.46,36.8,8,0,0,2,Healthy,0
NB10000,Female,39.42,5.2,167,42,89.8,50.42,35.33,5.19,50.74,35.9,8,9,3,4.51,36.35,10,1,0,4,At Risk,0
